# https://github.com/mikedh/trimesh
v -0.01395071 0.06535537 0.08497525
v -0.01319081 0.06548484 0.08514365
v -0.01862126 0.06481338 0.08371705
v -0.01020169 0.06599409 0.08580610
v -0.01232876 0.06575756 0.08526156
v -0.01231832 0.06563348 0.08533702
v -0.00666150 0.06674610 0.08642421
v -0.00664534 0.06690998 0.08629655
v -0.00759111 0.06673813 0.08612520
v -0.00663512 0.06695520 0.08623906
v -0.00663404 0.06695998 0.08623298
v -0.00758213 0.06685756 0.08599347
v -0.01288801 0.06630257 0.08386264
v -0.01211002 0.06642847 0.08408303
v -0.01209479 0.06643106 0.08404113
v -0.10432780 0.05149256 0.05783171
v -0.10435650 0.05147361 0.05794315
v -0.10253421 0.05178307 0.05846260
v -0.10444731 0.05141383 0.05829480
v -0.10476610 0.05098269 0.05952965
v -0.10477370 0.05096116 0.05955918
v -0.09312129 0.05303228 0.06296030
v -0.05645735 0.05888120 0.07406092
v -0.05603811 0.05917755 0.07354238
v -0.08078167 0.05512223 0.06650587
v -0.09320500 0.05273773 0.06343277
v -0.08240441 0.05460732 0.06660289
v -0.08229429 0.05462637 0.06663520
v -0.08089450 0.05485689 0.06703752
v -0.10490430 0.05059180 0.06006548
v -0.10487110 0.05059831 0.06007477
v -0.10477620 0.05095397 0.05956902
v -0.10165140 0.05123116 0.06097818
v -0.09975371 0.05160416 0.06151065
v -0.09526018 0.05238199 0.06282955
v -0.10463220 0.05121286 0.05901095
v -0.09296414 0.05327521 0.06233047
v -0.10461670 0.05123940 0.05895114
v -0.09285766 0.05334263 0.06199185
v -0.10455751 0.05134127 0.05872157
v -0.09279608 0.05336018 0.06181547
v -0.10449160 0.05138465 0.05846641
v -0.09892142 0.05236590 0.05988083
v -0.10448180 0.05139113 0.05842828
v -0.09277828 0.05336318 0.06176642
v -0.09629401 0.05279375 0.06062651
v -0.09887458 0.05237579 0.05974982
v -0.09742078 0.05261125 0.06026118
v -0.08773939 0.05417930 0.06340019
v -0.08533154 0.05456928 0.06412844
v -0.08060222 0.05532197 0.06585710
v -0.07335151 0.05650962 0.06774520
v -0.07370653 0.05645212 0.06764438
v -0.08050849 0.05535044 0.06558715
v -0.07211771 0.05670944 0.06809559
v -0.05584040 0.05934192 0.07287810
v -0.06014982 0.05864782 0.07149437
v -0.03975924 0.06195038 0.07704074
v -0.04334769 0.06136918 0.07608191
v -0.04339308 0.06136009 0.07620813
v -0.04645388 0.06086609 0.07525193
v -0.04345082 0.06133510 0.07638124
v -0.05431306 0.05959318 0.07315194
v -0.05578890 0.05935414 0.07273281
v -0.02944587 0.06362079 0.07976497
v -0.03089631 0.06338586 0.07940237
v -0.03094302 0.06337296 0.07953582
v -0.03127672 0.06332425 0.07930727
v -0.01757464 0.06554351 0.08273269
v -0.01842945 0.06539965 0.08268547
v -0.01532701 0.06588816 0.08355697
v -0.01216934 0.06640654 0.08425750
v -0.01455431 0.06603270 0.08348774
v -0.01527042 0.06591537 0.08338482
v -0.01097559 0.06661232 0.08429293
v -0.00900968 0.06692105 0.08495630
v -0.00949530 0.06685208 0.08462600
v -0.00894908 0.06694052 0.08478075
v -0.00893832 0.06694229 0.08475132
v -0.00642932 0.06734864 0.08531583
v -0.00647030 0.06732065 0.08547584
v -0.00649396 0.06730448 0.08556824
v -0.00652134 0.06728579 0.08567517
v -0.00903645 0.06690451 0.08504110
v -0.00653238 0.06726307 0.08572576
v -0.00906087 0.06688340 0.08512387
v -0.00654926 0.06722834 0.08580311
v -0.00655176 0.06722319 0.08581456
v -0.00908293 0.06685770 0.08520465
v -0.00656607 0.06719377 0.08588013
v -0.00660989 0.06706688 0.08609711
v -0.00758213 0.06685756 0.08599347
v -0.00913499 0.06675329 0.08543502
v -0.00915801 0.06666106 0.08557866
v -0.00667513 0.06660778 0.08653196
v -0.00666746 0.06668561 0.08647133
v -0.00704288 0.06654335 0.08645823
v -0.00759005 0.06659925 0.08624840
v -0.00757833 0.06644950 0.08635084
v -0.00776810 0.06641626 0.08631279
v -0.00931537 0.06614509 0.08600251
v -0.00917087 0.06627552 0.08596190
v -0.00916239 0.06617189 0.08603318
v -0.02084675 0.06421080 0.08340938
v -0.01929076 0.06444558 0.08379181
v -0.01862238 0.06467872 0.08384211
v -0.01861933 0.06455997 0.08394062
v -0.01617681 0.06497612 0.08448191
v -0.03099208 0.06268002 0.08091592
v -0.02779750 0.06316203 0.08170108
v -0.03118806 0.06275298 0.08073668
v -0.04367677 0.06095179 0.07731771
v -0.04174866 0.06109250 0.07806218
v -0.03119992 0.06264933 0.08086078
v -0.04873545 0.06005845 0.07620109
v -0.05533206 0.05905565 0.07437575
v -0.05617903 0.05892434 0.07413881
v -0.04808048 0.06015801 0.07638234
v -0.04371474 0.06080233 0.07754058
v -0.04361732 0.06111028 0.07701902
v -0.03115569 0.06296391 0.08046099
v -0.02490069 0.06384390 0.08216144
v -0.02491240 0.06359734 0.08241014
v -0.01233113 0.06589898 0.08513948
v -0.01860335 0.06505234 0.08345366
v -0.01861514 0.06493834 0.08358776
v -0.02487220 0.06406237 0.08188906
v -0.05594926 0.05927910 0.07321875
v -0.04358336 0.06118134 0.07686608
v -0.04354505 0.06124394 0.07670945
v -0.03113501 0.06306068 0.08031933
v -0.03110996 0.06314898 0.08017396
v -0.02485033 0.06415683 0.08174637
v -0.01858508 0.06515377 0.08331402
v -0.03104198 0.06329097 0.07986805
v -0.03099682 0.06334033 0.07970559
v -0.03364751 0.06294025 0.07867379
v -0.02351020 0.06458216 0.08124884
v -0.02463590 0.06439984 0.08096743
v -0.02468688 0.06438752 0.08111119
v -0.02474102 0.06435559 0.08128126
v -0.02478578 0.06430545 0.08144336
v -0.02482189 0.06423855 0.08159813
v -0.03107934 0.06322651 0.08002386
v -0.04350121 0.06129588 0.07654813
v -0.00917604 0.06642234 0.08584217
v -0.00917171 0.06655078 0.08571440
v -0.01231203 0.06613562 0.08487504
v -0.01228995 0.06622966 0.08473220
v -0.01232564 0.06602515 0.08501070
v -0.01543941 0.06569538 0.08402472
v -0.01855941 0.06524089 0.08316813
v -0.01541100 0.06577719 0.08387649
v -0.01852544 0.06531189 0.08301519
v -0.01537373 0.06584182 0.08372075
v -0.01848233 0.06536523 0.08285447
v -0.01225904 0.06630661 0.08458185
v -0.00659798 0.06711953 0.08603017
v -0.00911998 0.06679264 0.08536021
v -0.01221894 0.06636577 0.08442370
v -0.00659437 0.06713552 0.08600985
v -0.00910263 0.06682744 0.08528344
v -0.08070192 0.05524141 0.06618994
v -0.09305072 0.05316925 0.06265218
v -0.10469600 0.05110316 0.05925818
v -0.01837559 0.06541378 0.08253244
v -0.05817881 0.00865964 0.11792261
v -0.05630603 0.00778200 0.12369440
v -0.05529091 0.01521444 0.12316941
v -0.05895910 0.01908698 0.11285701
v -0.05945415 0.01892587 0.11226861
v -0.05954778 0.01827386 0.11235270
v -0.06041285 0.01861385 0.11112921
v -0.05155934 0.04051802 0.10500000
v -0.05180727 0.04076476 0.10450470
v -0.05220938 0.03994753 0.10500000
v -0.04501462 0.05001486 0.09755553
v -0.04611237 0.05120018 0.09457293
v -0.04925136 0.04767391 0.09763195
v -0.04636051 0.05146813 0.09389875
v -0.04744593 0.05257826 0.09132627
v -0.05082910 0.04870102 0.09496081
v -0.04805304 0.05319917 0.08988742
v -0.04873420 0.05389584 0.08827305
v -0.05260930 0.04951735 0.09263173
v -0.05533206 0.05905565 0.07437575
v -0.05766149 0.05535566 0.08084562
v -0.05733202 0.05814832 0.07528048
v -0.05288326 0.05745986 0.07938591
v -0.05346923 0.05788035 0.07818547
v -0.05410354 0.05833553 0.07688602
v -0.05433515 0.05847128 0.07641278
v -0.05489075 0.05556637 0.08201632
v -0.05187718 0.05673789 0.08144696
v -0.05155546 0.05645485 0.08213250
v -0.05007014 0.05511516 0.08539074
v -0.05007663 0.05515384 0.08528373
v -0.05144890 0.05636110 0.08235959
v -0.04988265 0.05498319 0.08569709
v -0.05458998 0.05010177 0.09062735
v -0.04927264 0.05444653 0.08699695
v -0.04787781 0.04645705 0.10066240
v -0.04487108 0.04985988 0.09794552
v -0.04438261 0.04933244 0.09927269
v -0.04670981 0.04507155 0.10406971
v -0.04365238 0.04855446 0.10155471
v -0.04945939 0.04236100 0.10500000
v -0.04642498 0.04467046 0.10500000
v -0.04540211 0.04544896 0.10500000
v -0.04254989 0.04737983 0.10500000
v -0.05415215 0.03809279 0.10500000
v -0.05491914 0.03865677 0.10372340
v -0.05643175 0.03575069 0.10500000
v -0.05803111 0.03600649 0.10330661
v -0.05678252 0.03534435 0.10500000
v -0.06024718 0.03095620 0.10500000
v -0.05943080 0.03201864 0.10500000
v -0.05941591 0.03218226 0.10494350
v -0.05933917 0.03213786 0.10500000
v -0.05762691 0.03436618 0.10500000
v -0.06410362 0.02452350 0.10500000
v -0.06258071 0.02735836 0.10500000
v -0.06407644 0.02909358 0.10290911
v -0.06506227 0.02471340 0.10417860
v -0.06569644 0.02104829 0.10500000
v -0.06458786 0.02362209 0.10500000
v -0.06625485 0.01975180 0.10500000
v -0.06957662 0.02043251 0.10228891
v -0.06733471 0.01656957 0.10500000
v -0.07013465 0.01563860 0.10308800
v -0.06760855 0.01550229 0.10500000
v -0.06716555 0.01047212 0.10622960
v -0.06749250 0.00859090 0.10622561
v -0.06690031 0.01045084 0.10648301
v -0.06789157 0.00463212 0.10622091
v -0.06804528 0.00010000 0.10621911
v -0.06947285 0.00438019 0.10500000
v -0.06905685 0.00855231 0.10500000
v -0.07052927 0.01063986 0.10364480
v -0.06870449 0.01057555 0.10500000
v -0.06834923 0.01261559 0.10500000
v -0.07086954 0.00000000 0.10405561
v -0.07019014 0.00000000 0.10456341
v -0.06669158 0.01304981 0.10623540
v -0.06312087 0.01479051 0.10915060
v -0.06610475 0.01533502 0.10624311
v -0.06350095 0.01756367 0.10803550
v -0.06575251 0.01670666 0.10624781
v -0.06018325 0.01391424 0.11294191
v -0.06106600 0.01840127 0.11035290
v -0.06274631 0.01782326 0.10875371
v -0.05534494 0.02029173 0.11904990
v -0.05652575 0.01988954 0.11669581
v -0.05712286 0.01685636 0.11715921
v -0.05671018 0.01982672 0.11632811
v -0.05831869 0.01929514 0.11374501
v -0.05336948 0.02097551 0.12437091
v -0.05401171 0.02075377 0.12244081
v -0.05419548 0.02069032 0.12188850
v -0.05198339 0.02142628 0.13000011
v -0.05238284 0.02130432 0.12805840
v -0.05251325 0.01976362 0.13017461
v -0.05300497 0.02109699 0.12573331
v -0.05414105 0.01342285 0.13068360
v -0.05222245 0.01719550 0.13963901
v -0.05149065 0.01940862 0.13962540
v -0.05053220 0.02179664 0.13961111
v -0.05097160 0.02170784 0.13587701
v -0.05159400 0.02154517 0.13189301
v -0.05283909 0.01533062 0.13965041
v -0.05375427 0.01161232 0.13967211
v -0.05510827 0.00682779 0.13095171
v -0.05433779 0.00855154 0.13968821
v -0.05387143 0.01113633 0.13967481
v -0.05500038 0.00010000 0.13971171
v -0.05483501 0.00428361 0.13970501
v -0.05465126 0.00586085 0.13969881
v -0.06062908 0.00942246 0.11332931
v -0.06105598 0.00000000 0.11357731
v -0.05665664 0.00000000 0.12374570
v -0.05856827 0.00000000 0.11809640
v -0.05867983 0.00000000 0.11776671
v -0.05543065 0.00000000 0.13098211
v -0.05542938 0.00000000 0.13100881
v -0.05500000 0.00000000 0.14000001
v -0.05499991 0.00010000 0.14000001
v -0.06565536 0.03745191 0.09665485
v -0.06355472 0.03741802 0.09807361
v -0.06210535 0.04106155 0.09606353
v -0.07018964 0.03677910 0.09411673
v -0.06787293 0.03723800 0.09535074
v -0.07002983 0.03729390 0.09386886
v -0.06656957 0.04085394 0.09340570
v -0.06892271 0.04024901 0.09217627
v -0.06511012 0.04422529 0.09125281
v -0.06762604 0.04371002 0.09019390
v -0.06349195 0.04735669 0.08890741
v -0.06606838 0.04670226 0.08787326
v -0.06427024 0.04109113 0.09465877
v -0.06049346 0.04443836 0.09384765
v -0.06272528 0.04447202 0.09245443
v -0.05871574 0.04755879 0.09145881
v -0.06101745 0.04760254 0.09006700
v -0.05676887 0.05043321 0.08892998
v -0.05914369 0.05049061 0.08752173
v -0.06157833 0.03715402 0.09963585
v -0.05820414 0.04027834 0.09943322
v -0.06008102 0.04078428 0.09764619
v -0.05650873 0.04360986 0.09730278
v -0.05841946 0.04414430 0.09545589
v -0.05464489 0.04668519 0.09502156
v -0.05659024 0.04724611 0.09310344
v -0.05476663 0.04285511 0.09941151
v -0.05288354 0.04589673 0.09723356
v -0.06470675 0.04931793 0.08584468
v -0.06171245 0.05025285 0.08638476
v -0.06445603 0.04966873 0.08548064
v -0.05976926 0.05291821 0.08369777
v -0.06259777 0.05226861 0.08278264
v -0.05849536 0.05696246 0.07692701
v -0.06064950 0.05476661 0.07997589
v -0.06124946 0.05415503 0.08082502
v -0.05236074 0.05547910 0.08352703
v -0.05710142 0.05314364 0.08483944
v -0.05319803 0.04190007 0.10180471
v -0.05315272 0.03911961 0.10500000
v -0.07434117 0.01056019 0.10078161
v -0.07447684 0.00538792 0.10101271
v -0.07461818 0.00000000 0.10125351
v -0.07351795 0.02019950 0.09941427
v -0.07393120 0.01547157 0.10010051
v -0.07433287 0.01087618 0.10076741
v -0.07117150 0.03289610 0.09566076
v -0.07208249 0.02929335 0.09709333
v -0.06794754 0.02940362 0.09995253
v -0.07214167 0.02892813 0.09718892
v -0.06884708 0.02502499 0.10124290
v -0.07283651 0.02463930 0.09831144
v -0.07347355 0.02070733 0.09934057
v -0.06182043 0.02853055 0.10500000
v -0.06291238 0.03324965 0.10139321
v -0.06688222 0.03355154 0.09842177
v -0.06607675 0.02016532 0.10500000
v -0.07019503 0.03675782 0.09412520
v -0.06356688 0.01003228 0.10961341
v -0.06735222 0.00000000 0.10692190
v -0.06961216 0.00010000 0.10500000
v -0.06677201 0.01273665 0.10623440
v -0.06491355 0.00000000 0.10894861
v -0.06403463 0.00000000 0.10996611
v -0.06132505 0.00000000 0.11310280
v -0.05973444 0.03667761 0.10137070
v -0.05648145 0.03956281 0.10145060
v -0.07117150 0.03289610 0.09566076
v -0.07019503 0.03675782 0.09412520
v -0.09243486 0.03526974 0.07943698
v -0.10540110 0.02324744 0.07421067
v -0.10581681 0.01908882 0.07471680
v -0.09503442 0.01960006 0.08303022
v -0.08505301 0.01046884 0.09249076
v -0.09571560 0.01029337 0.08404853
v -0.09588202 0.00527030 0.08433227
v -0.08428070 0.01997297 0.09126178
v -0.07629774 0.04843461 0.07964737
v -0.06445603 0.04966873 0.08548064
v -0.06259777 0.05226861 0.08278264
v -0.06470675 0.04931793 0.08584468
v -0.12422500 0.04304313 0.02479330
v -0.12436441 0.04292053 0.02418520
v -0.12530220 0.04096582 0.02447840
v -0.12839960 0.03640706 0.01264770
v -0.12882720 0.03498741 0.01266950
v -0.12719581 0.03600340 0.02508552
v -0.12986391 0.03141632 0.01272502
v -0.13036231 0.02925581 0.01276090
v -0.12880781 0.03029541 0.02562682
v -0.05645735 0.05888120 0.07406092
v -0.08373082 0.05331735 0.06824937
v -0.05849536 0.05696246 0.07692701
v -0.13295580 0.00847865 0.01971136
v -0.13357610 0.00527060 0.01324463
v -0.13358071 0.00506600 0.01324833
v -0.13308611 0.01211864 0.01309896
v -0.13320991 0.01038816 0.01313577
v -0.13223540 0.00869953 0.02697586
v -0.13336141 0.00827080 0.01318081
v -0.13017270 0.02384216 0.02611503
v -0.13194941 0.02101861 0.01290961
v -0.13210871 0.02009669 0.01292696
v -0.13101610 0.02642143 0.01280796
v -0.13104290 0.02626620 0.01281088
v -0.13162580 0.02289191 0.01287437
v -0.12973600 0.03197055 0.01271582
v -0.12829770 0.03674525 0.01264251
v -0.12548990 0.04193060 0.01927529
v -0.12556861 0.04186402 0.01884298
v -0.12700200 0.04008295 0.01259120
v -0.12640071 0.04116060 0.01427575
v -0.12665890 0.04096673 0.01257761
v -0.12218610 0.04468936 0.03186446
v -0.12254780 0.04443540 0.03077717
v -0.12280230 0.04185481 0.03773023
v -0.12405800 0.04318172 0.02538894
v -0.12120610 0.04227689 0.04433069
v -0.12045510 0.04590464 0.03706768
v -0.12058890 0.04581068 0.03666539
v -0.11775490 0.04745879 0.04420845
v -0.11834751 0.04713534 0.04269162
v -0.11900621 0.04625539 0.04306249
v -0.11994001 0.04626623 0.03861578
v -0.12006411 0.04617911 0.03824278
v -0.11691870 0.04666365 0.04935426
v -0.11571080 0.04829878 0.04854608
v -0.11612610 0.04812810 0.04766471
v -0.11758980 0.04752661 0.04455870
v -0.11374180 0.04893515 0.05204887
v -0.11413201 0.04881084 0.05136174
v -0.11558030 0.04689990 0.05239733
v -0.11450770 0.04869113 0.05070009
v -0.11561251 0.04833918 0.04875470
v -0.11266170 0.04921216 0.05361154
v -0.11396560 0.04716877 0.05530458
v -0.11234540 0.04929328 0.05406911
v -0.11081430 0.04910541 0.05702801
v -0.11026310 0.04974797 0.05658198
v -0.11045610 0.04970766 0.05636066
v -0.10777230 0.05015968 0.05867098
v -0.10833181 0.05008456 0.05831746
v -0.10834960 0.04949613 0.05918146
v -0.10915840 0.04994332 0.05759492
v -0.11008960 0.04978420 0.05678096
v -0.10606980 0.05039984 0.05964368
v -0.10541391 0.04996031 0.06056923
v -0.10645100 0.05033705 0.05950572
v -0.10770871 0.05016821 0.05871113
v -0.10234951 0.05044266 0.06166593
v -0.10165140 0.05123116 0.06097818
v -0.09618440 0.05140515 0.06386058
v -0.07018964 0.03677910 0.09411673
v -0.07002983 0.03729390 0.09386886
v -0.08023785 0.03954371 0.08523311
v -0.06892271 0.04024901 0.09217627
v -0.06762604 0.04371002 0.09019390
v -0.08677806 0.04937210 0.07207869
v -0.07471989 0.05092616 0.07746339
v -0.07300761 0.05318257 0.07512156
v -0.08937359 0.04445957 0.07540526
v -0.07774238 0.04570738 0.08167144
v -0.10283400 0.03743540 0.07122744
v -0.09152337 0.03857636 0.07822094
v -0.07905509 0.04274392 0.08353373
v -0.06606838 0.04670226 0.08787326
v -0.09050357 0.04163951 0.07687716
v -0.10099591 0.04306497 0.06915734
v -0.10196180 0.04037202 0.07024079
v -0.08813199 0.04703695 0.07380542
v -0.09878015 0.04772087 0.06670057
v -0.09993540 0.04551449 0.06797712
v -0.10474740 0.04686149 0.06401602
v -0.10581520 0.04470894 0.06506864
v -0.10772071 0.04642378 0.06267498
v -0.10874810 0.04429546 0.06361563
v -0.11058741 0.04599700 0.06108394
v -0.11158461 0.04388987 0.06193217
v -0.11333600 0.03896036 0.06342248
v -0.11055111 0.03931830 0.06527183
v -0.10768891 0.03967917 0.06692775
v -0.12472721 0.03697609 0.03867415
v -0.12310490 0.03742169 0.04543153
v -0.11907940 0.04272220 0.05080205
v -0.12093370 0.03787205 0.05204746
v -0.11771540 0.04296574 0.05392811
v -0.11954100 0.03810918 0.05523855
v -0.11607151 0.04323279 0.05691149
v -0.11786451 0.03836230 0.05828013
v -0.11405030 0.04353614 0.05963827
v -0.11581110 0.03864210 0.06105851
v -0.08531120 0.05146541 0.07022628
v -0.09752989 0.04968434 0.06532822
v -0.10359230 0.04877268 0.06288171
v -0.10660940 0.04831203 0.06165947
v -0.10950910 0.04786574 0.06016703
v -0.11197220 0.04748523 0.05796209
v -0.06064950 0.05476661 0.07997589
v -0.11192800 0.04940032 0.05467295
v -0.11706611 0.00970131 0.06657241
v -0.11970190 0.00961783 0.06421014
v -0.11931830 0.00000001 0.06486267
v -0.12393991 0.00946604 0.05845985
v -0.12250981 0.00000001 0.06129222
v -0.12201340 0.00954030 0.06149297
v -0.12218621 0.00000001 0.06165424
v -0.11981771 0.00000001 0.06430400
v -0.12555150 0.00939248 0.05522845
v -0.12550770 0.00000001 0.05618119
v -0.12406830 0.00000001 0.05863531
v -0.13016730 0.00000001 0.04174385
v -0.12836011 0.00000001 0.04877167
v -0.12805961 0.00924164 0.04842497
v -0.12825631 0.00000001 0.04917507
v -0.12690861 0.00931801 0.05186929
v -0.12709051 0.00000001 0.05214669
v -0.12577650 0.00000001 0.05549616
v -0.13156451 0.00000001 0.03458827
v -0.13139400 0.00000001 0.03589091
v -0.13123600 0.00889915 0.03420864
v -0.13065191 0.00000001 0.03985932
v -0.12988381 0.00907951 0.04137737
v -0.13251621 0.00000001 0.02731796
v -0.13292171 0.00000001 0.02422032
v -0.13322111 0.00000001 0.01999689
v -0.13369300 0.00000001 0.01334004
v -0.13262331 0.01589644 0.01301751
v -0.13132671 0.01664404 0.02656305
v -0.13028701 0.01699290 0.03372076
v -0.12894451 0.01731073 0.04083787
v -0.12718980 0.01760003 0.04786489
v -0.12636690 0.03125869 0.03949520
v -0.11720311 0.00000001 0.06667876
v -0.11499360 0.00000001 0.06857580
v -0.11171511 0.00987705 0.07104699
v -0.10963521 0.00000000 0.07311551
v -0.10637450 0.01003585 0.07543304
v -0.10652730 0.00000000 0.07570124
v -0.10130920 0.00000000 0.08004274
v -0.09586030 0.00000000 0.08437284
v -0.07214167 0.02892813 0.09718892
v -0.09394023 0.02792434 0.08148710
v -0.07283651 0.02463930 0.09831144
v -0.09453779 0.02388477 0.08232187
v -0.10489580 0.02716116 0.07360891
v -0.10430011 0.03083024 0.07291127
v -0.10921450 0.03368226 0.06845713
v -0.07208249 0.02929335 0.09709333
v -0.09323986 0.03171920 0.08052559
v -0.10361310 0.03425490 0.07211751
v -0.11201841 0.03337988 0.06662552
v -0.11476240 0.03307696 0.06463575
v -0.11725510 0.03280319 0.06222385
v -0.11934740 0.03255753 0.05941478
v -0.12106241 0.03233051 0.05633538
v -0.12248900 0.03211348 0.05309898
v -0.12471290 0.03168999 0.04637567
v -0.11122651 0.01878234 0.07051870
v -0.11039341 0.02671703 0.06965477
v -0.11393760 0.01861658 0.06840705
v -0.11314791 0.02647953 0.06767218
v -0.11662741 0.01844767 0.06621173
v -0.11586071 0.02623947 0.06556715
v -0.11920051 0.01829099 0.06379923
v -0.11838430 0.02601946 0.06313662
v -0.12142180 0.01814634 0.06101912
v -0.12052990 0.02581879 0.06032461
v -0.12326171 0.01800874 0.05794232
v -0.12229670 0.02563020 0.05723200
v -0.12479770 0.01787354 0.05468430
v -0.12376890 0.02544710 0.05397247
v -0.12606311 0.02508251 0.04718075
v -0.12775950 0.02470332 0.04021057
v -0.12909591 0.02429117 0.03317452
v -0.06124946 0.05415503 0.08082502
v -0.07351795 0.02019950 0.09941427
v -0.07347355 0.02070733 0.09934057
v -0.01973400 0.06250896 0.08549833
v -0.02779750 0.06316203 0.08170108
v -0.02653551 0.06153532 0.08417913
v -0.04708779 0.05875800 0.07983168
v -0.00597346 0.05590040 0.10500000
v -0.00438005 0.05595135 0.10500000
v -0.00452003 0.05645615 0.10288100
v -0.00031696 0.06765454 0.08741910
v -0.00177530 0.06741125 0.08732611
v -0.00161035 0.06538106 0.08884819
v -0.00561737 0.06677822 0.08673828
v -0.00646825 0.06456063 0.08808532
v -0.00535836 0.06682090 0.08677807
v -0.00322508 0.06510356 0.08864579
v -0.00180265 0.06740670 0.08732437
v -0.00194770 0.06738279 0.08730207
v -0.00353437 0.06712139 0.08705830
v 0.00000000 0.05672707 0.10299511
v 0.00000000 0.05633207 0.10405111
v 0.00000000 0.05609138 0.10500000
v -0.02086338 0.05450061 0.10500000
v -0.02065276 0.05453164 0.10500000
v -0.02169105 0.05557571 0.09935844
v -0.01949424 0.05470231 0.10500000
v -0.00939978 0.05567807 0.10500000
v -0.00964932 0.05614033 0.10276880
v -0.01262747 0.05546863 0.10500000
v -0.01000362 0.05688588 0.09980336
v -0.02779143 0.05460967 0.09907901
v -0.02651342 0.05345009 0.10500000
v -0.02634381 0.05349302 0.10500000
v -0.03133449 0.05222993 0.10500000
v -0.03385615 0.05337460 0.09870582
v -0.03214968 0.05198486 0.10500000
v -0.03972887 0.05182431 0.09819632
v -0.03617550 0.05057446 0.10500000
v -0.03228278 0.05193823 0.10500000
v -0.04033465 0.04863580 0.10500000
v -0.03976451 0.04895905 0.10500000
v -0.03775269 0.04986457 0.10500000
v -0.04254149 0.05091105 0.09787510
v -0.04390661 0.05041451 0.09769429
v -0.04156382 0.04793890 0.10500000
v -0.04487108 0.04985988 0.09794552
v -0.04365238 0.04855446 0.10155471
v -0.04254989 0.04737983 0.10500000
v -0.04682222 0.05346050 0.09011866
v -0.04611237 0.05120018 0.09457293
v -0.04865040 0.05686500 0.08285353
v -0.05007663 0.05515384 0.08528373
v -0.05433515 0.05847128 0.07641278
v -0.04026940 0.05966324 0.08138684
v -0.01303763 0.06351428 0.08681060
v -0.01395071 0.06535537 0.08497525
v -0.01617681 0.06497612 0.08448191
v -0.01231832 0.06563348 0.08533702
v -0.01319081 0.06548484 0.08514365
v -0.02526594 0.05992032 0.08705639
v -0.04533458 0.05377495 0.09041059
v -0.04229346 0.05437244 0.09093937
v -0.03601885 0.05546618 0.09181469
v -0.02319784 0.05733813 0.09309021
v -0.00228219 0.05750488 0.10015300
v 0.00000000 0.05827563 0.09885515
v -0.00254771 0.05996327 0.09503386
v 0.00000000 0.05951439 0.09671431
v 0.00000000 0.05684095 0.10269070
v 0.00000000 0.05775421 0.10024910
v 0.00000000 0.05798593 0.09962964
v -0.01088241 0.05890313 0.09416761
v -0.02415440 0.05851884 0.09003215
v -0.03873575 0.05816570 0.08488231
v -0.04538970 0.05729878 0.08358485
v 0.00000000 0.06768297 0.08743133
v 0.00000000 0.06587509 0.08892067
v 0.00000000 0.06574488 0.08902793
v 0.00000000 0.06406304 0.09041341
v 0.00000000 0.06037605 0.09522517
v 0.00000000 0.06103126 0.09409282
v -0.00272640 0.06147113 0.09270984
v 0.00000000 0.06123389 0.09384691
v 0.00000000 0.06196452 0.09296019
v 0.00000000 0.06338827 0.09123231
v -0.00596083 0.06268739 0.09009803
v -0.00294903 0.06317808 0.09056804
v 0.00000000 0.06371414 0.09083683
v -0.01217783 0.06173669 0.08907069
v -0.00554876 0.06104721 0.09233355
v -0.00472107 0.05732386 0.10003640
v -0.00521625 0.05961718 0.09475120
v -0.01146602 0.06020665 0.09153653
v -0.01139343 -0.06021667 0.09154586
v -0.01081246 -0.05891188 0.09417432
v -0.02304593 -0.05735833 0.09310318
v -0.05434892 -0.05846006 0.07638370
v -0.05533318 -0.05905545 0.07437545
v -0.04842695 -0.06009084 0.07626397
v -0.04010962 -0.04875383 0.10500000
v -0.04255050 -0.04737943 0.10500000
v -0.04229411 -0.05099695 0.09790589
v -0.04364325 -0.04854415 0.10155830
v -0.04420570 -0.04914365 0.09978685
v -0.04487590 -0.04986993 0.09794059
v -0.04501494 -0.05002059 0.09755761
v -0.03957327 -0.04905584 0.10500000
v -0.03948964 -0.05189616 0.09822089
v -0.03753305 -0.04996380 0.10500000
v -0.03364149 -0.05342394 0.09872121
v -0.03199878 -0.05203115 0.10500000
v -0.03604371 -0.05062661 0.10500000
v -0.02122249 -0.05444472 0.10500000
v -0.02633723 -0.05347763 0.10500000
v -0.02760926 -0.05464220 0.09908848
v -0.02687458 -0.05337602 0.10500000
v -0.02154635 -0.05559585 0.09936426
v -0.02051106 -0.05453637 0.10500000
v -0.01498407 -0.05524835 0.10500000
v -0.00993783 -0.05689182 0.09980598
v -0.01344497 -0.05539686 0.10500000
v -0.00933667 -0.05568272 0.10500000
v -0.00958518 -0.05614503 0.10277000
v -0.00673488 -0.05586375 0.10500000
v -0.00449111 -0.05645763 0.10288170
v -0.00435175 -0.05594904 0.10500000
v -0.00086099 -0.05607398 0.10500000
v -0.00000000 -0.06768299 0.08743135
v -0.00000000 -0.06585981 0.08893428
v -0.00062957 -0.06759910 0.08740635
v -0.00000000 -0.06574546 0.08902855
v -0.00176341 -0.06741249 0.08731199
v -0.00160074 -0.06538273 0.08884907
v -0.00194769 -0.06738216 0.08729667
v -0.00241343 -0.06730550 0.08725792
v -0.00351430 -0.06712527 0.08707039
v -0.00320579 -0.06510684 0.08864869
v -0.00535510 -0.06682389 0.08675682
v -0.00642944 -0.06456702 0.08809256
v -0.00667514 -0.06660778 0.08653196
v -0.00915936 -0.06616658 0.08602019
v -0.00786336 -0.06639675 0.08628717
v -0.01386357 -0.06534697 0.08502536
v -0.01288368 -0.06550513 0.08525294
v -0.01295850 -0.06352651 0.08682618
v -0.01259938 -0.06555562 0.08531151
v -0.01231862 -0.06560548 0.08536934
v -0.01023305 -0.06597589 0.08579901
v -0.00757713 -0.06644758 0.08634614
v -0.00700085 -0.06654993 0.08646486
v -0.01861949 -0.06457937 0.08392078
v -0.01622689 -0.06496553 0.08447647
v -0.01961312 -0.06252666 0.08552179
v -0.02637234 -0.06155823 0.08421090
v -0.02762592 -0.06318540 0.08172922
v -0.02491280 -0.06358671 0.08242054
v -0.02478396 -0.06360577 0.08245337
v -0.02320074 -0.06383996 0.08285678
v -0.02072767 -0.06423911 0.08343116
v -0.04002395 -0.05969601 0.08143995
v -0.04150692 -0.06112830 0.07815626
v -0.03957467 -0.06141799 0.07868464
v -0.03119239 -0.06265786 0.08082048
v -0.04371724 -0.06079693 0.07755185
v -0.04511501 -0.05733495 0.08364315
v -0.04836102 -0.05690389 0.08292154
v -0.05140828 -0.05635719 0.08242057
v -0.05154826 -0.05646236 0.08213263
v -0.05287995 -0.05746281 0.07939334
v -0.05362208 -0.05802037 0.07786674
v -0.04868696 -0.05387318 0.08831482
v -0.04983672 -0.05492266 0.08582451
v -0.05009652 -0.05515982 0.08526178
v -0.04609657 -0.05119274 0.09457795
v -0.04618379 -0.05128726 0.09433765
v -0.04506587 -0.05383003 0.09046074
v -0.04742613 -0.05257523 0.09133938
v -0.04803109 -0.05320242 0.08987932
v -0.04861271 -0.05380540 0.08847564
v -0.03579096 -0.05550315 0.09184221
v -0.04203606 -0.05442069 0.09098046
v -0.00000000 -0.05769458 0.10022721
v -0.00226810 -0.05750590 0.10015361
v -0.00000000 -0.05789855 0.09970154
v -0.00000000 -0.05796953 0.09951861
v -0.00000000 -0.05675064 0.10265980
v -0.00000000 -0.05609138 0.10500000
v -0.00000000 -0.05666322 0.10297011
v -0.00000000 -0.05671981 0.10276931
v -0.00469112 -0.05732616 0.10003781
v -0.00000000 -0.06196478 0.09296032
v -0.00270985 -0.06147368 0.09271181
v -0.00000000 -0.06336188 0.09126320
v -0.00293125 -0.06318105 0.09057051
v -0.00000000 -0.06371339 0.09083616
v -0.00000000 -0.06119624 0.09389393
v -0.00000000 -0.06102412 0.09410300
v -0.00253215 -0.05996533 0.09503535
v -0.00000000 -0.06038799 0.09523082
v -0.00000000 -0.05950394 0.09679821
v -0.00592454 -0.06269319 0.09010402
v -0.00551455 -0.06105225 0.09233826
v -0.00518375 -0.05962135 0.09475470
v -0.01210217 -0.06174784 0.08908295
v -0.03849538 -0.05819681 0.08492531
v -0.02510623 -0.05994153 0.08708046
v -0.02399855 -0.05853931 0.09005008
v -0.00000000 -0.06405278 0.09042392
v -0.06884708 -0.02502499 0.10124290
v -0.06794754 -0.02940362 0.09995253
v -0.06407644 -0.02909358 0.10290911
v -0.06656958 -0.04085394 0.09340570
v -0.06892271 -0.04024900 0.09217627
v -0.06762604 -0.04371001 0.09019390
v -0.05817881 -0.00865963 0.11792261
v -0.05630603 -0.00778200 0.12369440
v -0.06048855 -0.03061204 0.10500000
v -0.06181656 -0.02852873 0.10500000
v -0.05946376 -0.01892313 0.11227791
v -0.05954778 -0.01827386 0.11235270
v -0.06039121 -0.01862201 0.11113021
v -0.05216487 -0.01750235 0.13963711
v -0.05225026 -0.01720533 0.13963891
v -0.05251325 -0.01976362 0.13017461
v -0.05343714 -0.01307634 0.13966381
v -0.05372790 -0.01160788 0.13967171
v -0.05414105 -0.01342285 0.13068360
v -0.05510827 -0.00682778 0.13095171
v -0.05464358 -0.00586017 0.13969860
v -0.05482012 -0.00428206 0.13970461
v -0.05499991 -0.00010000 0.14000001
v -0.05500038 -0.00010000 0.13971171
v -0.05486418 -0.00388817 0.13970611
v -0.05381624 -0.01116175 0.13967411
v -0.05433324 -0.00855072 0.13968821
v -0.05435476 -0.00844202 0.13968871
v -0.05278312 -0.01535154 0.13965011
v -0.05143387 -0.01942502 0.13962551
v -0.05100750 -0.02169927 0.13561941
v -0.05053220 -0.02179664 0.13961111
v -0.05197665 -0.02142937 0.12999911
v -0.05181541 -0.02148056 0.13070911
v -0.05170472 -0.02151057 0.13138021
v -0.05101282 -0.02169819 0.13557481
v -0.05299407 -0.02110151 0.12574431
v -0.05278713 -0.02117208 0.12643030
v -0.05258899 -0.02123498 0.12730281
v -0.05529091 -0.01521444 0.12316941
v -0.05339436 -0.02096502 0.12441730
v -0.05393702 -0.02077998 0.12261851
v -0.05526914 -0.02031789 0.11921940
v -0.05441138 -0.02061543 0.12140810
v -0.05400713 -0.02075566 0.12243960
v -0.05939134 -0.01894664 0.11236760
v -0.05859652 -0.01920470 0.11335120
v -0.05712286 -0.01685636 0.11715921
v -0.05757671 -0.01954069 0.11495021
v -0.05706269 -0.01971004 0.11575621
v -0.05680084 -0.01979631 0.11616681
v -0.05653304 -0.01988751 0.11670051
v -0.05562123 -0.02019799 0.11851771
v -0.06069539 -0.01852326 0.11075371
v -0.06018325 -0.01391424 0.11294191
v -0.06148915 -0.01825467 0.10996590
v -0.06575251 -0.01670666 0.10624781
v -0.06492269 -0.01701839 0.10692071
v -0.06312087 -0.01479051 0.10915060
v -0.06389951 -0.01740275 0.10775051
v -0.06292474 -0.01776892 0.10854101
v -0.06273281 -0.01783386 0.10873150
v -0.06669082 -0.01296229 0.10623550
v -0.06661831 -0.01333004 0.10623640
v -0.06649364 -0.01396230 0.10623790
v -0.06612207 -0.01533819 0.10624290
v -0.06947242 -0.00438679 0.10500000
v -0.06870437 -0.01057554 0.10500000
v -0.06905508 -0.00856533 0.10500000
v -0.07052927 -0.01063986 0.10364480
v -0.06690031 -0.01045084 0.10648301
v -0.06804528 -0.00010000 0.10621911
v -0.06786999 -0.00460553 0.10622110
v -0.06784343 -0.00528851 0.10622140
v -0.06738707 -0.00920541 0.10622680
v -0.06732270 -0.00975782 0.10622761
v -0.06834510 -0.01263482 0.10500000
v -0.07013466 -0.01563860 0.10308800
v -0.06760799 -0.01550219 0.10500000
v -0.06957663 -0.02043251 0.10228891
v -0.06639503 -0.01937731 0.10500000
v -0.06732712 -0.01659476 0.10500000
v -0.06279049 -0.02700088 0.10500000
v -0.06409675 -0.02452091 0.10500000
v -0.06506227 -0.02471340 0.10417860
v -0.06476323 -0.02325561 0.10500000
v -0.06569587 -0.02103904 0.10500000
v -0.05942722 -0.03201551 0.10500000
v -0.06291238 -0.03324965 0.10139321
v -0.05803111 -0.03600648 0.10330661
v -0.05789142 -0.03404643 0.10500000
v -0.05941591 -0.03218225 0.10494350
v -0.05933609 -0.03213602 0.10500000
v -0.05491914 -0.03865676 0.10372340
v -0.05666567 -0.03548725 0.10500000
v -0.05678512 -0.03534682 0.10500000
v -0.04975810 -0.04211602 0.10500000
v -0.05155841 -0.04051765 0.10500000
v -0.05180727 -0.04076476 0.10450470
v -0.05219655 -0.03995111 0.10500000
v -0.05319803 -0.04190007 0.10180471
v -0.05341895 -0.03886582 0.10500000
v -0.05415664 -0.03809818 0.10500000
v -0.04255050 -0.04737943 0.10500000
v -0.04571569 -0.04522476 0.10500000
v -0.04670981 -0.04507155 0.10406971
v -0.04787782 -0.04645705 0.10066240
v -0.04925137 -0.04767390 0.09763195
v -0.04487590 -0.04986993 0.09794059
v -0.05260930 -0.04951734 0.09263173
v -0.05458999 -0.05010176 0.09062735
v -0.05017996 -0.05506198 0.08537806
v -0.05140828 -0.05635719 0.08242057
v -0.05236075 -0.05547910 0.08352703
v -0.05009652 -0.05515982 0.08526178
v -0.05766150 -0.05535565 0.08084562
v -0.05362208 -0.05802037 0.07786674
v -0.05733203 -0.05814832 0.07528048
v -0.05645736 -0.05888119 0.07406092
v -0.05617944 -0.05892427 0.07413868
v -0.05849537 -0.05696246 0.07692701
v -0.06062909 -0.00942245 0.11332931
v -0.06787294 -0.03723799 0.09535074
v -0.07018964 -0.03677910 0.09411673
v -0.07002984 -0.03729390 0.09386886
v -0.06157834 -0.03715401 0.09963585
v -0.06355473 -0.03741801 0.09807361
v -0.06210536 -0.04106155 0.09606353
v -0.06511013 -0.04422528 0.09125281
v -0.06606839 -0.04670225 0.08787326
v -0.06349196 -0.04735668 0.08890741
v -0.06470675 -0.04931793 0.08584468
v -0.06171245 -0.05025285 0.08638476
v -0.05082911 -0.04870102 0.09496081
v -0.05288355 -0.04589673 0.09723356
v -0.05476663 -0.04285511 0.09941151
v -0.06445604 -0.04966872 0.08548064
v -0.06259778 -0.05226860 0.08278264
v -0.05976927 -0.05291821 0.08369777
v -0.06124946 -0.05415503 0.08082502
v -0.06064951 -0.05476660 0.07997589
v -0.05489076 -0.05556636 0.08201632
v -0.05710143 -0.05314364 0.08483944
v -0.05676888 -0.05043321 0.08892998
v -0.05914369 -0.05049060 0.08752173
v -0.05871575 -0.04755879 0.09145881
v -0.06101745 -0.04760254 0.09006700
v -0.06049347 -0.04443835 0.09384765
v -0.06272529 -0.04447202 0.09245443
v -0.06427025 -0.04109112 0.09465877
v -0.06565536 -0.03745190 0.09665485
v -0.06008102 -0.04078427 0.09764619
v -0.05841947 -0.04414429 0.09545589
v -0.05659025 -0.04724611 0.09310344
v -0.04642934 -0.04467594 0.10500000
v -0.05648145 -0.03956281 0.10145060
v -0.07447684 -0.00538792 0.10101271
v -0.07434117 -0.01056019 0.10078161
v -0.07433287 -0.01087618 0.10076741
v -0.07393120 -0.01547157 0.10010051
v -0.07351796 -0.02019950 0.09941427
v -0.07347355 -0.02070733 0.09934057
v -0.07283651 -0.02463930 0.09831144
v -0.06688222 -0.03355154 0.09842177
v -0.06606488 -0.02016198 0.10500000
v -0.07214167 -0.02892813 0.09718892
v -0.07208249 -0.02929335 0.09709333
v -0.07117151 -0.03289610 0.09566076
v -0.07019504 -0.03675782 0.09412520
v -0.06961216 -0.00010000 0.10500000
v -0.06356688 -0.01003228 0.10961341
v -0.06718151 -0.01047379 0.10622941
v -0.05973444 -0.03667760 0.10137070
v -0.05820414 -0.04027833 0.09943322
v -0.05650874 -0.04360986 0.09730278
v -0.05464489 -0.04668519 0.09502156
v -0.13123600 -0.00889914 0.03420864
v -0.11058741 -0.04599699 0.06108394
v -0.11158461 -0.04388986 0.06193217
v -0.11405031 -0.04353613 0.05963827
v -0.11245000 -0.04927621 0.05397450
v -0.11236351 -0.04929535 0.05408100
v -0.11396561 -0.04716876 0.05530458
v -0.09975516 -0.05160562 0.06150752
v -0.09526046 -0.05238069 0.06282706
v -0.09618441 -0.05140514 0.06386058
v -0.12530221 -0.04096581 0.02447840
v -0.12581301 -0.04164910 0.01763638
v -0.12555540 -0.04187553 0.01883724
v -0.12665891 -0.04096664 0.01257761
v -0.12700551 -0.04008414 0.01259120
v -0.12815601 -0.03715430 0.01263632
v -0.12719581 -0.03600339 0.02508552
v -0.12838821 -0.03640327 0.01264781
v -0.12882621 -0.03498676 0.01266946
v -0.12958640 -0.03252811 0.01270706
v -0.12880781 -0.03029540 0.02562682
v -0.12985160 -0.03141316 0.01272535
v -0.13162920 -0.02289224 0.01287412
v -0.13102731 -0.02626328 0.01281164
v -0.13017271 -0.02384215 0.02611503
v -0.13087801 -0.02709894 0.01279615
v -0.13036481 -0.02925608 0.01276075
v -0.13132671 -0.01664402 0.02656305
v -0.13200310 -0.02079837 0.01291293
v -0.13196340 -0.02102087 0.01290881
v -0.13295580 -0.00847864 0.01971136
v -0.13319671 -0.01038679 0.01313542
v -0.13223540 -0.00869952 0.02697586
v -0.13296291 -0.01333561 0.01307234
v -0.13263341 -0.01589741 0.01301762
v -0.13356281 -0.00506545 0.01324626
v -0.13353600 -0.00610726 0.01322697
v -0.13336451 -0.00827068 0.01318069
v -0.09320423 -0.05273527 0.06343071
v -0.08241218 -0.05459626 0.06659899
v -0.08373083 -0.05331735 0.06824937
v -0.08089677 -0.05485757 0.06704386
v -0.08051670 -0.05492311 0.06715544
v -0.10234951 -0.05044265 0.06166593
v -0.10359231 -0.04877267 0.06288171
v -0.10541391 -0.04996030 0.06056923
v -0.10776661 -0.05015888 0.05866536
v -0.10770460 -0.05016783 0.05870852
v -0.10834961 -0.04949612 0.05918146
v -0.10694081 -0.05027807 0.05923974
v -0.10606850 -0.05038443 0.05965616
v -0.10558961 -0.05044281 0.05988475
v -0.10165011 -0.05123252 0.06097684
v -0.10487111 -0.05059832 0.06007476
v -0.10490430 -0.05059179 0.06006547
v -0.11197221 -0.04748522 0.05796209
v -0.11063021 -0.04967928 0.05621716
v -0.11046911 -0.04970847 0.05637011
v -0.11025661 -0.04974696 0.05657178
v -0.11081431 -0.04910540 0.05702801
v -0.10916701 -0.04994441 0.05760628
v -0.10883191 -0.05000513 0.05792439
v -0.11267791 -0.04921383 0.05362313
v -0.11558031 -0.04689989 0.05239733
v -0.11414191 -0.04881311 0.05136592
v -0.11615071 -0.04813573 0.04767430
v -0.11569041 -0.04829411 0.04853495
v -0.11691871 -0.04666364 0.04935426
v -0.11452691 -0.04869452 0.05071076
v -0.11433911 -0.04875916 0.05106200
v -0.11900621 -0.04625538 0.04306249
v -0.11826861 -0.04720800 0.04298356
v -0.11756750 -0.04751897 0.04455052
v -0.11626900 -0.04809502 0.04745313
v -0.12048211 -0.04591727 0.03707356
v -0.12004631 -0.04617142 0.03823731
v -0.11837450 -0.04714620 0.04270062
v -0.12462820 -0.04269053 0.02315957
v -0.12435411 -0.04292279 0.02418300
v -0.12403371 -0.04319441 0.02537977
v -0.12291391 -0.04414344 0.02956126
v -0.12280231 -0.04185480 0.03773023
v -0.12217171 -0.04468693 0.03186017
v -0.12061811 -0.04582452 0.03667202
v -0.07018964 -0.03677910 0.09411673
v -0.09243486 -0.03526973 0.07943698
v -0.07002984 -0.03729390 0.09386886
v -0.08023785 -0.03954371 0.08523311
v -0.06892271 -0.04024900 0.09217627
v -0.07905510 -0.04274392 0.08353373
v -0.06762604 -0.04371001 0.09019390
v -0.07774238 -0.04570738 0.08167144
v -0.07471989 -0.05092616 0.07746339
v -0.06445604 -0.04966872 0.08548064
v -0.07629774 -0.04843461 0.07964737
v -0.06470675 -0.04931793 0.08584468
v -0.06606839 -0.04670225 0.08787326
v -0.05849537 -0.05696246 0.07692701
v -0.06064951 -0.05476660 0.07997589
v -0.07300761 -0.05318256 0.07512156
v -0.06124946 -0.05415503 0.08082502
v -0.06259778 -0.05226860 0.08278264
v -0.09050358 -0.04163950 0.07687716
v -0.09152337 -0.03857636 0.07822094
v -0.10283401 -0.03743540 0.07122744
v -0.10361310 -0.03425489 0.07211751
v -0.10921451 -0.03368225 0.06845713
v -0.09752990 -0.04968433 0.06532822
v -0.08531121 -0.05146541 0.07022628
v -0.09878016 -0.04772086 0.06670057
v -0.08677807 -0.04937209 0.07207869
v -0.09993541 -0.04551449 0.06797712
v -0.08813199 -0.04703694 0.07380542
v -0.10474741 -0.04686148 0.06401602
v -0.10581521 -0.04470893 0.06506864
v -0.10099591 -0.04306496 0.06915734
v -0.08937359 -0.04445956 0.07540526
v -0.10874811 -0.04429545 0.06361563
v -0.10772071 -0.04642377 0.06267498
v -0.10660941 -0.04831202 0.06165947
v -0.12636690 -0.03125868 0.03949520
v -0.12472721 -0.03697608 0.03867415
v -0.12471291 -0.03168998 0.04637567
v -0.12310490 -0.03742168 0.04543153
v -0.12248901 -0.03211346 0.05309898
v -0.12093371 -0.03787204 0.05204746
v -0.12106241 -0.03233050 0.05633538
v -0.11954101 -0.03810917 0.05523855
v -0.11934740 -0.03255752 0.05941478
v -0.11786451 -0.03836229 0.05828013
v -0.11725510 -0.03280318 0.06222385
v -0.11581110 -0.03864209 0.06105851
v -0.11476240 -0.03307695 0.06463575
v -0.11333601 -0.03896035 0.06342248
v -0.11201841 -0.03337987 0.06662552
v -0.11055111 -0.03931829 0.06527183
v -0.10768891 -0.03967916 0.06692775
v -0.10196181 -0.04037201 0.07024079
v -0.12120611 -0.04227688 0.04433069
v -0.11907941 -0.04272219 0.05080205
v -0.11771541 -0.04296573 0.05392811
v -0.11607151 -0.04323278 0.05691149
v -0.12052761 -0.04589075 0.03695215
v -0.10950911 -0.04786573 0.06016703
v -0.12393991 -0.00946603 0.05845985
v -0.12201340 -0.00954029 0.06149297
v -0.11706611 -0.00970130 0.06657241
v -0.11970190 -0.00961782 0.06421014
v -0.12555150 -0.00939247 0.05522845
v -0.12988381 -0.00907950 0.04137737
v -0.12894451 -0.01731072 0.04083787
v -0.12805961 -0.00924163 0.04842497
v -0.12718980 -0.01760001 0.04786489
v -0.12690861 -0.00931800 0.05186929
v -0.12479771 -0.01787352 0.05468430
v -0.12909591 -0.02429116 0.03317452
v -0.13028701 -0.01699288 0.03372076
v -0.08505301 -0.01046884 0.09249076
v -0.09588202 -0.00527029 0.08433227
v -0.09571560 -0.01029337 0.08404853
v -0.10637450 -0.01003584 0.07543304
v -0.11171511 -0.00987704 0.07104699
v -0.11122651 -0.01878233 0.07051870
v -0.08428070 -0.01997297 0.09126178
v -0.09503442 -0.01960005 0.08303022
v -0.09453779 -0.02388476 0.08232187
v -0.10581681 -0.01908881 0.07471680
v -0.10540111 -0.02324743 0.07421067
v -0.09394023 -0.02792434 0.08148710
v -0.10489580 -0.02716115 0.07360891
v -0.09323986 -0.03171919 0.08052559
v -0.07019504 -0.03675782 0.09412520
v -0.10430011 -0.03083023 0.07291127
v -0.11039341 -0.02671702 0.06965477
v -0.12775951 -0.02470331 0.04021057
v -0.12606311 -0.02508250 0.04718075
v -0.12376891 -0.02544709 0.05397247
v -0.12326171 -0.01800873 0.05794232
v -0.12229671 -0.02563019 0.05723200
v -0.12142181 -0.01814633 0.06101912
v -0.12052991 -0.02581878 0.06032461
v -0.11920051 -0.01829098 0.06379923
v -0.11838431 -0.02601945 0.06313662
v -0.11662741 -0.01844766 0.06621173
v -0.11586071 -0.02623946 0.06556715
v -0.11393761 -0.01861657 0.06840705
v -0.11314791 -0.02647952 0.06767218
v -0.07117151 -0.03289610 0.09566076
v -0.07208249 -0.02929335 0.09709333
v -0.07214167 -0.02892813 0.09718892
v -0.07283651 -0.02463930 0.09831144
v -0.07347355 -0.02070733 0.09934057
v -0.05645736 -0.05888119 0.07406092
v -0.00267508 0.06795671 0.08596901
v -0.00524097 0.06754113 0.08552259
v -0.00528777 0.06750969 0.08580243
v -0.00353437 0.06712139 0.08705830
v -0.00196079 0.06752292 0.08720684
v -0.00064808 0.06828501 0.08615368
v -0.00192840 0.06807763 0.08603704
v -0.00195314 0.06805017 0.08631871
v 0.00000011 0.06839000 0.08615017
v -0.00000052 0.06835675 0.08641568
v -0.00000075 0.06834462 0.08651245
v -0.00196810 0.06797760 0.08657370
v -0.00000079 0.06834278 0.08652713
v -0.00197409 0.06787871 0.08678370
v -0.00000118 0.06827819 0.08669121
v -0.00000114 0.06828425 0.08667582
v -0.00197229 0.06772129 0.08700991
v -0.00000136 0.06809336 0.08702932
v -0.00000160 0.06820912 0.08686670
v 0.00000008 0.06782019 0.08731797
v 0.00000001 0.06782914 0.08731031
v -0.00000116 0.06799399 0.08716890
v -0.00000123 0.06802671 0.08712297
v -0.00031696 0.06765454 0.08741910
v 0.00000091 0.06770420 0.08741745
v -0.00536386 0.06696363 0.08668505
v -0.00536048 0.06716722 0.08649002
v -0.00534492 0.06732979 0.08626533
v -0.00532266 0.06743281 0.08605639
v -0.00351430 -0.06712527 0.08707039
v -0.00536403 -0.06704846 0.08661225
v -0.00000006 -0.06783081 0.08731173
v -0.00196650 -0.06760572 0.08713325
v -0.00000009 -0.06790960 0.08724794
v -0.00000011 -0.06795002 0.08721524
v -0.00197415 -0.06778801 0.08692447
v -0.00000102 -0.06809070 0.08703216
v -0.00197196 -0.06793194 0.08668111
v -0.00000164 -0.06818513 0.08690928
v -0.00000104 -0.06809298 0.08702922
v -0.00000077 -0.06833950 0.08651265
v -0.00000097 -0.06832682 0.08658426
v -0.00196005 -0.06802684 0.08642065
v -0.00000119 -0.06827967 0.08669243
v -0.00000139 -0.06823880 0.08678618
v -0.00000001 -0.06838752 0.08624157
v -0.00193881 -0.06807329 0.08614618
v -0.00000000 -0.06838761 0.08623881
v 0.00000014 -0.06839000 0.08615017
v -0.00193004 -0.06807737 0.08605140
v -0.00205699 -0.06805681 0.08604489
v -0.00524282 -0.06754082 0.08553257
v -0.00642932 -0.06734864 0.08531583
v -0.00565124 -0.06747467 0.08546688
v -0.00645074 -0.06733372 0.08539960
v -0.00525989 -0.06753535 0.08563053
v -0.00647023 -0.06732016 0.08547583
v -0.00530267 -0.06748474 0.08590398
v -0.00651378 -0.06728984 0.08564615
v -0.00652330 -0.06728322 0.08568341
v -0.00654942 -0.06722876 0.08580346
v -0.00533487 -0.06738510 0.08616330
v -0.00656616 -0.06719385 0.08588039
v -0.00535581 -0.06723597 0.08640520
v -0.00661989 -0.06702201 0.08615361
v -0.00660992 -0.06706662 0.08609733
v -0.00659488 -0.06713398 0.08601237
v -0.00658283 -0.06715911 0.08595700
v -0.00657480 -0.06717583 0.08592012
v -0.00665302 -0.06683475 0.08635617
v -0.00664630 -0.06690378 0.08630272
v -0.00663393 -0.06695913 0.08623291
v -0.00662187 -0.06701316 0.08616478
v -0.00666759 -0.06668522 0.08647198
v -0.05499991 0.00010000 0.14000001
v 0.05465340 -0.00433322 0.14000001
v 0.05500000 -0.00000000 0.14000001
v 0.05465340 0.00433322 0.14000001
v 0.05430070 0.00874264 0.14000001
v -0.05414892 0.00963818 0.14000001
v -0.05500000 0.00000000 0.14000001
v -0.05499991 -0.00010000 0.14000001
v 0.05430070 -0.00874264 0.14000001
v -0.05414892 -0.00963817 0.14000001
v -0.01879022 0.05169069 0.14000001
v -0.02747113 0.04764805 0.14000001
v -0.03531926 0.04216100 0.14000001
v -0.04209671 0.03539586 0.14000001
v -0.04759803 0.02755772 0.14000001
v -0.05165644 0.01888418 0.14000001
v -0.05165644 -0.01888418 0.14000001
v -0.04759803 -0.02755772 0.14000001
v -0.04209671 -0.03539586 0.14000001
v -0.03531926 -0.04216100 0.14000001
v -0.02747113 -0.04764805 0.14000001
v -0.01879022 -0.05169069 0.14000001
v -0.00953971 -0.05416635 0.14000001
v -0.00000000 -0.05500000 0.14000001
v 0.05192392 -0.01813577 0.14000001
v 0.04793570 -0.02696606 0.14000001
v 0.05192392 0.01813577 0.14000001
v 0.00000000 0.05500000 0.14000001
v -0.00953971 0.05416635 0.14000001
v 0.02776569 0.04747701 0.14000001
v 0.01900348 0.05161267 0.14000001
v 0.03566619 0.04186792 0.14000001
v 0.04245981 0.03495947 0.14000001
v 0.04793570 0.02696606 0.14000001
v 0.00965151 0.05414654 0.14000001
v 0.04245981 -0.03495947 0.14000001
v 0.00965150 -0.05414654 0.14000001
v 0.03566619 -0.04186792 0.14000001
v 0.01900348 -0.05161267 0.14000001
v 0.02776569 -0.04747701 0.14000001
v 0.00322279 -0.05786238 0.09962591
v 0.00156588 -0.06596606 0.08878913
v 0.00315871 -0.06613591 0.08864870
v 0.00388375 -0.06355475 0.09100138
v 0.03449251 -0.05432441 0.04390784
v 0.03310476 -0.05396434 0.05404473
v 0.03156415 -0.05916493 0.03446271
v 0.00023860 -0.06773614 0.08741508
v 0.00135514 -0.06789715 0.08738881
v 0.02500168 -0.06809817 0.01717620
v 0.02933538 -0.06425096 0.01715995
v 0.02731858 -0.06338816 0.03446617
v 0.02654300 -0.04946447 0.10042441
v 0.02746764 -0.04850382 0.10341131
v 0.02739228 -0.04854686 0.10345920
v 0.02324984 -0.05100883 0.10214770
v 0.03208631 -0.04574445 0.10014690
v 0.03095329 -0.04646669 0.10106981
v 0.02951356 -0.04787401 0.09829249
v 0.03025148 -0.04691405 0.10164151
v 0.02887270 -0.04770143 0.10251800
v 0.03278984 -0.04529599 0.09957381
v 0.02911024 -0.04931550 0.09374070
v 0.03434754 -0.04420940 0.09796384
v 0.03740754 -0.04194181 0.09408754
v 0.03710961 -0.04217712 0.09457032
v 0.03123539 -0.04818858 0.09103612
v 0.03507753 -0.04370017 0.09720936
v 0.03494237 -0.04379446 0.09734906
v 0.03764614 -0.04175336 0.09370089
v 0.03302945 -0.04720852 0.08801188
v 0.03893167 -0.04073803 0.09161777
v 0.04097373 -0.03907590 0.08730757
v 0.04088287 -0.03914993 0.08753335
v 0.03452463 -0.04639570 0.08471367
v 0.04055853 -0.03941419 0.08833944
v 0.03949071 -0.04028312 0.09049123
v 0.03576750 -0.04575644 0.08119098
v 0.04193475 -0.03829288 0.08491917
v 0.04124818 -0.03885228 0.08662548
v 0.03679663 -0.04529099 0.07753573
v 0.04323090 -0.03727262 0.08098037
v 0.04271784 -0.03767648 0.08253946
v 0.04588810 -0.03558612 0.06974395
v 0.04571713 -0.03565435 0.07067019
v 0.03847460 -0.04476564 0.06982717
v 0.04550401 -0.03576258 0.07172696
v 0.04437585 -0.03644631 0.07675100
v 0.04423700 -0.03654652 0.07726390
v 0.04394325 -0.03675851 0.07834899
v 0.04660604 -0.03529955 0.06585448
v 0.03989739 -0.04462313 0.06158487
v 0.04675071 -0.03527646 0.06495778
v 0.04122518 -0.04479103 0.05279790
v 0.04773073 -0.03512003 0.05888324
v 0.04739764 -0.03517320 0.06094785
v 0.04256873 -0.04524239 0.04351289
v 0.04994470 -0.03582393 0.04326391
v 0.04905690 -0.03540306 0.04967395
v 0.04879139 -0.03527719 0.05159096
v 0.04871831 -0.03526637 0.05209346
v 0.05131916 -0.03689632 0.03349971
v 0.05117906 -0.03676057 0.03445954
v 0.04771828 -0.04132914 0.03445152
v 0.05102004 -0.03660650 0.03554904
v 0.05311101 -0.03878618 0.02159225
v 0.05246480 -0.03802510 0.02569546
v 0.04903619 -0.04250461 0.02566833
v 0.05237530 -0.03791970 0.02626375
v 0.05041272 -0.04402976 0.01699518
v 0.05383324 -0.03964196 0.01702077
v 0.05380377 -0.03960206 0.01719342
v 0.05490597 -0.04109493 0.01073472
v 0.05186756 -0.04593596 0.00843791
v 0.05509357 -0.04134902 0.00963540
v 0.05530991 -0.04167765 0.00845673
v 0.05669445 -0.04381548 0.00098961
v 0.05636726 -0.04328381 0.00269604
v 0.05585293 -0.04489119 0.00097491
v 0.05321118 -0.04797762 0.00092878
v 0.05248938 -0.04882092 0.00091617
v 0.04796403 -0.05019935 0.00844882
v 0.04379806 -0.05420273 0.00847584
v 0.04855267 -0.05279471 0.00084748
v 0.04926582 -0.05207485 0.00085993
v 0.04055960 -0.05926926 0.00070797
v 0.04083271 -0.05908856 0.00071274
v 0.03941184 -0.05792708 0.00851104
v 0.04486232 -0.05602292 0.00078304
v 0.04504799 -0.05586050 0.00078628
v 0.02201802 -0.07132715 0.01424747
v 0.02204265 -0.07144371 0.01314229
v 0.02591513 -0.06837786 0.00858984
v 0.02169137 -0.07127279 0.01716884
v 0.02167713 -0.07202138 0.01147537
v 0.02170727 -0.07199521 0.01144330
v 0.02188256 -0.07173365 0.01211705
v 0.02171128 -0.07199193 0.01143736
v 0.02172103 -0.07198398 0.01142288
v 0.02175214 -0.07196119 0.01135655
v 0.02198334 -0.07155114 0.01276245
v 0.02176025 -0.07195610 0.01133256
v 0.02179157 -0.07194394 0.01118073
v 0.02320073 -0.07186718 0.00040497
v 0.02661570 -0.06876632 0.00046473
v 0.02675393 -0.06866192 0.00046714
v 0.03031004 -0.06479059 0.00857530
v 0.03037593 -0.06592646 0.00053025
v 0.03121936 -0.06538073 0.00054497
v 0.01694272 -0.07049730 0.05585480
v 0.01709290 -0.07052250 0.05473596
v 0.02472182 -0.06277145 0.05526546
v 0.01802432 -0.07067875 0.04779671
v 0.01963072 -0.07093838 0.03445947
v 0.02140740 -0.07122554 0.01970849
v 0.01750860 -0.06683612 0.07478273
v 0.01454844 -0.07009562 0.07369265
v 0.01836548 -0.06683773 0.07010591
v 0.01502787 -0.07017604 0.07012088
v 0.01393431 -0.06996154 0.07756318
v 0.01399500 -0.06997443 0.07734971
v 0.01652440 -0.06688054 0.07868265
v 0.01435913 -0.07005417 0.07494362
v 0.01441523 -0.07006646 0.07457293
v 0.01308800 -0.06978498 0.08018940
v 0.01333287 -0.06983390 0.07967869
v 0.01375642 -0.06992379 0.07818891
v 0.01235836 -0.06963923 0.08171115
v 0.01255246 -0.06967801 0.08130632
v 0.01487686 -0.06687835 0.08207125
v 0.01249978 -0.06680092 0.08482307
v 0.01126876 -0.06943373 0.08321788
v 0.01168418 -0.06951208 0.08264342
v 0.01064816 -0.06932341 0.08381051
v 0.01123118 -0.06854885 0.08411162
v 0.00977921 -0.06916894 0.08464029
v 0.00996976 -0.06841253 0.08512455
v 0.00970750 -0.06915709 0.08468634
v 0.00949978 -0.06912271 0.08481974
v 0.00861079 -0.06825911 0.08594146
v 0.00823245 -0.06891295 0.08563370
v 0.00574420 -0.06791727 0.08705948
v 0.00550455 -0.06849630 0.08670153
v 0.00616766 -0.06859307 0.08653415
v 0.00726311 -0.06876204 0.08607081
v 0.00810881 -0.06889249 0.08571312
v 0.00466346 -0.06837355 0.08691385
v 0.00389621 -0.06826158 0.08710752
v 0.00142519 -0.06790725 0.08738714
v 0.00202141 -0.06799276 0.08731968
v 0.00272696 -0.06809391 0.08723983
v 0.00398712 -0.05592697 0.10500000
v 0.00730262 -0.05630216 0.10247790
v 0.00799126 -0.05545178 0.10500000
v 0.00366806 -0.05662792 0.10268580
v 0.00438567 -0.05591053 0.10500000
v 0.01288577 -0.05441567 0.10500000
v 0.01227789 -0.05459366 0.10500000
v 0.01089438 -0.05574588 0.10209820
v 0.01208078 -0.05463510 0.10500000
v 0.00850998 -0.05538578 0.10500000
v 0.01441609 -0.05497548 0.10150251
v 0.01603358 -0.05361500 0.10444021
v 0.01630001 -0.05341595 0.10500000
v 0.01633628 -0.05340231 0.10500000
v 0.02531127 -0.04958837 0.10447721
v 0.02424244 -0.05012329 0.10500000
v 0.01974279 -0.05240653 0.10346731
v 0.02082288 -0.05167141 0.10500000
v 0.02027888 -0.05191769 0.10500000
v 0.03817584 -0.05668115 0.01707903
v 0.04245620 -0.05267197 0.01703499
v 0.04115467 -0.05143760 0.02570166
v 0.04655081 -0.04845279 0.01700326
v 0.04519609 -0.04705436 0.02567401
v 0.05041272 -0.04402976 0.01699518
v 0.05001086 -0.03585530 0.04278620
v 0.04388474 -0.04598581 0.03445109
v 0.03988599 -0.05049503 0.03445378
v 0.03576544 -0.05487907 0.03445813
v 0.03184043 -0.05380750 0.06265140
v 0.02248892 -0.06257578 0.07006424
v 0.03058703 -0.05383998 0.06994810
v 0.02141941 -0.06265343 0.07520306
v 0.03592697 -0.06233469 0.00062711
v 0.03486986 -0.06139541 0.00854668
v 0.03376873 -0.06050134 0.01712422
v 0.00469246 -0.06128388 0.09364766
v 0.00277433 -0.05941457 0.09666164
v 0.00555122 -0.05931532 0.09648314
v -0.00000000 -0.06768299 0.08743135
v 0.00638947 -0.06642218 0.08801613
v 0.00782826 -0.06361180 0.09027666
v 0.00940266 -0.06104885 0.09286541
v 0.01105743 -0.05874102 0.09565686
v 0.01518186 -0.06332922 0.08663350
v 0.01109061 -0.06673246 0.08591121
v 0.01349048 -0.06343547 0.08787340
v 0.00957677 -0.06664576 0.08679464
v 0.01167119 -0.06352322 0.08888240
v 0.01805761 -0.06308389 0.08349029
v 0.01671322 -0.06321009 0.08516761
v 0.01391457 -0.06056255 0.09133037
v 0.01603498 -0.06025217 0.09020254
v 0.01799535 -0.05992408 0.08880928
v 0.01918986 -0.06296059 0.08163305
v 0.02011185 -0.06284444 0.07962002
v 0.02918632 -0.05407588 0.07634642
v 0.02836252 -0.05430138 0.07929129
v 0.02735666 -0.05461394 0.08210810
v 0.02612454 -0.05501048 0.08474331
v 0.02463727 -0.05548804 0.08716192
v 0.02287973 -0.05603684 0.08932943
v 0.02088335 -0.05662034 0.09119230
v 0.01866366 -0.05721268 0.09274376
v 0.01624585 -0.05778719 0.09399100
v 0.01370453 -0.05830262 0.09494851
v 0.00643037 -0.05764990 0.09943853
v 0.01274361 -0.05670560 0.09855716
v 0.01777442 -0.05403281 0.10065351
v 0.02096071 -0.05294507 0.09949090
v 0.02396435 -0.05174682 0.09795945
v 0.02668627 -0.05051894 0.09604856
v 0.00574050 0.06792637 0.08705418
v 0.00638149 0.06643963 0.08800396
v 0.00956494 0.06666477 0.08678363
v 0.01346097 0.06347402 0.08784761
v 0.01164528 0.06355941 0.08885515
v 0.01387371 0.06061372 0.09128454
v 0.02280550 0.05612021 0.08927652
v 0.02455849 0.05557734 0.08711516
v 0.01801920 0.06312913 0.08347121
v 0.01794446 0.05998393 0.08876828
v 0.02081434 0.05669725 0.09113443
v 0.01860071 0.05728286 0.09268206
v 0.03174326 0.05391391 0.06266480
v 0.03300660 0.05407060 0.05406049
v 0.02467136 0.06282296 0.05527149
v 0.04103225 0.05156512 0.02570271
v 0.04233172 0.05279390 0.01703618
v 0.03807240 0.05677371 0.01708013
v 0.00398712 0.05592719 0.10500000
v 0.00438000 0.05591101 0.10500000
v 0.00799126 0.05545196 0.10500000
v 0.00727202 0.05634424 0.10236860
v 0.03093923 0.04643820 0.10096451
v 0.03201801 0.04574526 0.10006380
v 0.02939783 0.04797645 0.09820395
v 0.04389393 0.03681910 0.07832226
v 0.03666328 0.04544793 0.07751649
v 0.03563770 0.04590758 0.08115995
v 0.05573694 0.04503643 0.00097289
v 0.05305679 0.04815663 0.00092611
v 0.05171129 0.04611778 0.00843794
v 0.05243499 0.04888052 0.00091526
v 0.04912845 0.05222330 0.00085754
v 0.04782007 0.05034637 0.00844956
v 0.01300877 0.06976799 0.08046624
v 0.01254930 0.06967773 0.08130237
v 0.01485832 0.06690081 0.08206411
v 0.00552956 0.06849832 0.08673153
v 0.00551333 0.06849597 0.08673495
v 0.00327032 0.06817195 0.08720842
v 0.00272931 0.06809420 0.08725650
v 0.00315475 0.06615222 0.08863586
v 0.00203536 0.06799446 0.08731818
v 0.00108192 0.06785743 0.08740293
v 0.00000000 0.06768297 0.08743133
v 0.00471281 0.06838034 0.08690393
v 0.00860519 0.06826884 0.08593682
v 0.00745579 0.06878969 0.08603109
v 0.00732757 0.06877030 0.08607770
v 0.00996322 0.06842260 0.08512031
v 0.00927276 0.06908277 0.08501265
v 0.00821674 0.06891244 0.08560456
v 0.01209990 0.06958945 0.08212017
v 0.01174670 0.06952394 0.08256002
v 0.01248438 0.06682171 0.08481375
v 0.01085400 0.06935836 0.08367176
v 0.01066779 0.06932590 0.08382965
v 0.01122374 0.06855931 0.08410785
v 0.00974711 0.06916545 0.08461042
v 0.00996322 0.06842260 0.08512031
v 0.00949755 0.06912195 0.08482203
v 0.01314059 0.06979526 0.08009228
v 0.01650322 0.06690431 0.07867804
v 0.01376862 0.06992520 0.07831058
v 0.01439330 0.07006201 0.07484307
v 0.01430756 0.07004454 0.07546614
v 0.01748531 0.06686078 0.07478070
v 0.01393359 0.06996173 0.07743989
v 0.01378965 0.06992987 0.07819958
v 0.01592821 0.07034020 0.06372145
v 0.01504369 0.07018613 0.07012461
v 0.01834079 0.06686290 0.07010611
v 0.01475860 0.07013646 0.07218846
v 0.01443015 0.07006951 0.07457532
v 0.01931717 0.07088582 0.03745622
v 0.02726802 0.06343811 0.03446619
v 0.01966540 0.07094272 0.03446387
v 0.02497640 0.06812157 0.01717622
v 0.02167827 0.07127162 0.01716730
v 0.02201726 0.07132701 0.01425434
v 0.02179073 0.07194393 0.01118740
v 0.02176726 0.07195166 0.01131202
v 0.02196327 0.07160369 0.01250553
v 0.02174087 0.07196833 0.01138934
v 0.02172137 0.07198304 0.01142760
v 0.02171008 0.07199240 0.01144305
v 0.02169408 0.07200569 0.01146495
v 0.02167630 0.07202136 0.01148202
v 0.02320073 0.07186717 0.00040497
v 0.02654047 0.06882896 0.00046327
v 0.02672980 0.06868454 0.00046657
v 0.02198678 0.07154724 0.01276539
v 0.02205572 0.07138167 0.01352753
v 0.03025654 0.06483164 0.00857557
v 0.03116946 0.06542469 0.00054406
v 0.03000629 0.06618550 0.00052376
v 0.03501149 0.06291170 0.00061113
v 0.03478833 0.06145573 0.00854727
v 0.03579773 0.06239626 0.00062485
v 0.03930544 0.05801194 0.00851191
v 0.04045059 0.05934598 0.00070607
v 0.04869888 0.05265760 0.00085004
v 0.04491686 0.05596524 0.00078403
v 0.04367094 0.05431727 0.00847680
v 0.04468951 0.05616407 0.00078006
v 0.04069268 0.05918727 0.00071029
v 0.05117901 0.03676034 0.03445949
v 0.04756303 0.04152560 0.03445142
v 0.05102004 0.03660649 0.03554904
v 0.04626928 0.04069686 0.04336463
v 0.04882191 0.03528654 0.05137596
v 0.04905768 0.03539653 0.04967346
v 0.04497176 0.04019692 0.05235599
v 0.04992341 0.03580043 0.04342216
v 0.04994550 0.03581666 0.04326363
v 0.04364095 0.04003909 0.06119703
v 0.04781511 0.03511589 0.05836645
v 0.04871856 0.03526902 0.05209352
v 0.04215812 0.04029250 0.06978046
v 0.04588657 0.03559026 0.06974312
v 0.04676128 0.03525939 0.06495742
v 0.04682257 0.03523620 0.06462210
v 0.04740546 0.03516555 0.06094834
v 0.03833652 0.04493014 0.06982911
v 0.04425582 0.03655405 0.07702806
v 0.04464637 0.03626802 0.07563138
v 0.04571713 0.03565435 0.07067019
v 0.03439890 0.04653941 0.08467073
v 0.04251414 0.03782965 0.08325666
v 0.04271457 0.03768287 0.08253995
v 0.04089068 0.03914838 0.08737012
v 0.04091419 0.03912928 0.08731054
v 0.04119814 0.03889864 0.08659111
v 0.04017597 0.03972893 0.08918100
v 0.03290828 0.04734321 0.08795750
v 0.03946450 0.04029953 0.09046524
v 0.02900078 0.04942801 0.09366575
v 0.03741765 0.04193359 0.09409234
v 0.03111955 0.04831278 0.09097100
v 0.03754024 0.04184278 0.09393857
v 0.03764999 0.04175476 0.09374048
v 0.03392971 0.04451731 0.09846773
v 0.03434793 0.04420751 0.09794311
v 0.03487516 0.04381696 0.09728173
v 0.02949162 0.04736805 0.10217321
v 0.02643761 0.04955129 0.10032590
v 0.02886886 0.04769492 0.10250840
v 0.02744026 0.04844475 0.10327730
v 0.02315643 0.05108091 0.10204030
v 0.02528238 0.04957735 0.10443880
v 0.01966266 0.05246552 0.10335231
v 0.02082293 0.05167132 0.10500000
v 0.02423977 0.05012459 0.10500000
v 0.02528238 0.04957735 0.10443880
v 0.01596790 0.05366289 0.10431910
v 0.01208077 0.05463518 0.10500000
v 0.01227545 0.05459428 0.10500000
v 0.01629751 0.05341679 0.10500000
v 0.01633631 0.05340218 0.10500000
v 0.02027632 0.05191876 0.10500000
v 0.05131907 0.03689588 0.03349962
v 0.05236111 0.03790438 0.02635772
v 0.04888144 0.04269684 0.02566799
v 0.05025765 0.04421726 0.01699489
v 0.05383387 0.03964447 0.01702146
v 0.05490529 0.04109315 0.01073422
v 0.05507137 0.04131770 0.00975965
v 0.05531009 0.04167933 0.00845720
v 0.05633234 0.04322792 0.00287983
v 0.05669447 0.04381551 0.00098961
v 0.05246524 0.03802677 0.02569584
v 0.05311086 0.03878562 0.02159210
v 0.05378272 0.03957530 0.01732167
v 0.04640883 0.04860646 0.01700405
v 0.04505545 0.04721313 0.02567468
v 0.04374503 0.04614867 0.03445114
v 0.04242884 0.04540837 0.04351912
v 0.04108397 0.04495873 0.05281706
v 0.03975675 0.04479077 0.06160145
v 0.03976534 0.05062672 0.03445389
v 0.01709624 0.07052825 0.05466894
v 0.01694306 0.07050360 0.05585611
v 0.02244025 0.06262676 0.07006482
v 0.03439462 0.05442964 0.04391277
v 0.03566653 0.05498179 0.03445824
v 0.03148885 0.05924056 0.03446278
v 0.02928309 0.06429581 0.01716028
v 0.03368967 0.06056823 0.01712497
v 0.00467755 0.06132166 0.09359864
v 0.01365628 0.05835988 0.09488192
v 0.00937379 0.06109228 0.09281721
v 0.00553050 0.05935854 0.09641427
v 0.01101762 0.05879272 0.09558905
v 0.00781024 0.06364375 0.09024760
v 0.00387457 0.06358357 0.09097146
v 0.01914909 0.06300756 0.08161697
v 0.02604194 0.05510477 0.08470365
v 0.02006898 0.06289279 0.07960723
v 0.01107694 0.06675236 0.08590097
v 0.01618992 0.05785066 0.09392638
v 0.01598879 0.06030768 0.09015879
v 0.01514909 0.06337013 0.08660949
v 0.01667749 0.06325327 0.08514586
v 0.02137302 0.06270355 0.07519725
v 0.02727076 0.05471222 0.08207634
v 0.02827364 0.05440264 0.07926800
v 0.02909486 0.05417918 0.07633176
v 0.03049208 0.05394554 0.06994960
v 0.00365244 0.05666605 0.10257541
v 0.00640427 0.05769486 0.09934955
v 0.01084936 0.05579384 0.10199061
v 0.01269358 0.05676180 0.09847023
v 0.01435732 0.05503120 0.10139750
v 0.01770308 0.05409790 0.10055211
v 0.00850437 0.05538674 0.10500000
v 0.01207749 0.05463587 0.10500000
v 0.02087793 0.05302096 0.09939419
v 0.02387124 0.05183467 0.09786879
v 0.02658431 0.05061917 0.09596512
v 0.05500012 -0.00000000 0.13949970
v 0.05500000 -0.00000000 0.14000001
v 0.05465340 -0.00433322 0.14000001
v 0.05501022 -0.00000000 0.13551140
v 0.05500801 -0.00000000 0.13602350
v 0.05499892 -0.00100000 0.13602350
v 0.05498006 -0.00188493 0.13506641
v 0.05498332 -0.00178421 0.13505010
v 0.05498971 -0.00158696 0.13501821
v 0.05499832 -0.00125736 0.13500001
v 0.05501269 -0.00000000 0.13500001
v 0.05495180 -0.00255635 0.13529581
v 0.05493820 -0.00282038 0.13543931
v 0.05492967 -0.00296280 0.13555141
v 0.05495836 -0.00240055 0.13524261
v 0.05500050 -0.00000000 0.13900001
v 0.05430070 -0.00874264 0.14000001
v 0.05438178 -0.00821722 0.13993691
v 0.05441022 -0.00803290 0.13991480
v 0.05445199 -0.00774484 0.13982920
v 0.05447159 -0.00760111 0.13975841
v 0.05453894 -0.00710752 0.13951520
v 0.05454898 -0.00702930 0.13945841
v 0.05457111 -0.00685701 0.13933330
v 0.05460037 -0.00662132 0.13912131
v 0.05481376 -0.00434800 0.13684801
v 0.05490475 -0.00337868 0.13587870
v 0.05270475 -0.02081463 0.08666521
v 0.05246458 -0.02129749 0.08730632
v 0.05211317 -0.02214553 0.08730626
v 0.04595439 -0.03150307 0.10403141
v 0.04541132 -0.03224801 0.10447120
v 0.04616685 -0.03278458 0.08730626
v 0.03095329 -0.04646669 0.10106981
v 0.03083908 -0.04629228 0.10500000
v 0.04720375 -0.03352178 0.07067018
v 0.04926769 -0.03056105 0.07067013
v 0.04842265 -0.02935055 0.08730626
v 0.04365192 -0.03606548 0.08730626
v 0.04394325 -0.03675851 0.07834899
v 0.04437585 -0.03644631 0.07675100
v 0.03723727 -0.04129800 0.10500000
v 0.03406262 -0.04385070 0.10500000
v 0.03434754 -0.04420940 0.09796384
v 0.04010330 -0.03841124 0.10500000
v 0.03806680 -0.04063099 0.10500000
v 0.03740754 -0.04194181 0.09408754
v 0.03151260 -0.04590114 0.10500000
v 0.03208631 -0.04574445 0.10014690
v 0.02887270 -0.04770143 0.10251800
v 0.02735800 -0.04831393 0.10500000
v 0.02531127 -0.04958837 0.10447721
v 0.04472570 -0.03317089 0.10483790
v 0.04455106 -0.03339749 0.10486700
v 0.04526775 -0.03244495 0.10458741
v 0.04529834 -0.03240298 0.10456270
v 0.04055853 -0.03941419 0.08833944
v 0.04286050 -0.03540594 0.10500000
v 0.04375243 -0.03443377 0.10500000
v 0.04687014 -0.03023162 0.10270961
v 0.04650461 -0.03073967 0.10332780
v 0.04634499 -0.03096153 0.10359771
v 0.04604553 -0.03137805 0.10395761
v 0.04955347 -0.03003756 0.07067013
v 0.05040723 -0.02579377 0.08730626
v 0.04999026 -0.02557406 0.09465456
v 0.04960189 -0.02623276 0.09579545
v 0.04775779 -0.02893820 0.10048140
v 0.04696340 -0.03010363 0.10250000
v 0.05239201 -0.02144338 0.08750000
v 0.05203123 -0.02211067 0.08865578
v 0.05201906 -0.02213316 0.08869475
v 0.05337502 -0.01927202 0.08549006
v 0.05305440 -0.02003517 0.08598122
v 0.05328056 -0.02264282 0.07067013
v 0.05293302 -0.02032406 0.08616716
v 0.05275600 -0.02071161 0.08652843
v 0.05414199 -0.01711325 0.08500000
v 0.05397261 -0.01763398 0.08502720
v 0.05481259 -0.01887647 0.07067013
v 0.05379064 -0.01814432 0.08514589
v 0.05366998 -0.01848271 0.08522461
v 0.05478922 -0.01895849 0.07067013
v 0.05354243 -0.01884042 0.08530780
v 0.05342423 -0.01914516 0.08543647
v 0.05777267 -0.00366881 0.07067013
v 0.05797657 -0.00000000 0.07067013
v 0.05734130 -0.00000000 0.07773613
v 0.05479368 -0.01472894 0.08500000
v 0.05590935 -0.01502774 0.07067013
v 0.05531947 -0.01280523 0.08500000
v 0.05655266 -0.01277024 0.07067013
v 0.05566679 -0.01098351 0.08500000
v 0.05681470 -0.01121163 0.07067013
v 0.05615036 -0.00844722 0.08500000
v 0.05745314 -0.00741417 0.07067013
v 0.05628128 -0.00726533 0.08500000
v 0.05761949 -0.00642469 0.07067013
v 0.05663783 -0.00404654 0.08500000
v 0.05665385 -0.00359748 0.08500000
v 0.05678219 -0.00000000 0.08500000
v 0.05235089 -0.02491321 0.07067013
v 0.05155162 -0.02637730 0.07067013
v 0.05465340 0.00433322 0.14000001
v 0.05499892 0.00100000 0.13602350
v 0.05496581 0.00225018 0.13516901
v 0.05495851 0.00239876 0.13524190
v 0.05493450 0.00288790 0.13548180
v 0.05492969 0.00297076 0.13554151
v 0.05481376 0.00434799 0.13684801
v 0.05490475 0.00337868 0.13587870
v 0.05492041 0.00313067 0.13565681
v 0.05498262 0.00178286 0.13506261
v 0.05499832 0.00125736 0.13500001
v 0.05497729 0.00196165 0.13508381
v 0.05460037 0.00662132 0.13912131
v 0.05454756 0.00703718 0.13944860
v 0.05452952 0.00717927 0.13956040
v 0.05449380 0.00744518 0.13970490
v 0.05447174 0.00759944 0.13975741
v 0.05439713 0.00812109 0.13993491
v 0.05438274 0.00821576 0.13995011
v 0.05435299 0.00841145 0.13998171
v 0.05430070 0.00874264 0.14000001
v 0.05777266 0.00366885 0.07067013
v 0.02423977 0.05012459 0.10500000
v 0.02735737 0.04831415 0.10500000
v 0.05239201 0.02144338 0.08750000
v 0.05246458 0.02129749 0.08730632
v 0.05211307 0.02214577 0.08730626
v 0.05270475 0.02081463 0.08666521
v 0.05275600 0.02071161 0.08652843
v 0.05328046 0.02264307 0.07067013
v 0.05293302 0.02032406 0.08616716
v 0.05305440 0.02003517 0.08598122
v 0.05337502 0.01927202 0.08549006
v 0.05342423 0.01914516 0.08543647
v 0.05354243 0.01884042 0.08530780
v 0.05478922 0.01895849 0.07067013
v 0.05366991 0.01848291 0.08522464
v 0.05481253 0.01887669 0.07067013
v 0.05379065 0.01814432 0.08514589
v 0.05040709 0.02579405 0.08730626
v 0.05201906 0.02213316 0.08869475
v 0.05203111 0.02211090 0.08865619
v 0.04842246 0.02935086 0.08730626
v 0.04960189 0.02623276 0.09579545
v 0.04999010 0.02557433 0.09465503
v 0.04595440 0.03150307 0.10403141
v 0.04604553 0.03137805 0.10395761
v 0.04616662 0.03278491 0.08730626
v 0.04634499 0.03096153 0.10359771
v 0.04650461 0.03073967 0.10332780
v 0.04687014 0.03023162 0.10270961
v 0.04696341 0.03010363 0.10250000
v 0.04775759 0.02893849 0.10048191
v 0.04375243 0.03443376 0.10500000
v 0.04455106 0.03339749 0.10486700
v 0.04365163 0.03606582 0.08730626
v 0.04472570 0.03317089 0.10483790
v 0.04526775 0.03244495 0.10458741
v 0.04529834 0.03240298 0.10456270
v 0.04541109 0.03224833 0.10447140
v 0.03083853 0.04629258 0.10500000
v 0.02949162 0.04736805 0.10217321
v 0.02886886 0.04769492 0.10250840
v 0.02744026 0.04844475 0.10327730
v 0.03406217 0.04385106 0.10500000
v 0.03151260 0.04590114 0.10500000
v 0.03201801 0.04574526 0.10006380
v 0.03093923 0.04643820 0.10096451
v 0.03741765 0.04193359 0.09409234
v 0.03723686 0.04129833 0.10500000
v 0.03434793 0.04420751 0.09794311
v 0.04286020 0.03540627 0.10500000
v 0.04010297 0.03841160 0.10500000
v 0.03806680 0.04063099 0.10500000
v 0.04389393 0.03681910 0.07832226
v 0.04720351 0.03352212 0.07067018
v 0.04926769 0.03056105 0.07067013
v 0.04955329 0.03003789 0.07067013
v 0.05745313 0.00741424 0.07067013
v 0.05627512 0.00726443 0.08500000
v 0.05761949 0.00642469 0.07067013
v 0.05660656 0.00446258 0.08500000
v 0.05664063 0.00359694 0.08500000
v 0.05397261 0.01763398 0.08502720
v 0.05414199 0.01711325 0.08500000
v 0.05590931 0.01502791 0.07067013
v 0.05480242 0.01473137 0.08500000
v 0.05655267 0.01277024 0.07067013
v 0.05522389 0.01321135 0.08500000
v 0.05681468 0.01121175 0.07067013
v 0.05566589 0.01098314 0.08500000
v 0.05608538 0.00886837 0.08500000
v 0.05155148 0.02637759 0.07067013
v 0.05235089 0.02491321 0.07067013
v 0.01856108 -0.07489306 0.01013529
v 0.01838831 -0.07499826 0.01011870
v 0.01821180 -0.07532104 0.01009581
v 0.01833467 -0.07503093 0.01011354
v 0.01816497 -0.07510981 0.01010377
v 0.01815585 -0.07511406 0.01010324
v 0.01792486 -0.07517907 0.01009713
v 0.01770952 -0.07523970 0.01009143
v 0.02075828 -0.07181945 0.01338568
v 0.02076037 -0.07179444 0.01356462
v 0.02075471 -0.07176841 0.01374699
v 0.02076231 -0.07177115 0.01373125
v 0.02074370 -0.07175396 0.01392896
v 0.02073124 -0.07174785 0.01407905
v 0.02072650 -0.07174694 0.01411181
v 0.01768530 0.07524285 0.01009798
v 0.01792681 0.07518772 0.01010281
v 0.01820584 0.07532715 0.01010252
v 0.01799580 0.07517197 0.01010419
v 0.01814528 0.07511792 0.01010966
v 0.01816328 0.07510815 0.01011107
v 0.01838267 0.07498922 0.01012825
v 0.01856027 0.07489295 0.01014215
v 0.02072574 0.07174681 0.01411867
v 0.02076018 0.07176787 0.01376966
v 0.02075397 0.07176834 0.01375342
v 0.02075963 0.07179429 0.01357137
v 0.02075879 0.07179017 0.01357244
v 0.02075922 0.07181411 0.01342265
v 0.02075752 0.07181932 0.01339254
v -0.11491451 -0.04977788 0.02384700
v -0.11534681 -0.04970785 0.01292432
v -0.07569784 -0.05612960 0.01327033
v 0.00753975 -0.06961114 0.08442778
v 0.00796218 -0.06967956 0.08420450
v 0.00705908 -0.06953329 0.08469661
v -0.05156772 -0.06003782 0.06019454
v -0.05151299 -0.06004668 0.06012227
v -0.05151299 -0.06004668 0.06400000
v -0.01541256 -0.06589368 0.06126411
v 0.00507172 -0.06921141 0.05325000
v -0.01523573 -0.06592232 0.06300000
v 0.00385413 -0.06901420 0.06400000
v -0.01533760 -0.06590583 0.06400000
v -0.02273884 -0.06470708 0.05454769
v -0.03349775 -0.06296451 0.05325000
v -0.02451393 -0.06441958 0.05454769
v -0.02624931 -0.06413851 0.05492598
v -0.01595685 -0.06580553 0.05955250
v -0.01684440 -0.06566178 0.05799519
v -0.01803549 -0.06546886 0.05666187
v -0.03201704 -0.06320434 0.06300000
v -0.03349775 -0.06296451 0.06400000
v -0.03184021 -0.06323298 0.06126411
v -0.03129591 -0.06332114 0.05955250
v -0.03040837 -0.06346488 0.05799519
v -0.01943106 -0.06524283 0.05563878
v -0.02100346 -0.06498815 0.05492598
v -0.02782172 -0.06388383 0.05563878
v -0.02921728 -0.06365780 0.05666187
v 0.00217369 -0.06874203 0.07883652
v -0.01684440 -0.06566178 0.06800481
v -0.01595685 -0.06580553 0.06644751
v -0.03129591 -0.06332114 0.06644751
v -0.03349743 -0.06296456 0.07868013
v -0.03184021 -0.06323298 0.06473590
v -0.03191517 -0.06322084 0.06400000
v -0.02624931 -0.06413851 0.07107402
v -0.02451393 -0.06441958 0.07145231
v -0.03290445 -0.06306060 0.07883523
v -0.02273884 -0.06470708 0.07145231
v -0.01541256 -0.06589368 0.06473590
v -0.02100346 -0.06498815 0.07107402
v -0.01943106 -0.06524283 0.07036122
v -0.01803549 -0.06546886 0.06933813
v -0.03040837 -0.06346488 0.06800481
v -0.02921728 -0.06365780 0.06933813
v -0.02782172 -0.06388383 0.07036122
v -0.06360541 -0.05808814 0.03710000
v -0.06360541 -0.05808814 0.03720000
v -0.06750554 -0.05745646 0.03720000
v -0.07607448 -0.05606859 0.03912500
v -0.07569784 -0.05612960 0.03962227
v -0.07569784 -0.05612960 0.04100000
v -0.07564309 -0.05613846 0.03969454
v -0.07508088 -0.05622952 0.04013157
v -0.07442615 -0.05633556 0.04040629
v -0.07372355 -0.05644935 0.04050000
v -0.07137262 -0.05683013 0.03912500
v -0.06928145 -0.05716882 0.03804071
v -0.07180404 -0.05676025 0.03969454
v -0.07163254 -0.05678803 0.03986827
v -0.07236625 -0.05666919 0.04013157
v -0.07248977 -0.05664919 0.04100000
v -0.07302096 -0.05656315 0.04040629
v -0.11413190 -0.04990463 0.03710000
v -0.07643818 -0.05600968 0.03775000
v -0.11369801 -0.04997491 0.04100000
v -0.07634569 -0.05602466 0.03846175
v -0.11416170 -0.04989981 0.03683250
v -0.07634569 -0.05602466 0.03703824
v -0.07635370 -0.05602336 0.03710000
v -0.07569784 -0.05612960 0.03587773
v -0.07607448 -0.05606859 0.03637500
v -0.11450780 -0.04984374 0.03200000
v -0.11428731 -0.04987946 0.03570305
v -0.07372355 -0.05644935 0.03500000
v -0.07442615 -0.05633556 0.03509370
v -0.07569784 -0.05612960 0.03200000
v -0.07137262 -0.05683013 0.03637500
v -0.06360541 -0.05808814 0.03200000
v -0.07110144 -0.05687405 0.03703824
v -0.07109340 -0.05687535 0.03710000
v -0.07100893 -0.05688903 0.03775000
v -0.07110144 -0.05687405 0.03846175
v -0.07180404 -0.05676025 0.03580546
v -0.07236625 -0.05666919 0.03536843
v -0.07302096 -0.05656315 0.03509370
v -0.07508088 -0.05622952 0.03536843
v -0.07564309 -0.05613846 0.03580546
v -0.03497846 -0.06272469 0.03100000
v -0.03504572 -0.06271380 0.03048236
v -0.03349775 -0.06296451 0.03200000
v -0.03349775 -0.06296451 0.01363860
v -0.03555671 -0.06263104 0.02958579
v -0.03596560 -0.06256481 0.02926795
v -0.03524295 -0.06268185 0.03000000
v -0.04465431 -0.06115755 0.03013223
v -0.04480031 -0.06113390 0.03055496
v -0.04781122 -0.06064624 0.03200000
v -0.04781122 -0.06064624 0.01351369
v -0.04331487 -0.06137449 0.02905014
v -0.04373216 -0.06130690 0.02919806
v -0.04410648 -0.06124628 0.02943634
v -0.04441910 -0.06119564 0.02975302
v -0.03644174 -0.06248769 0.02906815
v -0.03695273 -0.06240493 0.02900000
v -0.04287555 -0.06144564 0.02900000
v -0.04484982 -0.06112588 0.03100000
v -0.04484982 -0.06112588 0.03200000
v -0.04781122 -0.06064624 0.03710000
v -0.04484982 -0.06112588 0.03500000
v -0.04478254 -0.06113678 0.03551763
v -0.04458532 -0.06116872 0.03600000
v -0.04427157 -0.06121954 0.03641421
v -0.04386268 -0.06128576 0.03673205
v -0.03644174 -0.06248769 0.03693185
v -0.03596560 -0.06256481 0.03673205
v -0.03349775 -0.06296451 0.03710000
v -0.03555671 -0.06263104 0.03641421
v -0.03524295 -0.06268185 0.03600000
v -0.03504572 -0.06271380 0.03551763
v -0.03497846 -0.06272469 0.03500000
v -0.03497846 -0.06272469 0.03200000
v -0.04338653 -0.06136288 0.03693185
v -0.04287555 -0.06144564 0.03700000
v -0.03695273 -0.06240493 0.03700000
v -0.03497846 -0.06272469 0.06500000
v -0.03497846 -0.06272469 0.06400000
v -0.03497846 -0.06272469 0.06100000
v -0.03502795 -0.06271668 0.06055496
v -0.03517397 -0.06269303 0.06013223
v -0.04331487 -0.06137449 0.05905014
v -0.04373216 -0.06130690 0.05919806
v -0.04781122 -0.06064624 0.05325000
v -0.04410648 -0.06124628 0.05943634
v -0.04480031 -0.06113390 0.06055496
v -0.04781122 -0.06064624 0.06400000
v -0.04484982 -0.06112588 0.06100000
v -0.04441910 -0.06119564 0.05975302
v -0.04465431 -0.06115755 0.06013223
v -0.03540917 -0.06265493 0.05975302
v -0.03572179 -0.06260430 0.05943634
v -0.03609612 -0.06254367 0.05919806
v -0.03651341 -0.06247608 0.05905014
v -0.03695273 -0.06240493 0.05900000
v -0.04287555 -0.06144564 0.05900000
v -0.04478254 -0.06113678 0.06551764
v -0.04458532 -0.06116872 0.06600000
v -0.04781109 -0.06064625 0.07492253
v -0.03596560 -0.06256481 0.06673205
v -0.03555671 -0.06263104 0.06641423
v -0.03524295 -0.06268185 0.06600000
v -0.03504572 -0.06271380 0.06551764
v -0.04484982 -0.06112588 0.06400000
v -0.04484982 -0.06112588 0.06500000
v -0.04427157 -0.06121954 0.06641423
v -0.04386268 -0.06128576 0.06673205
v -0.04701265 -0.06077557 0.07514511
v -0.04338653 -0.06136288 0.06693187
v -0.04335520 -0.06136795 0.07610176
v -0.04287555 -0.06144564 0.06700000
v -0.03967275 -0.06196438 0.07706494
v -0.03695273 -0.06240493 0.06700000
v -0.03644174 -0.06248769 0.06693187
v -0.06565715 -0.05775584 0.05890000
v -0.06360541 -0.05808814 0.05890000
v -0.06565715 -0.05775584 0.05931061
v -0.06360541 -0.05808814 0.06400000
v -0.07110144 -0.05687405 0.05896175
v -0.07100893 -0.05688903 0.05825000
v -0.06928145 -0.05716882 0.05795929
v -0.07569784 -0.05612960 0.05325000
v -0.07442615 -0.05633556 0.05559370
v -0.07508088 -0.05622952 0.05586843
v -0.07607448 -0.05606859 0.05962500
v -0.07569784 -0.05612960 0.06012227
v -0.07569784 -0.05612960 0.06400000
v -0.07564309 -0.05613846 0.06019454
v -0.07508088 -0.05622952 0.06063157
v -0.07137262 -0.05683013 0.05962500
v -0.06654355 -0.05761227 0.05910815
v -0.07343658 -0.05649584 0.05375000
v -0.07302096 -0.05656315 0.05559370
v -0.07372355 -0.05644935 0.05550000
v -0.07442615 -0.05633556 0.06090629
v -0.07372355 -0.05644935 0.06100000
v -0.07302096 -0.05656315 0.06090629
v -0.07364103 -0.05646272 0.05325000
v -0.07110144 -0.05687405 0.05753825
v -0.07137262 -0.05683013 0.05687500
v -0.07163254 -0.05678803 0.05613173
v -0.07180404 -0.05676025 0.05630546
v -0.07236625 -0.05666919 0.05586843
v -0.07236625 -0.05666919 0.06063157
v -0.07180404 -0.05676025 0.06019454
v -0.07564309 -0.05613846 0.05630546
v -0.07569784 -0.05612960 0.05637773
v -0.10973011 -0.05061756 0.05325000
v -0.07607448 -0.05606859 0.05687500
v -0.07634569 -0.05602466 0.05753825
v -0.10884421 -0.05076106 0.05458138
v -0.10874411 -0.05077727 0.05469065
v -0.07634569 -0.05602466 0.05896175
v -0.09277530 -0.05336365 0.06175815
v -0.07643818 -0.05600968 0.05825000
v -0.09628119 -0.05279582 0.06062841
v -0.09742074 -0.05261125 0.06026119
v -0.08582863 -0.05448876 0.06399452
v -0.08591733 -0.05447439 0.06396809
v -0.08609692 -0.05444530 0.06391020
v -0.10657821 -0.05112807 0.05671767
v -0.10621451 -0.05118696 0.05699445
v -0.10532511 -0.05133103 0.05738898
v -0.10760010 -0.05096255 0.05593985
v -0.10772941 -0.05094161 0.05579866
v -0.09887452 -0.05237579 0.05974976
v -0.10255981 -0.05177891 0.05845331
v -0.10432770 -0.05149257 0.05783137
v -0.05151299 -0.06004668 0.05637773
v -0.05151299 -0.06004668 0.05325000
v -0.05113632 -0.06010769 0.05687500
v -0.05086514 -0.06015161 0.05753825
v -0.05113632 -0.06010769 0.05962500
v -0.05086514 -0.06015161 0.05896175
v -0.05077263 -0.06016659 0.05825000
v -0.05610938 -0.05930223 0.05896175
v -0.05583819 -0.05934615 0.05962500
v -0.05156772 -0.06003782 0.05630546
v -0.05212996 -0.05994676 0.05586843
v -0.05278467 -0.05984072 0.05559370
v -0.05418986 -0.05961313 0.05559370
v -0.05426285 -0.05960131 0.05453274
v -0.05348726 -0.05972692 0.05550000
v -0.05359826 -0.05970895 0.05325000
v -0.05484458 -0.05950709 0.05586843
v -0.05540680 -0.05941603 0.05630546
v -0.05607760 -0.05930738 0.05660787
v -0.05583819 -0.05934615 0.05687500
v -0.05832984 -0.05894260 0.05818274
v -0.05610938 -0.05930223 0.05753825
v -0.05620189 -0.05928725 0.05825000
v -0.06088868 -0.05852816 0.05916583
v -0.06155369 -0.05842044 0.05931061
v -0.06155369 -0.05842044 0.05890000
v -0.05540680 -0.05941603 0.06019454
v -0.05484458 -0.05950709 0.06063157
v -0.05418986 -0.05961313 0.06090629
v -0.05348726 -0.05972692 0.06100000
v -0.05278467 -0.05984072 0.06090629
v -0.05212996 -0.05994676 0.06063157
v -0.05086514 -0.06015161 0.03846175
v -0.05077263 -0.06016659 0.03775000
v -0.05970529 -0.05871982 0.03720000
v -0.05611741 -0.05930093 0.03710000
v -0.05832984 -0.05894260 0.03781725
v -0.05620189 -0.05928725 0.03775000
v -0.05610938 -0.05930223 0.03846175
v -0.05607760 -0.05930738 0.03939212
v -0.05278467 -0.05984072 0.04040629
v -0.05212996 -0.05994676 0.04013157
v -0.05151299 -0.06004668 0.04100000
v -0.05348726 -0.05972692 0.04050000
v -0.05113632 -0.06010769 0.03912500
v -0.04781122 -0.06064624 0.04100000
v -0.05151299 -0.06004668 0.03962227
v -0.05156772 -0.06003782 0.03969454
v -0.05583819 -0.05934615 0.03912500
v -0.05540680 -0.05941603 0.03969454
v -0.05467146 -0.05953512 0.04100000
v -0.05484458 -0.05950709 0.04013157
v -0.05418986 -0.05961313 0.04040629
v -0.05212996 -0.05994676 0.03536843
v -0.05278467 -0.05984072 0.03509370
v -0.05151299 -0.06004668 0.03200000
v -0.05156772 -0.06003782 0.03580546
v -0.05348726 -0.05972692 0.03500000
v -0.05418986 -0.05961313 0.03509370
v -0.05484458 -0.05950709 0.03536843
v -0.05540680 -0.05941603 0.03580546
v -0.05583819 -0.05934615 0.03637500
v -0.05610938 -0.05930223 0.03703824
v -0.05085711 -0.06015291 0.03710000
v -0.05086514 -0.06015161 0.03703824
v -0.05113632 -0.06010769 0.03637500
v -0.05151299 -0.06004668 0.03587773
v -0.07364103 -0.05646272 0.04275000
v -0.07457067 -0.05631216 0.04502358
v -0.07569784 -0.05612960 0.04275000
v -0.07495748 -0.05624951 0.04800000
v -0.07457067 -0.05631216 0.05097642
v -0.07343658 -0.05649584 0.04225000
v -0.05426285 -0.05960131 0.04146726
v -0.05359826 -0.05970895 0.04275000
v -0.05151299 -0.06004668 0.04275000
v -0.05233611 -0.05991337 0.04661383
v -0.05299104 -0.05980729 0.04392204
v -0.05299104 -0.05980729 0.05207796
v -0.05233611 -0.05991337 0.04938617
v -0.01632752 -0.06574549 0.03710000
v 0.00690093 -0.06950769 0.03710000
v -0.01685684 -0.06565975 0.03802206
v 0.00645920 -0.06943615 0.04100000
v -0.01804335 -0.06546759 0.03934524
v -0.01943106 -0.06524283 0.04036121
v -0.03349775 -0.06296451 0.04275000
v -0.02273884 -0.06470708 0.04145232
v 0.00626099 -0.06940403 0.04275000
v -0.02100346 -0.06498815 0.04107402
v -0.02084018 -0.06501460 0.04100000
v -0.02641259 -0.06411206 0.04100000
v -0.02624931 -0.06413851 0.04107402
v -0.02451393 -0.06441958 0.04145232
v -0.03092404 -0.06338137 0.03710000
v -0.03040837 -0.06346488 0.03800481
v -0.03349775 -0.06296451 0.04100000
v -0.02921728 -0.06365780 0.03933813
v -0.02782172 -0.06388383 0.04036121
v -0.03184021 -0.06323298 0.03473589
v -0.03129591 -0.06332114 0.03644750
v -0.03201704 -0.06320434 0.03300000
v -0.03191517 -0.06322084 0.03200000
v -0.03040837 -0.06346488 0.02799519
v -0.03129591 -0.06332114 0.02955250
v 0.00747858 -0.06960123 0.03200000
v -0.01533760 -0.06590583 0.03200000
v -0.01541256 -0.06589368 0.03126411
v -0.03184021 -0.06323298 0.03126411
v 0.00951575 -0.06993119 0.01401398
v -0.01595685 -0.06580553 0.02955250
v -0.01684440 -0.06566178 0.02799519
v -0.01803549 -0.06546886 0.02666187
v -0.01943106 -0.06524283 0.02563878
v -0.02100346 -0.06498815 0.02492598
v -0.02273884 -0.06470708 0.02454769
v -0.02451393 -0.06441958 0.02454769
v -0.02624931 -0.06413851 0.02492598
v -0.02782172 -0.06388383 0.02563878
v -0.02921728 -0.06365780 0.02666187
v -0.01596974 -0.06580343 0.03647676
v -0.01542128 -0.06589228 0.03477770
v -0.01523573 -0.06592232 0.03300000
v -0.02464620 -0.06439815 0.08099524
v -0.03059090 -0.06343532 0.07944036
v 0.00200567 -0.06871482 0.08031997
v 0.00210818 -0.06873143 0.08178714
v -0.00894035 -0.06694194 0.08475698
v 0.00198005 -0.06871067 0.08080648
v 0.00246996 -0.06879003 0.08270595
v 0.00304326 -0.06888288 0.08350673
v 0.00379301 -0.06900431 0.08414051
v 0.00467337 -0.06914689 0.08456850
v 0.00424968 -0.06907827 0.08565346
v 0.00563049 -0.06930191 0.08476455
v 0.00607647 -0.06937416 0.08512139
v 0.00660583 -0.06945988 0.08471667
v 0.00662824 -0.06946351 0.08488285
v -0.02395284 -0.06451045 0.08117659
v -0.03088244 -0.06338809 0.07936409
v 0.00386241 -0.06901554 0.08576625
v 0.00179211 -0.06868023 0.08604390
v 0.00124425 -0.06859150 0.08611737
v 0.00708164 -0.06953695 0.08460158
v -0.00937209 -0.06687201 0.08466089
v -0.01209946 -0.06643027 0.08405391
v -0.01262865 -0.06634456 0.08393613
v -0.02257165 -0.06473416 0.08151468
v -0.01837880 -0.06541326 0.08254103
v -0.01318948 -0.06625373 0.08381131
v -0.01743854 -0.06556554 0.08277121
v -0.11460641 -0.04982778 0.03034450
v -0.11475821 -0.04980319 0.02779505
v -0.05151299 -0.06004668 0.01348139
v -0.06360541 -0.05808814 0.01337586
v -0.11367261 -0.04997903 0.04122809
v -0.11338211 -0.05002607 0.04275000
v -0.07798617 -0.05575897 0.04548236
v -0.07818339 -0.05572702 0.04500000
v -0.08680311 -0.05433093 0.04426795
v -0.08721200 -0.05426471 0.04458578
v -0.08680311 -0.05433093 0.05173205
v -0.08721200 -0.05426471 0.05141421
v -0.08752575 -0.05421389 0.05100000
v -0.07849714 -0.05567621 0.04458578
v -0.07890603 -0.05560998 0.04426795
v -0.07938218 -0.05553286 0.04406814
v -0.08632696 -0.05440805 0.05193185
v -0.08581598 -0.05449081 0.05200000
v -0.07989316 -0.05545010 0.05200000
v -0.07938218 -0.05553286 0.05193185
v -0.07890603 -0.05560998 0.05173205
v -0.07849714 -0.05567621 0.05141421
v -0.07818339 -0.05572702 0.05100000
v -0.07798617 -0.05575897 0.05051764
v -0.07791888 -0.05576986 0.05000000
v -0.07791888 -0.05576986 0.04600000
v -0.08752575 -0.05421389 0.04500000
v -0.08772298 -0.05418195 0.04548236
v -0.11330550 -0.05003848 0.04315140
v -0.08779026 -0.05417105 0.04600000
v -0.07989316 -0.05545010 0.04400000
v -0.08581598 -0.05449081 0.04400000
v -0.08632696 -0.05440805 0.04406814
v -0.11201741 -0.05024711 0.04831864
v -0.11260421 -0.05015206 0.04624757
v -0.11294231 -0.05009731 0.04505442
v -0.08772298 -0.05418195 0.05051764
v -0.11011671 -0.05055496 0.05266910
v -0.08779026 -0.05417105 0.05000000
v -0.11038871 -0.05051089 0.05210395
v -0.11137391 -0.05035133 0.05005718
v -0.11166681 -0.05030389 0.04926577
v -0.08050638 -0.05535077 0.06558094
v -0.07569626 -0.05612984 0.06701469
v -0.06875936 -0.05725337 0.06908239
v -0.05151262 -0.06004673 0.07389058
v -0.05577768 -0.05935594 0.07270153
v -0.06360428 -0.05808831 0.07051957
v -0.04781122 -0.06064624 0.04275000
v -0.01209479 0.06643106 0.08404113
v -0.01097559 0.06661232 0.08429293
v -0.01097649 0.06661216 0.05037500
v -0.04989181 0.06030927 0.03100000
v -0.04645391 0.06086609 0.03099956
v -0.04645391 0.06086609 0.02855759
v -0.04989181 0.06030927 0.04300000
v -0.05031449 0.06024080 0.04355803
v -0.04645391 0.06086609 0.04355803
v -0.04815050 0.06059129 0.04971175
v -0.04842170 0.06054736 0.05037500
v -0.04645391 0.06086609 0.05037500
v -0.07040904 0.05698620 0.04300000
v -0.07159244 0.05679453 0.04010583
v -0.07211946 0.05670918 0.04355803
v -0.07199607 0.05672915 0.03700000
v -0.07211946 0.05670918 0.03099956
v -0.07159244 0.05679453 0.03389417
v -0.07040904 0.05698620 0.03100000
v -0.06015042 0.05864773 0.04900000
v -0.06321630 0.05815117 0.04859111
v -0.07211946 0.05670918 0.05037500
v -0.06607325 0.05768844 0.04739230
v -0.06852656 0.05729109 0.04548528
v -0.06998637 0.05705466 0.04355803
v -0.05177429 0.06000437 0.04548528
v -0.05422761 0.05960702 0.04739230
v -0.05269216 0.05985571 0.04705546
v -0.05348725 0.05972693 0.04900000
v -0.05708455 0.05914430 0.04859111
v -0.05339476 0.05974191 0.04828825
v -0.05312356 0.05978584 0.04762500
v -0.04885310 0.06047749 0.04705546
v -0.04842170 0.06054736 0.04762500
v -0.04815050 0.06059129 0.04828825
v -0.04805801 0.06060626 0.04900000
v -0.05212995 0.05994676 0.04661843
v -0.05147523 0.06005280 0.04634370
v -0.05077263 0.06016660 0.04625000
v -0.05007004 0.06028040 0.04634370
v -0.04941532 0.06038643 0.04661843
v -0.04870842 0.06050092 0.03389417
v -0.04830479 0.06056630 0.03700000
v -0.04870842 0.06050092 0.04010583
v -0.04645391 0.06086609 0.02793303
v -0.05177429 0.06000437 0.02851472
v -0.05174183 0.06000963 0.02855759
v -0.04645391 0.06086609 0.01352656
v -0.05422761 0.05960702 0.02660770
v -0.05252262 0.05988316 0.02793303
v -0.06882563 0.05724265 0.02765630
v -0.06952822 0.05712885 0.02775000
v -0.06777824 0.05741229 0.02793303
v -0.06817092 0.05734870 0.02738157
v -0.07023082 0.05701507 0.02765630
v -0.07088553 0.05690902 0.02738157
v -0.07211946 0.05670918 0.02793303
v -0.07144776 0.05681796 0.02694454
v -0.07187916 0.05674809 0.02637500
v -0.06817092 0.05734870 0.02261843
v -0.06760869 0.05743976 0.02305546
v -0.06015042 0.05864773 0.01340683
v -0.07211946 0.05670918 0.02421269
v -0.07187916 0.05674809 0.02362500
v -0.07211946 0.05670918 0.01330220
v -0.07144776 0.05681796 0.02305546
v -0.07088553 0.05690902 0.02261843
v -0.07023082 0.05701507 0.02234370
v -0.06952822 0.05712885 0.02225000
v -0.06882563 0.05724265 0.02234370
v -0.06717729 0.05750963 0.02362500
v -0.06015042 0.05864773 0.02500000
v -0.05708455 0.05914430 0.02540889
v -0.06690610 0.05755354 0.02428825
v -0.06681360 0.05756854 0.02500000
v -0.06321630 0.05815117 0.02540889
v -0.06690610 0.05755354 0.02571175
v -0.06607325 0.05768844 0.02660770
v -0.06717729 0.05750963 0.02637500
v -0.06760869 0.05743976 0.02694454
v -0.07040872 0.05698626 0.03099956
v -0.06852656 0.05729109 0.02851472
v -0.07211946 0.05670918 0.02855759
v -0.07215036 0.05670416 0.02428825
v -0.07335337 0.05650932 0.01329141
v -0.07224285 0.05668918 0.02500000
v -0.07211946 0.05670918 0.02578731
v -0.07215036 0.05670416 0.02571175
v -0.07335337 0.05650932 0.02793303
v -0.06014982 0.05864782 0.07149437
v -0.05269216 0.05985571 0.05094454
v -0.06015042 0.05864773 0.05037500
v -0.05312356 0.05978584 0.05037500
v -0.05339476 0.05974191 0.04971175
v -0.04885310 0.06047749 0.05094454
v -0.04941532 0.06038643 0.05138157
v -0.04645388 0.06086609 0.07525193
v -0.05007004 0.06028040 0.05165629
v -0.05077263 0.06016660 0.05175000
v -0.05147523 0.06005280 0.05165629
v -0.05212995 0.05994676 0.05138157
v -0.00379289 0.06777565 0.02935806
v -0.00370647 0.06778965 0.02924224
v -0.01097649 0.06661216 0.02855759
v 0.00333220 0.06892968 0.02907692
v 0.00347809 0.06895330 0.02913772
v 0.00786849 0.06966439 0.02855759
v -0.00328275 0.06785828 0.02905642
v 0.00000000 0.06838997 0.02899912
v -0.00473333 0.06762333 0.03099956
v -0.00358413 0.06780947 0.02914374
v -0.00343951 0.06783290 0.02908011
v 0.00318682 0.06890612 0.02905642
v 0.00000000 0.06838997 0.02900079
v 0.00573224 0.06931839 0.03469915
v 0.00000000 0.06838997 0.03479920
v 0.00000000 0.06838997 0.03480088
v -0.00597610 0.06742206 0.03467795
v -0.00612170 0.06739847 0.03461653
v -0.01097649 0.06661216 0.04355803
v -0.00624558 0.06737841 0.03451986
v -0.00633960 0.06736319 0.03439525
v 0.00624806 0.06940193 0.03438737
v 0.00615597 0.06938702 0.03451333
v 0.00616948 0.06938920 0.04355803
v 0.00603362 0.06936721 0.03461183
v 0.00588901 0.06934378 0.03467546
v 0.00360240 0.06897343 0.02923385
v 0.00369696 0.06898875 0.02935806
v 0.00759190 0.06961959 0.03099956
v 0.00463741 0.06914106 0.03099956
v 0.00624239 0.06940101 0.03380097
v 0.00629915 0.06941021 0.03393602
v 0.00631539 0.06941284 0.03401194
v 0.00632169 0.06941386 0.03408921
v -0.00582817 0.06744601 0.03469915
v -0.00637358 0.06735768 0.03432507
v -0.00639812 0.06735370 0.03425127
v -0.01097649 0.06661216 0.03099956
v -0.00641288 0.06735131 0.03417507
v -0.00641769 0.06735054 0.03409770
v -0.00641249 0.06735138 0.03402039
v 0.00631798 0.06941326 0.03416661
v 0.00630432 0.06941105 0.03424291
v 0.00628090 0.06940726 0.03431690
v -0.00639736 0.06735382 0.03394437
v -0.00637252 0.06735785 0.03387083
v -0.00633831 0.06736339 0.03380097
v -0.01760244 0.06553901 0.03099956
v -0.01720184 0.06560389 0.03123386
v -0.01623199 0.06576097 0.04161605
v -0.01720184 0.06560389 0.04299825
v -0.01623199 0.06576097 0.03261606
v -0.01553529 0.06587381 0.03415802
v -0.01553529 0.06587381 0.04007410
v -0.02177765 0.06486277 0.02855759
v -0.02559250 0.06424489 0.02827582
v -0.03364753 0.06294025 0.02793303
v -0.02607425 0.06416687 0.02855759
v -0.03364753 0.06294025 0.02855759
v -0.03364753 0.06294025 0.03099956
v -0.02225941 0.06478473 0.02827582
v -0.01097649 0.06661216 0.02793303
v -0.02392595 0.06451481 0.02811606
v -0.03161992 0.06326867 0.03261606
v -0.03065007 0.06342574 0.03123386
v -0.03024946 0.06349062 0.03099956
v -0.03065007 0.06342574 0.04299825
v -0.03161992 0.06326867 0.04161605
v -0.03364753 0.06294025 0.04355803
v -0.03231661 0.06315582 0.04007410
v -0.03231661 0.06315582 0.03415802
v -0.01815892 0.06544887 0.04355803
v -0.02225941 0.06478473 0.04595629
v -0.02392595 0.06451481 0.04611606
v -0.03364753 0.06294025 0.05037500
v -0.02559250 0.06424489 0.04595629
v -0.02969298 0.06358075 0.04355803
v -0.11039400 0.05051005 0.05210694
v -0.11019561 0.05054218 0.05252912
v -0.07335337 0.05650932 0.05037500
v -0.10886460 0.05075776 0.05455527
v -0.10874200 0.05077762 0.05468864
v -0.08050849 0.05535044 0.06558715
v -0.09277828 0.05336318 0.06176642
v -0.08533154 0.05456928 0.06412844
v -0.10772531 0.05094228 0.05579485
v -0.10754830 0.05097095 0.05598744
v -0.10657740 0.05112820 0.05671626
v -0.10617580 0.05119324 0.05701772
v -0.10532640 0.05133082 0.05739184
v -0.11325370 0.05004688 0.04355803
v -0.11261650 0.05015009 0.04625241
v -0.07335337 0.05650932 0.04355803
v -0.11247880 0.05017239 0.04683455
v -0.11165710 0.05030547 0.04926285
v -0.11146820 0.05033607 0.04982128
v -0.11120800 0.05037822 0.05037500
v -0.08433528 0.05473065 0.03500000
v -0.08426800 0.05474154 0.03448236
v -0.11457490 0.04983289 0.03099956
v -0.08407077 0.05477348 0.03400000
v -0.07545104 0.05616958 0.03326795
v -0.07504216 0.05623580 0.03358578
v -0.07335337 0.05650932 0.03099956
v -0.07472841 0.05628660 0.03400000
v -0.07453118 0.05631856 0.03448236
v -0.07446391 0.05632945 0.03500000
v -0.07446391 0.05632945 0.03900000
v -0.07453118 0.05631856 0.03951764
v -0.07472841 0.05628660 0.04000000
v -0.08334813 0.05489052 0.04073205
v -0.08375701 0.05482430 0.04041421
v -0.11447470 0.04984912 0.03318278
v -0.11415261 0.04990129 0.03683253
v -0.08433528 0.05473065 0.03900000
v -0.08375701 0.05482430 0.03358578
v -0.08334813 0.05489052 0.03326795
v -0.08287197 0.05496765 0.03306814
v -0.08236100 0.05505041 0.03300000
v -0.07643817 0.05600969 0.03300000
v -0.07592720 0.05609245 0.03306814
v -0.07504216 0.05623580 0.04041421
v -0.07545104 0.05616958 0.04073205
v -0.07592720 0.05609245 0.04093185
v -0.08407077 0.05477348 0.04000000
v -0.08426800 0.05474154 0.03951764
v -0.11333010 0.05003450 0.04323493
v -0.11394860 0.04993433 0.03914332
v -0.07643817 0.05600969 0.04100000
v -0.08236100 0.05505041 0.04100000
v -0.08287197 0.05496765 0.04093185
v -0.11460490 0.04982803 0.03034513
v -0.07335337 0.05650932 0.02855759
v -0.11468690 0.04981475 0.02855759
v -0.11534690 0.04970786 0.01292432
v -0.11490190 0.04977993 0.02384662
v -0.11489341 0.04978132 0.02405711
v -0.11471560 0.04981011 0.02793303
v -0.03364753 0.06294025 0.01363851
v -0.01097649 0.06661216 0.01383669
v 0.00793923 0.06967585 0.02793303
v 0.00951498 0.06993106 0.01402084
v 0.00000001 0.06838997 0.01393264
v 0.00539736 0.06926416 0.05037500
v 0.00660152 0.06945919 0.08471743
v 0.00693571 0.06951332 0.08475558
v 0.00753522 0.06961042 0.08442984
v 0.00796111 0.06967939 0.08420527
v 0.00304187 0.06888266 0.08350521
v 0.00180660 0.06868257 0.08604094
v 0.00379081 0.06900396 0.08413906
v 0.00246399 0.06878905 0.08600117
v 0.00467033 0.06914640 0.08456747
v 0.00429316 0.06908531 0.08563032
v 0.00562671 0.06930130 0.08476426
v 0.00494253 0.06919049 0.08549868
v 0.00667219 0.06947063 0.08485383
v 0.00246927 0.06878990 0.08270465
v 0.00210797 0.06873140 0.08178628
v 0.00200568 0.06871482 0.08031997
v 0.00198005 0.06871067 0.08080619
v -0.00949530 0.06685208 0.08462600
v -0.00893832 0.06694229 0.08475132
v -0.02944587 0.06362079 0.07976497
v -0.02463590 0.06439984 0.08096743
v -0.02351020 0.06458216 0.08124884
v -0.01837559 0.06541378 0.08253244
v -0.01757464 0.06554351 0.08273269
v -0.01288801 0.06630257 0.08386264
v -0.04334769 0.06136918 0.07608191
v -0.03975924 0.06195038 0.07704074
v -0.03364751 0.06294025 0.07867379
v -0.03524295 0.06268185 0.03400000
v -0.03504572 0.06271380 0.03448236
v -0.03695273 0.06240493 0.03300000
v -0.03644174 0.06248769 0.03306814
v -0.04478254 0.06113678 0.03448236
v -0.04458531 0.06116873 0.03400000
v -0.04427156 0.06121954 0.03358578
v -0.04386268 0.06128576 0.03326795
v -0.04338652 0.06136289 0.03306814
v -0.04287554 0.06144565 0.03300000
v -0.03596559 0.06256482 0.03326795
v -0.03555670 0.06263104 0.03358578
v -0.04458531 0.06116873 0.04000000
v -0.04427156 0.06121954 0.04041421
v -0.04386268 0.06128576 0.04073205
v -0.03524295 0.06268185 0.04000000
v -0.03555670 0.06263104 0.04041421
v -0.03596559 0.06256482 0.04073205
v -0.03644174 0.06248769 0.04093185
v -0.04478254 0.06113678 0.03951764
v -0.04484981 0.06112589 0.03900000
v -0.04484981 0.06112589 0.03500000
v -0.03497845 0.06272469 0.03500000
v -0.03497845 0.06272469 0.03900000
v -0.03504572 0.06271380 0.03951764
v -0.03695273 0.06240493 0.04100000
v -0.04287554 0.06144565 0.04100000
v -0.04338652 0.06136289 0.04093185
v 0.05670080 -0.02698329 0.03554904
v 0.05584211 -0.02855627 0.03554904
v 0.05625181 -0.02876803 0.03349465
v 0.05934175 -0.02053379 0.03554904
v 0.05827020 -0.02315063 0.03554904
v 0.05871648 -0.02332900 0.03349465
v 0.05543029 -0.03531717 0.02158223
v 0.05782537 -0.03684319 0.01072982
v 0.06104535 -0.03121952 0.01072982
v 0.07156231 -0.00000000 0.00124913
v 0.06856525 -0.00000000 0.01072982
v 0.07138308 -0.00507701 0.00124594
v 0.06825902 -0.00647303 0.01072982
v 0.07120327 -0.00675171 0.00124279
v 0.07082381 -0.01028570 0.00123612
v 0.06988420 -0.01545372 0.00121974
v 0.07024942 -0.01344489 0.00122611
v 0.06734305 -0.01288823 0.01072982
v 0.06852098 -0.02070436 0.00119602
v 0.06869708 -0.02002609 0.00119909
v 0.06582555 -0.01918831 0.01072982
v 0.06651243 -0.02642588 0.00116094
v 0.06680545 -0.02573544 0.00116607
v 0.06372004 -0.02531699 0.01072982
v 0.06371468 -0.03258464 0.00111202
v 0.06479106 -0.03048196 0.00113082
v 0.06243268 -0.03508901 0.00108963
v 0.06038082 -0.03847228 0.00105387
v 0.05973904 -0.03953050 0.00104268
v 0.05294071 -0.03373042 0.03554904
v 0.05328468 -0.03395010 0.03349465
v 0.05336143 -0.03310043 0.03554904
v 0.05851690 -0.02992644 0.02158223
v 0.06572534 -0.00000000 0.02158223
v 0.06289903 -0.00596474 0.03349465
v 0.06543180 -0.00620492 0.02158223
v 0.06205500 -0.01187619 0.03349465
v 0.06318122 -0.00000000 0.03349464
v 0.06318122 -0.00000000 0.03349465
v 0.06279395 -0.00000000 0.03554904
v 0.06246461 -0.00592546 0.03554904
v 0.06240720 -0.00695853 0.03554904
v 0.06159492 -0.01179000 0.03554904
v 0.06125172 -0.01383134 0.03554904
v 0.06455377 -0.01235441 0.02158223
v 0.06065664 -0.01768157 0.03349465
v 0.06019289 -0.01754698 0.03554904
v 0.06309911 -0.01839355 0.02158223
v 0.06108081 -0.02426838 0.02158223
v 0.05287910 -0.02516458 0.06495689
v 0.05534204 -0.01914978 0.06495689
v 0.05461177 -0.02598914 0.04967132
v 0.05715541 -0.01977726 0.04967132
v 0.05899501 -0.01332175 0.04967132
v 0.06048042 -0.00000000 0.04967132
v 0.05139542 -0.03188090 0.04967132
v 0.04976480 -0.03086941 0.06495689
v 0.06010792 -0.00670216 0.04967132
v 0.05712327 -0.01289909 0.06495689
v 0.05820087 -0.00648952 0.06495689
v 0.05856155 -0.00000000 0.06495689
v -0.10941171 -0.06198408 0.00886579
v -0.10945731 -0.06197587 0.00886541
v -0.10945651 -0.06197156 0.00000000
v -0.10984681 -0.06190559 0.00886212
v -0.11000001 -0.06190000 0.00000000
v -0.10899191 -0.06215777 0.00886778
v -0.10895000 -0.06218135 0.00000000
v -0.10895311 -0.06218566 0.00886778
v -0.10857611 -0.06245642 0.00886774
v -0.10851511 -0.06251507 0.00000000
v -0.10852121 -0.06252033 0.00886735
v -0.10826061 -0.06282337 0.00886549
v -0.10818140 -0.06295000 0.00000000
v -0.10819241 -0.06295569 0.00886416
v -0.10803241 -0.06326620 0.00886105
v -0.10797161 -0.06345648 0.00000000
v -0.10798611 -0.06345995 0.00885850
v -0.10791331 -0.06376435 0.00885449
v -0.10790001 -0.06400000 0.00000000
v -0.10791331 -0.06400000 0.00885076
v -0.10791331 -0.06423564 0.00884702
v -0.10797161 -0.06454353 0.00000000
v -0.10798841 -0.06453937 0.00884136
v -0.10804381 -0.06476383 0.00883717
v -0.10818140 -0.06505000 0.00000000
v -0.10819311 -0.06504376 0.00883105
v -0.10851511 -0.06548493 0.00000000
v -0.10895001 -0.06581865 0.00000000
v -0.10895571 -0.06581037 0.00881028
v -0.10860051 -0.06556571 0.00881817
v -0.10852291 -0.06547799 0.00882044
v -0.10827541 -0.06519818 0.00882767
v -0.10945651 -0.06602845 0.00000000
v -0.11000001 -0.06610000 0.00000000
v -0.11000001 -0.06610000 0.00879390
v -0.10948901 -0.06603687 0.00880067
v -0.10945781 -0.06602508 0.00880121
v -0.10903611 -0.06586569 0.00880850
v -0.11054351 -0.06602845 0.00000000
v -0.11105001 -0.06581865 0.00000000
v -0.11100811 -0.06584223 0.00878660
v -0.11058831 -0.06601592 0.00878858
v -0.11054281 -0.06602413 0.00878897
v -0.11015321 -0.06609441 0.00879226
v -0.11148491 -0.06548493 0.00000000
v -0.11142390 -0.06554357 0.00878664
v -0.11104691 -0.06581434 0.00878660
v -0.11181871 -0.06505000 0.00000000
v -0.11173941 -0.06517663 0.00878889
v -0.11147881 -0.06547968 0.00878703
v -0.11202840 -0.06454353 0.00000000
v -0.11196761 -0.06473381 0.00879333
v -0.11180761 -0.06504431 0.00879022
v -0.11210001 -0.06400000 0.00000000
v -0.11208671 -0.06423564 0.00879988
v -0.11201401 -0.06454006 0.00879588
v -0.11202840 -0.06345648 0.00000000
v -0.11208671 -0.06376435 0.00880736
v -0.11208671 -0.06400000 0.00880362
v -0.11181871 -0.06295000 0.00000000
v -0.11195621 -0.06323617 0.00881720
v -0.11201171 -0.06346063 0.00881302
v -0.11148491 -0.06251507 0.00000000
v -0.11172461 -0.06280182 0.00882671
v -0.11180691 -0.06295624 0.00882333
v -0.11105001 -0.06218135 0.00000000
v -0.11139951 -0.06243429 0.00883620
v -0.11147710 -0.06252201 0.00883394
v -0.11054351 -0.06197156 0.00000000
v -0.11096400 -0.06213431 0.00884588
v -0.11104430 -0.06218964 0.00884410
v -0.11000001 -0.06190000 0.00886048
v -0.11051111 -0.06196313 0.00885371
v -0.11054221 -0.06197492 0.00885317
v -0.08725000 0.06990475 0.00899053
v -0.08800000 0.07000001 0.00000000
v -0.08722463 0.06989496 0.00899097
v -0.08722354 0.06989779 0.00000000
v -0.08660468 0.06965577 0.00900177
v -0.08650000 0.06959809 0.00000000
v -0.08587868 0.06912134 0.00000000
v -0.08598469 0.06922229 0.00901564
v -0.08650729 0.06958767 0.00900394
v -0.08510223 0.06777647 0.00000000
v -0.08519766 0.06807091 0.00904278
v -0.08531391 0.06828753 0.00000000
v -0.08541799 0.06849160 0.00903362
v -0.08540193 0.06850001 0.00000000
v -0.08552394 0.06869385 0.00902922
v -0.08588890 0.06911242 0.00901846
v -0.08500000 0.06700001 0.00000000
v -0.08501667 0.06731579 0.00905680
v -0.08512574 0.06777083 0.00904835
v -0.08510223 0.06622355 0.00000000
v -0.08501667 0.06668425 0.00906681
v -0.08501667 0.06700001 0.00906180
v -0.08540193 0.06550001 0.00000000
v -0.08518177 0.06597162 0.00907624
v -0.08512232 0.06622821 0.00907285
v -0.08587868 0.06487868 0.00000000
v -0.08550365 0.06533622 0.00908268
v -0.08541685 0.06550757 0.00908095
v -0.08650218 0.06440665 0.00908614
v -0.08645553 0.06442813 0.00908633
v -0.08650000 0.06440194 0.00000000
v -0.08595124 0.06480854 0.00908599
v -0.08588627 0.06488512 0.00908551
v -0.08705134 0.06415395 0.00908395
v -0.08722354 0.06410223 0.00000000
v -0.08722647 0.06411558 0.00908258
v -0.08767160 0.06401804 0.00907909
v -0.08800000 0.06400001 0.00000000
v -0.08800000 0.06400001 0.00907567
v -0.08875000 0.06409527 0.00906569
v -0.08877645 0.06410223 0.00000000
v -0.08877537 0.06410506 0.00906525
v -0.08939533 0.06434425 0.00905445
v -0.08950000 0.06440194 0.00000000
v -0.08949272 0.06441234 0.00905227
v -0.09001531 0.06477774 0.00904058
v -0.09012133 0.06487868 0.00000000
v -0.09011111 0.06488759 0.00903776
v -0.09047607 0.06530617 0.00902700
v -0.09059808 0.06550001 0.00000000
v -0.09058201 0.06550843 0.00902259
v -0.09089778 0.06622355 0.00000000
v -0.09100000 0.06700001 0.00000000
v -0.09098334 0.06700001 0.00899441
v -0.09098334 0.06668425 0.00899942
v -0.09087427 0.06622919 0.00900787
v -0.09080236 0.06592910 0.00901344
v -0.09059808 0.06850001 0.00000000
v -0.09012133 0.06912134 0.00000000
v -0.09011373 0.06911490 0.00897071
v -0.09049636 0.06866380 0.00897354
v -0.09058316 0.06849245 0.00897527
v -0.09068609 0.06828753 0.00000000
v -0.09081824 0.06802839 0.00897998
v -0.09089778 0.06777647 0.00000000
v -0.09087768 0.06777180 0.00898337
v -0.09098334 0.06731579 0.00898941
v -0.08950000 0.06959809 0.00000000
v -0.08954447 0.06957190 0.00896989
v -0.09004876 0.06919149 0.00897023
v -0.08877645 0.06989779 0.00000000
v -0.08894866 0.06984607 0.00897227
v -0.08949783 0.06959337 0.00897008
v -0.08800000 0.07000001 0.00898055
v -0.08832841 0.06998198 0.00897712
v -0.08877354 0.06988444 0.00897364
v -0.08595228 -0.06919243 0.00901648
v -0.08588637 -0.06911481 0.00901845
v -0.08587868 -0.06912133 0.00000000
v -0.08800001 -0.06400000 0.00000000
v -0.08722355 -0.06410223 0.00000000
v -0.08725007 -0.06409525 0.00908263
v -0.08650001 -0.06440193 0.00000000
v -0.08660490 -0.06434413 0.00908597
v -0.08722464 -0.06410506 0.00908276
v -0.08587868 -0.06487868 0.00000000
v -0.08598507 -0.06477738 0.00908611
v -0.08650731 -0.06441235 0.00908599
v -0.08540194 -0.06550000 0.00000000
v -0.08552438 -0.06530554 0.00908293
v -0.08588893 -0.06488761 0.00908544
v -0.08510223 -0.06622354 0.00000000
v -0.08519800 -0.06592819 0.00907675
v -0.08541803 -0.06550843 0.00908092
v -0.08500001 -0.06700000 0.00000000
v -0.08501680 -0.06668308 0.00906683
v -0.08512575 -0.06622919 0.00907279
v -0.08510223 -0.06777646 0.00000000
v -0.08501680 -0.06731693 0.00905678
v -0.08501680 -0.06700000 0.00906180
v -0.08540194 -0.06850000 0.00000000
v -0.08550435 -0.06866483 0.00902990
v -0.08541692 -0.06849241 0.00903362
v -0.08531392 -0.06828752 0.00000000
v -0.08518219 -0.06802949 0.00904361
v -0.08512237 -0.06777178 0.00904838
v -0.08645447 -0.06957125 0.00900480
v -0.08650001 -0.06959808 0.00000000
v -0.08650223 -0.06959325 0.00900391
v -0.08705047 -0.06984577 0.00899372
v -0.08722355 -0.06989778 0.00000000
v -0.08722649 -0.06988439 0.00899112
v -0.08800001 -0.07000000 0.00000000
v -0.08800001 -0.07000000 0.00898055
v -0.08767084 -0.06998189 0.00898455
v -0.08950001 -0.06959808 0.00000000
v -0.08939512 -0.06965588 0.00897025
v -0.08877646 -0.06989778 0.00000000
v -0.08877538 -0.06989495 0.00897346
v -0.08874995 -0.06990476 0.00897359
v -0.09012134 -0.06912133 0.00000000
v -0.09001495 -0.06922262 0.00897011
v -0.08949273 -0.06958765 0.00897023
v -0.09089779 -0.06777646 0.00000000
v -0.09087426 -0.06777081 0.00898343
v -0.09080202 -0.06807181 0.00897947
v -0.09068610 -0.06828752 0.00000000
v -0.09058201 -0.06849157 0.00897530
v -0.09059809 -0.06850000 0.00000000
v -0.09047565 -0.06869447 0.00897328
v -0.09011110 -0.06911239 0.00897078
v -0.09098323 -0.06731693 0.00898939
v -0.09100001 -0.06700000 0.00000000
v -0.09098323 -0.06700000 0.00899442
v -0.09098323 -0.06668308 0.00899944
v -0.09089779 -0.06622354 0.00000000
v -0.09087765 -0.06622822 0.00900784
v -0.09081785 -0.06597052 0.00901260
v -0.09059809 -0.06550000 0.00000000
v -0.09058310 -0.06550760 0.00902260
v -0.09049567 -0.06533518 0.00902632
v -0.09012134 -0.06487868 0.00000000
v -0.09011365 -0.06488520 0.00903776
v -0.09004776 -0.06480757 0.00903974
v -0.08950001 -0.06440193 0.00000000
v -0.08954555 -0.06442877 0.00905142
v -0.08877646 -0.06410223 0.00000000
v -0.08894955 -0.06415424 0.00906250
v -0.08949778 -0.06440676 0.00905231
v -0.08800001 -0.06400000 0.00907567
v -0.08832917 -0.06401811 0.00907167
v -0.08877353 -0.06411562 0.00906510
v -0.01100000 0.08850000 0.00750000
v -0.00880004 0.08821038 0.00750000
v -0.00880355 0.08819114 0.00958664
v -0.00675000 0.08736123 0.00750000
v -0.00689942 0.08744549 0.00961997
v -0.00859771 0.08815348 0.00958957
v -0.00498959 0.08601041 0.00750000
v -0.00521624 0.08622883 0.00965827
v -0.00676127 0.08734562 0.00962311
v -0.00363878 0.08425000 0.00750000
v -0.00394316 0.08473825 0.00969628
v -0.00501278 0.08599060 0.00966435
v -0.00278963 0.08219996 0.00750000
v -0.00302522 0.08294160 0.00973513
v -0.00368233 0.08422776 0.00970732
v -0.00250000 0.08000000 0.00750000
v -0.00255035 0.08092385 0.00977248
v -0.00284748 0.08218635 0.00974911
v -0.00278963 0.07780005 0.00750000
v -0.00255035 0.07907616 0.00980178
v -0.00255035 0.08000000 0.00978713
v -0.00363878 0.07575000 0.00750000
v -0.00307065 0.07693808 0.00982980
v -0.00285691 0.07781643 0.00981829
v -0.00498959 0.07398960 0.00750000
v -0.00400091 0.07517685 0.00984721
v -0.00368522 0.07577453 0.00984130
v -0.00675000 0.07263879 0.00750000
v -0.00531088 0.07368464 0.00985608
v -0.00501984 0.07401616 0.00985411
v -0.00880004 0.07178963 0.00750000
v -0.00706982 0.07246318 0.00985557
v -0.00677178 0.07267015 0.00985566
v -0.01100000 0.07150000 0.00750000
v -0.00889989 0.07176352 0.00984600
v -0.00880406 0.07180017 0.00984650
v -0.01340229 0.07184655 0.00979383
v -0.01319644 0.07180887 0.00979675
v -0.01319996 0.07178963 0.00750000
v -0.01164081 0.07152420 0.00981883
v -0.01100000 0.07150000 0.00982645
v -0.01510057 0.07255452 0.00976342
v -0.01525000 0.07263879 0.00750000
v -0.01523873 0.07265438 0.00976028
v -0.01678376 0.07377118 0.00972512
v -0.01701041 0.07398961 0.00750000
v -0.01698722 0.07400941 0.00971905
v -0.01805683 0.07526175 0.00968711
v -0.01836122 0.07575000 0.00750000
v -0.01831766 0.07577227 0.00967607
v -0.01897477 0.07705842 0.00964826
v -0.01921037 0.07780005 0.00750000
v -0.01915252 0.07781366 0.00963428
v -0.01944965 0.07907616 0.00961091
v -0.01950000 0.08000000 0.00750000
v -0.01944965 0.08000000 0.00959626
v -0.01921037 0.08219996 0.00750000
v -0.01914309 0.08218361 0.00956510
v -0.01944965 0.08092386 0.00958161
v -0.01836122 0.08425000 0.00750000
v -0.01701041 0.08601041 0.00750000
v -0.01698015 0.08598385 0.00952929
v -0.01799909 0.08482316 0.00953618
v -0.01831478 0.08422548 0.00954209
v -0.01892935 0.08306196 0.00955359
v -0.01525000 0.08736123 0.00750000
v -0.01319996 0.08821038 0.00750000
v -0.01319594 0.08819984 0.00953689
v -0.01493018 0.08753682 0.00952782
v -0.01522822 0.08732986 0.00952773
v -0.01668912 0.08631537 0.00952732
v -0.01035919 0.08847581 0.00956456
v -0.01100000 0.08850000 0.00955694
v -0.01310011 0.08823649 0.00953740
v -0.14592931 0.04306195 0.00875333
v -0.14614310 0.04218360 0.00876484
v -0.14621041 0.04219997 0.00750000
v -0.12990621 0.03740375 0.00968150
v -0.12981690 0.03780614 0.00964370
v -0.12978960 0.03780005 0.00750000
v -0.13580001 0.04821038 0.00750000
v -0.13375000 0.04736123 0.00750000
v -0.13400200 0.04750108 0.00881767
v -0.13198960 0.04601042 0.00750000
v -0.13238150 0.04637827 0.00885377
v -0.13376630 0.04733774 0.00882292
v -0.13063880 0.04425001 0.00750000
v -0.13093221 0.04472189 0.00889640
v -0.13202921 0.04597571 0.00886413
v -0.12975420 0.04193708 0.00903428
v -0.12980080 0.04219796 0.00899420
v -0.12978960 0.04219997 0.00750000
v -0.12982250 0.04231928 0.00897556
v -0.12992510 0.04265454 0.00894810
v -0.13004171 0.04298602 0.00893398
v -0.13067940 0.04422915 0.00890707
v -0.12952840 0.04067477 0.00922820
v -0.12950000 0.04000001 0.00750000
v -0.12952541 0.04065790 0.00923080
v -0.12969870 0.03833902 0.00959365
v -0.12956760 0.03892982 0.00953816
v -0.12954151 0.04000104 0.00934763
v -0.13064991 0.03575759 0.00958309
v -0.13056340 0.03588329 0.00960551
v -0.13063880 0.03575001 0.00750000
v -0.13043880 0.03617154 0.00961992
v -0.13010511 0.03694373 0.00965851
v -0.13149401 0.03452993 0.00936407
v -0.13198960 0.03398960 0.00750000
v -0.13171250 0.03431949 0.00932070
v -0.13277721 0.03329384 0.00910933
v -0.13359591 0.03272996 0.00905643
v -0.13375000 0.03263880 0.00750000
v -0.13271221 0.03335641 0.00912223
v -0.13202100 0.03402224 0.00925944
v -0.13580001 0.03178964 0.00750000
v -0.13411571 0.03243941 0.00905517
v -0.13375211 0.03264262 0.00905605
v -0.13800001 0.03150001 0.00750000
v -0.13609960 0.03171517 0.00904424
v -0.13581130 0.03182043 0.00904583
v -0.14040230 0.03184655 0.00899356
v -0.14019640 0.03180888 0.00899648
v -0.14020000 0.03178964 0.00750000
v -0.13864080 0.03152420 0.00901857
v -0.13800001 0.03150001 0.00902619
v -0.14210061 0.03255452 0.00896316
v -0.14225001 0.03263880 0.00750000
v -0.14223870 0.03265438 0.00896001
v -0.14378371 0.03377119 0.00892486
v -0.14401041 0.03398960 0.00750000
v -0.14398720 0.03400941 0.00891878
v -0.14505680 0.03526175 0.00888685
v -0.14536121 0.03575001 0.00750000
v -0.14531771 0.03577226 0.00887581
v -0.14597480 0.03705841 0.00884800
v -0.14621041 0.03780005 0.00750000
v -0.14615250 0.03781366 0.00883401
v -0.14644961 0.03907617 0.00881064
v -0.14650001 0.04000001 0.00750000
v -0.14644961 0.04000001 0.00879600
v -0.14644961 0.04092385 0.00878135
v -0.14550921 0.04398276 0.00874348
v -0.14536121 0.04425001 0.00750000
v -0.14535080 0.04424369 0.00874113
v -0.14401041 0.04601042 0.00750000
v -0.14398011 0.04598386 0.00872902
v -0.14499910 0.04482316 0.00873592
v -0.14225000 0.04736123 0.00750000
v -0.14020000 0.04821038 0.00750000
v -0.14019591 0.04819985 0.00873663
v -0.14193021 0.04753683 0.00872755
v -0.14222820 0.04732986 0.00872747
v -0.14368911 0.04631538 0.00872705
v -0.13580581 0.04819532 0.00878629
v -0.13593740 0.04824597 0.00878400
v -0.13800000 0.04850001 0.00750000
v -0.13800000 0.04850001 0.00875667
v -0.14010010 0.04823648 0.00873713
v -0.13580911 -0.03183543 0.00904562
v -0.13740461 -0.03152088 0.00903258
v -0.13580001 -0.03178963 0.00750000
v -0.13800001 -0.03150000 0.00750000
v -0.13533271 -0.03192934 0.00904951
v -0.13375001 -0.03263879 0.00750000
v -0.13375761 -0.03265538 0.00905579
v -0.13201250 -0.03401055 0.00925106
v -0.13231150 -0.03368402 0.00918107
v -0.13198960 -0.03398959 0.00750000
v -0.13270310 -0.03339315 0.00914307
v -0.13359591 -0.03272995 0.00905643
v -0.13046590 -0.03612910 0.00961702
v -0.13067861 -0.03577380 0.00956610
v -0.13063880 -0.03575000 0.00750000
v -0.13120890 -0.03488805 0.00943915
v -0.13171731 -0.03433289 0.00932015
v -0.13028690 -0.03642805 0.00965986
v -0.12978960 -0.03780004 0.00750000
v -0.13010291 -0.03694319 0.00965911
v -0.12968401 -0.03841582 0.00958754
v -0.12951621 -0.03947510 0.00944947
v -0.12950001 -0.04000000 0.00750000
v -0.12976931 -0.03787730 0.00965773
v -0.12979610 -0.03780235 0.00965784
v -0.12959791 -0.04128661 0.00911832
v -0.12974641 -0.04196923 0.00902395
v -0.12978960 -0.04219996 0.00750000
v -0.12956681 -0.04059652 0.00924447
v -0.12953980 -0.03999824 0.00935384
v -0.12992510 -0.04265456 0.00894810
v -0.12982250 -0.04231932 0.00897556
v -0.12979630 -0.04219852 0.00899226
v -0.13063880 -0.04425000 0.00750000
v -0.13068861 -0.04422399 0.00890705
v -0.13004171 -0.04298601 0.00893398
v -0.13198960 -0.04601041 0.00750000
v -0.13375001 -0.04736122 0.00750000
v -0.13376630 -0.04733768 0.00882292
v -0.13238111 -0.04637790 0.00885378
v -0.13202601 -0.04597811 0.00886413
v -0.13100391 -0.04482741 0.00889392
v -0.13580001 -0.04821037 0.00750000
v -0.13800001 -0.04850000 0.00750000
v -0.13800001 -0.04850000 0.00875667
v -0.13606211 -0.04827613 0.00878211
v -0.13581081 -0.04818162 0.00878645
v -0.13400251 -0.04750133 0.00881766
v -0.14225001 -0.04736122 0.00750000
v -0.14223892 -0.04734595 0.00872709
v -0.14210401 -0.04744361 0.00872707
v -0.14020001 -0.04821037 0.00750000
v -0.14040641 -0.04815224 0.00873501
v -0.14019640 -0.04819080 0.00873677
v -0.13864541 -0.04847546 0.00874977
v -0.14378651 -0.04622623 0.00872736
v -0.14401042 -0.04601041 0.00750000
v -0.14398741 -0.04599081 0.00872883
v -0.14505871 -0.04473545 0.00873663
v -0.14536121 -0.04425000 0.00750000
v -0.14531780 -0.04422784 0.00874175
v -0.14597592 -0.04293864 0.00875476
v -0.14621041 -0.04219995 0.00750000
v -0.14615261 -0.04218639 0.00876469
v -0.14645001 -0.04092073 0.00878139
v -0.14650001 -0.04000000 0.00750000
v -0.14645001 -0.04000000 0.00879599
v -0.14621041 -0.03780004 0.00750000
v -0.14614311 -0.03781637 0.00883408
v -0.14645001 -0.03907926 0.00881059
v -0.14401041 -0.03398959 0.00750000
v -0.14500021 -0.03517845 0.00888881
v -0.14536121 -0.03575000 0.00750000
v -0.14531481 -0.03577449 0.00887580
v -0.14593031 -0.03694041 0.00885037
v -0.14225001 -0.03263879 0.00750000
v -0.14369010 -0.03368547 0.00892727
v -0.14398020 -0.03401610 0.00891876
v -0.14020000 -0.03178963 0.00750000
v -0.14193061 -0.03246342 0.00896652
v -0.14222820 -0.03267012 0.00895988
v -0.13800001 -0.03150000 0.00902619
v -0.14010011 -0.03176351 0.00899829
v -0.14019592 -0.03180015 0.00899663
v -0.00859356 -0.07184777 0.00984812
v -0.00880363 -0.07180921 0.00984636
v -0.00880004 -0.07178963 0.00750000
v -0.01035462 -0.07152455 0.00983335
v -0.01100000 -0.07150000 0.00750000
v -0.00689602 -0.07255639 0.00985606
v -0.00675000 -0.07263879 0.00750000
v -0.00676105 -0.07265406 0.00985604
v -0.00521346 -0.07377378 0.00985576
v -0.00498960 -0.07398960 0.00750000
v -0.00501256 -0.07400920 0.00985430
v -0.00394129 -0.07526455 0.00984650
v -0.00363879 -0.07575000 0.00750000
v -0.00368219 -0.07577215 0.00984138
v -0.00302414 -0.07706137 0.00982837
v -0.00278963 -0.07780004 0.00750000
v -0.00284739 -0.07781363 0.00981844
v -0.00255002 -0.07907927 0.00980173
v -0.00250000 -0.08000000 0.00750000
v -0.00255002 -0.08000000 0.00978714
v -0.00255002 -0.08092074 0.00977254
v -0.00278963 -0.08219996 0.00750000
v -0.00285689 -0.08218364 0.00974905
v -0.00306975 -0.08305958 0.00973276
v -0.00363879 -0.08425000 0.00750000
v -0.00368519 -0.08422551 0.00970732
v -0.00498960 -0.08601041 0.00750000
v -0.00675000 -0.08736123 0.00750000
v -0.00677177 -0.08732988 0.00962325
v -0.00530995 -0.08631453 0.00965585
v -0.00501981 -0.08598391 0.00966437
v -0.00399980 -0.08482154 0.00969432
v -0.00880004 -0.08821038 0.00750000
v -0.01100000 -0.08850000 0.00750000
v -0.01100000 -0.08850000 0.00955694
v -0.00889989 -0.08823648 0.00958484
v -0.00880407 -0.08819984 0.00958650
v -0.00706937 -0.08753659 0.00961661
v -0.01525000 -0.08736122 0.00750000
v -0.01523896 -0.08734595 0.00952736
v -0.01510398 -0.08744361 0.00952733
v -0.01319996 -0.08821038 0.00750000
v -0.01340644 -0.08815224 0.00953527
v -0.01319637 -0.08819081 0.00953703
v -0.01164538 -0.08847548 0.00955004
v -0.01678654 -0.08622625 0.00952763
v -0.01701041 -0.08601041 0.00750000
v -0.01698744 -0.08599081 0.00952909
v -0.01805871 -0.08473546 0.00953689
v -0.01836122 -0.08425000 0.00750000
v -0.01831781 -0.08422786 0.00954202
v -0.01897587 -0.08293866 0.00955502
v -0.01921037 -0.08219996 0.00750000
v -0.01915262 -0.08218640 0.00956495
v -0.01944999 -0.08092074 0.00958166
v -0.01950000 -0.08000000 0.00750000
v -0.01944999 -0.08000000 0.00959626
v -0.01921037 -0.07780004 0.00750000
v -0.01914311 -0.07781639 0.00963434
v -0.01944999 -0.07907926 0.00961085
v -0.01701041 -0.07398960 0.00750000
v -0.01800020 -0.07517847 0.00968907
v -0.01836122 -0.07575000 0.00750000
v -0.01831482 -0.07577449 0.00967607
v -0.01893026 -0.07694042 0.00965063
v -0.01525000 -0.07263879 0.00750000
v -0.01669006 -0.07368548 0.00972754
v -0.01698020 -0.07401610 0.00971902
v -0.01319996 -0.07178963 0.00750000
v -0.01493063 -0.07246342 0.00976679
v -0.01522823 -0.07267013 0.00976015
v -0.01100000 -0.07150000 0.00982645
v -0.01310011 -0.07176352 0.00979856
v -0.01319594 -0.07180017 0.00979689
v -0.01213080 -0.08422023 0.00750000
v -0.01216469 -0.08434668 0.00000000
v -0.01318454 -0.08378374 0.00750000
v -0.01325000 -0.08389711 0.00000000
v -0.01408941 -0.08308941 0.00750000
v -0.01418198 -0.08318198 0.00000000
v -0.01478374 -0.08218455 0.00750000
v -0.01489711 -0.08225000 0.00000000
v -0.01522021 -0.08113082 0.00750000
v -0.01534667 -0.08116469 0.00000000
v -0.01536909 -0.08000000 0.00750000
v -0.01550000 -0.08000000 0.00000000
v -0.01522021 -0.07886920 0.00750000
v -0.01534667 -0.07883532 0.00000000
v -0.01478374 -0.07781546 0.00750000
v -0.01489711 -0.07775000 0.00000000
v -0.01408941 -0.07691059 0.00750000
v -0.01418198 -0.07681803 0.00000000
v -0.01318454 -0.07621627 0.00750000
v -0.01325000 -0.07610289 0.00000000
v -0.01213080 -0.07577980 0.00750000
v -0.01216469 -0.07565335 0.00000000
v -0.01100000 -0.07563092 0.00750000
v -0.01100000 -0.07550000 0.00000000
v -0.00986920 -0.07577980 0.00750000
v -0.00983532 -0.07565335 0.00000000
v -0.00881546 -0.07621627 0.00750000
v -0.00875000 -0.07610289 0.00000000
v -0.00791059 -0.07691059 0.00750000
v -0.00781802 -0.07681803 0.00000000
v -0.00721626 -0.07781546 0.00750000
v -0.00710289 -0.07775000 0.00000000
v -0.00677979 -0.07886921 0.00750000
v -0.00665334 -0.07883532 0.00000000
v -0.00663092 -0.08000000 0.00750000
v -0.00650000 -0.08000000 0.00000000
v -0.00677979 -0.08113082 0.00750000
v -0.00665334 -0.08116469 0.00000000
v -0.00721626 -0.08218455 0.00750000
v -0.00710289 -0.08225000 0.00000000
v -0.00791059 -0.08308941 0.00750000
v -0.00781802 -0.08318198 0.00000000
v -0.00881546 -0.08378374 0.00750000
v -0.00875000 -0.08389711 0.00000000
v -0.00986920 -0.08422023 0.00750000
v -0.00983532 -0.08434668 0.00000000
v -0.01100000 -0.08436909 0.00750000
v -0.01100000 -0.08450000 0.00000000
v -0.13913081 -0.04422021 0.00750000
v -0.13916471 -0.04434666 0.00000000
v -0.14018450 -0.04378374 0.00750000
v -0.14025001 -0.04389711 0.00000000
v -0.14108941 -0.04308940 0.00750000
v -0.14118202 -0.04318198 0.00000000
v -0.14178372 -0.04218454 0.00750000
v -0.14189710 -0.04225000 0.00000000
v -0.14222021 -0.04113079 0.00750000
v -0.14234670 -0.04116468 0.00000000
v -0.14236910 -0.04000000 0.00750000
v -0.14250001 -0.04000000 0.00000000
v -0.14222021 -0.03886920 0.00750000
v -0.14234670 -0.03883531 0.00000000
v -0.14178372 -0.03781546 0.00750000
v -0.14189710 -0.03775000 0.00000000
v -0.14108941 -0.03691059 0.00750000
v -0.14118202 -0.03681802 0.00000000
v -0.14018450 -0.03621625 0.00750000
v -0.14025001 -0.03610289 0.00000000
v -0.13913081 -0.03577978 0.00750000
v -0.13916471 -0.03565333 0.00000000
v -0.13800001 -0.03563090 0.00750000
v -0.13800001 -0.03550000 0.00000000
v -0.13686921 -0.03577978 0.00750000
v -0.13683530 -0.03565333 0.00000000
v -0.13581551 -0.03621625 0.00750000
v -0.13575001 -0.03610289 0.00000000
v -0.13491061 -0.03691059 0.00750000
v -0.13481800 -0.03681802 0.00000000
v -0.13421630 -0.03781546 0.00750000
v -0.13410291 -0.03775000 0.00000000
v -0.13377981 -0.03886920 0.00750000
v -0.13365331 -0.03883531 0.00000000
v -0.13363091 -0.04000000 0.00750000
v -0.13350001 -0.04000000 0.00000000
v -0.13377981 -0.04113079 0.00750000
v -0.13365331 -0.04116468 0.00000000
v -0.13421630 -0.04218454 0.00750000
v -0.13410291 -0.04225000 0.00000000
v -0.13491061 -0.04308941 0.00750000
v -0.13481800 -0.04318198 0.00000000
v -0.13581551 -0.04378374 0.00750000
v -0.13575001 -0.04389711 0.00000000
v -0.13686921 -0.04422021 0.00750000
v -0.13683531 -0.04434666 0.00000000
v -0.13800001 -0.04436909 0.00750000
v -0.13800001 -0.04450000 0.00000000
v -0.13913080 0.03577979 0.00750000
v -0.13916471 0.03565334 0.00000000
v -0.14018450 0.03621627 0.00750000
v -0.14025001 0.03610290 0.00000000
v -0.14108941 0.03691060 0.00750000
v -0.14118201 0.03681803 0.00000000
v -0.14178371 0.03781547 0.00750000
v -0.14189710 0.03775001 0.00000000
v -0.14222020 0.03886921 0.00750000
v -0.14234670 0.03883532 0.00000000
v -0.14236910 0.04000001 0.00750000
v -0.14250001 0.04000001 0.00000000
v -0.14222020 0.04113081 0.00750000
v -0.14234670 0.04116469 0.00000000
v -0.14178371 0.04218455 0.00750000
v -0.14189710 0.04225001 0.00000000
v -0.14108941 0.04308942 0.00750000
v -0.14118201 0.04318199 0.00000000
v -0.14018450 0.04378375 0.00750000
v -0.14025000 0.04389712 0.00000000
v -0.13913080 0.04422022 0.00750000
v -0.13916471 0.04434668 0.00000000
v -0.13800000 0.04436910 0.00750000
v -0.13800000 0.04450001 0.00000000
v -0.13686921 0.04422022 0.00750000
v -0.13683530 0.04434668 0.00000000
v -0.13581551 0.04378375 0.00750000
v -0.13575000 0.04389712 0.00000000
v -0.13491060 0.04308942 0.00750000
v -0.13481800 0.04318199 0.00000000
v -0.13421630 0.04218455 0.00750000
v -0.13410291 0.04225001 0.00000000
v -0.13377980 0.04113081 0.00750000
v -0.13365331 0.04116469 0.00000000
v -0.13363091 0.04000001 0.00750000
v -0.13350000 0.04000001 0.00000000
v -0.13377981 0.03886921 0.00750000
v -0.13365331 0.03883532 0.00000000
v -0.13421630 0.03781547 0.00750000
v -0.13410291 0.03775001 0.00000000
v -0.13491060 0.03691060 0.00750000
v -0.13481800 0.03681803 0.00000000
v -0.13581551 0.03621627 0.00750000
v -0.13575000 0.03610290 0.00000000
v -0.13686921 0.03577979 0.00750000
v -0.13683530 0.03565334 0.00000000
v -0.13800000 0.03563092 0.00750000
v -0.13800001 0.03550001 0.00000000
v -0.01213080 0.07577980 0.00750000
v -0.01216469 0.07565335 0.00000000
v -0.01318454 0.07621627 0.00750000
v -0.01325000 0.07610289 0.00000000
v -0.01408941 0.07691060 0.00750000
v -0.01418198 0.07681803 0.00000000
v -0.01478374 0.07781546 0.00750000
v -0.01489711 0.07775000 0.00000000
v -0.01522021 0.07886921 0.00750000
v -0.01534667 0.07883532 0.00000000
v -0.01536909 0.08000000 0.00750000
v -0.01550000 0.08000000 0.00000000
v -0.01522021 0.08113082 0.00750000
v -0.01534667 0.08116469 0.00000000
v -0.01478374 0.08218455 0.00750000
v -0.01489711 0.08225000 0.00000000
v -0.01408941 0.08308941 0.00750000
v -0.01418198 0.08318198 0.00000000
v -0.01318454 0.08378374 0.00750000
v -0.01325000 0.08389711 0.00000000
v -0.01213080 0.08422023 0.00750000
v -0.01216469 0.08434668 0.00000000
v -0.01100000 0.08436909 0.00750000
v -0.01100000 0.08450000 0.00000000
v -0.00986919 0.08422023 0.00750000
v -0.00983531 0.08434668 0.00000000
v -0.00881545 0.08378374 0.00750000
v -0.00875000 0.08389711 0.00000000
v -0.00791059 0.08308941 0.00750000
v -0.00781802 0.08318198 0.00000000
v -0.00721626 0.08218455 0.00750000
v -0.00710288 0.08225000 0.00000000
v -0.00677978 0.08113082 0.00750000
v -0.00665333 0.08116469 0.00000000
v -0.00663091 0.08000000 0.00750000
v -0.00650000 0.08000000 0.00000000
v -0.00677978 0.07886921 0.00750000
v -0.00665333 0.07883532 0.00000000
v -0.00721626 0.07781546 0.00750000
v -0.00710288 0.07775000 0.00000000
v -0.00791059 0.07691060 0.00750000
v -0.00781802 0.07681803 0.00000000
v -0.00881545 0.07621627 0.00750000
v -0.00875000 0.07610289 0.00000000
v -0.00986920 0.07577980 0.00750000
v -0.00983531 0.07565335 0.00000000
v -0.01100000 0.07563092 0.00750000
v -0.01100000 0.07550000 0.00000000
v -0.00605608 -0.05857505 0.00160571
v -0.00600000 -0.05857505 0.00000000
v -0.00628555 -0.06047002 0.00160972
v -0.00625000 -0.06054814 0.00000000
v -0.00631656 -0.06055278 0.00161026
v -0.00625281 -0.06057028 0.00000000
v -0.00693864 -0.06221298 0.00162111
v -0.00699525 -0.06243943 0.00000000
v -0.00706610 -0.06239738 0.00162334
v -0.00736765 -0.06295000 0.00000000
v -0.00809858 -0.06389100 0.00164136
v -0.00818040 -0.06406433 0.00000000
v -0.00823342 -0.06401245 0.00164372
v -0.00911082 -0.06480271 0.00165903
v -0.00973337 -0.06534230 0.00000000
v -0.00932272 -0.06499356 0.00166273
v -0.01155598 -0.06619258 0.00000000
v -0.01100436 -0.06592926 0.00169208
v -0.00978725 -0.06525203 0.00167084
v -0.01400000 -0.06651413 0.00174437
v -0.01353819 -0.06647965 0.00173631
v -0.01353306 -0.06656141 0.00000000
v -0.01281144 -0.06642539 0.00172363
v -0.01158698 -0.06608921 0.00170225
v -0.01476750 -0.06647647 0.00175777
v -0.01553966 -0.06642549 0.00000000
v -0.01552776 -0.06636479 0.00177104
v -0.01353306 0.06656141 0.00000000
v -0.01400000 0.06651413 0.00174437
v -0.01553966 0.06642550 0.00000000
v -0.01476750 0.06647647 0.00175777
v -0.01552776 0.06636480 0.00177104
v -0.01155598 0.06619258 0.00000000
v -0.01210472 0.06628579 0.00171129
v -0.01354166 0.06645890 0.00173637
v -0.00973336 0.06534230 0.00000000
v -0.01036101 0.06563353 0.00168085
v -0.01159011 0.06609328 0.00170231
v -0.00825229 0.06399776 0.00164404
v -0.00868203 0.06447419 0.00165155
v -0.00818040 0.06406433 0.00000000
v -0.00911082 0.06477025 0.00165903
v -0.00979783 0.06524466 0.00167102
v -0.00699525 0.06243943 0.00000000
v -0.00709592 0.06238357 0.00162386
v -0.00758131 0.06325389 0.00163233
v -0.00600000 0.05857505 0.00000000
v -0.00605607 0.05857505 0.00160571
v -0.00625000 0.06054814 0.00000000
v -0.00614603 0.05976683 0.00160728
v -0.00625280 0.06057028 0.00000000
v -0.00635966 0.06054182 0.00161101
v -0.00664396 0.06157322 0.00161597
v 0.01856365 0.07488994 0.01014277
v 0.01877726 0.07501628 0.01011076
v 0.01958992 0.07367079 0.01059918
v 0.01973566 0.07370423 0.01057713
v 0.01943826 0.07412937 0.01035902
v 0.02149608 0.07215361 0.01161407
v 0.02156357 0.07210408 0.01156462
v 0.02122688 0.07283449 0.01063376
v 0.02023733 0.07487289 0.00896463
v 0.02016952 0.07489889 0.00918583
v 0.02029340 0.07478148 0.00897957
v 0.02082800 0.07375769 0.00967700
v 0.02091436 0.07369058 0.00949202
v 0.02097994 0.07357540 0.00954613
v 0.02136458 0.07274118 0.01047778
v 0.02147019 0.07263360 0.01032413
v 0.02172137 0.07198304 0.01142760
v 0.02174087 0.07196833 0.01138934
v 0.02176726 0.07195166 0.01131202
v 0.02179073 0.07194393 0.01118740
v 0.02149172 0.07259226 0.01035827
v 0.02167630 0.07202136 0.01148202
v 0.02169408 0.07200569 0.01146495
v 0.02171008 0.07199240 0.01144305
v 0.02106136 0.07290629 0.01078221
v 0.02139141 0.07219809 0.01167258
v 0.02140600 0.07219189 0.01166442
v 0.02125007 0.07225818 0.01175159
v 0.02087268 0.07295269 0.01091711
v 0.02120490 0.07227739 0.01177684
v 0.02086311 0.07260549 0.01145031
v 0.02119323 0.07228234 0.01178336
v 0.02108122 0.07230011 0.01182934
v 0.02099781 0.07231333 0.01186358
v 0.02064846 0.07261286 0.01152891
v 0.02087408 0.07233295 0.01191438
v 0.02072282 0.07232321 0.01195740
v 0.02043359 0.07259259 0.01158686
v 0.02057676 0.07231381 0.01199895
v 0.01978552 0.07340506 0.01077699
v 0.01988060 0.07327090 0.01089599
v 0.02000308 0.07330275 0.01085520
v 0.02015721 0.07288059 0.01124218
v 0.01928564 0.07406861 0.01042426
v 0.01911575 0.07457090 0.01020298
v 0.01896277 0.07449073 0.01023865
v 0.01859523 0.07486178 0.01014859
v 0.01883470 0.07464827 0.01019275
v 0.01894459 0.07451449 0.01022820
v 0.01905726 0.07585945 0.00971927
v 0.01940845 0.07534687 0.00974122
v 0.01921833 0.07595713 0.00950354
v 0.01992016 0.07488304 0.00963719
v 0.01926281 0.07598410 0.00944395
v 0.01948004 0.07610758 0.00876279
v 0.01942818 0.07607997 0.00901406
v 0.01940658 0.07606848 0.00911869
v 0.02006289 0.07490341 0.00941736
v 0.01934220 0.07603070 0.00926434
v 0.02054832 0.07383966 0.01006478
v 0.02070383 0.07381016 0.00987563
v 0.02052781 0.07231066 0.01201287
v 0.02054160 0.07231155 0.01200895
v 0.02049551 0.07236383 0.01192287
v 0.02034510 0.07259359 0.01162022
v 0.02023879 0.07292739 0.01119507
v 0.02045344 0.07296241 0.01112655
v 0.02066744 0.07297145 0.01103320
v 0.01974556 0.07483697 0.00983395
v 0.02006786 0.07433097 0.00999941
v 0.02036602 0.07384343 0.01023591
v 0.02043127 0.07338193 0.01067341
v 0.02021781 0.07335434 0.01077891
v 0.01842242 0.07546396 0.01007153
v 0.01851261 0.07552093 0.01005863
v 0.01864226 0.07560199 0.01000026
v 0.01995083 0.07377331 0.01049614
v 0.02016396 0.07382083 0.01038150
v 0.01965429 0.07421657 0.01027638
v 0.01986741 0.07428520 0.01015556
v 0.01933320 0.07467630 0.01012170
v 0.01954664 0.07476678 0.00999774
v 0.01899673 0.07513922 0.01003371
v 0.01921093 0.07525160 0.00990961
v 0.01880214 0.07570195 0.00992830
v 0.01885737 0.07573604 0.00988305
v 0.02057676 0.07231381 0.01199895
v 0.02054160 0.07231155 0.01200895
v 0.02074518 0.07209191 0.01248680
v 0.02110331 0.07180735 0.01356945
v 0.02106341 0.07176092 0.01415637
v 0.02087812 0.07191915 0.01301646
v 0.02071968 0.07191973 0.01303794
v 0.02075750 0.07181974 0.01338969
v 0.02066843 0.07205520 0.01256136
v 0.02065447 0.07208057 0.01250689
v 0.02052781 0.07231066 0.01201287
v 0.02092133 0.07210514 0.01244456
v 0.02072282 0.07232321 0.01195740
v 0.02109848 0.07209754 0.01239377
v 0.02087408 0.07233295 0.01191438
v 0.02099781 0.07231333 0.01186358
v 0.02127256 0.07206861 0.01233531
v 0.02108122 0.07230011 0.01182934
v 0.02119323 0.07228234 0.01178336
v 0.02143952 0.07201870 0.01227044
v 0.02120490 0.07227739 0.01177684
v 0.02159564 0.07194921 0.01220070
v 0.02139141 0.07219809 0.01167258
v 0.02125007 0.07225818 0.01175159
v 0.02156357 0.07210408 0.01156462
v 0.02149608 0.07215361 0.01161407
v 0.02140600 0.07219189 0.01166442
v 0.02105405 0.07192314 0.01299344
v 0.02123104 0.07190644 0.01296482
v 0.02140526 0.07186870 0.01293105
v 0.02173019 0.07173342 0.01285098
v 0.02106531 0.07176100 0.01415658
v 0.02107665 0.07176147 0.01415785
v 0.02145480 0.07174230 0.01355658
v 0.02142140 0.07169313 0.01419484
v 0.02178076 0.07159656 0.01353282
v 0.02174085 0.07154558 0.01422761
v 0.02174256 0.07154423 0.01422778
v 0.02174305 0.07154384 0.01422783
v 0.01693096 0.07996614 0.00868093
v 0.01585834 0.08155300 0.00864708
v 0.01585013 0.08155255 0.00890022
v 0.00000000 0.09360389 0.00865907
v 0.00000000 0.09352385 0.00882015
v 0.00163309 0.09343914 0.00884329
v 0.00000000 0.09319861 0.00927237
v 0.00000000 0.09293554 0.00946448
v 0.00155836 0.09288125 0.00946041
v 0.00000000 0.09259259 0.00960819
v 0.00000000 0.09246251 0.00962695
v 0.00149534 0.09237627 0.00965569
v 0.00000000 0.09220958 0.00966342
v 0.00146029 0.09207538 0.00968140
v -0.00000003 0.09367958 0.00832344
v -0.00000000 0.09362333 0.00857284
v 0.00165367 0.09354548 0.00834145
v 0.00164774 0.09353472 0.00859226
v 0.00226481 0.09349591 0.00834811
v 0.01507771 0.08104491 0.00989448
v 0.01528821 0.08118650 0.00977311
v 0.01548000 0.08131420 0.00960310
v 0.01486065 0.08089773 0.00996475
v 0.00000000 0.09319873 0.00927222
v 0.00158747 0.09310601 0.00929032
v 0.00334557 0.09275927 0.00931353
v 0.00328141 0.09254123 0.00948362
v 0.00504880 0.09212379 0.00934005
v 0.00494946 0.09191862 0.00951011
v 0.00000000 0.09271869 0.00955535
v 0.00152707 0.09263327 0.00958306
v 0.00321158 0.09230059 0.00960607
v 0.00484093 0.09169205 0.00963233
v 0.00877302 0.08852359 0.00979002
v 0.00856250 0.08830816 0.00981287
v 0.00961645 0.08728213 0.00983898
v 0.00314001 0.09205111 0.00967834
v 0.00472934 0.09145710 0.00970418
v 0.00460404 0.09119445 0.00972848
v 0.00618966 0.09063679 0.00973179
v 0.00633357 0.09085412 0.00966035
v 0.00647337 0.09106361 0.00953834
v 0.00660109 0.09125319 0.00936828
v 0.00222363 0.09200522 0.00969080
v 0.00305622 0.09175828 0.00970346
v 0.00413303 0.09143892 0.00971984
v 0.00587644 0.09053396 0.00975183
v 0.00604049 0.09041154 0.00975537
v 0.00758854 0.08925629 0.00978874
v 0.00961148 0.08935672 0.00872578
v 0.00966570 0.08937281 0.00847344
v 0.00875438 0.09016227 0.00845379
v 0.01182788 0.08679272 0.00903691
v 0.01190605 0.08685192 0.00878405
v 0.01169505 0.08717975 0.00852425
v 0.01171162 0.08670147 0.00927577
v 0.00954003 0.08928984 0.00897836
v 0.00685033 0.09161174 0.00866781
v 0.00771253 0.09106485 0.00843133
v 0.00685931 0.09161722 0.00841590
v 0.00638363 0.09192518 0.00840730
v 0.00524392 0.09251308 0.00864039
v 0.00591256 0.09223017 0.00839878
v 0.00525408 0.09252362 0.00838885
v 0.00439596 0.09290603 0.00837591
v 0.00347330 0.09317418 0.00861473
v 0.00418453 0.09300026 0.00837272
v 0.00348024 0.09318210 0.00836369
v 0.00242306 0.09345507 0.00835014
v 0.00344347 0.09308194 0.00886608
v 0.00519899 0.09242685 0.00889211
v 0.00679336 0.09153261 0.00891988
v 0.00943411 0.08918724 0.00921698
v 0.01156051 0.08658055 0.00948634
v 0.00000000 0.09343840 0.00899213
v 0.00161278 0.09329496 0.00908063
v 0.00340047 0.09294239 0.00910368
v 0.00513332 0.09229593 0.00913002
v 0.00670948 0.09141204 0.00915808
v 0.00929667 0.08905159 0.00942742
v 0.00913436 0.08888939 0.00959745
v 0.00895640 0.08870993 0.00971915
v 0.01138186 0.08643574 0.00965637
v 0.01118587 0.08627536 0.00977790
v 0.01098384 0.08610878 0.00984845
v 0.01075860 0.08592154 0.00987078
v 0.01844284 0.07772941 0.00872866
v 0.01450538 0.08355465 0.00860437
v 0.01217006 0.08656704 0.00853779
v 0.01193472 0.08687060 0.00853108
v 0.01576661 0.08150082 0.00915333
v 0.01564208 0.08142068 0.00939240
v 0.01181421 0.08466408 0.00990018
v 0.01431655 0.08123414 0.00997621
v 0.01463800 0.08074594 0.00998665
v 0.01618237 0.07097190 0.05455848
v -0.00000123 0.06802671 0.08712297
v -0.00000116 0.06799399 0.08716890
v 0.00196928 0.06828311 0.08711007
v 0.01662893 0.07108327 0.04796148
v 0.01581992 0.07095224 0.05451074
v 0.01214089 0.07035636 0.07897280
v 0.01184916 0.07030912 0.07957083
v 0.01223130 0.07032585 0.07973828
v 0.00683938 0.06944691 0.08522532
v -0.00000052 0.06835675 0.08641568
v 0.00184835 0.06864405 0.08643509
v 0.00439385 0.06905304 0.08603366
v 0.00909235 0.06981198 0.08389705
v 0.00882219 0.06981887 0.08354895
v 0.00956531 0.06993921 0.08298256
v 0.01093313 0.07011251 0.08201867
v 0.00978693 0.06997512 0.08271355
v 0.01123158 0.07020909 0.08083678
v 0.01108413 0.07018521 0.08113904
v 0.01058187 0.07010385 0.08174868
v 0.01220876 0.07036737 0.07867990
v 0.01300672 0.07045401 0.07725011
v 0.01256338 0.07042479 0.07714949
v 0.01342477 0.07052338 0.07471811
v 0.01298881 0.07049370 0.07531346
v 0.01274495 0.07045420 0.07636586
v 0.01542899 0.07088893 0.05767549
v 0.01414243 0.07068054 0.06697487
v 0.01307793 0.07050814 0.07466928
v 0.01984944 0.07160488 0.02189030
v 0.01966540 0.07094272 0.03446387
v 0.01411611 0.07029149 0.07480952
v 0.01694306 0.07050360 0.05585611
v 0.01686013 0.07075370 0.05464269
v 0.01931717 0.07088582 0.03745622
v 0.01384623 0.07009637 0.07742403
v 0.01426224 0.07018434 0.07482753
v 0.01304420 0.06993480 0.08005886
v 0.01254930 0.06967773 0.08130237
v 0.01172314 0.06960235 0.08255327
v 0.00726295 0.06892929 0.08599163
v 0.00821674 0.06891244 0.08560456
v 0.00968550 0.06932382 0.08456090
v 0.00949755 0.06912195 0.08482203
v 0.00973191 0.06924736 0.08460485
v 0.01066779 0.06932590 0.08382965
v 0.00552956 0.06849832 0.08673153
v 0.00467033 0.06853657 0.08683664
v 0.00551333 0.06849597 0.08673495
v 0.00200356 0.06814508 0.08723883
v 0.00000008 0.06782019 0.08731797
v 0.00000001 0.06782914 0.08731031
v -0.00000075 0.06834462 0.08651245
v -0.00000079 0.06834278 0.08652713
v 0.00187452 0.06858810 0.08661992
v -0.00000114 0.06828425 0.08667582
v -0.00000118 0.06827819 0.08669121
v -0.00000160 0.06820912 0.08686670
v -0.00000136 0.06809336 0.08702932
v 0.00190390 0.06850795 0.08679705
v 0.00193577 0.06840531 0.08696180
v 0.00450392 0.06891494 0.08639885
v 0.00456076 0.06880847 0.08656372
v 0.00701673 0.06931237 0.08557621
v 0.00710388 0.06920549 0.08573375
v 0.00934727 0.06969062 0.08420086
v 0.00946928 0.06958980 0.08433731
v 0.01125082 0.07000914 0.08224611
v 0.01140145 0.06991867 0.08234887
v 0.01258297 0.07023812 0.07988260
v 0.01274962 0.07015761 0.07994829
v 0.01336854 0.07037633 0.07732782
v 0.01354039 0.07030284 0.07736341
v 0.01378451 0.07045082 0.07476677
v 0.01395579 0.07038121 0.07478913
v 0.00461672 0.06868093 0.08671074
v 0.00718667 0.06907627 0.08587329
v 0.00958297 0.06946607 0.08445826
v 0.01154112 0.06980561 0.08244059
v 0.01290450 0.07005540 0.08000747
v 0.01370074 0.07020854 0.07739569
v 0.01166654 0.06967382 0.08251925
v 0.00444778 0.06899710 0.08622046
v 0.00692770 0.06939350 0.08540503
v 0.00922039 0.06976525 0.08405262
v 0.01109325 0.07007422 0.08213501
v 0.01240869 0.07029455 0.07981198
v 0.01318919 0.07042704 0.07728975
v 0.01360612 0.07049848 0.07474290
v 0.01653418 0.07090422 0.05460316
v 0.02019804 -0.07282210 0.01129898
v 0.02014181 -0.07290355 0.01121497
v 0.02024038 -0.07292617 0.01118959
v 0.02005868 -0.07302392 0.01109078
v 0.01987770 -0.07327321 0.01090404
v 0.02000527 -0.07330072 0.01085006
v 0.02142007 -0.07273851 0.01020332
v 0.02146656 -0.07263910 0.01032563
v 0.02136623 -0.07273957 0.01047269
v 0.02043474 -0.07259208 0.01158088
v 0.02057785 -0.07231538 0.01199304
v 0.02052863 -0.07231070 0.01200617
v 0.02086427 -0.07260492 0.01144438
v 0.02090466 -0.07232335 0.01189267
v 0.02064960 -0.07261230 0.01152295
v 0.02077753 -0.07233436 0.01193978
v 0.02072438 -0.07232931 0.01195395
v 0.02120188 -0.07226992 0.01176719
v 0.02108905 -0.07230739 0.01182435
v 0.02099976 -0.07231511 0.01185744
v 0.02106297 -0.07290483 0.01077695
v 0.02140803 -0.07220145 0.01166274
v 0.02124928 -0.07225419 0.01174318
v 0.02087428 -0.07295128 0.01091178
v 0.02141137 -0.07219922 0.01166042
v 0.02122851 -0.07283294 0.01062859
v 0.02156055 -0.07209939 0.01155654
v 0.02167713 -0.07202138 0.01147537
v 0.02170727 -0.07199521 0.01144330
v 0.02179157 -0.07194394 0.01118073
v 0.02176025 -0.07195610 0.01133256
v 0.02175214 -0.07196119 0.01135655
v 0.02172103 -0.07198398 0.01142288
v 0.02171128 -0.07199193 0.01143736
v 0.02024173 -0.07486776 0.00895631
v 0.02017410 -0.07489268 0.00918075
v 0.02020255 -0.07493592 0.00892709
v 0.01943440 -0.07607161 0.00900729
v 0.01948646 -0.07609887 0.00875613
v 0.01933754 -0.07467142 0.01011615
v 0.01944185 -0.07412558 0.01035385
v 0.01912012 -0.07456624 0.01019746
v 0.01896748 -0.07448594 0.01023241
v 0.01894534 -0.07451462 0.01022134
v 0.01866448 -0.07481382 0.01014990
v 0.01859853 -0.07486436 0.01014058
v 0.01878241 -0.07501078 0.01010468
v 0.01857069 -0.07488570 0.01013665
v 0.01952666 -0.07375671 0.01054182
v 0.01938005 -0.07395127 0.01043876
v 0.01929607 -0.07406009 0.01039676
v 0.02034546 -0.07259405 0.01161435
v 0.01922426 -0.07594957 0.00949656
v 0.01941357 -0.07534057 0.00973508
v 0.01906312 -0.07585231 0.00971222
v 0.01921603 -0.07524562 0.00990344
v 0.01886322 -0.07572924 0.00987602
v 0.01880799 -0.07569526 0.00992127
v 0.01864814 -0.07559550 0.00999329
v 0.01900184 -0.07513350 0.01002755
v 0.01851849 -0.07551461 0.01005171
v 0.01842834 -0.07545771 0.01006467
v 0.01960088 -0.07365448 0.01061841
v 0.01973852 -0.07370131 0.01057210
v 0.01965787 -0.07421263 0.01027121
v 0.01955098 -0.07476169 0.00999220
v 0.01995368 -0.07377028 0.01049113
v 0.01987098 -0.07428106 0.01015043
v 0.01974992 -0.07483160 0.00982849
v 0.02066903 -0.07297013 0.01102780
v 0.02022000 -0.07335222 0.01077380
v 0.02016683 -0.07381765 0.01037655
v 0.02007145 -0.07432660 0.00999437
v 0.01992457 -0.07487738 0.00963183
v 0.02089551 -0.07373072 0.00944387
v 0.02083100 -0.07375383 0.00967252
v 0.02070678 -0.07380646 0.00987101
v 0.02055122 -0.07383613 0.01006003
v 0.02036889 -0.07384008 0.01023104
v 0.02043346 -0.07337970 0.01066836
v 0.02045504 -0.07296116 0.01112110
v 0.01926877 -0.07597644 0.00943697
v 0.02006738 -0.07489747 0.00941213
v 0.01934826 -0.07602272 0.00925745
v 0.01941273 -0.07606028 0.00911185
v 0.01234688 -0.08397387 0.00989239
v 0.01075786 -0.08592048 0.00984358
v 0.01098763 -0.08611062 0.00982102
v 0.01561922 -0.07931926 0.01000314
v 0.01462628 -0.08073165 0.00996954
v 0.01486561 -0.08089550 0.00994745
v 0.00473035 -0.09279680 0.00834186
v 0.00525437 -0.09252826 0.00835079
v 0.00524564 -0.09251686 0.00860207
v 0.00505017 -0.09212855 0.00930120
v 0.00334634 -0.09276436 0.00927317
v 0.00340130 -0.09294709 0.00906344
v -0.00000037 -0.09352997 0.00877899
v 0.00163364 -0.09344371 0.00880223
v 0.00161325 -0.09329982 0.00903934
v -0.00000015 -0.09362510 0.00853071
v -0.00000000 -0.09368428 0.00828235
v 0.00076882 -0.09366395 0.00829047
v 0.00164840 -0.09353908 0.00855145
v -0.00000022 -0.09359611 0.00865227
v -0.00000037 -0.09352999 0.00877898
v -0.00000089 -0.09319643 0.00923720
v -0.00000088 -0.09320324 0.00922944
v 0.00158787 -0.09311129 0.00924892
v -0.00000088 -0.09320324 0.00922943
v -0.00000061 -0.09342991 0.00897071
v -0.00000067 -0.09272516 0.00951312
v -0.00000088 -0.09289859 0.00944601
v 0.00155872 -0.09288697 0.00941901
v -0.00000067 -0.09272516 0.00951312
v -0.00000035 -0.09246975 0.00958860
v -0.00000035 -0.09246975 0.00958860
v 0.00152741 -0.09263945 0.00954180
v -0.00000047 -0.09256167 0.00957638
v 0.01548491 -0.08131105 0.00958561
v 0.01564706 -0.08141710 0.00937498
v 0.01577171 -0.08149684 0.00913601
v 0.01585540 -0.08154818 0.00888302
v 0.01693318 -0.07996824 0.00866675
v 0.00660305 -0.09125741 0.00933131
v 0.00513476 -0.09230027 0.00909129
v 0.00671152 -0.09141587 0.00912121
v 0.00520054 -0.09243087 0.00885357
v 0.00679552 -0.09153608 0.00888318
v 0.00685267 -0.09161491 0.00863131
v 0.00639656 -0.09194294 0.00837026
v 0.00165204 -0.09354635 0.00830097
v 0.00242328 -0.09344363 0.00831014
v 0.00347437 -0.09317836 0.00857494
v 0.00344440 -0.09308632 0.00882605
v 0.00283960 -0.09338819 0.00831509
v 0.00347993 -0.09318790 0.00832415
v 0.00439665 -0.09290117 0.00833714
v 0.00656203 -0.09185814 0.00837308
v 0.00686915 -0.09163392 0.00837947
v 0.00847145 -0.09046413 0.00841278
v 0.00984769 -0.08703544 0.00981562
v 0.00856859 -0.08831621 0.00978087
v 0.00877593 -0.08852746 0.00975777
v 0.00785409 -0.08903164 0.00976146
v 0.01118961 -0.08627697 0.00975031
v 0.00619171 -0.09064216 0.00969515
v 0.00895925 -0.08871351 0.00968673
v 0.01138558 -0.08643699 0.00962871
v 0.00604517 -0.09042081 0.00971901
v 0.00594876 -0.09049485 0.00971674
v 0.00473077 -0.09146305 0.00966570
v 0.00460412 -0.09119822 0.00969040
v 0.00412254 -0.09145015 0.00968097
v 0.00314077 -0.09205748 0.00963839
v 0.00305642 -0.09176226 0.00966398
v 0.00216618 -0.09202289 0.00964979
v 0.00149567 -0.09238286 0.00961471
v 0.00146107 -0.09208594 0.00964083
v -0.00000000 -0.09221659 0.00962226
v 0.00321232 -0.09230658 0.00956585
v 0.00484231 -0.09169764 0.00959362
v 0.00633556 -0.09085917 0.00962349
v 0.00913718 -0.08889264 0.00956493
v 0.01156424 -0.08658142 0.00945868
v 0.00328215 -0.09254677 0.00944326
v 0.00495082 -0.09192382 0.00947127
v 0.00647533 -0.09106826 0.00950136
v 0.00929951 -0.08905443 0.00939490
v 0.00943701 -0.08918967 0.00918455
v 0.00954307 -0.08929190 0.00894606
v 0.00961470 -0.08935843 0.00869365
v 0.00876869 -0.09018036 0.00842015
v 0.01171542 -0.08670192 0.00924818
v 0.01183181 -0.08679278 0.00900944
v 0.01191017 -0.08685161 0.00875673
v 0.01508262 -0.08104245 0.00987706
v 0.01529310 -0.08118371 0.00975562
v 0.00962567 -0.08936216 0.00844139
v 0.01048685 -0.08853997 0.00846273
v 0.01192878 -0.08686013 0.00850403
v 0.01217688 -0.08657109 0.00851114
v 0.01264588 -0.08602470 0.00852457
v 0.01536054 -0.08235151 0.00861170
v 0.01588219 -0.08156096 0.00862996
v 0.02123181 -0.07190654 0.01295806
v 0.02140603 -0.07186879 0.01292429
v 0.02145556 -0.07174242 0.01354976
v 0.02107741 -0.07176160 0.01415098
v 0.02106607 -0.07176113 0.01414972
v 0.02110408 -0.07180746 0.01356263
v 0.02057785 -0.07231538 0.01199304
v 0.02072438 -0.07232931 0.01195395
v 0.02082668 -0.07221843 0.01217943
v 0.02140803 -0.07220145 0.01166274
v 0.02141137 -0.07219922 0.01166042
v 0.02159643 -0.07194928 0.01219400
v 0.02156055 -0.07209939 0.01155654
v 0.02076231 -0.07177115 0.01373125
v 0.02072929 -0.07190970 0.01302693
v 0.02105482 -0.07192324 0.01298667
v 0.02075826 -0.07181984 0.01338293
v 0.02106522 -0.07176108 0.01414962
v 0.02124928 -0.07225419 0.01174318
v 0.02144032 -0.07201877 0.01226373
v 0.02120188 -0.07226992 0.01176719
v 0.02127336 -0.07206868 0.01232859
v 0.02108905 -0.07230739 0.01182435
v 0.02099976 -0.07231511 0.01185744
v 0.02109928 -0.07209761 0.01238704
v 0.02090466 -0.07232335 0.01189267
v 0.02058470 -0.07220459 0.01225264
v 0.02052863 -0.07231070 0.01200617
v 0.02092213 -0.07210521 0.01243783
v 0.02064289 -0.07209444 0.01250846
v 0.02099835 -0.07200663 0.01270691
v 0.02071171 -0.07196419 0.01281099
v 0.02174160 -0.07154571 0.01422075
v 0.02142216 -0.07169326 0.01418798
v 0.02174359 -0.07154415 0.01422094
v 0.02173096 -0.07173352 0.01284422
v 0.02178152 -0.07159668 0.01352602
v 0.02174382 -0.07154396 0.01422096
v 0.02077753 -0.07233436 0.01193978
v 0.01685169 -0.07075210 0.05470933
v 0.00966905 -0.06923651 0.08465374
v 0.00962301 -0.06931302 0.08460962
v 0.01160601 -0.06966257 0.08260064
v 0.01652612 -0.07090259 0.05466983
v -0.00000009 -0.06790960 0.08724794
v -0.00000011 -0.06795002 0.08721524
v 0.00195621 -0.06828089 0.08711142
v -0.00000102 -0.06809070 0.08703216
v -0.00000104 -0.06809298 0.08702922
v 0.00192282 -0.06840298 0.08696331
v -0.00000139 -0.06823880 0.08678618
v -0.00000119 -0.06827967 0.08669243
v 0.00186184 -0.06858572 0.08662191
v 0.00434922 -0.06904557 0.08604528
v 0.01183381 -0.07030664 0.07973523
v 0.01185350 -0.07030983 0.07968740
v 0.01219085 -0.07031890 0.07983580
v 0.01705295 -0.07115194 0.04512471
v 0.00199036 -0.06814300 0.08724000
v -0.00000006 -0.06783081 0.08731173
v 0.00272696 -0.06809391 0.08723983
v 0.00462304 -0.06852941 0.08684751
v 0.00616766 -0.06859307 0.08653415
v 0.00721186 -0.06892115 0.08601403
v 0.00550455 -0.06849630 0.08670153
v 0.00949978 -0.06912271 0.08481974
v 0.01064816 -0.06932341 0.08381051
v 0.01166224 -0.06959095 0.08263502
v 0.01255246 -0.06967801 0.08130632
v 0.01333287 -0.06983390 0.07967869
v 0.01300083 -0.06992617 0.08016279
v 0.01375642 -0.06992379 0.07818891
v 0.01382075 -0.07009092 0.07754277
v 0.01694272 -0.07049730 0.05585480
v 0.01410248 -0.07028859 0.07491326
v 0.01424848 -0.07018138 0.07493129
v 0.01963072 -0.07093838 0.03445947
v 0.01617469 -0.07097042 0.05462519
v 0.01580323 -0.07094954 0.05457600
v 0.01667751 -0.07109114 0.04796405
v 0.01416357 -0.07068396 0.06697628
v 0.01262286 -0.07043442 0.07728096
v 0.01280715 -0.07046428 0.07638009
v 0.01298260 -0.07044973 0.07736377
v 0.01287985 -0.07047606 0.07602468
v 0.01341158 -0.07052093 0.07482180
v 0.01305885 -0.07050505 0.07477201
v 0.01404901 -0.07066542 0.06784267
v 0.01207578 -0.07034582 0.07914750
v 0.01222198 -0.07036950 0.07868082
v 0.01255197 -0.07042295 0.07762751
v 0.01087744 -0.07010308 0.08209428
v 0.01056114 -0.07010051 0.08185022
v 0.01092859 -0.07016002 0.08137580
v 0.01126065 -0.07021379 0.08085083
v 0.01126564 -0.07021461 0.08084294
v 0.01156639 -0.07026332 0.08029590
v 0.00879431 -0.06981434 0.08362950
v 0.00928629 -0.06989402 0.08323611
v 0.00903522 -0.06980239 0.08394266
v 0.00980173 -0.06997750 0.08272326
v 0.01016445 -0.07003625 0.08236238
v 0.00679196 -0.06943895 0.08524743
v 0.00864697 -0.06979049 0.08374731
v -0.00000097 -0.06832682 0.08658426
v -0.00000077 -0.06833950 0.08651265
v 0.00183579 -0.06864175 0.08643729
v -0.00000001 -0.06838752 0.08624157
v -0.00000000 -0.06838761 0.08623881
v -0.00000164 -0.06818513 0.08690928
v 0.00189108 -0.06850555 0.08679882
v 0.00445811 -0.06890734 0.08641011
v 0.00440255 -0.06898951 0.08623191
v 0.00696767 -0.06930410 0.08559845
v 0.00687945 -0.06938534 0.08542720
v 0.00928775 -0.06968036 0.08424794
v 0.00916205 -0.06975531 0.08409900
v 0.01119303 -0.06999891 0.08232444
v 0.01103650 -0.07006440 0.08221200
v 0.01254133 -0.07023047 0.07998307
v 0.01236765 -0.07028727 0.07991101
v 0.01334391 -0.07037156 0.07744378
v 0.01316482 -0.07042251 0.07740458
v 0.01377113 -0.07044809 0.07487049
v 0.01359284 -0.07049589 0.07484661
v 0.01308800 -0.06978498 0.08018940
v 0.00456986 -0.06867356 0.08672168
v 0.00713617 -0.06906803 0.08589563
v 0.00952134 -0.06945539 0.08450651
v 0.01148142 -0.06979464 0.08252114
v 0.01286169 -0.07004708 0.08011042
v 0.01367555 -0.07020330 0.07751361
v 0.00451440 -0.06880095 0.08657480
v 0.00705406 -0.06919719 0.08575603
v 0.00940865 -0.06957930 0.08438504
v 0.01134267 -0.06990806 0.08242839
v 0.01270738 -0.07014962 0.08005008
v 0.01351549 -0.07029782 0.07748040
v 0.01394229 -0.07037838 0.07489287
v 0.00000061 0.06887963 0.01202563
v 0.00000060 0.06875212 0.01234962
v 0.00983344 0.07032007 0.01242596
v 0.00000096 0.06994419 0.01082226
v 0.01049452 0.07162213 0.01089875
v 0.00000160 0.07025870 0.01056389
v 0.01089581 0.07252980 0.01039467
v 0.00000178 0.07077167 0.01031206
v 0.00000179 0.07078717 0.01030444
v 0.00000095 0.06993893 0.01082657
v 0.00000002 0.06947681 0.01120620
v 0.01013325 0.07087068 0.01158952
v 0.00000024 0.06925083 0.01151627
v 0.00000024 0.06924861 0.01151933
v 0.00000060 0.06874675 0.01236326
v 0.00961293 0.07000304 0.01335836
v 0.00971234 0.07013084 0.01288353
v 0.00000058 0.06851017 0.01296444
v 0.00000039 0.06847129 0.01327755
v 0.00000038 0.06846810 0.01330327
v 0.00000188 0.07102945 0.01018550
v 0.01119287 0.07324192 0.01016654
v 0.00000075 0.07170983 0.01001761
v 0.01134534 0.07354492 0.01010754
v 0.00000071 0.07173674 0.01001097
v 0.01139922 0.07361326 0.01009988
v 0.00000000 0.07237491 0.00994026
v 0.00000045 0.07189202 0.00997265
v 0.01166251 0.07394719 0.01006247
v 0.01199306 0.07421263 0.01005126
v 0.01228294 0.07436785 0.01005083
v 0.02320073 -0.07186718 0.00040497
v 0.01943280 -0.07785605 0.00033966
v 0.01768355 -0.08046894 0.00030899
v 0.01582000 -0.08325258 0.00027631
v 0.01286857 -0.08714081 0.00022497
v 0.01264681 -0.08743297 0.00022112
v 0.01040106 -0.08989789 0.00018192
v 0.00933674 -0.09082857 0.00016316
v 0.00829888 -0.09173613 0.00014487
v 0.00683899 -0.09268891 0.00011933
v 0.00638373 -0.09298601 0.00011136
v 0.00470586 -0.09373639 0.00008203
v 0.00445874 -0.09384691 0.00007771
v 0.00258367 -0.09433413 0.00004503
v 0.00245695 -0.09436705 0.00004282
v -0.00000000 -0.09457283 0.00000000
v 0.01768259 0.07524312 0.01009794
v 0.01718379 0.07522528 0.01009270
v 0.01743336 0.07524218 0.01009521
v 0.01758788 0.07525263 0.01009677
v 0.01276728 0.07450994 0.01005416
v 0.01237344 0.07439440 0.01005145
v 0.02027718 0.07653221 0.00035394
v 0.02320073 0.07186717 0.00040497
v 0.00000000 0.06828752 0.00000000
v 0.00000000 0.09457283 0.00000000
v 0.00238013 0.09437870 0.00004155
v 0.00000000 0.08953643 0.00000000
v 0.00258160 0.09432621 0.00004506
v 0.00000000 0.07275000 0.00000000
v 0.00456009 0.09381073 0.00007960
v 0.00470822 0.09374211 0.00008218
v 0.02654047 0.06882896 0.00046327
v 0.00000000 0.00000000 0.00000000
v 0.00000000 0.05425000 0.00000000
v 0.00829888 -0.09173613 0.00014487
v 0.00683899 -0.09268891 0.00011933
v -0.00000000 -0.06828752 0.00000000
v 0.00445874 -0.09384691 0.00007771
v 0.00258367 -0.09433413 0.00004503
v 0.00245695 -0.09436705 0.00004282
v -0.00000000 -0.09457283 0.00000000
v 0.00658339 0.09287336 0.00011491
v 0.00684440 0.09269774 0.00011947
v 0.00847441 0.09160100 0.00014792
v 0.00933537 0.09082795 0.00016295
v 0.01066022 0.08963836 0.00018607
v 0.01286873 0.08713939 0.00022462
v 0.01582000 -0.08325258 0.00027631
v 0.01286857 -0.08714081 0.00022497
v 0.01264681 -0.08743297 0.00022112
v 0.00638373 -0.09298601 0.00011136
v 0.00470586 -0.09373639 0.00008203
v 0.01312388 0.08685068 0.00022908
v 0.01615139 0.08277774 0.00028192
v 0.01767865 0.08046582 0.00030858
v 0.01040106 -0.08989789 0.00018192
v 0.00933674 -0.09082857 0.00016316
v 0.03037593 -0.06592646 0.00053025
v 0.02675393 -0.06866192 0.00046714
v 0.02661570 -0.06876632 0.00046473
v -0.00000000 -0.05320000 0.00000000
v 0.02320073 -0.07186718 0.00040497
v -0.00000000 -0.06295000 0.00000000
v 0.01943280 -0.07785605 0.00033966
v 0.01768355 -0.08046894 0.00030899
v 0.02672980 0.06868454 0.00046657
v 0.03000629 0.06618550 0.00052376
v 0.03116946 0.06542469 0.00054406
v 0.04045059 0.05934598 0.00070607
v 0.04069268 0.05918727 0.00071029
v 0.04468951 0.05616407 0.00078006
v 0.04491686 0.05596524 0.00078403
v 0.03501149 0.06291170 0.00061113
v 0.03579773 0.06239626 0.00062485
v 0.06226204 0.03539300 0.00108665
v 0.06371217 0.03258318 0.00111198
v 0.04855267 -0.05279471 0.00084748
v 0.04504799 -0.05586050 0.00078628
v 0.06473655 0.03059832 0.00112986
v 0.06651266 0.02642596 0.00116094
v 0.06679512 0.02576241 0.00116589
v 0.07138308 -0.00507701 0.00124594
v 0.07120327 -0.00675171 0.00124279
v 0.07082381 -0.01028570 0.00123612
v 0.07024942 -0.01344489 0.00122611
v 0.06988420 -0.01545372 0.00121974
v 0.06869708 -0.02002609 0.00119909
v 0.06852098 -0.02070436 0.00119602
v 0.04869888 0.05265760 0.00085004
v 0.04912845 0.05222330 0.00085754
v 0.05243499 0.04888052 0.00091526
v 0.06845916 0.02090915 0.00119495
v 0.06869243 0.02002477 0.00119900
v 0.06980925 0.01579091 0.00121844
v 0.04055960 -0.05926926 0.00070797
v 0.03592697 -0.06233469 0.00062711
v 0.03121936 -0.06538073 0.00054497
v 0.07024662 0.01344416 0.00122606
v 0.07078176 0.01057286 0.00123539
v 0.07120537 0.00675180 0.00124282
v 0.06680545 -0.02573544 0.00116607
v 0.06651243 -0.02642588 0.00116094
v 0.06479106 -0.03048196 0.00113082
v 0.05585293 -0.04489119 0.00097491
v 0.05321118 -0.04797762 0.00092878
v 0.04486232 -0.05602292 0.00078304
v 0.04083271 -0.05908856 0.00071274
v 0.05305679 0.04815663 0.00092611
v 0.05573694 0.04503643 0.00097289
v 0.05669447 0.04381551 0.00098961
v 0.05944676 0.03997187 0.00103759
v 0.06037219 0.03846673 0.00105372
v 0.05248938 -0.04882092 0.00091617
v 0.04926582 -0.05207485 0.00085993
v 0.07136827 0.00528256 0.00124568
v 0.07156231 -0.00000000 0.00124913
v 0.06371468 -0.03258464 0.00111202
v 0.06243268 -0.03508901 0.00108963
v 0.06038082 -0.03847228 0.00105387
v 0.05973904 -0.03953050 0.00104268
v 0.05669445 -0.04381548 0.00098961
v 0.06309911 0.01839356 0.02158222
v 0.06582555 0.01918832 0.01072981
v 0.06372004 0.02531700 0.01072981
v 0.07078176 0.01057286 0.00123539
v 0.07024662 0.01344416 0.00122606
v 0.06734307 0.01288824 0.01072981
v 0.06226204 0.03539300 0.00108665
v 0.06037219 0.03846673 0.00105372
v 0.05782536 0.03684320 0.01072981
v 0.05294070 0.03373042 0.03554904
v 0.05328468 0.03395011 0.03349464
v 0.05543029 0.03531718 0.02158222
v 0.05944676 0.03997187 0.00103759
v 0.06473655 0.03059832 0.00112986
v 0.06371217 0.03258318 0.00111198
v 0.06104535 0.03121953 0.01072981
v 0.06651266 0.02642596 0.00116094
v 0.06980925 0.01579091 0.00121844
v 0.06869243 0.02002477 0.00119900
v 0.06845916 0.02090915 0.00119495
v 0.06679512 0.02576241 0.00116589
v 0.06856525 -0.00000000 0.01072981
v 0.07136827 0.00528256 0.00124568
v 0.06455378 0.01235442 0.02158222
v 0.06205500 0.01187620 0.03349464
v 0.05851690 0.02992645 0.02158222
v 0.05625181 0.02876804 0.03349464
v 0.05871648 0.02332900 0.03349464
v 0.06289904 0.00596474 0.03349464
v 0.06572534 -0.00000000 0.02158222
v 0.06543180 0.00620492 0.02158222
v 0.06825902 0.00647303 0.01072981
v 0.07120537 0.00675180 0.00124282
v 0.05336144 0.03310042 0.03554904
v 0.05584210 0.02855628 0.03554904
v 0.05670081 0.02698329 0.03554904
v 0.05827020 0.02315064 0.03554904
v 0.05934175 0.02053379 0.03554904
v 0.06108081 0.02426839 0.02158222
v 0.06065664 0.01768157 0.03349464
v 0.06019289 0.01754699 0.03554904
v 0.06125172 0.01383134 0.03554904
v 0.06159492 0.01179000 0.03554904
v 0.06246461 0.00592546 0.03554904
v 0.06240720 0.00695853 0.03554904
v 0.05712327 0.01289909 0.06495689
v 0.05899501 0.01332175 0.04967132
v 0.05715541 0.01977726 0.04967132
v 0.06010792 0.00670215 0.04967132
v 0.05461177 0.02598914 0.04967132
v 0.05139542 0.03188090 0.04967132
v 0.04976480 0.03086941 0.06495689
v 0.05287910 0.02516458 0.06495689
v 0.05534204 0.01914978 0.06495689
v 0.05820087 0.00648951 0.06495689
v 0.02320073 0.07186717 0.00040497
v 0.02027718 0.07653221 0.00035394
v 0.01767865 0.08046582 0.00030858
v 0.01615139 0.08277774 0.00028192
v 0.01312388 0.08685068 0.00022908
v 0.01286873 0.08713939 0.00022462
v 0.00684440 0.09269774 0.00011947
v 0.00847441 0.09160100 0.00014792
v 0.00933537 0.09082795 0.00016295
v 0.01066022 0.08963836 0.00018607
v 0.00470822 0.09374211 0.00008218
v 0.00658339 0.09287336 0.00011491
v 0.00258160 0.09432621 0.00004506
v 0.00456009 0.09381073 0.00007960
v 0.00226481 0.09349591 0.00834811
v 0.00000000 0.09457283 0.00000000
v 0.00000000 0.09412854 0.00414118
v 0.00238013 0.09437870 0.00004155
v -0.00000003 0.09368193 0.00830284
v -0.00000004 0.09368428 0.00828235
v 0.00000000 0.09221659 0.00962226
v 0.00000000 0.07237491 0.00994026
v 0.00000000 0.09220958 0.00966342
v -0.00000003 0.09367958 0.00832344
v -0.00000053 0.09362735 0.00853113
v -0.00000000 0.09362333 0.00857284
v -0.00000081 0.09359852 0.00864590
v 0.00000000 0.09360389 0.00865907
v 0.00000000 0.09352385 0.00882015
v -0.00000116 0.09352974 0.00877889
v 0.00000000 0.09343840 0.00899213
v -0.00000165 0.09343255 0.00896684
v 0.00000000 0.09319873 0.00927222
v -0.00000220 0.09320209 0.00922840
v -0.00000224 0.09318664 0.00924592
v -0.00000115 0.09246972 0.00958833
v 0.00000000 0.09246251 0.00962695
v -0.00000158 0.09256463 0.00957561
v 0.00000000 0.09259259 0.00960819
v -0.00000192 0.09272538 0.00951362
v 0.00000000 0.09271869 0.00955535
v -0.00000227 0.09289293 0.00944900
v 0.00000000 0.09293554 0.00946448
v 0.00000000 0.09319861 0.00927237
v -0.00721626 0.07781546 0.00750000
v -0.00363878 0.07575000 0.00750000
v -0.00677978 0.07886921 0.00750000
v -0.00278963 0.07780005 0.00750000
v -0.00663091 0.08000000 0.00750000
v -0.00250000 0.08000000 0.00750000
v -0.00677978 0.08113082 0.00750000
v -0.00278963 0.08219996 0.00750000
v -0.00721626 0.08218455 0.00750000
v -0.00363878 0.08425000 0.00750000
v -0.00791059 0.08308941 0.00750000
v -0.00498959 0.08601041 0.00750000
v -0.00881545 0.08378374 0.00750000
v -0.00675000 0.08736123 0.00750000
v -0.00986919 0.08422023 0.00750000
v -0.00880004 0.08821038 0.00750000
v -0.01100000 0.08436909 0.00750000
v -0.01100000 0.08850000 0.00750000
v -0.01213080 0.08422023 0.00750000
v -0.01319996 0.08821038 0.00750000
v -0.01318454 0.08378374 0.00750000
v -0.01525000 0.08736123 0.00750000
v -0.01408941 0.08308941 0.00750000
v -0.01701041 0.08601041 0.00750000
v -0.01478374 0.08218455 0.00750000
v -0.01836122 0.08425000 0.00750000
v -0.01522021 0.08113082 0.00750000
v -0.01921037 0.08219996 0.00750000
v -0.01536909 0.08000000 0.00750000
v -0.01950000 0.08000000 0.00750000
v -0.01522021 0.07886921 0.00750000
v -0.01921037 0.07780005 0.00750000
v -0.01478374 0.07781546 0.00750000
v -0.01836122 0.07575000 0.00750000
v -0.01408941 0.07691060 0.00750000
v -0.01701041 0.07398961 0.00750000
v -0.01318454 0.07621627 0.00750000
v -0.01525000 0.07263879 0.00750000
v -0.01213080 0.07577980 0.00750000
v -0.01319996 0.07178963 0.00750000
v -0.01100000 0.07563092 0.00750000
v -0.01100000 0.07150000 0.00750000
v -0.00986920 0.07577980 0.00750000
v -0.00880004 0.07178963 0.00750000
v -0.00881545 0.07621627 0.00750000
v -0.00675000 0.07263879 0.00750000
v -0.00791059 0.07691060 0.00750000
v -0.00498959 0.07398960 0.00750000
v -0.14178371 0.04218455 0.00750000
v -0.14536121 0.04425001 0.00750000
v -0.14222020 0.04113081 0.00750000
v -0.14621041 0.04219997 0.00750000
v -0.14236910 0.04000001 0.00750000
v -0.14650001 0.04000001 0.00750000
v -0.14222020 0.03886921 0.00750000
v -0.14621041 0.03780005 0.00750000
v -0.14178371 0.03781547 0.00750000
v -0.14536121 0.03575001 0.00750000
v -0.14108941 0.03691060 0.00750000
v -0.14401041 0.03398960 0.00750000
v -0.14018450 0.03621627 0.00750000
v -0.14225001 0.03263880 0.00750000
v -0.13913080 0.03577979 0.00750000
v -0.14020000 0.03178964 0.00750000
v -0.13800000 0.03563092 0.00750000
v -0.13800001 0.03150001 0.00750000
v -0.13686921 0.03577979 0.00750000
v -0.13580001 0.03178964 0.00750000
v -0.13581551 0.03621627 0.00750000
v -0.13375000 0.03263880 0.00750000
v -0.13491060 0.03691060 0.00750000
v -0.13198960 0.03398960 0.00750000
v -0.13421630 0.03781547 0.00750000
v -0.13063880 0.03575001 0.00750000
v -0.13377981 0.03886921 0.00750000
v -0.12978960 0.03780005 0.00750000
v -0.13363091 0.04000001 0.00750000
v -0.12950000 0.04000001 0.00750000
v -0.13377980 0.04113081 0.00750000
v -0.12978960 0.04219997 0.00750000
v -0.13421630 0.04218455 0.00750000
v -0.13063880 0.04425001 0.00750000
v -0.13491060 0.04308942 0.00750000
v -0.13198960 0.04601042 0.00750000
v -0.13581551 0.04378375 0.00750000
v -0.13375000 0.04736123 0.00750000
v -0.13686921 0.04422022 0.00750000
v -0.13580001 0.04821038 0.00750000
v -0.13800000 0.04436910 0.00750000
v -0.13800000 0.04850001 0.00750000
v -0.13913080 0.04422022 0.00750000
v -0.14020000 0.04821038 0.00750000
v -0.14018450 0.04378375 0.00750000
v -0.14225000 0.04736123 0.00750000
v -0.14108941 0.04308942 0.00750000
v -0.14401041 0.04601042 0.00750000
v -0.14178372 -0.03781546 0.00750000
v -0.14536121 -0.03575000 0.00750000
v -0.14222021 -0.03886920 0.00750000
v -0.14621041 -0.03780004 0.00750000
v -0.14236910 -0.04000000 0.00750000
v -0.14650001 -0.04000000 0.00750000
v -0.14222021 -0.04113079 0.00750000
v -0.14621041 -0.04219995 0.00750000
v -0.14178372 -0.04218454 0.00750000
v -0.14536121 -0.04425000 0.00750000
v -0.14108941 -0.04308940 0.00750000
v -0.14401042 -0.04601041 0.00750000
v -0.14018450 -0.04378374 0.00750000
v -0.14225001 -0.04736122 0.00750000
v -0.13913081 -0.04422021 0.00750000
v -0.14020001 -0.04821037 0.00750000
v -0.13800001 -0.04436909 0.00750000
v -0.13800001 -0.04850000 0.00750000
v -0.13686921 -0.04422021 0.00750000
v -0.13580001 -0.04821037 0.00750000
v -0.13581551 -0.04378374 0.00750000
v -0.13375001 -0.04736122 0.00750000
v -0.13491061 -0.04308941 0.00750000
v -0.13198960 -0.04601041 0.00750000
v -0.13421630 -0.04218454 0.00750000
v -0.13063880 -0.04425000 0.00750000
v -0.13377981 -0.04113079 0.00750000
v -0.12978960 -0.04219996 0.00750000
v -0.13363091 -0.04000000 0.00750000
v -0.12950001 -0.04000000 0.00750000
v -0.13377981 -0.03886920 0.00750000
v -0.12978960 -0.03780004 0.00750000
v -0.13421630 -0.03781546 0.00750000
v -0.13063880 -0.03575000 0.00750000
v -0.13491061 -0.03691059 0.00750000
v -0.13198960 -0.03398959 0.00750000
v -0.13581551 -0.03621625 0.00750000
v -0.13375001 -0.03263879 0.00750000
v -0.13686921 -0.03577978 0.00750000
v -0.13580001 -0.03178963 0.00750000
v -0.13800001 -0.03563090 0.00750000
v -0.13800001 -0.03150000 0.00750000
v -0.13913081 -0.03577978 0.00750000
v -0.14020000 -0.03178963 0.00750000
v -0.14018450 -0.03621625 0.00750000
v -0.14225001 -0.03263879 0.00750000
v -0.14108941 -0.03691059 0.00750000
v -0.14401041 -0.03398959 0.00750000
v -0.00721626 -0.08218455 0.00750000
v -0.00363879 -0.08425000 0.00750000
v -0.00677979 -0.08113082 0.00750000
v -0.00278963 -0.08219996 0.00750000
v -0.00663092 -0.08000000 0.00750000
v -0.00250000 -0.08000000 0.00750000
v -0.00677979 -0.07886921 0.00750000
v -0.00278963 -0.07780004 0.00750000
v -0.00721626 -0.07781546 0.00750000
v -0.00363879 -0.07575000 0.00750000
v -0.00791059 -0.07691059 0.00750000
v -0.00498960 -0.07398960 0.00750000
v -0.00881546 -0.07621627 0.00750000
v -0.00675000 -0.07263879 0.00750000
v -0.00986920 -0.07577980 0.00750000
v -0.00880004 -0.07178963 0.00750000
v -0.01100000 -0.07563092 0.00750000
v -0.01100000 -0.07150000 0.00750000
v -0.01213080 -0.07577980 0.00750000
v -0.01319996 -0.07178963 0.00750000
v -0.01318454 -0.07621627 0.00750000
v -0.01525000 -0.07263879 0.00750000
v -0.01408941 -0.07691059 0.00750000
v -0.01701041 -0.07398960 0.00750000
v -0.01478374 -0.07781546 0.00750000
v -0.01836122 -0.07575000 0.00750000
v -0.01522021 -0.07886920 0.00750000
v -0.01921037 -0.07780004 0.00750000
v -0.01536909 -0.08000000 0.00750000
v -0.01950000 -0.08000000 0.00750000
v -0.01522021 -0.08113082 0.00750000
v -0.01921037 -0.08219996 0.00750000
v -0.01478374 -0.08218455 0.00750000
v -0.01836122 -0.08425000 0.00750000
v -0.01408941 -0.08308941 0.00750000
v -0.01701041 -0.08601041 0.00750000
v -0.01318454 -0.08378374 0.00750000
v -0.01525000 -0.08736122 0.00750000
v -0.01213080 -0.08422023 0.00750000
v -0.01319996 -0.08821038 0.00750000
v -0.01100000 -0.08436909 0.00750000
v -0.01100000 -0.08850000 0.00750000
v -0.00986920 -0.08422023 0.00750000
v -0.00880004 -0.08821038 0.00750000
v -0.00881546 -0.08378374 0.00750000
v -0.00675000 -0.08736123 0.00750000
v -0.00791059 -0.08308941 0.00750000
v -0.00498960 -0.08601041 0.00750000
v -0.11535411 0.04978670 0.01229693
v -0.11535511 0.04979807 0.01220646
v -0.11717630 0.04936624 0.01215509
v -0.11535820 0.04983242 0.01193307
v -0.11538250 0.05000694 0.01147616
v -0.11723210 0.04957260 0.01142396
v -0.11540480 0.05016670 0.01105786
v -0.11543441 0.05036503 0.01077342
v -0.11733071 0.04992415 0.01072086
v -0.11817390 0.05309122 0.00890781
v -0.11824160 0.05306661 0.00890744
v -0.11804190 0.05238401 0.00898535
v -0.11594101 0.05359305 0.00892508
v -0.11584120 0.05297218 0.00899701
v -0.11582680 0.05288288 0.00900736
v -0.11567830 0.05194941 0.00931998
v -0.11783770 0.05168412 0.00920611
v -0.11560470 0.05147858 0.00962553
v -0.11764280 0.05101225 0.00957797
v -0.11556311 0.05121232 0.00979831
v -0.11569330 0.05204336 0.00928746
v -0.11571260 0.05216483 0.00924541
v -0.11581951 0.05283735 0.00901263
v -0.11546170 0.05054778 0.01051131
v -0.11549211 0.05075110 0.01021971
v -0.11747000 0.05041261 0.01009193
v -0.11550711 0.05084873 0.01012584
v -0.11555210 0.05114159 0.00984421
v -0.11538900 0.05005338 0.01135454
v -0.11708541 0.04929466 0.01287367
v -0.11715610 0.04927784 0.01287161
v -0.11745150 0.04920764 0.01286300
v -0.11881140 0.04867093 0.01282127
v -0.11892971 0.04873787 0.01210710
v -0.11889110 0.04863945 0.01281883
v -0.12060801 0.04788996 0.01206037
v -0.12047240 0.04781037 0.01276926
v -0.11939711 0.04843978 0.01280330
v -0.12208081 0.04674529 0.01271822
v -0.12205270 0.04676849 0.01271912
v -0.12216101 0.04684610 0.01201714
v -0.12156750 0.04716945 0.01273460
v -0.12053940 0.04777119 0.01276715
v -0.12335901 0.04568915 0.01267742
v -0.12357310 0.04561889 0.01197855
v -0.12349221 0.04554153 0.01267323
v -0.12350010 0.04553275 0.01267298
v -0.12483240 0.04421492 0.01194552
v -0.12474691 0.04415070 0.01263375
v -0.12590040 0.04267655 0.01191942
v -0.12576580 0.04260012 0.01260341
v -0.12671650 0.04098741 0.01215557
v -0.12612310 0.04205631 0.01259277
v -0.12678310 0.04101430 0.01193565
v -0.12578870 0.04256519 0.01260273
v -0.12611361 0.04279788 0.01123357
v -0.12698851 0.04109730 0.01125693
v -0.12679161 0.04101775 0.01190749
v -0.12746210 0.04129668 0.01042986
v -0.12737170 0.04125860 0.01058780
v -0.12644300 0.04298915 0.01058196
v -0.12736061 0.04125396 0.01060708
v -0.12811251 0.04157536 0.00974454
v -0.12784240 0.04145962 0.01002915
v -0.12688010 0.04324553 0.01000389
v -0.12783030 0.04145442 0.01004195
v -0.12894120 0.04193437 0.00923242
v -0.12839371 0.04169719 0.00957074
v -0.12740371 0.04355463 0.00953342
v -0.12838280 0.04169247 0.00957749
v -0.12963700 0.04223825 0.00902964
v -0.12963320 0.04223660 0.00903074
v -0.12798311 0.04389835 0.00919302
v -0.12899660 0.04195857 0.00921627
v -0.12898870 0.04195515 0.00921855
v -0.12913820 0.04458855 0.00891878
v -0.13004171 0.04298602 0.00893398
v -0.12858411 0.04425630 0.00899018
v -0.12992510 0.04265454 0.00894811
v -0.12577990 0.04782496 0.00896689
v -0.12705990 0.04748720 0.00889630
v -0.12729821 0.04612142 0.00897591
v -0.12780640 0.04651857 0.00890322
v -0.12871410 0.04534070 0.00891164
v -0.12292580 0.05097033 0.00888777
v -0.12448170 0.04983859 0.00888814
v -0.12407531 0.04931547 0.00896338
v -0.12511911 0.04937501 0.00888829
v -0.12623900 0.04828566 0.00889291
v -0.12053060 0.05223501 0.00889477
v -0.12016700 0.05161735 0.00897273
v -0.11987921 0.05095267 0.00919119
v -0.11960350 0.05031437 0.00955858
v -0.11935781 0.04974378 0.01006612
v -0.12284070 0.04772174 0.01002600
v -0.12321770 0.04820829 0.00953307
v -0.12436480 0.04640635 0.01001316
v -0.12479800 0.04683986 0.00952784
v -0.12572531 0.04489917 0.01000566
v -0.12620771 0.04527291 0.00952792
v -0.12674270 0.04568869 0.00918209
v -0.12527951 0.04732260 0.00917641
v -0.12363800 0.04875083 0.00917610
v -0.12982250 0.04231928 0.00897556
v -0.12374000 0.04578363 0.01127737
v -0.12502391 0.04435968 0.01125218
v -0.12254660 0.05117060 0.00888888
v -0.12219831 0.05058479 0.00896531
v -0.12183200 0.04996575 0.00918105
v -0.12148050 0.04937107 0.00954340
v -0.12116610 0.04883859 0.01004381
v -0.12253000 0.04732118 0.01063012
v -0.12400621 0.04604833 0.01060841
v -0.12532410 0.04458970 0.01059211
v -0.11901410 0.04893933 0.01138276
v -0.11915790 0.04927734 0.01068742
v -0.12072100 0.04808293 0.01134350
v -0.12090850 0.04840174 0.01065669
v -0.12230160 0.04702687 0.01130806
v 0.00000039 0.06847129 0.01327755
v 0.00000060 0.06874675 0.01236326
v -0.13176961 0.02638361 0.01080799
v -0.13059801 0.03157905 0.01072959
v -0.13109200 0.03169870 0.01014876
v -0.12875400 0.03650972 0.01131104
v -0.13277721 0.03329384 0.00910933
v -0.13359591 0.03272996 0.00905643
v -0.13368421 0.03235215 0.00906143
v -0.13471401 0.02795058 0.00911958
v -0.13488811 0.02698251 0.00913296
v -0.13423081 0.02685209 0.00920322
v -0.13689831 0.01359011 0.00932257
v -0.13713640 0.01066584 0.00936625
v -0.13647561 0.01061052 0.00943715
v -0.13694291 -0.00000009 0.00962575
v -0.13693861 -0.00000009 0.00962634
v -0.13682471 0.00514837 0.00952036
v -0.13370431 0.00000009 0.01317459
v -0.12851911 0.03643899 0.01199714
v -0.12998810 0.03143943 0.01207227
v -0.13115441 0.02627941 0.01215641
v -0.13207360 0.02102891 0.01225137
v -0.13333840 0.01038876 0.01247111
v -0.13367600 0.00505973 0.01257914
v -0.13380961 0.00000007 0.01267471
v -0.13403391 0.00000003 0.01196577
v -0.13389991 0.00000005 0.01224634
v -0.13390641 0.00505872 0.01186726
v -0.13381600 0.00000007 0.01264476
v -0.13439831 -0.00000001 0.01128185
v -0.13430901 -0.00000002 0.01138971
v -0.13428170 0.00506442 0.01118646
v -0.13404571 0.00000003 0.01194098
v -0.13554751 -0.00000010 0.01018215
v -0.13553600 -0.00000009 0.01019042
v -0.13541350 0.00509627 0.01008628
v -0.13495481 0.00000000 0.01060942
v -0.13479270 0.00507712 0.01058010
v -0.13441320 -0.00000001 0.01126375
v -0.13665441 -0.00000013 0.00966534
v -0.13623250 -0.00000013 0.00983343
v -0.13610540 0.00512061 0.00973025
v -0.13622391 -0.00000013 0.00983683
v -0.13578281 -0.00000014 0.01001255
v -0.13764341 0.00000001 0.00952961
v -0.13749621 0.00517672 0.00944921
v -0.13744961 0.00681753 0.00942372
v -0.13517650 0.02146815 0.00927834
v -0.13586121 0.02157325 0.00920772
v -0.13588241 0.02145537 0.00920935
v -0.13302331 0.03218271 0.00913202
v -0.13271221 0.03335641 0.00912223
v -0.13202100 0.03402224 0.00925944
v -0.13234160 0.03200985 0.00933467
v -0.13171250 0.03431949 0.00932070
v -0.13149401 0.03452993 0.00936407
v -0.13168480 0.03184518 0.00967615
v -0.13064991 0.03575759 0.00958309
v -0.12990621 0.03740375 0.00968150
v -0.13010511 0.03694373 0.00965851
v -0.12960100 0.03677971 0.01008018
v -0.13043880 0.03617154 0.00961992
v -0.12981690 0.03780614 0.00964370
v -0.12969870 0.03833902 0.00959365
v -0.12956760 0.03892982 0.00953816
v -0.12952541 0.04065790 0.00923080
v -0.12952840 0.04067477 0.00922820
v -0.12954151 0.04000104 0.00934763
v -0.12898870 0.04195515 0.00921855
v -0.12975420 0.04193708 0.00903428
v -0.12980080 0.04219796 0.00899420
v -0.12911780 0.03662419 0.01065889
v -0.13445711 0.01045441 0.01048787
v -0.13319431 0.02117526 0.01030654
v -0.13507441 0.01049965 0.00999851
v -0.13380190 0.02126274 0.00982811
v -0.13576151 0.01055285 0.00964553
v -0.13447631 0.02136244 0.00948276
v -0.13357171 0.01039807 0.01176416
v -0.13353850 0.02671694 0.00940646
v -0.13287160 0.02658875 0.00974941
v -0.13227010 0.02647539 0.01022431
v -0.13268961 0.02110530 0.01089449
v -0.13394770 0.01042001 0.01108887
v -0.13022690 0.03149198 0.01138404
v -0.13139451 0.02631783 0.01146543
v -0.13231290 0.02105621 0.01155638
v -0.13056340 0.03588329 0.00960551
v -0.13354671 -0.02671841 0.00940322
v -0.13234971 -0.03201174 0.00933143
v -0.13169621 -0.03184786 0.00966884
v -0.12746191 -0.04129655 0.01043008
v -0.12737170 -0.04125856 0.01058777
v -0.12913061 -0.03662811 0.01064039
v -0.12852641 -0.03644093 0.01196832
v -0.12999551 -0.03144081 0.01204338
v -0.13368270 -0.00505953 0.01254935
v -0.13623250 -0.00000013 0.00983343
v -0.13665441 -0.00000013 0.00966534
v -0.13682900 -0.00514851 0.00951954
v -0.13693861 -0.00000009 0.00962634
v -0.13694291 -0.00000009 0.00962575
v -0.13764341 0.00000001 0.00952961
v -0.13554751 -0.00000010 0.01018215
v -0.13578281 -0.00000014 0.01001255
v -0.13542530 -0.00509664 0.01007865
v -0.13622391 -0.00000013 0.00983683
v -0.13439831 -0.00000001 0.01128185
v -0.13441320 -0.00000001 0.01126375
v -0.13429511 -0.00506467 0.01116709
v -0.13495481 0.00000000 0.01060942
v -0.13480640 -0.00507747 0.01056688
v -0.13553600 -0.00000009 0.01019042
v -0.13403391 0.00000003 0.01196577
v -0.13391730 -0.00505877 0.01184211
v -0.13404571 0.00000003 0.01194098
v -0.13430901 -0.00000002 0.01138971
v -0.13334531 -0.01038884 0.01244151
v -0.13208091 -0.02102952 0.01222222
v -0.13116181 -0.02628035 0.01212741
v -0.12679411 -0.04101884 0.01190829
v -0.12671030 -0.04098500 0.01218939
v -0.12679411 -0.04101884 0.01190825
v -0.12876490 -0.03651292 0.01128688
v -0.12698821 -0.04109714 0.01125757
v -0.12737170 -0.04125856 0.01058778
v -0.13028690 -0.03642805 0.00965986
v -0.13010291 -0.03694319 0.00965911
v -0.12961381 -0.03678371 0.01006758
v -0.12979610 -0.03780235 0.00965784
v -0.12976931 -0.03787730 0.00965773
v -0.12968401 -0.03841582 0.00958754
v -0.12839291 -0.04169678 0.00956926
v -0.12812740 -0.04158176 0.00973234
v -0.12784331 -0.04145999 0.01003026
v -0.12951621 -0.03947510 0.00944947
v -0.12953980 -0.03999824 0.00935384
v -0.12894120 -0.04193436 0.00923239
v -0.12956681 -0.04059652 0.00924447
v -0.12899651 -0.04195854 0.00921626
v -0.12959791 -0.04128661 0.00911832
v -0.12963691 -0.04223825 0.00902964
v -0.12974641 -0.04196923 0.00902395
v -0.12963700 -0.04223825 0.00902964
v -0.12979630 -0.04219852 0.00899226
v -0.12982250 -0.04231932 0.00897556
v -0.13046590 -0.03612910 0.00961702
v -0.13067861 -0.03577380 0.00956610
v -0.13270310 -0.03339315 0.00914307
v -0.13231150 -0.03368402 0.00918107
v -0.13201250 -0.03401055 0.00925106
v -0.13171731 -0.03433289 0.00932015
v -0.13120890 -0.03488805 0.00943915
v -0.13302741 -0.03218360 0.00913123
v -0.13423490 -0.02685277 0.00920242
v -0.13368201 -0.03235155 0.00906146
v -0.13490441 -0.02698502 0.00913273
v -0.13495220 -0.02677494 0.00913552
v -0.13518070 -0.02146869 0.00927754
v -0.13583460 -0.02156867 0.00920810
v -0.13647980 -0.01061080 0.00943633
v -0.13699570 -0.01263474 0.00933662
v -0.13609521 -0.02003132 0.00922953
v -0.13753060 -0.00517766 0.00944880
v -0.13753031 -0.00519251 0.00944857
v -0.13713711 -0.01066621 0.00936623
v -0.13447071 -0.01045531 0.01047477
v -0.13320771 -0.02117707 0.01029373
v -0.13396101 -0.01042080 0.01106967
v -0.13270290 -0.02110700 0.01087569
v -0.13358271 -0.01039858 0.01173919
v -0.13232401 -0.02105750 0.01153188
v -0.13611391 -0.00512089 0.00972688
v -0.13576990 -0.01055346 0.00964219
v -0.13448461 -0.02136359 0.00947949
v -0.13140560 -0.02631959 0.01144108
v -0.13178281 -0.02638588 0.01078932
v -0.13228341 -0.02647775 0.01021160
v -0.13381351 -0.02126433 0.00982072
v -0.13508620 -0.01050048 0.00999095
v -0.13023791 -0.03149437 0.01135980
v -0.13061111 -0.03158203 0.01071102
v -0.13110511 -0.03170177 0.01013610
v -0.13288311 -0.02659082 0.00974207
v -0.13359591 -0.03272995 0.00905643
v -0.12557421 -0.04897925 0.00888942
v -0.12452321 -0.04979582 0.00888835
v -0.12412121 -0.04927999 0.00896340
v -0.12343471 -0.05064157 0.00888723
v -0.12257841 -0.05112950 0.00888917
v -0.12223881 -0.05056085 0.00896522
v -0.11748261 -0.05040903 0.01009175
v -0.11938380 -0.04973270 0.01006578
v -0.11963051 -0.05030283 0.00955834
v -0.12120211 -0.04881755 0.01004339
v -0.12288171 -0.04769047 0.01002561
v -0.12326021 -0.04817575 0.00953287
v -0.12894061 -0.04499050 0.00891464
v -0.12787161 -0.04645727 0.00890346
v -0.12735111 -0.04605363 0.00897636
v -0.12745401 -0.04703028 0.00889909
v -0.12629371 -0.04823327 0.00889312
v -0.12583261 -0.04777254 0.00896710
v -0.12692401 -0.04317205 0.01000395
v -0.12863300 -0.04417350 0.00899090
v -0.11880791 -0.04866720 0.01282150
v -0.11890971 -0.04862075 0.01281834
v -0.11895380 -0.04872748 0.01210643
v -0.12578870 -0.04256880 0.01260266
v -0.12580631 -0.04253642 0.01260216
v -0.12594101 -0.04260823 0.01191848
v -0.12487641 -0.04415902 0.01194440
v -0.12361681 -0.04557571 0.01197738
v -0.12403451 -0.04499345 0.01265604
v -0.12472871 -0.04409642 0.01263469
v -0.12475141 -0.04406710 0.01263400
v -0.12550130 -0.04309793 0.01261094
v -0.12219901 -0.04681690 0.01201609
v -0.12347961 -0.04550970 0.01267365
v -0.12351591 -0.04547594 0.01267250
v -0.12048341 -0.04783186 0.01276914
v -0.12058001 -0.04776802 0.01276605
v -0.12064151 -0.04787028 0.01205944
v -0.12206850 -0.04678495 0.01271847
v -0.12220741 -0.04669320 0.01271403
v -0.12013631 -0.04806111 0.01278023
v -0.11535110 -0.04976879 0.01229560
v -0.11616501 -0.04955168 0.01290091
v -0.11535181 -0.04977769 0.01220374
v -0.11718790 -0.04936286 0.01215478
v -0.11535210 -0.04978216 0.01215754
v -0.11708060 -0.04928259 0.01287371
v -0.11716201 -0.04925866 0.01287130
v -0.11814441 -0.04896992 0.01284212
v -0.11538161 -0.05000114 0.01147264
v -0.11724390 -0.04956920 0.01142368
v -0.11538651 -0.05003820 0.01135673
v -0.11539101 -0.05007128 0.01125326
v -0.11550711 -0.05084904 0.01012550
v -0.11546551 -0.05057576 0.01042665
v -0.11545781 -0.05052375 0.01051187
v -0.11765581 -0.05100851 0.00957783
v -0.11556251 -0.05120707 0.00982755
v -0.11552101 -0.05094013 0.01002512
v -0.11571321 -0.05216838 0.00925122
v -0.11569011 -0.05202251 0.00931114
v -0.11785131 -0.05168019 0.00920600
v -0.11564821 -0.05175806 0.00941976
v -0.11560511 -0.05148049 0.00962520
v -0.11578421 -0.05261659 0.00906713
v -0.11805601 -0.05237989 0.00898525
v -0.11582741 -0.05288589 0.00902795
v -0.11583611 -0.05293983 0.00902010
v -0.11825320 -0.05304674 0.00890762
v -0.11594101 -0.05359304 0.00892508
v -0.13004171 -0.04298601 0.00893398
v -0.12920380 -0.04451137 0.00891926
v -0.12992510 -0.04265456 0.00894810
v -0.12803021 -0.04381885 0.00919360
v -0.12744910 -0.04347829 0.00953378
v -0.12839291 -0.04169678 0.00956926
v -0.12648561 -0.04291803 0.01058167
v -0.12615501 -0.04272850 0.01123294
v -0.12679381 -0.04562363 0.00918241
v -0.12625690 -0.04521050 0.00952804
v -0.12577271 -0.04483912 0.01000549
v -0.12151791 -0.04934916 0.00954313
v -0.12368221 -0.04871685 0.00917604
v -0.12187101 -0.04994284 0.00918090
v -0.12108491 -0.05198059 0.00889254
v -0.12046761 -0.05222380 0.00889566
v -0.12019621 -0.05160469 0.00897259
v -0.11856711 -0.05297257 0.00890525
v -0.11990731 -0.05094058 0.00919102
v -0.12075501 -0.04806304 0.01134272
v -0.11903860 -0.04892885 0.01138219
v -0.12506871 -0.04430295 0.01125136
v -0.12537011 -0.04453158 0.01059162
v -0.12378461 -0.04573986 0.01127646
v -0.12405191 -0.04600350 0.01060779
v -0.12234031 -0.04699731 0.01130721
v -0.12533031 -0.04727235 0.00917651
v -0.12484691 -0.04679169 0.00952776
v -0.12441201 -0.04636003 0.01001283
v -0.12256971 -0.04729093 0.01062950
v -0.12094341 -0.04838139 0.01065610
v -0.11918301 -0.04926663 0.01068697
v -0.11734280 -0.04992068 0.01072063
v -0.11543441 -0.05036531 0.01077147
v 0.01089025 -0.07251509 0.01039397
v 0.01225858 -0.07435685 0.01004386
v 0.01199383 -0.07421276 0.01004440
v 0.01166329 -0.07394732 0.01005561
v 0.01119365 -0.07324205 0.01015968
v 0.01139312 -0.07361901 0.01008966
v 0.01134915 -0.07353589 0.01010510
v 0.01048753 -0.07160537 0.01090412
v 0.01012567 -0.07085438 0.01160205
v 0.00970600 -0.07012082 0.01290698
v 0.00960763 -0.06999662 0.01338502
v 0.00982638 -0.07030719 0.01244590
v -0.12048281 0.07052091 0.00729162
v -0.12360370 0.06986098 0.00726708
v -0.12360290 0.06984626 0.00751684
v -0.13965061 0.05821205 0.00841315
v -0.13949430 0.05811406 0.00848672
v -0.13770330 0.06094636 0.00847213
v -0.13936681 0.05803412 0.00854673
v -0.13927831 0.05797840 0.00856131
v -0.13748641 0.06080707 0.00854565
v -0.12916880 0.06859194 0.00722495
v -0.13023970 0.06828991 0.00721788
v -0.13023590 0.06827365 0.00746765
v -0.13183710 0.06747435 0.00794492
v -0.13016930 0.06804232 0.00795443
v -0.13020960 0.06818121 0.00771782
v -0.13512061 0.06557126 0.00782413
v -0.13506650 0.06551478 0.00793982
v -0.13351261 0.06668139 0.00793895
v -0.13782810 0.06249290 0.00722371
v -0.13849691 0.06144774 0.00723263
v -0.13846691 0.06143043 0.00748272
v -0.14030831 0.05861705 0.00725681
v -0.13826261 0.06130285 0.00796959
v -0.13810260 0.06120144 0.00817890
v -0.13614461 0.06402495 0.00815654
v -0.13989951 0.05836733 0.00820350
v -0.14005581 0.05846410 0.00798936
v -0.14009920 0.05849098 0.00792988
v -0.14017571 0.05853773 0.00775267
v -0.13838511 0.06137985 0.00773294
v -0.14023810 0.05857586 0.00760812
v -0.14025870 0.05858792 0.00750526
v -0.13188851 0.06760943 0.00770837
v -0.13358490 0.06680645 0.00770246
v -0.13355181 0.06674905 0.00782327
v -0.13516640 0.06561912 0.00770331
v -0.13525391 0.06570976 0.00732738
v -0.13529660 0.06563594 0.00720253
v -0.13523301 0.06568825 0.00745326
v -0.13648551 0.06428689 0.00746055
v -0.13520391 0.06565811 0.00757911
v -0.13640900 0.06422879 0.00771069
v -0.13364771 0.06691564 0.00732656
v -0.13363280 0.06688961 0.00745243
v -0.13192231 0.06769932 0.00745826
v -0.13361190 0.06685330 0.00757827
v -0.13113480 0.06803748 0.00721197
v -0.13192340 0.06770797 0.00720819
v -0.13270101 0.06738305 0.00720447
v -0.13327550 0.06714300 0.00720171
v -0.13363680 0.06690181 0.00720137
v -0.13410070 0.06659224 0.00720094
v -0.13487171 0.06607764 0.00720021
v -0.13523891 0.06569597 0.00720222
v -0.13632190 0.06457020 0.00720812
v -0.13651270 0.06430710 0.00721009
v -0.13667200 0.06408734 0.00721174
v -0.13629441 0.06414071 0.00794727
v -0.12786130 0.06896070 0.00723359
v -0.12358551 0.06975168 0.00776710
v -0.12355830 0.06960952 0.00800378
v -0.12352190 0.06942357 0.00821310
v -0.11676710 0.06975560 0.00865951
v -0.11681121 0.06998250 0.00863744
v -0.12332450 0.06844513 0.00860622
v -0.12337770 0.06870608 0.00857977
v -0.12470401 0.06816944 0.00859501
v -0.11687290 0.07030291 0.00854138
v -0.11691011 0.07049813 0.00842929
v -0.12347790 0.06920254 0.00838320
v -0.13906461 0.05784381 0.00859652
v -0.13804390 0.05945878 0.00858244
v -0.13724851 0.06065332 0.00857248
v -0.13556760 0.06357588 0.00852345
v -0.13568550 0.06300073 0.00855292
v -0.13534600 0.06340124 0.00855041
v -0.13443201 0.06484878 0.00851611
v -0.13150540 0.06661595 0.00852113
v -0.13305091 0.06588598 0.00851526
v -0.13291800 0.06565584 0.00854209
v -0.13435311 0.06457246 0.00854305
v -0.13424880 0.06465400 0.00854294
v -0.13305130 0.06559050 0.00854162
v -0.13158231 0.06631025 0.00854680
v -0.13140891 0.06636541 0.00854788
v -0.12990711 0.06715976 0.00853055
v -0.12981960 0.06687120 0.00855782
v -0.12856301 0.06727112 0.00856567
v -0.11681530 0.07000414 0.00863095
v -0.12342890 0.06895878 0.00850629
v -0.12998101 0.06740661 0.00845697
v -0.13005201 0.06764473 0.00833381
v -0.13159861 0.06685607 0.00844747
v -0.13168830 0.06708767 0.00832428
v -0.13318030 0.06610856 0.00844152
v -0.13330490 0.06632319 0.00831828
v -0.13460950 0.06503537 0.00844238
v -0.13478060 0.06521517 0.00831915
v -0.13577071 0.06373435 0.00844982
v -0.13596671 0.06388692 0.00832665
v -0.13791271 0.06108035 0.00834900
v -0.13970470 0.05824581 0.00836758
v -0.11703720 0.07119539 0.00731980
v -0.11919050 0.07077388 0.00730219
v -0.11703080 0.07115326 0.00754805
v -0.11702941 0.07114496 0.00756943
v -0.11692840 0.07059395 0.00837427
v -0.11695150 0.07071731 0.00825949
v -0.11697470 0.07084067 0.00814471
v -0.11698610 0.07090311 0.00805246
v -0.11700940 0.07103035 0.00786450
v -0.13011591 0.06786065 0.00816371
v -0.13176931 0.06729767 0.00815417
v -0.13341780 0.06651774 0.00814817
v -0.13493581 0.06537800 0.00814904
v -0.00506839 0.09287781 0.00877851
v -0.00507727 0.09292344 0.00870120
v -0.00508963 0.09299084 0.00848526
v -0.00509091 0.09299778 0.00846302
v -0.00509711 0.09303161 0.00835467
v -0.00509972 0.09304863 0.00823790
v -0.00503148 0.09268938 0.00905719
v -0.00504405 0.09275264 0.00899050
v -0.00504592 0.09276223 0.00897427
v -0.00499764 0.09251912 0.00923671
v -0.00498263 0.09244458 0.00928565
v -0.00492434 0.09215606 0.00945311
v -0.00494008 0.09223336 0.00942434
v -0.00496396 0.09235193 0.00934649
v -0.00491509 0.09211065 0.00947002
v -0.00481287 0.09161216 0.00957748
v -0.00485925 0.09183751 0.00954726
v -0.00486386 0.09185991 0.00954426
v -0.00488036 0.09194009 0.00953351
v -0.14201511 0.05514164 0.00802446
v -0.14164940 0.05494544 0.00840390
v -0.15312540 0.00000022 0.00839390
v -0.15305611 0.00000033 0.00852842
v -0.15295881 0.00722168 0.00842044
v -0.14264231 0.05121087 0.00866126
v -0.14291590 0.05134022 0.00863439
v -0.14362450 0.04915358 0.00868279
v -0.14577291 0.04437817 0.00871247
v -0.14768931 0.03707208 0.00882841
v -0.14725550 0.03882821 0.00880547
v -0.14797561 0.03714552 0.00880223
v -0.14644080 0.04156681 0.00877126
v -0.14555710 0.04421645 0.00873923
v -0.14870661 0.03295363 0.00888222
v -0.14960561 0.02975506 0.00890096
v -0.14932001 0.02970253 0.00892683
v -0.15075051 0.02228550 0.00900643
v -0.15047591 0.02225152 0.00903190
v -0.14978081 0.02726070 0.00896034
v -0.15148971 0.01475290 0.00911748
v -0.15121131 0.01473228 0.00914281
v -0.15063161 0.02112904 0.00904794
v -0.15188590 0.00719983 0.00923273
v -0.15159881 0.00719062 0.00925799
v -0.15131551 0.01358295 0.00915985
v -0.15199001 0.00000001 0.00933563
v -0.15178451 0.00000001 0.00936913
v -0.15168151 0.00532592 0.00928662
v -0.15173681 0.00000001 0.00937043
v -0.15213410 0.00000002 0.00931216
v -0.15214501 0.00720703 0.00916026
v -0.15224741 0.00000002 0.00926468
v -0.15239521 0.00721316 0.00903771
v -0.15245611 0.00000001 0.00917731
v -0.15272820 0.00000042 0.00898035
v -0.15272820 0.00000042 0.00898034
v -0.15272620 0.00000041 0.00898271
v -0.15262211 0.00721780 0.00886763
v -0.15321131 0.00000001 0.00803035
v -0.15315241 0.00000015 0.00827958
v -0.15307171 0.00721794 0.00791828
v -0.15305570 0.00722090 0.00816928
v -0.15304401 0.00865130 0.00789602
v -0.14143070 0.05482708 0.00852698
v -0.14120411 0.05470393 0.00860041
v -0.14095250 0.05456584 0.00862716
v -0.14146741 0.05367186 0.00863552
v -0.14184790 0.05505230 0.00823380
v -0.14357941 0.05165038 0.00826792
v -0.14337481 0.05155535 0.00843802
v -0.14646550 0.04461880 0.00834627
v -0.14625200 0.04454528 0.00851637
v -0.14868731 0.03732540 0.00843630
v -0.14846790 0.03727068 0.00860639
v -0.15032900 0.02988364 0.00853528
v -0.15010601 0.02984479 0.00870537
v -0.14314940 0.05144996 0.00856104
v -0.14601661 0.04446351 0.00863930
v -0.14822611 0.03720955 0.00872923
v -0.14986020 0.02980108 0.00882812
v -0.15296210 0.00000048 0.00871099
v -0.15281301 0.00722068 0.00865788
v -0.15222401 0.01480174 0.00875221
v -0.15199770 0.01478755 0.00892229
v -0.15174821 0.01477093 0.00904490
v -0.15075580 0.02995286 0.00783769
v -0.15077170 0.02995273 0.00758709
v -0.15155170 0.02544052 0.00764905
v -0.15163401 0.02474415 0.00765905
v -0.15190981 0.02241045 0.00769258
v -0.15191161 0.02241401 0.00794309
v -0.15247161 0.01765646 0.00776087
v -0.15252190 0.01689325 0.00777230
v -0.15265841 0.01482001 0.00780336
v -0.15265670 0.01482326 0.00805408
v -0.15303541 0.00909733 0.00788910
v -0.15241451 0.01481268 0.00854250
v -0.15148090 0.02237073 0.00864097
v -0.15125571 0.02234529 0.00881105
v -0.15100761 0.02231631 0.00893373
v -0.15256000 0.01481988 0.00830515
v -0.15167040 0.02239118 0.00843131
v -0.14088500 0.05768466 0.00726487
v -0.14025870 0.05858792 0.00750526
v -0.14222850 0.05525357 0.00753742
v -0.14364090 0.05254816 0.00731392
v -0.14397161 0.05182865 0.00757136
v -0.14315661 0.05359912 0.00730300
v -0.14223600 0.05525487 0.00728755
v -0.14397310 0.05182728 0.00732142
v -0.14540300 0.04872437 0.00735368
v -0.14687481 0.04475526 0.00764935
v -0.14637880 0.04611247 0.00738348
v -0.14688581 0.04475548 0.00739896
v -0.14739461 0.04339351 0.00741450
v -0.14859551 0.03933847 0.00746448
v -0.14910750 0.03742539 0.00773903
v -0.14912810 0.03754022 0.00748665
v -0.14915250 0.03743391 0.00748804
v -0.15034850 0.03222290 0.00755626
v -0.15047310 0.03167989 0.00756337
v -0.14214310 0.05520932 0.00778773
v -0.14375170 0.05172971 0.00805854
v -0.14388361 0.05178965 0.00782175
v -0.14664541 0.04467991 0.00813682
v -0.14678301 0.04472579 0.00789990
v -0.14887200 0.03737061 0.00822677
v -0.14901331 0.03740421 0.00798973
v -0.15051670 0.02991542 0.00832568
v -0.15066030 0.02993867 0.00808852
v -0.15181531 0.02240570 0.00819405
v -0.00000003 0.09368193 0.00830284
v -0.00260293 0.09344903 0.00850853
v -0.00000003 0.09367958 0.00832344
v -0.00000053 0.09362735 0.00853113
v -0.00184005 0.09358823 0.00826471
v -0.00260133 0.09346222 0.00825845
v -0.00000081 0.09359852 0.00864590
v -0.00259233 0.09335341 0.00875888
v -0.00000116 0.09352974 0.00877889
v -0.00257511 0.09320958 0.00899564
v -0.00000165 0.09343255 0.00896684
v -0.00255167 0.09302140 0.00920500
v -0.00000220 0.09320209 0.00922840
v -0.00000224 0.09318664 0.00924592
v -0.00252307 0.09279770 0.00937510
v -0.00000227 0.09289293 0.00944900
v -0.00249094 0.09255101 0.00949815
v -0.00000192 0.09272538 0.00951362
v -0.00000158 0.09256463 0.00957561
v -0.00245714 0.09229525 0.00957153
v -0.00000115 0.09246972 0.00958833
v 0.00000000 0.09221659 0.00962226
v -0.00242255 0.09203167 0.00959783
v -0.00258228 0.09201947 0.00959622
v -0.00492434 0.09215606 0.00945311
v -0.00488036 0.09194009 0.00953351
v -0.00486386 0.09185991 0.00954426
v -0.00494008 0.09223336 0.00942434
v -0.00496396 0.09235193 0.00934649
v -0.00498263 0.09244458 0.00928565
v -0.00499764 0.09251912 0.00923671
v -0.00503148 0.09268938 0.00905719
v -0.00504405 0.09275264 0.00899050
v -0.00509091 0.09299778 0.00846302
v -0.00508963 0.09299084 0.00848526
v -0.00507727 0.09292344 0.00870120
v -0.00506839 0.09287781 0.00877851
v -0.00504592 0.09276223 0.00897427
v -0.00509711 0.09303161 0.00835467
v -0.00509972 0.09304863 0.00823790
v -0.15004022 -0.03373942 0.00753596
v -0.14911411 -0.03742419 0.00748863
v -0.14910751 -0.03742538 0.00773903
v -0.13965061 -0.05821204 0.00841315
v -0.13949430 -0.05811405 0.00848672
v -0.14143070 -0.05482706 0.00852698
v -0.13936682 -0.05803411 0.00854673
v -0.13927831 -0.05797839 0.00856131
v -0.14120411 -0.05470391 0.00860041
v -0.14491741 -0.04986481 0.00734136
v -0.14397592 -0.05182780 0.00732137
v -0.14397161 -0.05182864 0.00757136
v -0.14184791 -0.05505229 0.00823380
v -0.14357942 -0.05165037 0.00826792
v -0.14375170 -0.05172969 0.00805854
v -0.15213410 0.00000002 0.00931216
v -0.15224741 0.00000002 0.00926468
v -0.15214501 -0.00720701 0.00916026
v -0.15315241 0.00000015 0.00827958
v -0.15313561 -0.00617020 0.00793404
v -0.15272820 0.00000042 0.00898034
v -0.15272820 0.00000042 0.00898035
v -0.15296210 0.00000048 0.00871099
v -0.15272620 0.00000041 0.00898271
v -0.15262211 -0.00721779 0.00886763
v -0.15281301 -0.00722067 0.00865788
v -0.15305611 0.00000033 0.00852842
v -0.15295881 -0.00722167 0.00842044
v -0.15305570 -0.00722088 0.00816928
v -0.15199001 0.00000001 0.00933563
v -0.15188590 -0.00719982 0.00923273
v -0.15178451 0.00000001 0.00936913
v -0.15159771 -0.00719139 0.00925799
v -0.15173681 0.00000001 0.00937043
v -0.15148971 -0.01475288 0.00911748
v -0.15118911 -0.01473142 0.00914307
v -0.15156211 -0.00903103 0.00922923
v -0.15075051 -0.02228548 0.00900643
v -0.15044891 -0.02224883 0.00903225
v -0.15101200 -0.01743724 0.00910217
v -0.14960561 -0.02975505 0.00890096
v -0.14932382 -0.02970377 0.00892677
v -0.15012051 -0.02505542 0.00899146
v -0.14905291 -0.03128430 0.00890477
v -0.14797561 -0.03714551 0.00880223
v -0.14771941 -0.03711769 0.00882735
v -0.14601341 -0.04289490 0.00875503
v -0.14577291 -0.04437815 0.00871247
v -0.14550071 -0.04428167 0.00873883
v -0.14422231 -0.04773883 0.00869846
v -0.14291590 -0.05134021 0.00863439
v -0.14265771 -0.05121898 0.00866096
v -0.14220971 -0.05221544 0.00865022
v -0.14093681 -0.05455820 0.00862746
v -0.14005581 -0.05846409 0.00798936
v -0.13989951 -0.05836732 0.00820350
v -0.14201512 -0.05514162 0.00802446
v -0.14009921 -0.05849097 0.00792988
v -0.14214311 -0.05520931 0.00778773
v -0.14017571 -0.05853772 0.00775267
v -0.14023811 -0.05857585 0.00760812
v -0.14222851 -0.05525356 0.00753742
v -0.14025871 -0.05858791 0.00750526
v -0.14388362 -0.05178963 0.00782175
v -0.14363261 -0.05254358 0.00731409
v -0.14274731 -0.05438950 0.00729529
v -0.14224542 -0.05525952 0.00728737
v -0.14030831 -0.05861704 0.00725681
v -0.14646551 -0.04461879 0.00834627
v -0.14868731 -0.03732539 0.00843630
v -0.14664541 -0.04467990 0.00813682
v -0.14887200 -0.03737060 0.00822677
v -0.14678301 -0.04472578 0.00789990
v -0.14901331 -0.03740420 0.00798973
v -0.14687481 -0.04475524 0.00764935
v -0.14685742 -0.04494989 0.00739621
v -0.14639631 -0.04611832 0.00738317
v -0.14863030 -0.03934907 0.00746391
v -0.14857171 -0.03958219 0.00746091
v -0.14691590 -0.04476701 0.00739842
v -0.15205161 -0.02166525 0.00770265
v -0.15194541 -0.02241428 0.00769210
v -0.15191161 -0.02241399 0.00794309
v -0.15161541 -0.02474109 0.00765931
v -0.15308521 -0.00721763 0.00791813
v -0.15301630 -0.00864967 0.00789637
v -0.15245611 0.00000001 0.00917731
v -0.15239521 -0.00721314 0.00903771
v -0.15222401 -0.01480172 0.00875221
v -0.15241451 -0.01481266 0.00854250
v -0.15256001 -0.01481986 0.00830515
v -0.15265670 -0.01482324 0.00805408
v -0.15274581 -0.01427086 0.00781099
v -0.15269401 -0.01482200 0.00780291
v -0.15249981 -0.01689067 0.00777260
v -0.15199770 -0.01478753 0.00892229
v -0.15148090 -0.02237071 0.00864097
v -0.15167040 -0.02239116 0.00843131
v -0.15181532 -0.02240568 0.00819405
v -0.15174821 -0.01477091 0.00904490
v -0.15125571 -0.02234527 0.00881105
v -0.15032900 -0.02988363 0.00853528
v -0.15051670 -0.02991540 0.00832568
v -0.15066030 -0.02993865 0.00808852
v -0.15075581 -0.02995285 0.00783769
v -0.13982041 -0.05661283 0.00860749
v -0.13906461 -0.05784380 0.00859652
v -0.13970471 -0.05824580 0.00836758
v -0.14164941 -0.05494543 0.00840390
v -0.14337481 -0.05155534 0.00843802
v -0.14314941 -0.05144995 0.00856104
v -0.14625201 -0.04454526 0.00851637
v -0.14601661 -0.04446350 0.00863930
v -0.14846790 -0.03727067 0.00860639
v -0.14822611 -0.03720954 0.00872923
v -0.15010601 -0.02984477 0.00870537
v -0.14986021 -0.02980106 0.00882812
v -0.15100761 -0.02231629 0.00893373
v -0.15117471 -0.02784889 0.00761552
v -0.15076971 -0.02995169 0.00758712
v -0.15033280 -0.03222035 0.00755648
v -0.11681121 -0.06998249 0.00863744
v -0.11676711 -0.06975559 0.00865951
v -0.12332211 -0.06843348 0.00860643
v -0.13355181 -0.06674904 0.00782327
v -0.13358491 -0.06680644 0.00770246
v -0.13188851 -0.06760942 0.00770837
v -0.13826261 -0.06130284 0.00796959
v -0.13361190 -0.06685328 0.00757827
v -0.13363281 -0.06688960 0.00745243
v -0.13192231 -0.06769931 0.00745826
v -0.13846691 -0.06143042 0.00748272
v -0.13770330 -0.06094635 0.00847213
v -0.13791271 -0.06108034 0.00834900
v -0.13810261 -0.06120143 0.00817890
v -0.13614462 -0.06402494 0.00815654
v -0.13725411 -0.06065744 0.00857236
v -0.13748641 -0.06080706 0.00854565
v -0.13228192 -0.06600359 0.00854376
v -0.13305091 -0.06588597 0.00851526
v -0.13150541 -0.06661593 0.00852113
v -0.13289781 -0.06562516 0.00854280
v -0.13376641 -0.06509137 0.00854145
v -0.13443202 -0.06484877 0.00851611
v -0.13005201 -0.06764472 0.00833381
v -0.12998101 -0.06740660 0.00845697
v -0.13168830 -0.06708766 0.00832428
v -0.13159861 -0.06685605 0.00844747
v -0.13330491 -0.06632318 0.00831828
v -0.13318031 -0.06610855 0.00844152
v -0.13478060 -0.06521515 0.00831915
v -0.13460951 -0.06503536 0.00844238
v -0.13596671 -0.06388691 0.00832665
v -0.13577072 -0.06373434 0.00844982
v -0.13422981 -0.06463681 0.00854343
v -0.13494921 -0.06393112 0.00854649
v -0.13556761 -0.06357587 0.00852345
v -0.13534532 -0.06340282 0.00855039
v -0.13634802 -0.06206544 0.00856027
v -0.12990711 -0.06715975 0.00853055
v -0.12337771 -0.06870607 0.00857977
v -0.12342891 -0.06895877 0.00850629
v -0.12347791 -0.06920253 0.00838320
v -0.12352191 -0.06942356 0.00821310
v -0.13023982 -0.06829432 0.00721772
v -0.12948641 -0.06854073 0.00722217
v -0.13023591 -0.06827364 0.00746765
v -0.12917552 -0.06861406 0.00722448
v -0.12476751 -0.06965406 0.00725720
v -0.12360291 -0.06984625 0.00751684
v -0.12360891 -0.06988506 0.00726658
v -0.11918901 -0.07076632 0.00730238
v -0.11700941 -0.07103034 0.00786450
v -0.11698611 -0.07090310 0.00805246
v -0.12355831 -0.06960951 0.00800378
v -0.13668441 -0.06409651 0.00721164
v -0.13648551 -0.06428688 0.00746055
v -0.13850521 -0.06145285 0.00723238
v -0.13858451 -0.06133779 0.00723328
v -0.13660041 -0.06421846 0.00721068
v -0.13651830 -0.06431011 0.00721014
v -0.13523301 -0.06568824 0.00745326
v -0.13531490 -0.06565440 0.00720222
v -0.13525952 -0.06571633 0.00720186
v -0.13525392 -0.06570974 0.00732738
v -0.13518180 -0.06580312 0.00720135
v -0.13411361 -0.06661466 0.00720055
v -0.13383921 -0.06682315 0.00720035
v -0.13364921 -0.06691626 0.00720106
v -0.13364771 -0.06691562 0.00732656
v -0.13269821 -0.06738241 0.00720463
v -0.13520391 -0.06565809 0.00757911
v -0.13516641 -0.06561911 0.00770331
v -0.13640901 -0.06422878 0.00771069
v -0.13193691 -0.06773925 0.00720770
v -0.13203671 -0.06770662 0.00720711
v -0.13838511 -0.06137984 0.00773294
v -0.13512061 -0.06557125 0.00782413
v -0.13506651 -0.06551477 0.00793982
v -0.13629441 -0.06414070 0.00794727
v -0.11703721 -0.07119538 0.00731980
v -0.11703081 -0.07115325 0.00754805
v -0.11702941 -0.07114495 0.00756943
v -0.12358551 -0.06975167 0.00776710
v -0.13020960 -0.06818120 0.00771782
v -0.13016931 -0.06804231 0.00795443
v -0.13183711 -0.06747434 0.00794492
v -0.13351261 -0.06668138 0.00793895
v -0.11697471 -0.07084066 0.00814471
v -0.11695151 -0.07071730 0.00825949
v -0.11692841 -0.07059394 0.00837427
v -0.11691011 -0.07049812 0.00842929
v -0.11687291 -0.07030290 0.00854138
v -0.11681531 -0.07000413 0.00863095
v -0.12565421 -0.06796312 0.00858755
v -0.12991831 -0.06689123 0.00855638
v -0.13139701 -0.06633590 0.00854848
v -0.13011591 -0.06786064 0.00816371
v -0.13176931 -0.06729766 0.00815417
v -0.13341781 -0.06651773 0.00814817
v -0.13493582 -0.06537799 0.00814904
v -0.00507188 -0.09289512 0.00873299
v -0.00506769 -0.09287320 0.00877671
v -0.00505329 -0.09279789 0.00892692
v -0.00503148 -0.09268757 0.00905618
v -0.00494728 -0.09226780 0.00940651
v -0.00492417 -0.09215458 0.00944913
v -0.00481288 -0.09161216 0.00957748
v -0.00485938 -0.09183784 0.00954944
v -0.00486400 -0.09186023 0.00954666
v -0.00491491 -0.09210921 0.00946621
v -0.00487486 -0.09191295 0.00954011
v -0.00498234 -0.09244172 0.00928209
v -0.00500981 -0.09257795 0.00918460
v -0.00500979 -0.09257789 0.00918469
v -0.00509973 -0.09304866 0.00823777
v -0.00509100 -0.09299776 0.00846382
v -0.00509012 -0.09299263 0.00848657
v -0.00508647 -0.09297143 0.00858077
v -0.00184647 -0.09211355 0.00960304
v -0.00241887 -0.09201680 0.00959810
v -0.00245708 -0.09229526 0.00957153
v -0.00509100 -0.09299776 0.00846382
v -0.00509973 -0.09304866 0.00823777
v -0.00260286 -0.09344905 0.00850853
v -0.00284665 -0.09346415 0.00825591
v -0.00260597 -0.09348278 0.00825815
v -0.00259227 -0.09335341 0.00875888
v -0.00508647 -0.09297143 0.00858077
v -0.00509012 -0.09299263 0.00848657
v -0.00257505 -0.09320958 0.00899564
v -0.00506769 -0.09287320 0.00877671
v -0.00507188 -0.09289512 0.00873299
v -0.00255160 -0.09302141 0.00920500
v -0.00503148 -0.09268757 0.00905618
v -0.00505329 -0.09279789 0.00892692
v -0.00494728 -0.09226780 0.00940651
v -0.00498234 -0.09244172 0.00928209
v -0.00500979 -0.09257789 0.00918469
v -0.00500981 -0.09257795 0.00918460
v -0.00249088 -0.09255101 0.00949815
v -0.00492417 -0.09215458 0.00944913
v -0.00486400 -0.09186023 0.00954666
v -0.00252300 -0.09279773 0.00937510
v -0.00000015 -0.09362510 0.00853070
v -0.12263631 -0.04596797 0.01839170
v -0.12131951 -0.04709637 0.01820279
v -0.12025271 -0.04756351 0.02470991
v -0.10461631 -0.05123415 0.05894953
v -0.10463251 -0.05121160 0.05901232
v -0.10577111 -0.05104578 0.05862721
v -0.11393191 -0.04928251 0.05039138
v -0.12048341 -0.04783186 0.01276914
v -0.11987481 -0.04805315 0.01800127
v -0.11766861 -0.04899891 0.02428414
v -0.10435631 -0.05147801 0.05794221
v -0.10444771 -0.05143152 0.05829628
v -0.10556971 -0.05123851 0.05803905
v -0.10692151 -0.05102364 0.05727305
v -0.10814511 -0.05082583 0.05628762
v -0.10923131 -0.05064821 0.05514083
v -0.11104771 -0.05034547 0.05251813
v -0.11247381 -0.05010046 0.04965395
v -0.11362411 -0.04989507 0.04663673
v -0.11588831 -0.04944265 0.03722070
v -0.11454781 -0.04972132 0.04353654
v -0.11687751 -0.04920755 0.03077041
v -0.11616501 -0.04955168 0.01290091
v -0.11629351 -0.04947269 0.02406455
v -0.11899791 -0.04835985 0.02450076
v -0.12379731 -0.04469513 0.01856391
v -0.12478191 -0.04331061 0.01871619
v -0.12332891 -0.04440450 0.02525171
v -0.12155781 -0.04565473 0.03172410
v -0.11891701 -0.04753212 0.03794589
v -0.12079511 -0.04655396 0.03155927
v -0.11672691 -0.04844082 0.04425538
v -0.11542161 -0.04886948 0.04736213
v -0.11220611 -0.04968829 0.05328919
v -0.11011011 -0.05010463 0.05599704
v -0.10888151 -0.05031885 0.05721340
v -0.10749871 -0.05053955 0.05829235
v -0.10776661 -0.05015888 0.05866536
v -0.10594381 -0.05075479 0.05918320
v -0.10558961 -0.05044281 0.05988475
v -0.10606850 -0.05038443 0.05965616
v -0.10470861 -0.05110583 0.05930689
v -0.10477051 -0.05094303 0.05954713
v -0.10477331 -0.05093570 0.05955795
v -0.10448281 -0.05141369 0.05843212
v -0.10448981 -0.05141008 0.05845959
v -0.10449211 -0.05140699 0.05846819
v -0.10453381 -0.05134893 0.05862987
v -0.12140681 -0.04662453 0.02490724
v -0.11897951 -0.04809800 0.03118444
v -0.12243781 -0.04556328 0.02508888
v -0.11749691 -0.04864255 0.03759832
v -0.11569391 -0.04918410 0.04390798
v -0.11456541 -0.04946453 0.04701028
v -0.11323471 -0.04975716 0.05003252
v -0.11165101 -0.05007028 0.05291305
v -0.10968941 -0.05042240 0.05557892
v -0.10853020 -0.05061694 0.05676148
v -0.10722551 -0.05082674 0.05779541
v -0.10435650 0.05147361 0.05794315
v -0.10692150 0.05102365 0.05727305
v -0.11104770 0.05034548 0.05251813
v -0.11247380 0.05010047 0.04965396
v -0.11588830 0.04944266 0.03722070
v -0.10833181 0.05008456 0.05831746
v -0.10777230 0.05015968 0.05867098
v -0.10749871 0.05053956 0.05829235
v -0.10888150 0.05031886 0.05721340
v -0.11011010 0.05010464 0.05599704
v -0.11234540 0.04929328 0.05406911
v -0.11220610 0.04968830 0.05328919
v -0.11393190 0.04928252 0.05039138
v -0.11542160 0.04886949 0.04736213
v -0.11672690 0.04844083 0.04425538
v -0.12045510 0.04590464 0.03706768
v -0.11891700 0.04753214 0.03794589
v -0.12079510 0.04655397 0.03155927
v -0.12155780 0.04565474 0.03172410
v -0.12478190 0.04331062 0.01871619
v -0.12332891 0.04440451 0.02525171
v -0.12379731 0.04469514 0.01856391
v -0.12263630 0.04596798 0.01839170
v -0.12131951 0.04709638 0.01820279
v -0.11987481 0.04805316 0.01800127
v -0.11833620 0.04881881 0.01779180
v -0.11629351 0.04947270 0.02406456
v -0.11766861 0.04899892 0.02428414
v -0.11687751 0.04920756 0.03077042
v -0.11454780 0.04972133 0.04353654
v -0.11362410 0.04989508 0.04663673
v -0.10923130 0.05064822 0.05514083
v -0.10814511 0.05082584 0.05628762
v -0.10556970 0.05123852 0.05803905
v -0.10577111 0.05104579 0.05862721
v -0.10594380 0.05075480 0.05918320
v -0.12243780 0.04556330 0.02508889
v -0.12140680 0.04662454 0.02490724
v -0.12025270 0.04756352 0.02470991
v -0.11897950 0.04809801 0.03118445
v -0.11749691 0.04864256 0.03759832
v -0.11569390 0.04918411 0.04390798
v -0.11456540 0.04946454 0.04701028
v -0.11323471 0.04975717 0.05003252
v -0.11165100 0.05007029 0.05291305
v -0.10968940 0.05042241 0.05557892
v -0.10853020 0.05061695 0.05676148
v -0.10722550 0.05082675 0.05779541
v -0.00253674 0.09440062 0.00000000
v -0.00518972 0.09348134 0.00411882
v -0.00527967 0.09391399 0.00000000
v -0.11319081 0.07275001 0.00000000
v -0.11718830 0.07196602 0.00000000
v -0.00518972 0.09348134 0.00411882
v -0.00527967 0.09391399 0.00000000
v -0.00625000 0.09372369 0.00000000
v -0.02760006 0.08953644 0.00000000
v -0.05025000 0.08509424 0.00000000
v -0.09945000 0.07544493 0.00000000
v -0.11604710 -0.04671354 0.00000000
v -0.11777470 -0.04616552 0.00000000
v -0.11602351 -0.04659274 0.00352520
v -0.11772131 -0.04604391 0.00355483
v -0.11933451 -0.04524272 0.00000000
v -0.11924211 -0.04511574 0.00358138
v -0.11779411 -0.04602038 0.00355610
v -0.12064661 -0.04399249 0.00000000
v -0.12164371 -0.04247900 0.00000000
v -0.12153091 -0.04242184 0.00362133
v -0.12083321 -0.04355184 0.00360915
v -0.12051871 -0.04388193 0.00360366
v -0.11949181 -0.04495969 0.00358574
v -0.02544415 -0.06441381 0.00194413
v -0.03326051 -0.06295000 0.00000000
v -0.09945000 -0.04996864 0.00000000
v -0.08033252 -0.05361476 0.00290221
v -0.08297393 -0.05320000 0.00000000
v -0.07629851 -0.05440844 0.00283180
v -0.07161345 -0.05533020 0.00275002
v -0.06876710 -0.05589020 0.00270033
v -0.06476159 -0.05667827 0.00263042
v -0.05025000 -0.05961795 0.00000000
v -0.05315653 -0.05896151 0.00242785
v -0.05074386 -0.05943619 0.00238574
v -0.03802602 -0.06193836 0.00216375
v -0.00600000 0.00000000 0.00000000
v -0.00605607 0.01424258 0.00160571
v -0.00600000 0.05425000 0.00000000
v -0.00600000 -0.05320000 0.00000000
v -0.00605607 -0.01192205 0.00160571
v -0.00605607 0.00399849 0.00160571
v -0.03802602 0.06193836 0.00216375
v -0.05074385 0.05943620 0.00238574
v -0.05025000 0.05961796 0.00000000
v -0.07161345 0.05533021 0.00275002
v -0.07629850 0.05440845 0.00283180
v -0.07762016 0.05425001 0.00000000
v -0.08033251 0.05361477 0.00290221
v -0.09945000 0.04996865 0.00000000
v -0.11602350 0.04659275 0.00352520
v -0.11604710 0.04671355 0.00000000
v -0.02544415 0.06441381 0.00194413
v -0.05315653 0.05896151 0.00242785
v -0.06476159 0.05667827 0.00263042
v -0.06876710 0.05589021 0.00270033
v -0.12164370 0.04247901 0.00000000
v -0.12064660 0.04399250 0.00000000
v -0.12153090 0.04242186 0.00362133
v -0.12054280 0.04390694 0.00360408
v -0.11933451 0.04524273 0.00000000
v -0.11923740 0.04511921 0.00358130
v -0.12050010 0.04397101 0.00360334
v -0.12054280 0.04390694 0.00360408
v -0.11777470 0.04616553 0.00000000
v -0.11730080 0.04622727 0.00354749
v -0.11770370 0.04601396 0.00355453
v -0.11901931 0.04531757 0.00357749
v -0.12741411 0.02247693 0.00372402
v -0.12770810 0.02014392 0.00372915
v -0.12772890 0.02014643 0.00000000
v -0.12870531 0.00939652 0.00000000
v -0.12875260 0.00851569 0.00374739
v -0.12907291 0.00000001 0.00000000
v -0.12885300 0.00399849 0.00374914
v -0.12894190 0.00000001 0.00375069
v -0.12851861 0.01416926 0.00000000
v -0.12819170 0.01630550 0.00373760
v -0.12834031 0.01424259 0.00374019
v -0.12868941 0.00939359 0.00374628
v -0.12638391 0.02807400 0.00370604
v -0.12699401 0.02570799 0.00000000
v -0.12622330 0.02911333 0.00000000
v -0.12213581 0.04117848 0.00363189
v -0.12321270 0.03902862 0.00000000
v -0.12372751 0.03735450 0.00365967
v -0.12407081 0.03645228 0.00000000
v -0.12402761 0.03643588 0.00366491
v -0.12560490 0.03184590 0.00000000
v -0.12515641 0.03297977 0.00368461
v -0.12612941 0.02909101 0.00370160
v -0.12325761 -0.03857601 0.00365147
v -0.12338850 -0.03822919 0.00000000
v -0.12338051 -0.03822903 0.00365361
v -0.12468500 -0.03454681 0.00367639
v -0.12452501 -0.03546091 0.00000000
v -0.12562260 -0.03116380 0.00369275
v -0.12563861 -0.03116839 0.00000000
v -0.12592781 -0.03006237 0.00369808
v -0.12701301 -0.02488792 0.00371702
v -0.12681441 -0.02663660 0.00000000
v -0.12737241 -0.02250054 0.00372329
v -0.12740371 -0.02250680 0.00000000
v -0.12786420 -0.01923417 0.00373188
v -0.12855021 -0.01241397 0.00000000
v -0.12851000 -0.01240907 0.00374315
v -0.12847660 -0.01305959 0.00374257
v -0.12839451 -0.01556330 0.00000000
v -0.12906251 -0.00205279 0.00000000
v -0.12886611 -0.00546601 0.00374937
v -0.12853490 -0.01192205 0.00374359
v -0.00253675 -0.09440062 0.00000000
v -0.00518972 -0.09348134 0.00411882
v -0.00527968 -0.09391399 0.00000000
v -0.00518972 -0.09348134 0.00411882
v -0.11718831 -0.07196601 0.00000000
v -0.09945000 -0.07544492 0.00000000
v -0.05025001 -0.08509423 0.00000000
v -0.00625000 -0.09372369 0.00000000
v -0.00527968 -0.09391399 0.00000000
v -0.14096630 -0.05903309 0.00000000
v -0.13835121 -0.06295000 0.00000000
v -0.13728091 -0.06455303 0.00000000
v -0.13452581 -0.06722204 0.00000000
v -0.13519660 -0.06681066 0.00000000
v -0.13581381 -0.06617386 0.00000000
v -0.13705071 -0.06489792 0.00000000
v -0.12935241 -0.06928691 0.00000000
v -0.13128642 -0.06866712 0.00000000
v -0.13247091 -0.06828752 0.00000000
v -0.13303350 -0.06810723 0.00000000
v -0.13313632 -0.06807430 0.00000000
v -0.12793241 -0.06974201 0.00000000
v -0.11933751 -0.07152114 0.00000000
v -0.15407291 0.00000001 0.00000000
v -0.15375370 -0.00868090 0.00000000
v -0.15331150 -0.01696081 0.00000000
v -0.15351191 -0.01525977 0.00000000
v -0.15238181 -0.02485273 0.00000000
v -0.15209371 -0.02729841 0.00000000
v -0.15103391 -0.03236481 0.00000000
v -0.14933021 -0.03954444 0.00000000
v -0.14992350 -0.03767353 0.00000000
v -0.14430390 -0.05287450 0.00000000
v -0.14707801 -0.04664746 0.00000000
v -0.14715501 -0.04640443 0.00000000
v -0.14828642 -0.04283633 0.00000000
v -0.14361761 -0.05441498 0.00000000
v -0.14415891 -0.05320000 0.00000000
v -0.14096630 0.05903310 0.00000000
v -0.14361760 0.05441499 0.00000000
v -0.14369111 0.05425001 0.00000000
v -0.14430390 0.05287451 0.00000000
v -0.14707801 0.04664748 0.00000000
v -0.14715500 0.04640444 0.00000000
v -0.14828641 0.04283634 0.00000000
v -0.14933021 0.03954446 0.00000000
v -0.14992350 0.03767354 0.00000000
v -0.15103391 0.03236483 0.00000000
v -0.15238181 0.02485275 0.00000000
v -0.15209371 0.02729842 0.00000000
v -0.15331150 0.01696083 0.00000000
v -0.15351191 0.01525979 0.00000000
v -0.15375370 0.00868091 0.00000000
v -0.11933750 0.07152115 0.00000000
v -0.12793241 0.06974202 0.00000000
v -0.13128641 0.06866713 0.00000000
v -0.12935240 0.06928692 0.00000000
v -0.13452581 0.06722205 0.00000000
v -0.13313631 0.06807431 0.00000000
v -0.13303350 0.06810724 0.00000000
v -0.13247090 0.06828753 0.00000000
v -0.13581380 0.06617388 0.00000000
v -0.13519660 0.06681067 0.00000000
v -0.13728090 0.06455304 0.00000000
v -0.13705071 0.06489794 0.00000000
v -0.02546964 0.00188328 0.00194457
v -0.02544415 0.00399849 0.00194413
v -0.02544415 -0.01192205 0.00194413
v -0.06476159 0.00948127 0.00263042
v -0.06476159 0.00873454 0.00263042
v -0.06506932 0.00907229 0.00263579
v -0.07586103 0.01220625 0.00282416
v -0.07629850 0.01220625 0.00283180
v -0.07629850 0.01424258 0.00283180
v -0.08281447 -0.00763322 0.00294553
v -0.08281446 -0.00488011 0.00294553
v -0.08033252 -0.00488011 0.00290221
v -0.06476159 0.05667827 0.00263042
v -0.06476159 0.01424258 0.00263042
v -0.06876710 0.01424258 0.00270033
v -0.01552776 -0.06636479 0.00177104
v -0.02544415 -0.06441381 0.00194413
v -0.10240831 -0.01267620 0.00328754
v -0.10095021 -0.01192205 0.00326209
v -0.08033252 -0.01192205 0.00290221
v -0.10283641 -0.01281941 0.00329502
v -0.08033252 -0.05361476 0.00290221
v -0.10932940 -0.01373465 0.00340835
v -0.10812900 -0.01383171 0.00338740
v -0.11602351 -0.04659274 0.00352520
v -0.10692830 -0.01378335 0.00336644
v -0.10540600 -0.01353330 0.00333987
v -0.10455050 -0.01339278 0.00332494
v -0.12701301 -0.02488792 0.00371702
v -0.12737241 -0.02250054 0.00372329
v -0.11520231 -0.01201990 0.00351086
v -0.12592781 -0.03006237 0.00369808
v -0.11779411 -0.04602038 0.00355610
v -0.11924211 -0.04511574 0.00358138
v -0.11051690 -0.01363862 0.00342908
v -0.12786420 -0.01923417 0.00373188
v -0.12847660 -0.01305959 0.00374257
v -0.11535161 -0.01192205 0.00351347
v -0.11772131 -0.04604391 0.00355483
v -0.11315631 -0.01294899 0.00347515
v -0.12338051 -0.03822903 0.00365361
v -0.11464711 -0.01227204 0.00350117
v -0.12468500 -0.03454681 0.00367639
v -0.12562260 -0.03116380 0.00369275
v -0.11949181 -0.04495969 0.00358574
v -0.12051871 -0.04388193 0.00360366
v -0.11206460 -0.01326077 0.00345610
v -0.12083321 -0.04355184 0.00360915
v -0.11271241 -0.01310261 0.00346740
v -0.12153091 -0.04242184 0.00362133
v -0.12325761 -0.03857601 0.00365147
v -0.07629850 -0.01192205 0.00283180
v -0.07629851 -0.05440844 0.00283180
v -0.07161345 -0.01192205 0.00275002
v -0.07161345 -0.05533020 0.00275002
v -0.06876710 -0.01192205 0.00270033
v -0.06876710 -0.05589020 0.00270033
v -0.06476159 -0.01192205 0.00263042
v -0.06476159 -0.05667827 0.00263042
v -0.05315653 -0.01192205 0.00242785
v -0.05315653 -0.05896151 0.00242785
v -0.05074385 -0.01192205 0.00238574
v -0.05074386 -0.05943619 0.00238574
v -0.03802602 -0.01192205 0.00216375
v -0.03802602 -0.06193836 0.00216375
v -0.01281144 -0.06642539 0.00172363
v -0.01353819 -0.06647965 0.00173631
v -0.00932272 -0.06499356 0.00166273
v -0.00978725 -0.06525203 0.00167084
v -0.01100436 -0.06592926 0.00169208
v -0.01158698 -0.06608921 0.00170225
v -0.01400000 -0.06651413 0.00174437
v -0.01476750 -0.06647647 0.00175777
v -0.00693864 -0.06221298 0.00162111
v -0.00706610 -0.06239738 0.00162334
v -0.00911082 -0.01192205 0.00165903
v -0.00809858 -0.06389100 0.00164136
v -0.00823342 -0.06401245 0.00164372
v -0.00911082 -0.06480271 0.00165903
v -0.00631656 -0.06055278 0.00161026
v -0.00605608 -0.05857505 0.00160571
v -0.00628555 -0.06047002 0.00160972
v -0.00664396 0.06157322 0.00161597
v -0.00635966 0.06054182 0.00161101
v -0.00911082 0.01424258 0.00165903
v -0.00614603 0.05976683 0.00160728
v -0.00605607 0.05857505 0.00160571
v -0.00979783 0.06524466 0.00167102
v -0.00911082 0.06477025 0.00165903
v -0.00868203 0.06447419 0.00165155
v -0.00825229 0.06399776 0.00164404
v -0.00758131 0.06325389 0.00163233
v -0.00709592 0.06238357 0.00162386
v -0.02544415 0.01424258 0.00194413
v -0.02544415 0.06441381 0.00194413
v -0.01552776 0.06636480 0.00177104
v -0.01476750 0.06647647 0.00175777
v -0.01400000 0.06651413 0.00174437
v -0.01354166 0.06645890 0.00173637
v -0.01210472 0.06628579 0.00171129
v -0.01159011 0.06609328 0.00170231
v -0.01036101 0.06563353 0.00168085
v -0.06876710 0.05589021 0.00270033
v -0.07161345 0.01424258 0.00275002
v -0.07161345 0.05533021 0.00275002
v -0.07629850 0.05440845 0.00283180
v -0.08033252 0.01424258 0.00290221
v -0.08033251 0.05361477 0.00290221
v -0.10354580 0.01482960 0.00330740
v -0.10419340 0.01498771 0.00331870
v -0.11730080 0.04622727 0.00354749
v -0.11602350 0.04659275 0.00352520
v -0.11085210 0.01526026 0.00343493
v -0.10932981 0.01551031 0.00340836
v -0.10574121 0.01536560 0.00334572
v -0.10692860 0.01546161 0.00336645
v -0.10812900 0.01555867 0.00338740
v -0.11170761 0.01511973 0.00344986
v -0.12054280 0.04390694 0.00360408
v -0.12050010 0.04397101 0.00360334
v -0.11923740 0.04511921 0.00358130
v -0.11901931 0.04531757 0.00357749
v -0.11770370 0.04601396 0.00355453
v -0.12515641 0.03297977 0.00368461
v -0.12402761 0.03643588 0.00366491
v -0.11384980 0.01440316 0.00348726
v -0.12372751 0.03735450 0.00365967
v -0.11342170 0.01454637 0.00347978
v -0.12213581 0.04117848 0.00363189
v -0.12153090 0.04242186 0.00362133
v -0.12819170 0.01630550 0.00373760
v -0.12770810 0.02014392 0.00372915
v -0.12741411 0.02247693 0.00372402
v -0.12638391 0.02807400 0.00370604
v -0.12612941 0.02909101 0.00370160
v -0.11581991 0.01338423 0.00352164
v -0.11584890 0.01336922 0.00352215
v -0.12834031 0.01424259 0.00374019
v -0.11616971 0.01316492 0.00352775
v -0.11796801 0.01177752 0.00355914
v -0.12244661 0.00399849 0.00363731
v -0.12885300 0.00399849 0.00374914
v -0.12225101 0.00479982 0.00363390
v -0.12875260 0.00851569 0.00374739
v -0.12209291 0.00544757 0.00363114
v -0.11416021 0.01424259 0.00349267
v -0.11798050 0.01176439 0.00355936
v -0.11952601 0.01013875 0.00358633
v -0.11977090 0.00982969 0.00359061
v -0.11982901 0.00974111 0.00359162
v -0.12101040 0.00793789 0.00361224
v -0.12868941 0.00939359 0.00374628
v -0.12126240 0.00738271 0.00361664
v -0.12193931 0.00589156 0.00362846
v -0.12886611 -0.00546601 0.00374937
v -0.12238301 -0.00271555 0.00363620
v -0.12180971 -0.00443004 0.00362620
v -0.12042860 -0.00717832 0.00360209
v -0.11904140 -0.00897694 0.00357788
v -0.12853490 -0.01192205 0.00374359
v -0.12252350 -0.00185996 0.00363866
v -0.12894190 0.00000001 0.00375069
v -0.12277350 -0.00033739 0.00364302
v -0.12851000 -0.01240907 0.00374315
v -0.11700510 -0.01083840 0.00354233
v -0.11709381 -0.01078026 0.00354388
v -0.12262881 0.00325176 0.00364049
v -0.12272481 0.00206422 0.00364217
v -0.12282191 0.00086357 0.00364386
v -0.12166661 -0.00485810 0.00362370
v -0.12064770 -0.00682867 0.00360591
v -0.12063280 -0.00685752 0.00360565
v -0.11902811 -0.00898963 0.00357764
v -0.11740291 -0.01053518 0.00354928
v -0.08509584 0.00686298 0.00298535
v -0.08509584 0.00910149 0.00298535
v -0.08125203 0.00686298 0.00291826
v -0.08166082 0.00910149 0.00292540
v -0.08166082 0.00985094 0.00292540
v -0.10161091 0.01399898 0.00327363
v -0.10214740 0.01424259 0.00328299
v -0.08587436 0.01292650 0.00299894
v -0.08112556 0.01292650 0.00291605
v -0.08112556 0.01218690 0.00291605
v -0.08033252 0.00399849 0.00290221
v -0.10310180 0.01467598 0.00329965
v -0.08509584 0.00985094 0.00298535
v -0.08509584 0.01218690 0.00298535
v -0.08125203 0.00611370 0.00291826
v -0.09561029 0.00855557 0.00316888
v -0.09562530 0.00858460 0.00316915
v -0.09582956 0.00890544 0.00317271
v -0.09721676 0.01070402 0.00319692
v -0.09916430 0.01250727 0.00323092
v -0.09925287 0.01256531 0.00323247
v -0.10105581 0.01374690 0.00326394
v -0.09380211 0.00399849 0.00313732
v -0.09387504 0.00444268 0.00313860
v -0.08587436 0.00611370 0.00299894
v -0.09444832 0.00615698 0.00314860
v -0.09459153 0.00658520 0.00315110
v -0.09722990 0.01071653 0.00319715
v -0.09885527 0.01226225 0.00322553
v -0.08281446 -0.00250111 0.00294553
v -0.08281446 0.00188328 0.00294553
v -0.08583896 0.00188328 0.00299832
v -0.09343618 0.00086357 0.00313093
v -0.09348452 0.00206452 0.00313178
v -0.09353325 -0.00033718 0.00313263
v -0.09373453 0.00358699 0.00313614
v -0.10043821 -0.01165727 0.00325316
v -0.10040921 -0.01164226 0.00325265
v -0.08583896 -0.01001239 0.00299832
v -0.10008841 -0.01143795 0.00324705
v -0.09829007 -0.01005055 0.00321566
v -0.09648716 -0.00810274 0.00318419
v -0.09642913 -0.00801416 0.00318318
v -0.09524772 -0.00621092 0.00316256
v -0.09499569 -0.00565576 0.00315816
v -0.09431875 -0.00416457 0.00314634
v -0.09416518 -0.00372063 0.00314366
v -0.09400708 -0.00307284 0.00314090
v -0.09362925 -0.00152479 0.00313431
v -0.09827762 -0.01003744 0.00321544
v -0.09673211 -0.00841178 0.00318847
v -0.07702053 -0.01001239 0.00284440
v -0.08033252 -0.01001239 0.00290221
v -0.07747925 -0.00488011 0.00285241
v -0.07702053 -0.00763322 0.00284440
v -0.08033252 -0.00763322 0.00290221
v -0.07629850 0.00399849 0.00283180
v -0.07747925 -0.00250111 0.00285241
v -0.08033252 -0.00250111 0.00290221
v -0.07017318 -0.00146446 0.00272488
v -0.07161345 -0.00146446 0.00275002
v -0.06876710 0.00119946 0.00270033
v -0.07161345 0.00399849 0.00275002
v -0.06876710 0.00399849 0.00270033
v -0.06497394 0.00188328 0.00263412
v -0.06476159 0.00399849 0.00263042
v -0.06840618 0.00188328 0.00269403
v -0.06575281 -0.00786426 0.00264772
v -0.06559941 -0.00752152 0.00264504
v -0.06713498 -0.00930199 0.00267185
v -0.06716143 -0.00931437 0.00267231
v -0.06783291 -0.00962861 0.00268403
v -0.06587149 -0.00353118 0.00264979
v -0.06594916 -0.00342634 0.00265115
v -0.06747161 -0.00204214 0.00267772
v -0.06686512 -0.00242543 0.00266714
v -0.06677336 -0.00248341 0.00266553
v -0.06787725 -0.00963956 0.00268480
v -0.06543975 -0.00466493 0.00264226
v -0.06564637 -0.00406667 0.00264586
v -0.06575486 -0.00375256 0.00264776
v -0.06636235 -0.00286862 0.00265836
v -0.06638491 -0.00283818 0.00265875
v -0.06556395 -0.00737626 0.00264442
v -0.06539476 -0.00668361 0.00264147
v -0.06535115 -0.00650507 0.00264071
v -0.06661857 -0.00891801 0.00266283
v -0.06644523 -0.00878913 0.00265981
v -0.06621310 -0.00854685 0.00265575
v -0.06618087 -0.00849904 0.00265519
v -0.06582215 -0.00796710 0.00264893
v -0.06531919 -0.00611399 0.00264015
v -0.06531379 -0.00586578 0.00264006
v -0.06542553 -0.00480050 0.00264201
v -0.06905757 -0.00993116 0.00270540
v -0.06884669 -0.00987907 0.00270172
v -0.06876710 -0.00985940 0.00270033
v -0.07255197 -0.00146446 0.00276640
v -0.07255197 0.00188328 0.00276640
v -0.07557647 0.00188328 0.00281919
v -0.07557647 -0.01001239 0.00281919
v -0.07161345 -0.01001239 0.00275002
v -0.07025817 -0.01001239 0.00272636
v -0.05537387 -0.00030892 0.00246655
v -0.06057327 -0.00030892 0.00255731
v -0.05452432 0.00188328 0.00245173
v -0.06143975 0.00188328 0.00257244
v -0.06454925 0.00188328 0.00262671
v -0.05941773 -0.01001239 0.00253714
v -0.05630842 -0.01001239 0.00248287
v -0.05315653 -0.00253224 0.00242785
v -0.05129597 0.00188328 0.00239538
v -0.07337958 0.00731071 0.00278085
v -0.07336991 0.01292650 0.00278068
v -0.07264978 0.01292650 0.00276811
v -0.07264978 0.00611370 0.00276811
v -0.07360350 0.00611370 0.00278475
v -0.07608493 0.01101892 0.00282807
v -0.07629850 0.01059841 0.00283180
v -0.07632820 0.01220625 0.00283231
v -0.07879998 0.00731071 0.00287546
v -0.07879998 0.01292650 0.00287546
v -0.07953946 0.01292650 0.00288837
v -0.07953946 0.00611370 0.00288837
v -0.07857605 0.00611370 0.00287155
v -0.06695726 0.00611370 0.00266874
v -0.06773561 0.00611370 0.00268233
v -0.06773561 0.01292650 0.00268233
v -0.06695726 0.01292650 0.00266874
v -0.06695726 0.01114541 0.00266874
v -0.06329833 0.00611370 0.00260488
v -0.06476159 0.00768222 0.00263042
v -0.06695726 0.01003584 0.00266874
v -0.05315653 0.00188328 0.00242785
v -0.05315653 0.00399849 0.00242785
v -0.06237379 0.00611370 0.00258874
v -0.06563378 0.00969525 0.00264564
v -0.06476159 0.01081777 0.00263042
v -0.06312314 0.01292650 0.00260182
v -0.06216940 0.01292650 0.00258517
v -0.05887071 0.00611370 0.00252759
v -0.05806298 0.00611370 0.00251349
v -0.05315653 0.01424258 0.00242785
v -0.05501708 0.01292650 0.00246033
v -0.05586370 0.01292650 0.00247511
v -0.05662271 0.01120382 0.00248835
v -0.06034003 0.01120382 0.00255324
v -0.06109904 0.01292650 0.00256649
v -0.06192630 0.01292650 0.00258093
v -0.05315653 0.05896151 0.00242785
v -0.07057714 0.01292650 0.00273193
v -0.06979859 0.01292650 0.00271834
v -0.06979859 0.00611370 0.00271834
v -0.07057714 0.00611370 0.00273193
v -0.05074385 0.05943620 0.00238574
v -0.05074385 0.01424258 0.00238574
v -0.05074385 0.00399849 0.00238574
v -0.03802602 0.06193836 0.00216375
v -0.03802602 0.01424258 0.00216375
v -0.03802602 0.00399849 0.00216375
v -0.04735421 0.00188328 0.00232657
v -0.05019174 0.00188328 0.00237610
v -0.04188302 0.00188328 0.00223107
v -0.04735421 -0.00544103 0.00232657
v -0.05019174 -0.01001239 0.00237610
v -0.04752405 -0.01001239 0.00232954
v -0.04203592 -0.00267098 0.00223374
v -0.04203592 -0.01001239 0.00223374
v -0.03921533 -0.01001239 0.00218451
v -0.03921533 0.00188328 0.00218451
v -0.03223217 -0.00278987 0.00206261
v -0.03381222 -0.00103953 0.00209019
v -0.02908865 0.00188328 0.00200774
v -0.03381222 0.00188328 0.00209019
v -0.03381222 -0.01001239 0.00209019
v -0.03683670 0.00188328 0.00214299
v -0.03683670 -0.01001239 0.00214299
v -0.03017610 -0.00508419 0.00202673
v -0.02575835 -0.01001239 0.00194961
v -0.02925865 -0.01001239 0.00201071
v -0.03381222 -0.00486317 0.00209019
v -0.00911082 0.00399849 0.00165903
v -0.01539392 0.00188328 0.00176870
v -0.01216556 0.00188328 0.00171235
v -0.01717802 -0.01001239 0.00179984
v -0.01624346 -0.00030892 0.00178353
v -0.02144270 -0.00030892 0.00187428
v -0.02230935 0.00188328 0.00188941
v -0.02541867 0.00188328 0.00194369
v -0.02028733 -0.01001239 0.00185412
v -0.00605607 0.01424258 0.00160571
v -0.00605607 0.00399849 0.00160571
v -0.00605607 -0.01192205 0.00160571
v -0.11195621 -0.06323617 0.00881720
v -0.11201171 -0.06346063 0.00881302
v -0.11142390 -0.06554357 0.00878664
v -0.11104691 -0.06581434 0.00878660
v -0.11100811 -0.06584223 0.00878660
v -0.11147881 -0.06547968 0.00878703
v -0.11173941 -0.06517663 0.00878889
v -0.11208671 -0.06376435 0.00880736
v -0.10819311 -0.06504376 0.00883105
v -0.10827541 -0.06519818 0.00882767
v -0.08874995 -0.06990476 0.00897359
v -0.10852291 -0.06547799 0.00882044
v -0.10860051 -0.06556571 0.00881817
v -0.10945781 -0.06602508 0.00880121
v -0.10903611 -0.06586569 0.00880850
v -0.10895571 -0.06581037 0.00881028
v -0.10948901 -0.06603687 0.00880067
v -0.11000001 -0.06610000 0.00879390
v -0.11015321 -0.06609441 0.00879226
v -0.11180761 -0.06504431 0.00879022
v -0.11196761 -0.06473381 0.00879333
v -0.11201401 -0.06454006 0.00879588
v -0.11208671 -0.06423564 0.00879988
v -0.08800001 -0.07000000 0.00898055
v -0.11054281 -0.06602413 0.00878897
v -0.11058831 -0.06601592 0.00878858
v -0.08949273 -0.06958765 0.00897023
v -0.09001495 -0.06922262 0.00897011
v -0.10804381 -0.06476383 0.00883717
v -0.01800020 -0.07517847 0.00968907
v -0.01831482 -0.07577449 0.00967607
v -0.01893026 -0.07694042 0.00965063
v -0.01698020 -0.07401610 0.00971902
v -0.01669006 -0.07368548 0.00972754
v -0.01522823 -0.07267013 0.00976015
v -0.00306975 -0.08305958 0.00973276
v -0.00368519 -0.08422551 0.00970732
v -0.00399980 -0.08482154 0.00969432
v -0.00501981 -0.08598391 0.00966437
v -0.00530995 -0.08631453 0.00965585
v -0.00706937 -0.08753659 0.00961661
v -0.00880407 -0.08819984 0.00958650
v -0.14500021 -0.03517845 0.00888881
v -0.14398020 -0.03401610 0.00891876
v -0.14369010 -0.03368547 0.00892727
v -0.14222820 -0.03267012 0.00895988
v -0.14193061 -0.03246342 0.00896652
v -0.08939512 -0.06965588 0.00897025
v -0.09011110 -0.06911239 0.00897078
v -0.09047565 -0.06869447 0.00897328
v -0.09058201 -0.06849157 0.00897530
v -0.00677177 -0.08732988 0.00962325
v -0.11208671 -0.06400000 0.00880362
v -0.08877538 -0.06989495 0.00897346
v -0.01493063 -0.07246342 0.00976679
v -0.01319594 -0.07180017 0.00979689
v -0.01310011 -0.07176352 0.00979856
v -0.14019592 -0.03180015 0.00899663
v -0.13800001 -0.03150000 0.00902619
v -0.13068861 -0.04422399 0.00890705
v -0.13100391 -0.04482741 0.00889392
v -0.14645001 -0.04000000 0.00879599
v -0.14645001 -0.03907926 0.00881059
v -0.01523896 -0.08734595 0.00952736
v -0.01678654 -0.08622625 0.00952763
v -0.01698744 -0.08599081 0.00952909
v -0.01805871 -0.08473546 0.00953689
v -0.01831781 -0.08422786 0.00954202
v -0.01897587 -0.08293866 0.00955502
v -0.00285689 -0.08218364 0.00974905
v -0.00255002 -0.08092074 0.00977254
v -0.14010011 -0.03176351 0.00899829
v -0.13740461 -0.03152088 0.00903258
v -0.08588893 -0.06488761 0.00908544
v -0.08552438 -0.06530554 0.00908293
v -0.08541803 -0.06550843 0.00908092
v -0.14614311 -0.03781637 0.00883408
v -0.14593031 -0.03694041 0.00885037
v -0.14531481 -0.03577449 0.00887580
v -0.00889989 -0.08823648 0.00958484
v -0.01100000 -0.08850000 0.00955694
v -0.01164538 -0.08847548 0.00955004
v -0.08541692 -0.06849241 0.00903362
v -0.08518219 -0.06802949 0.00904361
v -0.01915262 -0.08218640 0.00956495
v -0.01944999 -0.08092074 0.00958166
v -0.08519800 -0.06592819 0.00907675
v -0.08512575 -0.06622919 0.00907279
v -0.08501680 -0.06668308 0.00906683
v -0.08550435 -0.06866483 0.00902990
v -0.08588637 -0.06911481 0.00901845
v -0.08595228 -0.06919243 0.00901648
v -0.00859356 -0.07184777 0.00984812
v -0.00689602 -0.07255639 0.00985606
v -0.00676105 -0.07265406 0.00985604
v -0.00521346 -0.07377378 0.00985576
v -0.00501256 -0.07400920 0.00985430
v -0.00394129 -0.07526455 0.00984650
v -0.00368219 -0.07577215 0.00984138
v -0.00255002 -0.07907927 0.00980173
v -0.00255002 -0.08000000 0.00978714
v -0.13580911 -0.03183543 0.00904562
v -0.13533271 -0.03192934 0.00904951
v -0.13375761 -0.03265538 0.00905579
v -0.13238111 -0.04637790 0.00885378
v -0.13376630 -0.04733768 0.00882292
v -0.13400251 -0.04750133 0.00881766
v -0.13581081 -0.04818162 0.00878645
v -0.14019640 -0.04819080 0.00873677
v -0.14040641 -0.04815224 0.00873501
v -0.01319637 -0.08819081 0.00953703
v -0.01340644 -0.08815224 0.00953527
v -0.01510398 -0.08744361 0.00952733
v -0.08800001 -0.06400000 0.00907567
v -0.08725007 -0.06409525 0.00908263
v -0.08660490 -0.06434413 0.00908597
v -0.08650731 -0.06441235 0.00908599
v -0.08598507 -0.06477738 0.00908611
v -0.09080202 -0.06807181 0.00897947
v -0.09087426 -0.06777081 0.00898343
v -0.09098323 -0.06731693 0.00898939
v -0.14378651 -0.04622623 0.00872736
v -0.14223892 -0.04734595 0.00872709
v -0.14210401 -0.04744361 0.00872707
v -0.14398741 -0.04599081 0.00872883
v -0.14505871 -0.04473545 0.00873663
v -0.14531780 -0.04422784 0.00874175
v -0.14597592 -0.04293864 0.00875476
v -0.14615261 -0.04218639 0.00876469
v -0.14645001 -0.04092073 0.00878139
v -0.01944999 -0.08000000 0.00959626
v -0.01944999 -0.07907926 0.00961085
v -0.08512237 -0.06777178 0.00904838
v -0.01914311 -0.07781639 0.00963434
v -0.08501680 -0.06731693 0.00905678
v -0.08501680 -0.06700000 0.00906180
v -0.08645447 -0.06957125 0.00900480
v -0.08650223 -0.06959325 0.00900391
v -0.08705047 -0.06984577 0.00899372
v -0.08722649 -0.06988439 0.00899112
v -0.08767084 -0.06998189 0.00898455
v 0.01718466 -0.07522541 0.01008573
v 0.01276807 -0.07451007 0.01004718
v 0.01237152 -0.07440377 0.01004439
v -0.00284739 -0.07781363 0.00981844
v -0.00302414 -0.07706137 0.00982837
v -0.11139951 -0.06243429 0.00883620
v -0.09098323 -0.06700000 0.00899442
v -0.09098323 -0.06668308 0.00899944
v -0.10798841 -0.06453937 0.00884136
v -0.09087765 -0.06622822 0.00900784
v -0.01100000 -0.07150000 0.00982645
v -0.01035462 -0.07152455 0.00983335
v -0.00880363 -0.07180921 0.00984636
v 0.01768333 -0.07524235 0.01009109
v 0.01756889 -0.07525397 0.01008961
v 0.01743416 -0.07524395 0.01008825
v -0.11147710 -0.06252201 0.00883394
v -0.11172461 -0.06280182 0.00882671
v -0.08722464 -0.06410506 0.00908276
v -0.13606211 -0.04827613 0.00878211
v -0.13800001 -0.04850000 0.00875667
v -0.13864541 -0.04847546 0.00874977
v -0.11180691 -0.06295624 0.00882333
v -0.13202601 -0.04597811 0.00886413
v -0.11104430 -0.06218964 0.00884410
v -0.11096400 -0.06213431 0.00884588
v -0.11054221 -0.06197492 0.00885317
v -0.09058310 -0.06550760 0.00902260
v -0.09049567 -0.06533518 0.00902632
v -0.09011365 -0.06488520 0.00903776
v -0.09004776 -0.06480757 0.00903974
v -0.10798611 -0.06345995 0.00885850
v -0.10791331 -0.06376435 0.00885449
v -0.09081785 -0.06597052 0.00901260
v -0.10791331 -0.06400000 0.00885076
v -0.10791331 -0.06423564 0.00884702
v -0.10895311 -0.06218566 0.00886778
v -0.10857611 -0.06245642 0.00886774
v -0.10852121 -0.06252033 0.00886735
v -0.10826061 -0.06282337 0.00886549
v -0.10819241 -0.06295569 0.00886416
v -0.10803241 -0.06326620 0.00886105
v -0.08954555 -0.06442877 0.00905142
v -0.08949778 -0.06440676 0.00905231
v -0.08894955 -0.06415424 0.00906250
v -0.10899191 -0.06215777 0.00886778
v -0.08877353 -0.06411562 0.00906510
v -0.08832917 -0.06401811 0.00907167
v -0.11051111 -0.06196313 0.00885371
v -0.11000001 -0.06190000 0.00886048
v -0.10984681 -0.06190559 0.00886212
v -0.10945731 -0.06197587 0.00886541
v -0.10941171 -0.06198408 0.00886579
v -0.08767160 0.06401804 0.00907909
v -0.08800000 0.06400001 0.00907567
v -0.14010010 0.04823648 0.00873713
v -0.08875000 0.06409527 0.00906569
v -0.08949272 0.06441234 0.00905227
v -0.09001531 0.06477774 0.00904058
v -0.09011111 0.06488759 0.00903776
v -0.09047607 0.06530617 0.00902700
v -0.01799909 0.08482316 0.00953618
v -0.01831478 0.08422548 0.00954209
v -0.01892935 0.08306196 0.00955359
v -0.01698015 0.08598385 0.00952929
v -0.01668912 0.08631537 0.00952732
v -0.01522822 0.08732986 0.00952773
v -0.00368522 0.07577453 0.00984130
v -0.00400091 0.07517685 0.00984721
v 0.00000000 0.07237491 0.00994026
v -0.00501984 0.07401616 0.00985411
v -0.00531088 0.07368464 0.00985608
v -0.08877537 0.06410506 0.00906525
v -0.08939533 0.06434425 0.00905445
v -0.08650729 0.06958767 0.00900394
v -0.08598469 0.06922229 0.00901564
v -0.08588890 0.06911242 0.00901846
v -0.08552394 0.06869385 0.00902922
v -0.08541799 0.06849160 0.00903362
v -0.08519766 0.06807091 0.00904278
v -0.01914309 0.08218361 0.00956510
v -0.13238150 0.04637827 0.00885377
v -0.00677178 0.07267015 0.00985566
v -0.00706982 0.07246318 0.00985557
v -0.00880406 0.07180017 0.00984650
v -0.13580581 0.04819532 0.00878629
v -0.13400200 0.04750108 0.00881767
v -0.08705134 0.06415395 0.00908395
v -0.00255035 0.07907616 0.00980178
v -0.00285691 0.07781643 0.00981829
v -0.00307065 0.07693808 0.00982980
v -0.08725000 0.06990475 0.00899053
v -0.08722463 0.06989496 0.00899097
v -0.08660468 0.06965577 0.00900177
v -0.08722647 0.06411558 0.00908258
v -0.13800000 0.04850001 0.00875667
v -0.13593740 0.04824597 0.00878400
v -0.08541685 0.06550757 0.00908095
v -0.08550365 0.06533622 0.00908268
v -0.01100000 0.07150000 0.00982645
v -0.13093221 0.04472189 0.00889640
v -0.13067940 0.04422915 0.00890707
v -0.01493018 0.08753682 0.00952782
v -0.01319594 0.08819984 0.00953689
v -0.14505680 0.03526175 0.00888685
v -0.14531771 0.03577226 0.00887581
v -0.08588627 0.06488512 0.00908551
v -0.08595124 0.06480854 0.00908599
v -0.00302522 0.08294160 0.00973513
v -0.00368233 0.08422776 0.00970732
v -0.00394316 0.08473825 0.00969628
v -0.00284748 0.08218635 0.00974911
v -0.00255035 0.08092385 0.00977248
v -0.00255035 0.08000000 0.00978713
v -0.14644961 0.03907617 0.00881064
v -0.14615250 0.03781366 0.00883401
v -0.14597480 0.03705841 0.00884800
v -0.14592931 0.04306195 0.00875333
v -0.14550921 0.04398276 0.00874348
v -0.01523873 0.07265438 0.00976028
v -0.01678376 0.07377118 0.00972512
v -0.08518177 0.06597162 0.00907624
v -0.01698722 0.07400941 0.00971905
v -0.01805683 0.07526175 0.00968711
v -0.08501667 0.06700001 0.00906180
v -0.08501667 0.06668425 0.00906681
v -0.01897477 0.07705842 0.00964826
v -0.13202921 0.04597571 0.00886413
v -0.14398720 0.03400941 0.00891878
v -0.14378371 0.03377119 0.00892486
v -0.14223870 0.03265438 0.00896001
v -0.14644961 0.04000001 0.00879600
v -0.14644961 0.04092385 0.00878135
v -0.14614310 0.04218360 0.00876484
v -0.01319644 0.07180887 0.00979675
v -0.01340229 0.07184655 0.00979383
v -0.01510057 0.07255452 0.00976342
v -0.01944965 0.07907616 0.00961091
v -0.01944965 0.08000000 0.00959626
v -0.01944965 0.08092386 0.00958161
v -0.01831766 0.07577227 0.00967607
v -0.08512232 0.06622821 0.00907285
v -0.00889989 0.07176352 0.00984600
v -0.01310011 0.08823649 0.00953740
v -0.01100000 0.08850000 0.00955694
v -0.01035919 0.08847581 0.00956456
v -0.00689942 0.08744549 0.00961997
v -0.00676127 0.08734562 0.00962311
v -0.00521624 0.08622883 0.00965827
v -0.00501278 0.08599060 0.00966435
v -0.14535080 0.04424369 0.00874113
v -0.14499910 0.04482316 0.00873592
v -0.14398011 0.04598386 0.00872902
v -0.09098334 0.06731579 0.00898941
v -0.09087768 0.06777180 0.00898337
v -0.09081824 0.06802839 0.00897998
v -0.09058316 0.06849245 0.00897527
v -0.09049636 0.06866380 0.00897354
v -0.09011373 0.06911490 0.00897071
v -0.09004876 0.06919149 0.00897023
v -0.01164081 0.07152420 0.00981883
v -0.08645553 0.06442813 0.00908633
v -0.08650218 0.06440665 0.00908614
v -0.00880355 0.08819114 0.00958664
v -0.00859771 0.08815348 0.00958957
v -0.14210061 0.03255452 0.00896316
v -0.14040230 0.03184655 0.00899356
v -0.14368911 0.04631538 0.00872705
v -0.14222820 0.04732986 0.00872747
v -0.14193021 0.04753683 0.00872755
v -0.14019591 0.04819985 0.00873663
v -0.09098334 0.06668425 0.00899942
v -0.01915252 0.07781366 0.00963428
v -0.08512574 0.06777083 0.00904835
v -0.08501667 0.06731579 0.00905680
v -0.13376630 0.04733774 0.00882292
v -0.13375211 0.03264262 0.00905605
v -0.13411571 0.03243941 0.00905517
v -0.13581130 0.03182043 0.00904583
v -0.13609960 0.03171517 0.00904424
v -0.13800001 0.03150001 0.00902619
v -0.14019640 0.03180888 0.00899648
v -0.13864080 0.03152420 0.00901857
v -0.08954447 0.06957190 0.00896989
v -0.08949783 0.06959337 0.00897008
v -0.08894866 0.06984607 0.00897227
v -0.09087427 0.06622919 0.00900787
v -0.09058201 0.06550843 0.00902259
v -0.09080236 0.06592910 0.00901344
v -0.08877354 0.06988444 0.00897364
v -0.08832841 0.06998198 0.00897712
v -0.08800000 0.07000001 0.00898055
v -0.09098334 0.06700001 0.00899441
v -0.05025000 0.08509424 0.00000000
v -0.05025000 0.07275001 0.00000000
v -0.09945000 0.07275001 0.00000000
v -0.00253674 0.09440062 0.00000000
v 0.00000000 0.09457283 0.00000000
v 0.00000000 0.08953643 0.00000000
v -0.00527968 -0.09391399 0.00000000
v -0.00625000 -0.09372369 0.00000000
v -0.00625000 -0.06828752 0.00000000
v -0.09089779 -0.06777646 0.00000000
v -0.09068610 -0.06828752 0.00000000
v -0.09945000 -0.06828752 0.00000000
v -0.01553966 0.06642550 0.00000000
v -0.05025000 0.05961796 0.00000000
v -0.05025000 0.06828753 0.00000000
v -0.12870531 0.00939652 0.00000000
v -0.12907291 0.00000001 0.00000000
v -0.13128641 0.00000001 0.00000000
v -0.10797161 -0.06345648 0.00000000
v -0.10818140 -0.06295000 0.00000000
v -0.09945000 -0.06295000 0.00000000
v -0.11148491 -0.06251507 0.00000000
v -0.11181871 -0.06295000 0.00000000
v -0.13128642 -0.06295000 0.00000000
v -0.09945000 -0.05320000 0.00000000
v -0.10851511 -0.06251507 0.00000000
v -0.10895000 -0.06218135 0.00000000
v -0.10945651 -0.06197156 0.00000000
v -0.11000001 -0.06190000 0.00000000
v -0.11054351 -0.06197156 0.00000000
v -0.13128642 -0.05320000 0.00000000
v -0.11105001 -0.06218135 0.00000000
v -0.11202840 -0.06345648 0.00000000
v -0.11210001 -0.06400000 0.00000000
v -0.13128642 -0.06828752 0.00000000
v -0.11202840 -0.06454353 0.00000000
v -0.11181871 -0.06505000 0.00000000
v -0.11148491 -0.06548493 0.00000000
v -0.11105001 -0.06581865 0.00000000
v -0.11054351 -0.06602845 0.00000000
v -0.10851511 -0.06548493 0.00000000
v -0.10818140 -0.06505000 0.00000000
v -0.10797161 -0.06454353 0.00000000
v -0.10790001 -0.06400000 0.00000000
v -0.11000001 -0.06610000 0.00000000
v -0.10945651 -0.06602845 0.00000000
v -0.10895001 -0.06581865 0.00000000
v -0.08722354 0.06410223 0.00000000
v -0.08650000 0.06440194 0.00000000
v -0.07762016 0.05425001 0.00000000
v -0.08587868 0.06487868 0.00000000
v -0.08500000 0.06700001 0.00000000
v -0.08510223 0.06622355 0.00000000
v -0.08540193 0.06550001 0.00000000
v -0.09089778 0.06777647 0.00000000
v -0.09100000 0.06700001 0.00000000
v -0.09945000 0.06828753 0.00000000
v -0.09089778 0.06622355 0.00000000
v -0.09945000 0.05425001 0.00000000
v -0.09059808 0.06550001 0.00000000
v -0.09012133 0.06487868 0.00000000
v -0.08950000 0.06440194 0.00000000
v -0.08877645 0.06410223 0.00000000
v -0.08800000 0.06400001 0.00000000
v -0.08510223 0.06777647 0.00000000
v -0.08531391 0.06828753 0.00000000
v -0.08540193 0.06850001 0.00000000
v -0.08587868 0.06912134 0.00000000
v -0.08650000 0.06959809 0.00000000
v -0.08950000 0.06959809 0.00000000
v -0.09012133 0.06912134 0.00000000
v -0.09059808 0.06850001 0.00000000
v -0.09068609 0.06828753 0.00000000
v -0.08722354 0.06989779 0.00000000
v -0.08800000 0.07000001 0.00000000
v -0.08877645 0.06989779 0.00000000
v -0.11933451 0.04524273 0.00000000
v -0.12064660 0.04399250 0.00000000
v -0.13128641 0.05425001 0.00000000
v -0.12164370 0.04247901 0.00000000
v -0.09945000 0.04996865 0.00000000
v -0.11604710 0.04671355 0.00000000
v -0.11777470 0.04616553 0.00000000
v -0.12321270 0.03902862 0.00000000
v -0.12407081 0.03645228 0.00000000
v -0.12560490 0.03184590 0.00000000
v -0.12851861 0.01416926 0.00000000
v -0.12622330 0.02911333 0.00000000
v -0.12699401 0.02570799 0.00000000
v -0.12772890 0.02014643 0.00000000
v -0.00625000 0.06054814 0.00000000
v -0.00625280 0.06057028 0.00000000
v -0.00625000 0.06828752 0.00000000
v -0.00699525 0.06243943 0.00000000
v -0.00818040 0.06406433 0.00000000
v -0.00973336 0.06534230 0.00000000
v -0.01155598 0.06619258 0.00000000
v -0.01353306 0.06656141 0.00000000
v 0.00000000 0.05425000 0.00000000
v -0.00600000 0.05425000 0.00000000
v -0.00600000 0.05857505 0.00000000
v 0.00000000 0.06828752 0.00000000
v -0.00600000 0.00000000 0.00000000
v 0.00000000 0.00000000 0.00000000
v -0.00600000 -0.05320000 0.00000000
v -0.00000000 -0.05320000 0.00000000
v -0.00600000 -0.05857505 0.00000000
v -0.00000000 -0.06295000 0.00000000
v -0.00625000 -0.06054814 0.00000000
v -0.00625000 -0.06295000 0.00000000
v -0.00699525 -0.06243943 0.00000000
v -0.00625281 -0.06057028 0.00000000
v -0.08297393 -0.05320000 0.00000000
v -0.05025000 -0.05961795 0.00000000
v -0.05025001 -0.06295000 0.00000000
v -0.03326051 -0.06295000 0.00000000
v -0.05025001 -0.06828752 0.00000000
v -0.01553966 -0.06642549 0.00000000
v -0.01353306 -0.06656141 0.00000000
v -0.01155598 -0.06619258 0.00000000
v -0.00973337 -0.06534230 0.00000000
v -0.00818040 -0.06406433 0.00000000
v -0.00736765 -0.06295000 0.00000000
v -0.11933451 -0.04524272 0.00000000
v -0.11777470 -0.04616552 0.00000000
v -0.12338850 -0.03822919 0.00000000
v -0.12164371 -0.04247900 0.00000000
v -0.12064661 -0.04399249 0.00000000
v -0.11604710 -0.04671354 0.00000000
v -0.12740371 -0.02250680 0.00000000
v -0.12681441 -0.02663660 0.00000000
v -0.12563861 -0.03116839 0.00000000
v -0.12452501 -0.03546091 0.00000000
v -0.12906251 -0.00205279 0.00000000
v -0.12855021 -0.01241397 0.00000000
v -0.12839451 -0.01556330 0.00000000
v -0.09012134 -0.06912133 0.00000000
v -0.08950001 -0.06959808 0.00000000
v -0.09945000 -0.07544492 0.00000000
v -0.09059809 -0.06850000 0.00000000
v -0.08531392 -0.06828752 0.00000000
v -0.08540194 -0.06850000 0.00000000
v -0.05025001 -0.08509423 0.00000000
v -0.08587868 -0.06912133 0.00000000
v -0.08650001 -0.06959808 0.00000000
v -0.08877646 -0.06989778 0.00000000
v -0.08800001 -0.07000000 0.00000000
v -0.08722355 -0.06989778 0.00000000
v -0.08540194 -0.06550000 0.00000000
v -0.08587868 -0.06487868 0.00000000
v -0.08650001 -0.06440193 0.00000000
v -0.08722355 -0.06410223 0.00000000
v -0.08510223 -0.06777646 0.00000000
v -0.08500001 -0.06700000 0.00000000
v -0.08510223 -0.06622354 0.00000000
v -0.09945000 -0.04996864 0.00000000
v -0.08800001 -0.06400000 0.00000000
v -0.08877646 -0.06410223 0.00000000
v -0.08950001 -0.06440193 0.00000000
v -0.09012134 -0.06487868 0.00000000
v -0.09059809 -0.06550000 0.00000000
v -0.09089779 -0.06622354 0.00000000
v -0.09100001 -0.06700000 0.00000000
v -0.11718831 -0.07196601 0.00000000
v -0.11933751 -0.07152114 0.00000000
v -0.12793241 -0.06974201 0.00000000
v -0.12935241 -0.06928691 0.00000000
v -0.01100000 -0.08450000 0.00000000
v -0.00983532 -0.08434668 0.00000000
v -0.00983532 -0.07565335 0.00000000
v -0.01100000 -0.07550000 0.00000000
v -0.01216469 -0.07565335 0.00000000
v -0.01325000 -0.07610289 0.00000000
v -0.01418198 -0.07681803 0.00000000
v -0.00875000 -0.08389711 0.00000000
v -0.00781802 -0.08318198 0.00000000
v -0.00710289 -0.08225000 0.00000000
v -0.01534667 -0.08116469 0.00000000
v -0.01489711 -0.08225000 0.00000000
v -0.01489711 -0.07775000 0.00000000
v -0.01534667 -0.07883532 0.00000000
v -0.01550000 -0.08000000 0.00000000
v -0.01418198 -0.08318198 0.00000000
v -0.01325000 -0.08389711 0.00000000
v -0.01216469 -0.08434668 0.00000000
v -0.00710289 -0.07775000 0.00000000
v -0.00781802 -0.07681803 0.00000000
v -0.00875000 -0.07610289 0.00000000
v -0.00665334 -0.08116469 0.00000000
v -0.00650000 -0.08000000 0.00000000
v -0.00665334 -0.07883532 0.00000000
v -0.00000000 -0.06828752 0.00000000
v -0.00000000 -0.09457283 0.00000000
v -0.00253675 -0.09440062 0.00000000
v -0.02760006 0.08953644 0.00000000
v -0.00625000 0.09372369 0.00000000
v -0.00625000 0.08953643 0.00000000
v -0.00527967 0.09391399 0.00000000
v -0.00710288 0.08225000 0.00000000
v -0.00781802 0.08318198 0.00000000
v -0.00875000 0.08389711 0.00000000
v -0.00781802 0.07681803 0.00000000
v -0.00710288 0.07775000 0.00000000
v -0.00625000 0.07275000 0.00000000
v -0.00983531 0.08434668 0.00000000
v -0.01100000 0.08450000 0.00000000
v -0.01216469 0.08434668 0.00000000
v -0.01325000 0.08389711 0.00000000
v -0.01418198 0.08318198 0.00000000
v -0.01489711 0.08225000 0.00000000
v -0.01325000 0.07610289 0.00000000
v -0.01418198 0.07681803 0.00000000
v -0.01489711 0.07775000 0.00000000
v -0.01216469 0.07565335 0.00000000
v -0.01100000 0.07550000 0.00000000
v -0.00665333 0.07883532 0.00000000
v -0.00650000 0.08000000 0.00000000
v -0.00665333 0.08116469 0.00000000
v -0.01534667 0.08116469 0.00000000
v -0.01550000 0.08000000 0.00000000
v -0.01534667 0.07883532 0.00000000
v -0.00983531 0.07565335 0.00000000
v -0.00875000 0.07610289 0.00000000
v -0.13128641 0.06866713 0.00000000
v -0.12935240 0.06928692 0.00000000
v -0.12793241 0.06974202 0.00000000
v -0.11933750 0.07152115 0.00000000
v -0.11718830 0.07196602 0.00000000
v -0.11319081 0.07275001 0.00000000
v -0.09945000 0.07544493 0.00000000
v -0.13581380 0.06617388 0.00000000
v -0.13705071 0.06489794 0.00000000
v -0.13728090 0.06455304 0.00000000
v -0.14369111 0.05425001 0.00000000
v -0.14361760 0.05441499 0.00000000
v -0.14096630 0.05903310 0.00000000
v -0.13519660 0.06681067 0.00000000
v -0.13452581 0.06722205 0.00000000
v -0.13313631 0.06807431 0.00000000
v -0.13303350 0.06810724 0.00000000
v -0.13247090 0.06828753 0.00000000
v -0.13128641 0.06828753 0.00000000
v -0.14025001 0.03610290 0.00000000
v -0.13916471 0.03565334 0.00000000
v -0.14828641 0.00000001 0.00000000
v -0.13800001 0.03550001 0.00000000
v -0.13683530 0.03565334 0.00000000
v -0.13575000 0.03610290 0.00000000
v -0.13481800 0.03681803 0.00000000
v -0.13410291 0.03775001 0.00000000
v -0.13365331 0.03883532 0.00000000
v -0.13350000 0.04000001 0.00000000
v -0.14234670 0.03883532 0.00000000
v -0.14189710 0.03775001 0.00000000
v -0.14118201 0.03681803 0.00000000
v -0.13365331 0.04116469 0.00000000
v -0.13410291 0.04225001 0.00000000
v -0.13481800 0.04318199 0.00000000
v -0.13575000 0.04389712 0.00000000
v -0.13683530 0.04434668 0.00000000
v -0.13800000 0.04450001 0.00000000
v -0.13916471 0.04434668 0.00000000
v -0.14430390 0.05287451 0.00000000
v -0.14025000 0.04389712 0.00000000
v -0.14707801 0.04664748 0.00000000
v -0.14118201 0.04318199 0.00000000
v -0.14715500 0.04640444 0.00000000
v -0.14189710 0.04225001 0.00000000
v -0.14828641 0.04283634 0.00000000
v -0.14234670 0.04116469 0.00000000
v -0.14250001 0.04000001 0.00000000
v -0.14933021 0.03954446 0.00000000
v -0.14992350 0.03767354 0.00000000
v -0.15407291 0.00000001 0.00000000
v -0.15375370 0.00868091 0.00000000
v -0.15238181 0.02485275 0.00000000
v -0.15209371 0.02729842 0.00000000
v -0.15103391 0.03236483 0.00000000
v -0.15351191 0.01525979 0.00000000
v -0.15331150 0.01696083 0.00000000
v -0.14828642 -0.04283633 0.00000000
v -0.14933021 -0.03954444 0.00000000
v -0.14992350 -0.03767353 0.00000000
v -0.15103391 -0.03236481 0.00000000
v -0.15209371 -0.02729841 0.00000000
v -0.15238181 -0.02485273 0.00000000
v -0.15331150 -0.01696081 0.00000000
v -0.15351191 -0.01525977 0.00000000
v -0.15375370 -0.00868090 0.00000000
v -0.13350001 -0.04000000 0.00000000
v -0.13800001 -0.03550000 0.00000000
v -0.13916471 -0.03565333 0.00000000
v -0.14025001 -0.03610289 0.00000000
v -0.14234670 -0.03883531 0.00000000
v -0.14189710 -0.03775000 0.00000000
v -0.14118202 -0.03681802 0.00000000
v -0.13365331 -0.03883531 0.00000000
v -0.13410291 -0.03775000 0.00000000
v -0.13481800 -0.03681802 0.00000000
v -0.13575001 -0.03610289 0.00000000
v -0.13683530 -0.03565333 0.00000000
v -0.13916471 -0.04434666 0.00000000
v -0.14415891 -0.05320000 0.00000000
v -0.14025001 -0.04389711 0.00000000
v -0.14430390 -0.05287450 0.00000000
v -0.14118202 -0.04318198 0.00000000
v -0.14707801 -0.04664746 0.00000000
v -0.14189710 -0.04225000 0.00000000
v -0.14715501 -0.04640443 0.00000000
v -0.14234670 -0.04116468 0.00000000
v -0.14250001 -0.04000000 0.00000000
v -0.13800001 -0.04450000 0.00000000
v -0.13683531 -0.04434666 0.00000000
v -0.13575001 -0.04389711 0.00000000
v -0.13481800 -0.04318198 0.00000000
v -0.13410291 -0.04225000 0.00000000
v -0.13365331 -0.04116468 0.00000000
v -0.13835121 -0.06295000 0.00000000
v -0.14096630 -0.05903309 0.00000000
v -0.14361761 -0.05441498 0.00000000
v -0.13128642 -0.06866712 0.00000000
v -0.13247091 -0.06828752 0.00000000
v -0.13303350 -0.06810723 0.00000000
v -0.13313632 -0.06807430 0.00000000
v -0.13452581 -0.06722204 0.00000000
v -0.13519660 -0.06681066 0.00000000
v -0.13581381 -0.06617386 0.00000000
v -0.13705071 -0.06489792 0.00000000
v -0.13728091 -0.06455303 0.00000000
v 0.00000000 0.07275000 0.00000000
v -0.04092272 0.06125543 0.03638312
v -0.04185718 0.06110407 0.03638312
v -0.04185718 0.06110407 0.03806230
v -0.04191314 0.06144956 0.03638312
v -0.04191314 0.06144956 0.03806230
v -0.04185718 0.06110407 0.03638312
v -0.04185718 0.06110407 0.03806230
v -0.04191314 0.06144956 0.03806230
v -0.04097868 0.06160093 0.03638312
v -0.04185718 0.06110407 0.03806230
v -0.04092272 0.06125543 0.03638312
v -0.04097868 0.06160093 0.03638312
v -0.04191314 0.06144956 0.03638312
v -0.04092272 0.06125543 0.03638312
v -0.04185718 0.06110407 0.03638312
v -0.03925099 0.06188075 0.03450000
v -0.04011835 0.06174027 0.03450000
v -0.03822740 0.06204652 0.03633745
v -0.03866108 0.06197628 0.03711465
v -0.03733101 0.06219172 0.03950000
v -0.03646466 0.06233204 0.03950000
v -0.03822740 0.06204652 0.03789286
v -0.03779373 0.06211676 0.03711465
v -0.03999015 0.06176103 0.03950000
v -0.03912280 0.06190151 0.03950000
v -0.03720281 0.06221248 0.03450000
v -0.03633646 0.06235280 0.03450000
v -0.04097868 0.06160093 0.03638312
v -0.04191314 0.06144956 0.03806230
v -0.04201329 0.06143334 0.03950000
v -0.04191314 0.06144956 0.03450000
v -0.04268234 0.06132499 0.03450000
v -0.04191314 0.06144956 0.03553896
v -0.04268234 0.06132499 0.03553896
v -0.04268234 0.06132499 0.03950000
v -0.04268234 0.06132499 0.03638312
v -0.04191314 0.06144956 0.03638312
v -0.04319514 0.06124193 0.03553896
v -0.04319514 0.06124193 0.03638312
v -0.04024655 0.06171951 0.03553896
v -0.04024655 0.06171951 0.03638007
v -0.07873645 0.05548549 0.03450000
v -0.07960380 0.05534501 0.03450000
v -0.07771286 0.05565128 0.03633745
v -0.07814653 0.05558104 0.03711465
v -0.07681646 0.05579647 0.03950000
v -0.07595011 0.05593678 0.03950000
v -0.07771286 0.05565128 0.03789286
v -0.07727919 0.05572153 0.03711465
v -0.07947560 0.05536577 0.03950000
v -0.07860825 0.05550625 0.03950000
v -0.07668827 0.05581722 0.03450000
v -0.07582192 0.05595756 0.03450000
v -0.08141969 0.05505091 0.03527302
v -0.08132112 0.05506687 0.03523130
v -0.08146385 0.05504376 0.03445568
v -0.08242419 0.05488822 0.03859091
v -0.08242419 0.05488822 0.03943507
v -0.08089280 0.05513624 0.03859091
v -0.08030889 0.05523081 0.03943507
v -0.08075559 0.05515846 0.03768790
v -0.08121430 0.05508417 0.03443506
v -0.08119928 0.05508661 0.03521429
v -0.08087049 0.05513986 0.03447438
v -0.07992430 0.05529310 0.03690260
v -0.08056330 0.05518961 0.03677273
v -0.08066692 0.05517283 0.03688291
v -0.08172858 0.05500088 0.03453398
v -0.08195729 0.05496384 0.03466576
v -0.08152603 0.05503367 0.03535328
v -0.08215461 0.05493188 0.03485536
v -0.08163695 0.05501572 0.03549247
v -0.08236100 0.05489845 0.03516986
v -0.08170834 0.05500416 0.03564473
v -0.08113294 0.05509735 0.03522059
v -0.08103892 0.05511258 0.03524609
v -0.08060062 0.05518357 0.03457393
v -0.08094798 0.05512731 0.03529679
v -0.08035066 0.05522405 0.03474402
v -0.08083332 0.05514588 0.03539981
v -0.08013675 0.05525870 0.03498481
v -0.08074568 0.05516007 0.03552142
v -0.07998663 0.05528301 0.03527137
v -0.08067377 0.05517172 0.03569203
v -0.07987078 0.05530178 0.03571840
v -0.08062940 0.05517891 0.03592857
v -0.07986020 0.05530348 0.03579870
v -0.08083721 0.05514525 0.03700884
v -0.08099371 0.05511989 0.03707357
v -0.08102200 0.05511532 0.03782580
v -0.08117124 0.05509115 0.03709740
v -0.08129431 0.05507122 0.03708417
v -0.08131647 0.05506763 0.03787662
v -0.08123554 0.05508074 0.03787136
v -0.08176962 0.05499423 0.03592908
v -0.08254901 0.05486799 0.03565493
v -0.08178319 0.05499204 0.03618425
v -0.08261649 0.05485707 0.03620353
v -0.08175978 0.05499583 0.03649610
v -0.08255982 0.05486625 0.03673749
v -0.08170208 0.05500517 0.03671002
v -0.08241149 0.05489028 0.03714802
v -0.08162169 0.05501819 0.03685953
v -0.08217280 0.05492893 0.03749310
v -0.08152639 0.05503363 0.03696501
v -0.08209018 0.05494232 0.03757645
v -0.08142240 0.05505047 0.03703754
v -0.08184089 0.05498269 0.03775274
v -0.08160448 0.05502098 0.03784193
v -0.03925099 0.06188075 0.03450000
v -0.03822740 0.06204652 0.03633745
v -0.03919504 0.06153524 0.03450000
v -0.03817144 0.06170104 0.03633745
v -0.04011835 0.06174027 0.03450000
v -0.03925099 0.06188075 0.03450000
v -0.04006238 0.06139476 0.03450000
v -0.03919504 0.06153524 0.03450000
v -0.03866108 0.06197628 0.03711465
v -0.04011835 0.06174027 0.03450000
v -0.03860512 0.06163080 0.03711465
v -0.04006238 0.06139476 0.03450000
v -0.03999015 0.06176103 0.03950000
v -0.03866108 0.06197628 0.03711465
v -0.03993419 0.06141552 0.03950000
v -0.03860512 0.06163080 0.03711465
v -0.03912280 0.06190151 0.03950000
v -0.03999015 0.06176103 0.03950000
v -0.03906684 0.06155600 0.03950000
v -0.03993419 0.06141552 0.03950000
v -0.03822740 0.06204652 0.03789286
v -0.03912280 0.06190151 0.03950000
v -0.03817144 0.06170104 0.03789286
v -0.03906684 0.06155600 0.03950000
v -0.03733101 0.06219172 0.03950000
v -0.03822740 0.06204652 0.03789286
v -0.03727505 0.06184622 0.03950000
v -0.03817144 0.06170104 0.03789286
v -0.03646466 0.06233204 0.03950000
v -0.03733101 0.06219172 0.03950000
v -0.03640870 0.06198653 0.03950000
v -0.03727505 0.06184622 0.03950000
v -0.03779373 0.06211676 0.03711465
v -0.03646466 0.06233204 0.03950000
v -0.03773777 0.06177128 0.03711465
v -0.03640870 0.06198653 0.03950000
v -0.03633646 0.06235280 0.03450000
v -0.03779373 0.06211676 0.03711465
v -0.03628050 0.06200729 0.03450000
v -0.03773777 0.06177128 0.03711465
v -0.03720281 0.06221248 0.03450000
v -0.03633646 0.06235280 0.03450000
v -0.03714685 0.06186699 0.03450000
v -0.03628050 0.06200729 0.03450000
v -0.03822740 0.06204652 0.03633745
v -0.03720281 0.06221248 0.03450000
v -0.03817144 0.06170104 0.03633745
v -0.03714685 0.06186699 0.03450000
v -0.04319514 0.06124193 0.03553896
v -0.04268234 0.06132499 0.03553896
v -0.04313918 0.06089644 0.03553896
v -0.04262638 0.06097949 0.03553896
v -0.04319514 0.06124193 0.03638312
v -0.04319514 0.06124193 0.03553896
v -0.04313918 0.06089644 0.03638312
v -0.04313918 0.06089644 0.03553896
v -0.04268234 0.06132499 0.03638312
v -0.04319514 0.06124193 0.03638312
v -0.04262638 0.06097949 0.03638312
v -0.04313918 0.06089644 0.03638312
v -0.04268234 0.06132499 0.03950000
v -0.04268234 0.06132499 0.03638312
v -0.04262638 0.06097949 0.03950000
v -0.04262638 0.06097949 0.03638312
v -0.04201329 0.06143334 0.03950000
v -0.04268234 0.06132499 0.03950000
v -0.04195734 0.06108785 0.03950000
v -0.04262638 0.06097949 0.03950000
v -0.04024655 0.06171951 0.03638007
v -0.04201329 0.06143334 0.03950000
v -0.04019059 0.06137401 0.03638007
v -0.04195734 0.06108785 0.03950000
v -0.04024655 0.06171951 0.03553896
v -0.04024655 0.06171951 0.03638007
v -0.04019059 0.06137401 0.03553896
v -0.04019059 0.06137401 0.03638007
v -0.04191314 0.06144956 0.03553896
v -0.04024655 0.06171951 0.03553896
v -0.04185718 0.06110407 0.03553896
v -0.04019059 0.06137401 0.03553896
v -0.04191314 0.06144956 0.03450000
v -0.04191314 0.06144956 0.03553896
v -0.04185718 0.06110407 0.03450000
v -0.04185718 0.06110407 0.03553896
v -0.04268234 0.06132499 0.03450000
v -0.04191314 0.06144956 0.03450000
v -0.04262638 0.06097949 0.03450000
v -0.04185718 0.06110407 0.03450000
v -0.04268234 0.06132499 0.03553896
v -0.04268234 0.06132499 0.03450000
v -0.04262638 0.06097949 0.03553896
v -0.04262638 0.06097949 0.03450000
v -0.07873645 0.05548549 0.03450000
v -0.07771286 0.05565128 0.03633745
v -0.07868049 0.05514000 0.03450000
v -0.07765690 0.05530578 0.03633745
v -0.07960380 0.05534501 0.03450000
v -0.07873645 0.05548549 0.03450000
v -0.07954784 0.05499952 0.03450000
v -0.07868049 0.05514000 0.03450000
v -0.07814653 0.05558104 0.03711465
v -0.07960380 0.05534501 0.03450000
v -0.07809057 0.05523554 0.03711465
v -0.07954784 0.05499952 0.03450000
v -0.07947560 0.05536577 0.03950000
v -0.07814653 0.05558104 0.03711465
v -0.07941964 0.05502028 0.03950000
v -0.07809057 0.05523554 0.03711465
v -0.07860825 0.05550625 0.03950000
v -0.07947560 0.05536577 0.03950000
v -0.07855229 0.05516077 0.03950000
v -0.07941964 0.05502028 0.03950000
v -0.07771286 0.05565128 0.03789286
v -0.07860825 0.05550625 0.03950000
v -0.07765690 0.05530578 0.03789286
v -0.07855229 0.05516077 0.03950000
v -0.07681646 0.05579647 0.03950000
v -0.07771286 0.05565128 0.03789286
v -0.07676050 0.05545096 0.03950000
v -0.07765690 0.05530578 0.03789286
v -0.07595011 0.05593678 0.03950000
v -0.07681646 0.05579647 0.03950000
v -0.07589416 0.05559129 0.03950000
v -0.07676050 0.05545096 0.03950000
v -0.07727919 0.05572153 0.03711465
v -0.07595011 0.05593678 0.03950000
v -0.07722322 0.05537602 0.03711465
v -0.07589416 0.05559129 0.03950000
v -0.07582192 0.05595756 0.03450000
v -0.07727919 0.05572153 0.03711465
v -0.07576596 0.05561205 0.03450000
v -0.07722322 0.05537602 0.03711465
v -0.07668827 0.05581722 0.03450000
v -0.07582192 0.05595756 0.03450000
v -0.07663230 0.05547174 0.03450000
v -0.07576596 0.05561205 0.03450000
v -0.07771286 0.05565128 0.03633745
v -0.07668827 0.05581722 0.03450000
v -0.07765690 0.05530578 0.03633745
v -0.07663230 0.05547174 0.03450000
v -0.08261649 0.05485707 0.03620353
v -0.08256053 0.05451156 0.03620353
v -0.08250386 0.05452075 0.03673749
v -0.08255982 0.05486625 0.03673749
v -0.08235552 0.05454478 0.03714802
v -0.08241149 0.05489028 0.03714802
v -0.08211684 0.05458344 0.03749310
v -0.08217280 0.05492893 0.03749310
v -0.08217280 0.05492893 0.03749310
v -0.08211684 0.05458344 0.03749310
v -0.08203422 0.05459682 0.03757645
v -0.08209018 0.05494232 0.03757645
v -0.08178494 0.05463719 0.03775274
v -0.08184089 0.05498269 0.03775274
v -0.08154853 0.05467547 0.03784193
v -0.08160448 0.05502098 0.03784193
v -0.08126051 0.05472212 0.03787662
v -0.08131647 0.05506763 0.03787662
v -0.08131647 0.05506763 0.03787662
v -0.08126051 0.05472212 0.03787662
v -0.08117959 0.05473524 0.03787136
v -0.08123554 0.05508074 0.03787136
v -0.08096604 0.05476982 0.03782580
v -0.08102200 0.05511532 0.03782580
v -0.08069963 0.05481297 0.03768790
v -0.08075559 0.05515846 0.03768790
v -0.08089280 0.05513624 0.03859091
v -0.08075559 0.05515846 0.03768790
v -0.08083685 0.05479075 0.03859091
v -0.08069963 0.05481297 0.03768790
v -0.08242419 0.05488822 0.03859091
v -0.08089280 0.05513624 0.03859091
v -0.08236823 0.05454272 0.03859091
v -0.08083685 0.05479075 0.03859091
v -0.08242419 0.05488822 0.03943507
v -0.08242419 0.05488822 0.03859091
v -0.08236823 0.05454272 0.03943507
v -0.08236823 0.05454272 0.03859091
v -0.08030889 0.05523081 0.03943507
v -0.08242419 0.05488822 0.03943507
v -0.08025294 0.05488532 0.03943507
v -0.08236823 0.05454272 0.03943507
v -0.07992430 0.05529310 0.03690260
v -0.08030889 0.05523081 0.03943507
v -0.07986834 0.05494761 0.03690260
v -0.08025294 0.05488532 0.03943507
v -0.08056330 0.05518961 0.03677273
v -0.07992430 0.05529310 0.03690260
v -0.08050733 0.05484411 0.03677273
v -0.07986834 0.05494761 0.03690260
v -0.08056330 0.05518961 0.03677273
v -0.08050733 0.05484411 0.03677273
v -0.08061096 0.05482733 0.03688291
v -0.08066692 0.05517283 0.03688291
v -0.08078125 0.05479975 0.03700884
v -0.08083721 0.05514525 0.03700884
v -0.08093775 0.05477440 0.03707357
v -0.08099371 0.05511989 0.03707357
v -0.08111528 0.05474565 0.03709740
v -0.08117124 0.05509115 0.03709740
v -0.08117124 0.05509115 0.03709740
v -0.08111528 0.05474565 0.03709740
v -0.08123835 0.05472572 0.03708417
v -0.08129431 0.05507122 0.03708417
v -0.08136644 0.05470497 0.03703754
v -0.08142240 0.05505047 0.03703754
v -0.08147043 0.05468813 0.03696501
v -0.08152639 0.05503363 0.03696501
v -0.08156573 0.05467270 0.03685953
v -0.08162169 0.05501819 0.03685953
v -0.08164613 0.05465967 0.03671002
v -0.08170208 0.05500517 0.03671002
v -0.08170382 0.05465032 0.03649610
v -0.08175978 0.05499583 0.03649610
v -0.08172723 0.05464654 0.03618425
v -0.08178319 0.05499204 0.03618425
v -0.08178319 0.05499204 0.03618425
v -0.08172723 0.05464654 0.03618425
v -0.08171366 0.05464874 0.03592908
v -0.08176962 0.05499423 0.03592908
v -0.08165238 0.05465866 0.03564473
v -0.08170834 0.05500416 0.03564473
v -0.08158100 0.05467022 0.03549247
v -0.08163695 0.05501572 0.03549247
v -0.08147008 0.05468819 0.03535328
v -0.08152603 0.05503367 0.03535328
v -0.08136373 0.05470540 0.03527302
v -0.08141969 0.05505091 0.03527302
v -0.08126516 0.05472138 0.03523130
v -0.08132112 0.05506687 0.03523130
v -0.08114332 0.05474111 0.03521429
v -0.08119928 0.05508661 0.03521429
v -0.08119928 0.05508661 0.03521429
v -0.08114332 0.05474111 0.03521429
v -0.08107698 0.05475186 0.03522059
v -0.08113294 0.05509735 0.03522059
v -0.08098297 0.05476708 0.03524609
v -0.08103892 0.05511258 0.03524609
v -0.08089202 0.05478182 0.03529679
v -0.08094798 0.05512731 0.03529679
v -0.08077736 0.05480038 0.03539981
v -0.08083332 0.05514588 0.03539981
v -0.08068972 0.05481458 0.03552142
v -0.08074568 0.05516007 0.03552142
v -0.08061781 0.05482622 0.03569203
v -0.08067377 0.05517172 0.03569203
v -0.08057344 0.05483341 0.03592857
v -0.08062940 0.05517891 0.03592857
v -0.07986020 0.05530348 0.03579870
v -0.08062940 0.05517891 0.03592857
v -0.07980424 0.05495799 0.03579870
v -0.08057344 0.05483341 0.03592857
v -0.07986020 0.05530348 0.03579870
v -0.07980424 0.05495799 0.03579870
v -0.07981482 0.05495627 0.03571840
v -0.07987078 0.05530178 0.03571840
v -0.07993067 0.05493752 0.03527137
v -0.07998663 0.05528301 0.03527137
v -0.08008080 0.05491320 0.03498481
v -0.08013675 0.05525870 0.03498481
v -0.08029471 0.05487856 0.03474402
v -0.08035066 0.05522405 0.03474402
v -0.08054467 0.05483806 0.03457393
v -0.08060062 0.05518357 0.03457393
v -0.08081453 0.05479436 0.03447438
v -0.08087049 0.05513986 0.03447438
v -0.08115835 0.05473868 0.03443506
v -0.08121430 0.05508417 0.03443506
v -0.08121430 0.05508417 0.03443506
v -0.08115835 0.05473868 0.03443506
v -0.08140789 0.05469826 0.03445568
v -0.08146385 0.05504376 0.03445568
v -0.08167263 0.05465537 0.03453398
v -0.08172858 0.05500088 0.03453398
v -0.08190132 0.05461833 0.03466576
v -0.08195729 0.05496384 0.03466576
v -0.08209865 0.05458637 0.03485536
v -0.08215461 0.05493188 0.03485536
v -0.08230504 0.05455296 0.03516986
v -0.08236100 0.05489845 0.03516986
v -0.08249304 0.05452250 0.03565493
v -0.08254901 0.05486799 0.03565493
v -0.08256053 0.05451156 0.03620353
v -0.08261649 0.05485707 0.03620353
v -0.03496578 0.06222023 0.03951764
v -0.03489851 0.06223113 0.03900000
v -0.03640870 0.06198653 0.03950000
v -0.03817144 0.06170104 0.03633745
v -0.03714685 0.06186699 0.03450000
v -0.03687278 0.06191137 0.03300000
v -0.03773777 0.06177128 0.03711465
v -0.03489851 0.06223113 0.03500000
v -0.03628050 0.06200729 0.03450000
v -0.03496578 0.06222023 0.03448236
v -0.03516301 0.06218828 0.03400000
v -0.04279560 0.06095208 0.04100000
v -0.03687278 0.06191137 0.04100000
v -0.03906684 0.06155600 0.03950000
v -0.03547676 0.06213747 0.03358578
v -0.03588565 0.06207124 0.03326795
v -0.03636180 0.06199413 0.03306814
v -0.03588565 0.06207124 0.04073205
v -0.03547676 0.06213747 0.04041421
v -0.03516301 0.06218828 0.04000000
v -0.03817144 0.06170104 0.03789286
v -0.03727505 0.06184622 0.03950000
v -0.03636180 0.06199413 0.04093185
v -0.04450537 0.06067516 0.03400000
v -0.04313918 0.06089644 0.03553896
v -0.04419162 0.06072598 0.03358578
v -0.04262638 0.06097949 0.03553896
v -0.04378274 0.06079220 0.03326795
v -0.04262638 0.06097949 0.03450000
v -0.04330658 0.06086931 0.03306814
v -0.04185718 0.06110407 0.03450000
v -0.04279560 0.06095208 0.03300000
v -0.04006238 0.06139476 0.03450000
v -0.03919504 0.06153524 0.03450000
v -0.04262638 0.06097949 0.03950000
v -0.04262638 0.06097949 0.03638312
v -0.04313918 0.06089644 0.03638312
v -0.04450537 0.06067516 0.04000000
v -0.04419162 0.06072598 0.04041421
v -0.04185718 0.06110407 0.03553896
v -0.04019059 0.06137401 0.03553896
v -0.03860512 0.06163080 0.03711465
v -0.04019059 0.06137401 0.03638007
v -0.04195734 0.06108785 0.03950000
v -0.03993419 0.06141552 0.03950000
v -0.04330658 0.06086931 0.04093185
v -0.04378274 0.06079220 0.04073205
v -0.04470261 0.06064322 0.03448236
v -0.04476987 0.06063231 0.03500000
v -0.04476987 0.06063231 0.03900000
v -0.04470261 0.06064322 0.03951764
v -0.07635824 0.05551613 0.03300000
v -0.08228105 0.05455684 0.03300000
v -0.07954784 0.05499952 0.03450000
v -0.07868049 0.05514000 0.03450000
v -0.07765690 0.05530578 0.03633745
v -0.07663230 0.05547174 0.03450000
v -0.07445124 0.05582499 0.03951764
v -0.07438396 0.05583589 0.03900000
v -0.07589416 0.05559129 0.03950000
v -0.08228105 0.05455684 0.04100000
v -0.07635824 0.05551613 0.04100000
v -0.07855229 0.05516077 0.03950000
v -0.08083685 0.05479075 0.03859091
v -0.08069963 0.05481297 0.03768790
v -0.08096604 0.05476982 0.03782580
v -0.07722322 0.05537602 0.03711465
v -0.07438396 0.05583589 0.03500000
v -0.07576596 0.05561205 0.03450000
v -0.07445124 0.05582499 0.03448236
v -0.07464846 0.05579305 0.03400000
v -0.07537110 0.05567600 0.04073205
v -0.07496221 0.05574223 0.04041421
v -0.07464846 0.05579305 0.04000000
v -0.08057344 0.05483341 0.03592857
v -0.08172723 0.05464654 0.03618425
v -0.08170382 0.05465032 0.03649610
v -0.07496221 0.05574223 0.03358578
v -0.07537110 0.05567600 0.03326795
v -0.07584725 0.05559889 0.03306814
v -0.07765690 0.05530578 0.03789286
v -0.07676050 0.05545096 0.03950000
v -0.07584725 0.05559889 0.04093185
v -0.07809057 0.05523554 0.03711465
v -0.07986834 0.05494761 0.03690260
v -0.07941964 0.05502028 0.03950000
v -0.08025294 0.05488532 0.03943507
v -0.08367708 0.05433074 0.04041421
v -0.08236823 0.05454272 0.03943507
v -0.08399082 0.05427992 0.04000000
v -0.08236823 0.05454272 0.03859091
v -0.08418805 0.05424797 0.03951764
v -0.08425533 0.05423707 0.03900000
v -0.08425533 0.05423707 0.03500000
v -0.08235552 0.05454478 0.03714802
v -0.08250386 0.05452075 0.03673749
v -0.08111528 0.05474565 0.03709740
v -0.08093775 0.05477440 0.03707357
v -0.08078125 0.05479975 0.03700884
v -0.08061096 0.05482733 0.03688291
v -0.08068972 0.05481458 0.03552142
v -0.08077736 0.05480038 0.03539981
v -0.08171366 0.05464874 0.03592908
v -0.08089202 0.05478182 0.03529679
v -0.08164613 0.05465967 0.03671002
v -0.08156573 0.05467270 0.03685953
v -0.08147043 0.05468813 0.03696501
v -0.08178494 0.05463719 0.03775274
v -0.08203422 0.05459682 0.03757645
v -0.08211684 0.05458344 0.03749310
v -0.08230504 0.05455296 0.03516986
v -0.08209865 0.05458637 0.03485536
v -0.08367708 0.05433074 0.03358578
v -0.08029471 0.05487856 0.03474402
v -0.08008080 0.05491320 0.03498481
v -0.07993067 0.05493752 0.03527137
v -0.08061781 0.05482622 0.03569203
v -0.08136373 0.05470540 0.03527302
v -0.08147008 0.05468819 0.03535328
v -0.08158100 0.05467022 0.03549247
v -0.08136644 0.05470497 0.03703754
v -0.08123835 0.05472572 0.03708417
v -0.08117959 0.05473524 0.03787136
v -0.08126051 0.05472212 0.03787662
v -0.08154853 0.05467547 0.03784193
v -0.08326819 0.05439696 0.03326795
v -0.08190132 0.05461833 0.03466576
v -0.08279203 0.05447408 0.03306814
v -0.08050733 0.05484411 0.03677273
v -0.07980424 0.05495799 0.03579870
v -0.07981482 0.05495627 0.03571840
v -0.08279203 0.05447408 0.04093185
v -0.08326819 0.05439696 0.04073205
v -0.08167263 0.05465537 0.03453398
v -0.08140789 0.05469826 0.03445568
v -0.08098297 0.05476708 0.03524609
v -0.08107698 0.05475186 0.03522059
v -0.08165238 0.05465866 0.03564473
v -0.08114332 0.05474111 0.03521429
v -0.08126516 0.05472138 0.03523130
v -0.08256053 0.05451156 0.03620353
v -0.08249304 0.05452250 0.03565493
v -0.08418805 0.05424797 0.03448236
v -0.08399082 0.05427992 0.03400000
v -0.08115835 0.05473868 0.03443506
v -0.08081453 0.05479436 0.03447438
v -0.08054467 0.05483806 0.03457393
v -0.03687278 0.06191137 0.04100000
v -0.04279560 0.06095208 0.04100000
v -0.03695273 0.06240493 0.04100000
v -0.04287554 0.06144565 0.04100000
v -0.03636180 0.06199413 0.04093185
v -0.03644174 0.06248769 0.04093185
v -0.03588565 0.06207124 0.04073205
v -0.03596559 0.06256482 0.04073205
v -0.03547676 0.06213747 0.04041421
v -0.03555670 0.06263104 0.04041421
v -0.03516301 0.06218828 0.04000000
v -0.03524295 0.06268185 0.04000000
v -0.03496578 0.06222023 0.03951764
v -0.03504572 0.06271380 0.03951764
v -0.03489851 0.06223113 0.03900000
v -0.03497845 0.06272469 0.03900000
v -0.03489851 0.06223113 0.03500000
v -0.03497845 0.06272469 0.03500000
v -0.03496578 0.06222023 0.03448236
v -0.03504572 0.06271380 0.03448236
v -0.03516301 0.06218828 0.03400000
v -0.03524295 0.06268185 0.03400000
v -0.03547676 0.06213747 0.03358578
v -0.03555670 0.06263104 0.03358578
v -0.03588565 0.06207124 0.03326795
v -0.03596559 0.06256482 0.03326795
v -0.03636180 0.06199413 0.03306814
v -0.03644174 0.06248769 0.03306814
v -0.03687278 0.06191137 0.03300000
v -0.03695273 0.06240493 0.03300000
v -0.04279560 0.06095208 0.03300000
v -0.04287554 0.06144565 0.03300000
v -0.04330658 0.06086931 0.03306814
v -0.04338652 0.06136289 0.03306814
v -0.04378274 0.06079220 0.03326795
v -0.04386268 0.06128576 0.03326795
v -0.04419162 0.06072598 0.03358578
v -0.04427156 0.06121954 0.03358578
v -0.04450537 0.06067516 0.03400000
v -0.04458531 0.06116873 0.03400000
v -0.04470261 0.06064322 0.03448236
v -0.04478254 0.06113678 0.03448236
v -0.04476987 0.06063231 0.03500000
v -0.04484981 0.06112589 0.03500000
v -0.04476987 0.06063231 0.03900000
v -0.04484981 0.06112589 0.03900000
v -0.04470261 0.06064322 0.03951764
v -0.04478254 0.06113678 0.03951764
v -0.04450537 0.06067516 0.04000000
v -0.04458531 0.06116873 0.04000000
v -0.04419162 0.06072598 0.04041421
v -0.04427156 0.06121954 0.04041421
v -0.04378274 0.06079220 0.04073205
v -0.04386268 0.06128576 0.04073205
v -0.04330658 0.06086931 0.04093185
v -0.04338652 0.06136289 0.04093185
v -0.07635824 0.05551613 0.04100000
v -0.08228105 0.05455684 0.04100000
v -0.07643817 0.05600969 0.04100000
v -0.08236100 0.05505041 0.04100000
v -0.07584725 0.05559889 0.04093185
v -0.07592720 0.05609245 0.04093185
v -0.07537110 0.05567600 0.04073205
v -0.07545104 0.05616958 0.04073205
v -0.07496221 0.05574223 0.04041421
v -0.07504216 0.05623580 0.04041421
v -0.07464846 0.05579305 0.04000000
v -0.07472841 0.05628660 0.04000000
v -0.07445124 0.05582499 0.03951764
v -0.07453118 0.05631856 0.03951764
v -0.07438396 0.05583589 0.03900000
v -0.07446391 0.05632945 0.03900000
v -0.07438396 0.05583589 0.03500000
v -0.07446391 0.05632945 0.03500000
v -0.07445124 0.05582499 0.03448236
v -0.07453118 0.05631856 0.03448236
v -0.07464846 0.05579305 0.03400000
v -0.07472841 0.05628660 0.03400000
v -0.07496221 0.05574223 0.03358578
v -0.07504216 0.05623580 0.03358578
v -0.07537110 0.05567600 0.03326795
v -0.07545104 0.05616958 0.03326795
v -0.07584725 0.05559889 0.03306814
v -0.07592720 0.05609245 0.03306814
v -0.07635824 0.05551613 0.03300000
v -0.07643817 0.05600969 0.03300000
v -0.08228105 0.05455684 0.03300000
v -0.08236100 0.05505041 0.03300000
v -0.08279203 0.05447408 0.03306814
v -0.08287197 0.05496765 0.03306814
v -0.08326819 0.05439696 0.03326795
v -0.08334813 0.05489052 0.03326795
v -0.08367708 0.05433074 0.03358578
v -0.08375701 0.05482430 0.03358578
v -0.08399082 0.05427992 0.03400000
v -0.08407077 0.05477348 0.03400000
v -0.08418805 0.05424797 0.03448236
v -0.08426800 0.05474154 0.03448236
v -0.08425533 0.05423707 0.03500000
v -0.08433528 0.05473065 0.03500000
v -0.08425533 0.05423707 0.03900000
v -0.08433528 0.05473065 0.03900000
v -0.08418805 0.05424797 0.03951764
v -0.08426800 0.05474154 0.03951764
v -0.08399082 0.05427992 0.04000000
v -0.08407077 0.05477348 0.04000000
v -0.08367708 0.05433074 0.04041421
v -0.08375701 0.05482430 0.04041421
v -0.08326819 0.05439696 0.04073205
v -0.08334813 0.05489052 0.04073205
v -0.08279203 0.05447408 0.04093185
v -0.08287197 0.05496765 0.04093185
v -0.00323767 0.06761167 0.02935085
v -0.00324037 0.06762815 0.02934901
v -0.00332028 0.06760456 0.02936352
v -0.00347680 0.06763170 0.02943688
v -0.00345317 0.06756466 0.02944905
v -0.00339279 0.06758290 0.02939791
v -0.00349524 0.06755185 0.02950782
v -0.00348462 0.06747953 0.02950719
v -0.00344141 0.06749351 0.02944928
v -0.00352069 0.06761988 0.02949955
v -0.00355945 0.06767958 0.02948288
v -0.00372952 0.06777690 0.02939448
v -0.00366706 0.06776049 0.02942874
v -0.00360230 0.06777191 0.02933885
v -0.00365426 0.06778933 0.02929198
v -0.00344066 0.06770678 0.02935220
v -0.00347332 0.06775421 0.02931115
v -0.00355358 0.06773841 0.02938013
v -0.00343750 0.06749478 0.02944614
v -0.00338024 0.06751332 0.02940003
v -0.00337681 0.06751445 0.02939852
v -0.00360923 0.06772738 0.02945880
v -0.00351092 0.06769075 0.02941345
v -0.00341331 0.06764859 0.02938167
v -0.00337641 0.06777314 0.02926419
v -0.00335545 0.06772597 0.02931009
v -0.00333640 0.06766877 0.02934379
v -0.00350947 0.06778826 0.02926080
v -0.00354710 0.06780703 0.02920394
v -0.00339817 0.06780780 0.02920854
v -0.00341959 0.06782806 0.02914607
v -0.00322955 0.06756214 0.02935637
v -0.00330594 0.06753740 0.02936792
v -0.00330793 0.06753675 0.02936822
v -0.00324933 0.06768148 0.02933023
v -0.00325091 0.06769085 0.02932693
v -0.00326015 0.06774427 0.02929301
v -0.00326063 0.06774707 0.02929123
v -0.00326906 0.06779397 0.02924372
v -0.00326939 0.06779573 0.02924088
v -0.00327576 0.06782921 0.02918678
v -0.00327646 0.06783248 0.02917728
v -0.00328040 0.06785102 0.02912328
v -0.00328099 0.06785282 0.02910659
v -0.00603004 0.06706726 0.03395011
v -0.00604066 0.06713958 0.03395073
v -0.00606611 0.06720761 0.03394247
v -0.00610487 0.06726729 0.03392580
v -0.00615465 0.06731511 0.03390172
v -0.00621248 0.06734822 0.03387166
v -0.00627494 0.06736464 0.03383740
v -0.00581482 0.06738346 0.03451469
v -0.00581448 0.06738170 0.03451185
v -0.00591584 0.06736204 0.03449332
v -0.00578309 0.06719941 0.03440472
v -0.00577497 0.06714988 0.03439920
v -0.00584893 0.06712591 0.03438860
v -0.00579475 0.06726919 0.03442534
v -0.00578579 0.06721588 0.03440656
v -0.00586123 0.06719361 0.03439345
v -0.00580557 0.06733200 0.03446256
v -0.00579633 0.06727858 0.03442864
v -0.00587706 0.06725772 0.03441335
v -0.00589559 0.06731488 0.03444724
v -0.00580605 0.06733480 0.03446434
v -0.00582188 0.06742020 0.03457829
v -0.00582118 0.06741694 0.03456879
v -0.00593674 0.06739672 0.03454916
v -0.00582641 0.06744056 0.03464897
v -0.00582582 0.06743875 0.03463228
v -0.00595719 0.06741709 0.03461181
v -0.00585153 0.06712507 0.03438750
v -0.00593431 0.06717180 0.03436014
v -0.00592173 0.06710234 0.03435788
v -0.00592280 0.06710199 0.03435705
v -0.00599550 0.06715333 0.03430986
v -0.00603057 0.06706707 0.03424739
v -0.00604128 0.06713938 0.03424662
v -0.00598387 0.06708221 0.03430929
v -0.00598367 0.06708226 0.03430955
v -0.00603068 0.06706704 0.03424725
v -0.00604767 0.06706154 0.03421216
v -0.00605769 0.06713436 0.03421143
v -0.00605983 0.06705761 0.03417559
v -0.00606948 0.06713073 0.03417465
v -0.00605994 0.06705757 0.03417526
v -0.00606733 0.06705517 0.03413716
v -0.00607656 0.06712855 0.03413682
v -0.00606972 0.06705439 0.03409869
v -0.00607886 0.06712783 0.03409848
v -0.00606973 0.06705439 0.03409848
v -0.00606713 0.06705523 0.03405982
v -0.00607637 0.06712860 0.03406017
v -0.00605956 0.06705768 0.03402180
v -0.00606912 0.06713084 0.03402241
v -0.00604714 0.06706171 0.03398503
v -0.00605718 0.06713451 0.03398576
v -0.00595461 0.06723741 0.03437660
v -0.00601898 0.06722029 0.03432228
v -0.00606676 0.06720743 0.03425481
v -0.00608378 0.06720280 0.03421753
v -0.00609600 0.06719947 0.03417868
v -0.00610332 0.06719748 0.03413881
v -0.00610569 0.06719681 0.03409844
v -0.00610312 0.06719752 0.03405810
v -0.00609562 0.06719957 0.03401831
v -0.00608326 0.06720295 0.03397958
v -0.00598152 0.06729554 0.03440637
v -0.00605276 0.06727932 0.03434609
v -0.00610559 0.06726713 0.03427135
v -0.00612440 0.06726278 0.03423009
v -0.00613789 0.06725962 0.03418710
v -0.00614597 0.06725773 0.03414300
v -0.00614860 0.06725712 0.03409836
v -0.00614576 0.06725779 0.03405374
v -0.00613748 0.06725972 0.03400973
v -0.00612382 0.06726290 0.03396688
v -0.00601354 0.06734295 0.03444778
v -0.00609490 0.06732695 0.03437993
v -0.00615547 0.06731494 0.03429525
v -0.00617710 0.06731066 0.03424834
v -0.00619263 0.06730755 0.03419940
v -0.00620194 0.06730571 0.03414914
v -0.00620496 0.06730510 0.03409823
v -0.00620169 0.06730574 0.03404736
v -0.00619215 0.06730764 0.03399720
v -0.00617643 0.06731079 0.03394842
v -0.00604890 0.06737704 0.03449855
v -0.00614296 0.06736048 0.03442184
v -0.00621344 0.06734804 0.03432509
v -0.00623871 0.06734357 0.03427121
v -0.00625689 0.06734037 0.03421485
v -0.00626780 0.06733844 0.03415686
v -0.00627135 0.06733780 0.03409807
v -0.00626751 0.06733847 0.03403934
v -0.00625633 0.06734047 0.03398146
v -0.00623792 0.06734372 0.03392529
v -0.00608563 0.06739589 0.03455585
v -0.00619417 0.06737797 0.03446939
v -0.00627605 0.06736444 0.03435910
v -0.00630554 0.06735958 0.03429730
v -0.00632680 0.06735606 0.03423249
v -0.00633957 0.06735395 0.03416568
v -0.00634373 0.06735326 0.03409790
v -0.00633924 0.06735402 0.03403016
v -0.00632614 0.06735617 0.03396349
v -0.00630462 0.06735974 0.03389891
v 0.00000000 0.06808522 0.03450000
v 0.00000000 0.06808691 0.03450000
v -0.00000006 0.06813605 0.03450564
v -0.00000006 0.06813752 0.03450581
v -0.00000009 0.06815658 0.03450800
v -0.00000013 0.06820761 0.03452669
v -0.00000013 0.06820856 0.03452704
v -0.00000014 0.06822668 0.03453368
v -0.00000003 0.06828109 0.03456939
v -0.00000005 0.06827275 0.03456391
v -0.00000005 0.06827240 0.03456369
v -0.00000002 0.06833333 0.03462492
v -0.00000002 0.06832521 0.03461629
v -0.00000002 0.06832505 0.03461611
v -0.00000005 0.06836863 0.03468882
v -0.00000004 0.06836365 0.03467981
v -0.00000004 0.06836322 0.03467902
v 0.00000000 0.06838997 0.03479920
v -0.00000001 0.06838714 0.03475837
v -0.00000002 0.06838510 0.03475067
v -0.00000002 0.06838472 0.03474930
v 0.00577497 0.06902225 0.03439920
v 0.00000000 0.06808691 0.03450000
v -0.00000006 0.06813605 0.03450564
v 0.00573244 0.06931179 0.03464930
v -0.00000002 0.06838472 0.03474930
v -0.00000002 0.06838510 0.03475067
v -0.00000004 0.06836322 0.03467902
v -0.00000004 0.06836365 0.03467981
v -0.00000005 0.06836863 0.03468882
v 0.00573256 0.06930812 0.03462165
v 0.00573463 0.06929074 0.03457933
v -0.00000002 0.06833333 0.03462492
v 0.00573610 0.06927845 0.03454941
v 0.00575630 0.06914056 0.03442721
v -0.00000013 0.06820856 0.03452704
v 0.00575174 0.06917009 0.03443966
v -0.00000014 0.06822668 0.03453368
v 0.00574693 0.06920248 0.03446487
v -0.00000005 0.06827240 0.03456369
v -0.00000005 0.06827275 0.03456391
v 0.00574264 0.06923136 0.03448735
v -0.00000003 0.06828109 0.03456939
v 0.00573956 0.06925355 0.03451660
v -0.00000002 0.06832505 0.03461611
v -0.00000002 0.06832521 0.03461629
v 0.00576712 0.06907148 0.03440589
v -0.00000006 0.06813752 0.03450581
v 0.00576276 0.06909877 0.03440960
v -0.00000009 0.06815658 0.03450800
v -0.00000013 0.06820761 0.03452669
v 0.00603459 0.06917556 0.03394095
v 0.00603004 0.06910488 0.03395011
v 0.00605842 0.06911407 0.03401763
v 0.00608608 0.06930111 0.03389980
v 0.00605363 0.06924222 0.03392385
v 0.00608837 0.06925036 0.03400292
v 0.00618321 0.06938282 0.03383657
v 0.00613010 0.06934887 0.03387014
v 0.00617492 0.06935685 0.03397358
v 0.00623389 0.06939122 0.03395534
v 0.00606559 0.06918416 0.03401240
v 0.00605933 0.06911436 0.03402186
v 0.00607449 0.06918663 0.03405276
v 0.00606654 0.06911670 0.03405559
v 0.00606970 0.06911772 0.03409423
v 0.00607794 0.06918759 0.03409390
v 0.00606948 0.06911766 0.03409867
v 0.00607591 0.06918701 0.03413512
v 0.00606784 0.06911711 0.03413293
v 0.00606101 0.06911490 0.03417108
v 0.00606842 0.06918495 0.03417570
v 0.00605961 0.06911445 0.03417551
v 0.00605561 0.06918139 0.03421495
v 0.00604930 0.06911111 0.03420807
v 0.00603288 0.06910579 0.03424331
v 0.00603769 0.06917641 0.03425220
v 0.00603013 0.06910491 0.03424707
v 0.00598766 0.06916246 0.03431814
v 0.00598684 0.06909088 0.03430629
v 0.00598358 0.06908982 0.03430891
v 0.00592181 0.06914399 0.03436862
v 0.00612550 0.06930902 0.03398974
v 0.00609835 0.06925270 0.03404767
v 0.00613682 0.06931128 0.03404062
v 0.00610223 0.06925360 0.03409331
v 0.00614122 0.06931216 0.03409251
v 0.00609994 0.06925309 0.03413904
v 0.00613863 0.06931163 0.03414448
v 0.00609155 0.06925111 0.03418405
v 0.00612910 0.06930973 0.03419565
v 0.00607718 0.06924774 0.03422753
v 0.00611281 0.06930648 0.03424510
v 0.00605709 0.06924303 0.03426873
v 0.00609001 0.06930191 0.03429197
v 0.00600115 0.06922986 0.03434140
v 0.00602649 0.06928913 0.03437473
v 0.00592773 0.06921245 0.03439657
v 0.00594306 0.06927227 0.03443770
v 0.00584238 0.06919203 0.03443010
v 0.00584594 0.06925254 0.03447613
v 0.00618778 0.06935913 0.03403199
v 0.00624842 0.06939363 0.03402225
v 0.00619277 0.06936001 0.03409151
v 0.00625405 0.06939455 0.03409040
v 0.00618983 0.06935949 0.03415115
v 0.00625073 0.06939400 0.03415866
v 0.00617902 0.06935757 0.03420987
v 0.00623852 0.06939199 0.03422592
v 0.00616050 0.06935428 0.03426668
v 0.00621759 0.06938851 0.03429107
v 0.00613458 0.06934967 0.03432061
v 0.00618828 0.06938366 0.03435302
v 0.00606222 0.06933680 0.03441616
v 0.00610624 0.06937007 0.03446329
v 0.00596686 0.06931980 0.03448947
v 0.00599767 0.06935208 0.03454872
v 0.00585536 0.06929985 0.03453499
v 0.00587003 0.06933094 0.03460289
v 0.00585164 0.06904709 0.03438761
v 0.00592566 0.06907106 0.03435554
v 0.00592275 0.06907012 0.03435682
v 0.00584491 0.06912223 0.03439986
v 0.00585336 0.06904764 0.03438735
v 0.00576276 0.06909877 0.03440960
v 0.00575174 0.06917009 0.03443966
v 0.00363779 0.06897055 0.02939365
v 0.00358468 0.06893661 0.02942723
v 0.00354066 0.06888884 0.02945688
v 0.00350821 0.06882995 0.02948094
v 0.00348917 0.06876329 0.02949803
v 0.00348462 0.06869261 0.02950719
v 0.00343782 0.06867744 0.02944572
v 0.00337684 0.06865770 0.02939831
v 0.00343734 0.06867729 0.02944509
v 0.00343783 0.06874897 0.02943309
v 0.00330580 0.06863468 0.02936811
v 0.00337518 0.06865715 0.02939702
v 0.00337097 0.06873020 0.02938392
v 0.00322955 0.06861000 0.02935637
v 0.00330224 0.06863353 0.02936662
v 0.00322170 0.06865921 0.02934968
v 0.00329347 0.06870826 0.02935423
v 0.00321734 0.06868650 0.02934597
v 0.00321088 0.06872829 0.02932836
v 0.00329030 0.06877816 0.02932392
v 0.00320631 0.06875782 0.02931591
v 0.00320151 0.06879021 0.02929070
v 0.00329294 0.06883871 0.02927765
v 0.00319722 0.06881909 0.02926822
v 0.00319414 0.06884128 0.02923897
v 0.00330121 0.06888601 0.02921841
v 0.00319068 0.06886618 0.02920615
v 0.00318921 0.06887847 0.02917625
v 0.00331459 0.06891700 0.02915003
v 0.00318713 0.06889585 0.02913392
v 0.00318702 0.06889952 0.02910627
v 0.00344330 0.06893833 0.02920167
v 0.00341359 0.06890612 0.02926170
v 0.00339079 0.06885862 0.02931412
v 0.00337628 0.06879875 0.02935571
v 0.00355356 0.06895661 0.02928497
v 0.00351041 0.06892340 0.02933310
v 0.00347547 0.06887574 0.02937540
v 0.00345080 0.06881642 0.02940939
v -0.00000003 0.06812348 0.02929782
v 0.00000000 0.06808691 0.02930000
v -0.00000002 0.06838423 0.02904932
v -0.00000005 0.06813594 0.02929469
v -0.00000005 0.06813733 0.02929434
v -0.00000013 0.06820858 0.02927353
v -0.00000013 0.06820777 0.02927397
v -0.00000014 0.06819857 0.02927898
v -0.00000004 0.06836248 0.02912087
v -0.00000004 0.06835522 0.02914000
v -0.00000001 0.06832470 0.02918343
v -0.00000001 0.06832448 0.02918373
v -0.00000000 0.06831272 0.02920047
v -0.00000006 0.06827269 0.02923623
v -0.00000006 0.06827246 0.02923643
v -0.00000007 0.06826580 0.02924238
v -0.00000002 0.06838407 0.02905076
v -0.00000003 0.06838182 0.02906982
v -0.00000004 0.06836281 0.02911996
v -0.00577497 0.06644160 0.03439920
v 0.00000000 0.06737693 0.03450000
v -0.00348462 0.06681256 0.02950719
v -0.00603004 0.06640029 0.03395011
v -0.00585167 0.06642918 0.03438783
v -0.00592290 0.06641764 0.03435719
v -0.00603059 0.06640020 0.03424740
v -0.00598390 0.06640776 0.03430931
v -0.00605985 0.06639547 0.03417559
v -0.00605957 0.06639550 0.03402181
v -0.00606714 0.06639428 0.03405992
v -0.00606973 0.06639386 0.03409869
v -0.00606729 0.06639425 0.03413746
v 0.00000000 0.06737693 0.02930000
v 0.00000000 0.06808522 0.02930000
v -0.00322955 0.06685387 0.02935637
v -0.00343789 0.06682013 0.02944566
v -0.00337700 0.06682998 0.02939809
v -0.00330598 0.06684150 0.02936766
v 0.00605986 0.06835842 0.03417559
v 0.00606729 0.06835962 0.03413746
v 0.00603004 0.06835359 0.03395011
v 0.00605957 0.06835837 0.03402181
v 0.00606974 0.06836003 0.03409869
v 0.00606715 0.06835960 0.03405992
v 0.00603060 0.06835369 0.03424740
v 0.00598391 0.06834613 0.03430931
v 0.00592291 0.06833625 0.03435719
v 0.00585168 0.06832470 0.03438783
v 0.00577497 0.06831228 0.03439920
v 0.00000000 0.06808522 0.03450000
v 0.00000000 0.06737693 0.03450000
v 0.00322955 0.06790001 0.02935637
v 0.00330599 0.06791239 0.02936766
v 0.00337701 0.06792389 0.02939809
v 0.00343790 0.06793376 0.02944566
v 0.00348462 0.06794133 0.02950719
v 0.00000000 0.06737693 0.02930000
v 0.00000000 0.06808522 0.02930000
v -0.00000003 0.06812348 0.02929782
v -0.00000005 0.06813594 0.02929469
v 0.00000000 0.06838997 0.02900079
v -0.00000002 0.06838423 0.02904932
v -0.00000002 0.06838407 0.02905076
v -0.00000003 0.06838182 0.02906982
v -0.00000004 0.06836281 0.02911996
v -0.00000004 0.06836248 0.02912087
v -0.00000004 0.06835522 0.02914000
v -0.00000001 0.06832470 0.02918343
v -0.00000006 0.06827269 0.02923623
v -0.00000006 0.06827246 0.02923643
v -0.00000000 0.06831272 0.02920047
v -0.00000001 0.06832448 0.02918373
v -0.00000007 0.06826580 0.02924238
v -0.00000005 0.06813733 0.02929434
v -0.00000014 0.06819857 0.02927898
v -0.00000013 0.06820777 0.02927397
v -0.00000013 0.06820858 0.02927353
v 0.00000000 0.06808691 0.02930000
v -0.07086439 0.05589942 0.02412500
v -0.07211946 0.05670918 0.02421269
v -0.07103697 0.05587145 0.02454707
v -0.07215036 0.05670416 0.02428825
v -0.07109584 0.05586193 0.02500000
v -0.07224285 0.05668918 0.02500000
v -0.07103697 0.05587145 0.02545293
v -0.07215036 0.05670416 0.02571175
v -0.07211946 0.05670918 0.02578731
v -0.07086439 0.05589942 0.02587500
v -0.07187916 0.05674809 0.02637500
v -0.07058986 0.05594388 0.02623744
v -0.07144776 0.05681796 0.02694454
v -0.07023209 0.05600183 0.02651555
v -0.07088553 0.05690902 0.02738157
v -0.06981546 0.05606931 0.02669037
v -0.07023082 0.05701507 0.02765630
v -0.06936834 0.05614171 0.02675000
v -0.06952822 0.05712885 0.02775000
v -0.06892124 0.05621414 0.02669037
v -0.06882563 0.05724265 0.02765630
v -0.06850460 0.05628161 0.02651555
v -0.06817092 0.05734870 0.02738157
v -0.06814683 0.05633957 0.02623744
v -0.06760869 0.05743976 0.02694454
v -0.06787229 0.05638403 0.02587500
v -0.06717729 0.05750963 0.02637500
v -0.06769972 0.05641197 0.02545293
v -0.06690610 0.05755354 0.02571175
v -0.06764085 0.05642151 0.02500000
v -0.06681360 0.05756854 0.02500000
v -0.06769972 0.05641197 0.02454707
v -0.06690610 0.05755354 0.02428825
v -0.06787229 0.05638403 0.02412500
v -0.06717729 0.05750963 0.02362500
v -0.06814683 0.05633957 0.02376256
v -0.06760869 0.05743976 0.02305546
v -0.06850460 0.05628161 0.02348446
v -0.06817092 0.05734870 0.02261843
v -0.06892124 0.05621414 0.02330963
v -0.06882563 0.05724265 0.02234370
v -0.06936834 0.05614171 0.02325000
v -0.06952822 0.05712885 0.02225000
v -0.06981546 0.05606931 0.02330963
v -0.07023082 0.05701507 0.02234370
v -0.07023209 0.05600183 0.02348446
v -0.07088553 0.05690902 0.02261843
v -0.07058986 0.05594388 0.02376256
v -0.07144776 0.05681796 0.02305546
v -0.07187916 0.05674809 0.02362500
v -0.05228137 0.05890920 0.04945293
v -0.05339476 0.05974191 0.04971175
v -0.05210880 0.05893715 0.04987500
v -0.05312356 0.05978584 0.05037500
v -0.05183427 0.05898163 0.05023743
v -0.05269216 0.05985571 0.05094454
v -0.05147650 0.05903956 0.05051554
v -0.05212995 0.05994676 0.05138157
v -0.05105986 0.05910705 0.05069037
v -0.05147523 0.06005280 0.05165629
v -0.05061275 0.05917946 0.05075000
v -0.05077263 0.06016660 0.05175000
v -0.05016564 0.05925187 0.05069037
v -0.05007004 0.06028040 0.05165629
v -0.04974900 0.05931936 0.05051554
v -0.04941532 0.06038643 0.05138157
v -0.04939123 0.05937731 0.05023743
v -0.04885310 0.06047749 0.05094454
v -0.04911670 0.05942177 0.04987500
v -0.04842170 0.06054736 0.05037500
v -0.04894412 0.05944972 0.04945293
v -0.04815050 0.06059129 0.04971175
v -0.04888526 0.05945926 0.04900000
v -0.04805801 0.06060626 0.04900000
v -0.04894412 0.05944972 0.04854706
v -0.04815050 0.06059129 0.04828825
v -0.04911670 0.05942177 0.04812500
v -0.04842170 0.06054736 0.04762500
v -0.04939123 0.05937731 0.04776256
v -0.04885310 0.06047749 0.04705546
v -0.04974900 0.05931936 0.04748445
v -0.04941532 0.06038643 0.04661843
v -0.05016564 0.05925187 0.04730963
v -0.05007004 0.06028040 0.04634370
v -0.05061275 0.05917946 0.04725000
v -0.05077263 0.06016660 0.04625000
v -0.05105986 0.05910705 0.04730963
v -0.05147523 0.06005280 0.04634370
v -0.05147650 0.05903956 0.04748445
v -0.05212995 0.05994676 0.04661843
v -0.05183427 0.05898163 0.04776256
v -0.05269216 0.05985571 0.04705546
v -0.05210880 0.05893715 0.04812500
v -0.05312356 0.05978584 0.04762500
v -0.05228137 0.05890920 0.04854706
v -0.05339476 0.05974191 0.04828825
v -0.05234024 0.05889966 0.04900000
v -0.05348725 0.05972693 0.04900000
v 0.00337701 0.06792389 0.02939809
v 0.00330599 0.06791239 0.02936766
v 0.00000000 0.06737693 0.03450000
v 0.00322955 0.06790001 0.02935637
v 0.00000000 0.06737693 0.02930000
v -0.00322955 0.06685387 0.02935637
v -0.00330598 0.06684150 0.02936766
v -0.00337700 0.06682998 0.02939809
v 0.00606974 0.06836003 0.03409869
v 0.00606715 0.06835960 0.03405992
v 0.00577497 0.06831228 0.03439920
v 0.00605957 0.06835837 0.03402181
v -0.00605957 0.06639550 0.03402181
v -0.00606714 0.06639428 0.03405992
v -0.00577497 0.06644160 0.03439920
v -0.00606973 0.06639386 0.03409869
v -0.00606729 0.06639425 0.03413746
v -0.00605985 0.06639547 0.03417559
v -0.00585167 0.06642918 0.03438783
v -0.00343789 0.06682013 0.02944566
v -0.00348462 0.06681256 0.02950719
v -0.00603004 0.06640029 0.03395011
v 0.00603004 0.06835359 0.03395011
v 0.00348462 0.06794133 0.02950719
v 0.00343790 0.06793376 0.02944566
v 0.00585168 0.06832470 0.03438783
v 0.00605986 0.06835842 0.03417559
v 0.00606729 0.06835962 0.03413746
v -0.00603059 0.06640020 0.03424740
v -0.00598390 0.06640776 0.03430931
v -0.00592290 0.06641764 0.03435719
v 0.00592291 0.06833625 0.03435719
v 0.00598391 0.06834613 0.03430931
v 0.00603060 0.06835369 0.03424740
v -0.07086439 0.05589942 0.02412500
v -0.07103697 0.05587145 0.02454707
v -0.06936834 0.05614171 0.02500000
v -0.07109584 0.05586193 0.02500000
v -0.07103697 0.05587145 0.02545293
v -0.06981546 0.05606931 0.02330963
v -0.07023209 0.05600183 0.02348446
v -0.07058986 0.05594388 0.02376256
v -0.06850460 0.05628161 0.02348446
v -0.06892124 0.05621414 0.02330963
v -0.06936834 0.05614171 0.02325000
v -0.06769972 0.05641197 0.02454707
v -0.06787229 0.05638403 0.02412500
v -0.06814683 0.05633957 0.02376256
v -0.06787229 0.05638403 0.02587500
v -0.06769972 0.05641197 0.02545293
v -0.06764085 0.05642151 0.02500000
v -0.06892124 0.05621414 0.02669037
v -0.06850460 0.05628161 0.02651555
v -0.06814683 0.05633957 0.02623744
v -0.07023209 0.05600183 0.02651555
v -0.06981546 0.05606931 0.02669037
v -0.06936834 0.05614171 0.02675000
v -0.07086439 0.05589942 0.02587500
v -0.07058986 0.05594388 0.02623744
v -0.05210880 0.05893715 0.04812500
v -0.05228137 0.05890920 0.04854706
v -0.05061275 0.05917946 0.04900000
v -0.05234024 0.05889966 0.04900000
v -0.05228137 0.05890920 0.04945293
v -0.05105986 0.05910705 0.04730963
v -0.05147650 0.05903956 0.04748445
v -0.05183427 0.05898163 0.04776256
v -0.04974900 0.05931936 0.04748445
v -0.05016564 0.05925187 0.04730963
v -0.05061275 0.05917946 0.04725000
v -0.04894412 0.05944972 0.04854706
v -0.04911670 0.05942177 0.04812500
v -0.04939123 0.05937731 0.04776256
v -0.04911670 0.05942177 0.04987500
v -0.04894412 0.05944972 0.04945293
v -0.04888526 0.05945926 0.04900000
v -0.05016564 0.05925187 0.05069037
v -0.04974900 0.05931936 0.05051554
v -0.04939123 0.05937731 0.05023743
v -0.05147650 0.05903956 0.05051554
v -0.05105986 0.05910705 0.05069037
v -0.05061275 0.05917946 0.05075000
v -0.05210880 0.05893715 0.04987500
v -0.05183427 0.05898163 0.05023743
v -0.03799070 -0.06208486 0.03363401
v -0.03818002 -0.06205420 0.03362205
v -0.03826542 -0.06204037 0.03275791
v -0.03793105 -0.06209452 0.03283242
v -0.03728632 -0.06219895 0.03323614
v -0.03807863 -0.06207062 0.03281254
v -0.03809980 -0.06206719 0.03280969
v -0.03825406 -0.06204220 0.03276182
v -0.03818317 -0.06205369 0.03278621
v -0.03794698 -0.06209194 0.03550524
v -0.03808049 -0.06207032 0.03549814
v -0.03808621 -0.06206939 0.03470056
v -0.03775763 -0.06212261 0.03371525
v -0.03776515 -0.06212139 0.03371002
v -0.03658769 -0.06231210 0.03203307
v -0.03743134 -0.06217546 0.03205337
v -0.03745770 -0.06217119 0.03178325
v -0.03844719 -0.06201093 0.03193465
v -0.03922661 -0.06188468 0.03180306
v -0.03921051 -0.06188730 0.03167020
v -0.03699479 -0.06224617 0.03349388
v -0.03755417 -0.06215557 0.03392807
v -0.03704733 -0.06223766 0.03343305
v -0.03758666 -0.06215030 0.03387133
v -0.03718185 -0.06221587 0.03332222
v -0.03759432 -0.06214906 0.03386280
v -0.03767588 -0.06213585 0.03377207
v -0.03784230 -0.06210890 0.03367326
v -0.03784303 -0.06210878 0.03367291
v -0.03798592 -0.06208563 0.03363526
v -0.03811094 -0.06206539 0.03549652
v -0.03819960 -0.06205103 0.03548390
v -0.03809601 -0.06206781 0.03469931
v -0.03828730 -0.06203682 0.03545734
v -0.03814224 -0.06206032 0.03468249
v -0.03847160 -0.06200697 0.03540151
v -0.03816425 -0.06205675 0.03467448
v -0.03848744 -0.06200441 0.03539335
v -0.03819465 -0.06205183 0.03465558
v -0.03858460 -0.06198867 0.03534324
v -0.03826938 -0.06203973 0.03460911
v -0.03865841 -0.06197672 0.03528693
v -0.03780787 -0.06211447 0.03281246
v -0.03780657 -0.06211468 0.03281195
v -0.03777939 -0.06211909 0.03280123
v -0.03658947 -0.06231181 0.03207048
v -0.03659762 -0.06231049 0.03224183
v -0.03745837 -0.06217108 0.03231003
v -0.03662970 -0.06230530 0.03238831
v -0.03746378 -0.06217021 0.03236133
v -0.03668231 -0.06229677 0.03141953
v -0.03667106 -0.06229860 0.03144482
v -0.03746354 -0.06217024 0.03172327
v -0.03664180 -0.06230334 0.03155179
v -0.03662394 -0.06230623 0.03171067
v -0.03848251 -0.06200521 0.03424862
v -0.03914174 -0.06189844 0.03451347
v -0.03849489 -0.06200320 0.03418666
v -0.03922698 -0.06188463 0.03419709
v -0.03851136 -0.06200053 0.03406528
v -0.03879503 -0.06195458 0.03518269
v -0.03881846 -0.06195079 0.03515739
v -0.03829228 -0.06203602 0.03458861
v -0.03886717 -0.06194290 0.03510481
v -0.03831397 -0.06203250 0.03456919
v -0.03894268 -0.06193067 0.03498872
v -0.03836935 -0.06202354 0.03449809
v -0.03902279 -0.06191770 0.03486557
v -0.03839753 -0.06201897 0.03446191
v -0.03906310 -0.06191117 0.03477803
v -0.03841721 -0.06201578 0.03442684
v -0.03908080 -0.06190830 0.03473957
v -0.03842867 -0.06201393 0.03439559
v -0.03846998 -0.06200724 0.03428282
v -0.03774999 -0.06212385 0.03278373
v -0.03769618 -0.06213256 0.03275171
v -0.03714629 -0.06222163 0.03317282
v -0.03748810 -0.06216627 0.03165243
v -0.03753236 -0.06215910 0.03152478
v -0.03679691 -0.06227821 0.03116217
v -0.03753642 -0.06215844 0.03151310
v -0.03682055 -0.06227438 0.03110908
v -0.03756289 -0.06215415 0.03146511
v -0.03691301 -0.06225941 0.03097115
v -0.03693572 -0.06225573 0.03094681
v -0.03760431 -0.06214744 0.03141150
v -0.03712394 -0.06222525 0.03074515
v -0.03765868 -0.06213864 0.03134110
v -0.03715003 -0.06222102 0.03071718
v -0.03769238 -0.06213318 0.03131089
v -0.03729884 -0.06219692 0.03060825
v -0.03770110 -0.06213177 0.03130308
v -0.03730533 -0.06219586 0.03060516
v -0.03774818 -0.06212414 0.03127430
v -0.03749228 -0.06216559 0.03051623
v -0.03778811 -0.06211767 0.03124990
v -0.03755022 -0.06215620 0.03048866
v -0.03780673 -0.06211466 0.03124325
v -0.03765637 -0.06213901 0.03045883
v -0.03782845 -0.06211114 0.03123550
v -0.03770022 -0.06213191 0.03045404
v -0.03787100 -0.06210425 0.03122924
v -0.03792193 -0.06209600 0.03042983
v -0.03793699 -0.06209356 0.03121954
v -0.03816401 -0.06205679 0.03045908
v -0.03800406 -0.06208270 0.03122577
v -0.03824249 -0.06204408 0.03046857
v -0.03805610 -0.06207427 0.03124028
v -0.03836590 -0.06202409 0.03051083
v -0.03808613 -0.06206940 0.03124866
v -0.03842970 -0.06201376 0.03053269
v -0.03811281 -0.06206509 0.03126146
v -0.03854429 -0.06199520 0.03060186
v -0.03667545 -0.06229789 0.03259718
v -0.03669072 -0.06229541 0.03263835
v -0.03748343 -0.06216702 0.03243149
v -0.03669341 -0.06229498 0.03264559
v -0.03748523 -0.06216673 0.03243548
v -0.03679078 -0.06227921 0.03282561
v -0.03753791 -0.06215819 0.03255263
v -0.03841189 -0.06201664 0.03170796
v -0.03920094 -0.06188885 0.03161851
v -0.03840918 -0.06201708 0.03169052
v -0.03918147 -0.06189200 0.03151322
v -0.03837273 -0.06202299 0.03159091
v -0.03912014 -0.06190193 0.03134128
v -0.03834171 -0.06202801 0.03150616
v -0.03796898 -0.06208838 0.03471554
v -0.03787261 -0.06210399 0.03470465
v -0.03772176 -0.06212842 0.03547995
v -0.03783534 -0.06211003 0.03470044
v -0.03762510 -0.06214408 0.03546910
v -0.03779559 -0.06211647 0.03468846
v -0.03756923 -0.06215312 0.03450760
v -0.03756303 -0.06215413 0.03449440
v -0.03684770 -0.06226998 0.03481650
v -0.03679380 -0.06227872 0.03466682
v -0.03749543 -0.06216508 0.03421146
v -0.03672073 -0.06229055 0.03436901
v -0.03750623 -0.06216333 0.03430923
v -0.03673258 -0.06228863 0.03444139
v -0.03751338 -0.06216217 0.03437406
v -0.03674925 -0.06228594 0.03454306
v -0.03752256 -0.06216069 0.03440546
v -0.03752464 -0.06216035 0.03441255
v -0.03694608 -0.06225405 0.03355030
v -0.03687846 -0.06226500 0.03366625
v -0.03753931 -0.06215797 0.03397113
v -0.03680628 -0.06227670 0.03379004
v -0.03751111 -0.06216254 0.03405289
v -0.03678568 -0.06228003 0.03385163
v -0.03750538 -0.06216347 0.03408864
v -0.03675152 -0.06228556 0.03395373
v -0.03750163 -0.06216407 0.03411185
v -0.03674294 -0.06228696 0.03402637
v -0.03671589 -0.06229134 0.03425505
v -0.03769529 -0.06213271 0.03275097
v -0.03765767 -0.06213880 0.03271950
v -0.03710032 -0.06222908 0.03315203
v -0.03760687 -0.06214703 0.03265971
v -0.03702390 -0.06224145 0.03309926
v -0.03757559 -0.06215209 0.03262290
v -0.03682456 -0.06227373 0.03288809
v -0.03686112 -0.06226781 0.03293708
v -0.03755515 -0.06215541 0.03259092
v -0.03689138 -0.06226291 0.03296723
v -0.03700634 -0.06224430 0.03308177
v -0.03811498 -0.06206473 0.03126251
v -0.03816316 -0.06205693 0.03129607
v -0.03867815 -0.06197352 0.03068266
v -0.03820067 -0.06205086 0.03132221
v -0.03871835 -0.06196701 0.03071884
v -0.03823164 -0.06204584 0.03135130
v -0.03880692 -0.06195267 0.03079862
v -0.03888849 -0.06193945 0.03090463
v -0.03825261 -0.06204244 0.03137829
v -0.03900155 -0.06192114 0.03105154
v -0.03687886 -0.06226494 0.03487150
v -0.03691835 -0.06225854 0.03494122
v -0.03759343 -0.06214920 0.03454259
v -0.03704261 -0.06223842 0.03509564
v -0.03762166 -0.06214463 0.03457118
v -0.03712248 -0.06222548 0.03519491
v -0.03766620 -0.06213742 0.03461627
v -0.03717354 -0.06221721 0.03523937
v -0.03769370 -0.06213296 0.03463615
v -0.03720812 -0.06221161 0.03526947
v -0.03770153 -0.06213170 0.03464181
v -0.03734535 -0.06218938 0.03535261
v -0.03777976 -0.06211902 0.03468061
v -0.03742397 -0.06217665 0.03540023
v -0.03751970 -0.06216115 0.03543301
v -0.03831604 -0.06203217 0.03145999
v -0.03832560 -0.06203062 0.03147719
v -0.03903492 -0.06191574 0.03111268
v -0.03904562 -0.06191400 0.03113230
v -0.04034773 -0.06170311 0.03049476
v -0.03946850 -0.06184551 0.03049476
v -0.04136829 -0.06153781 0.03232680
v -0.04092869 -0.06160902 0.03311465
v -0.04226167 -0.06139311 0.03550524
v -0.04313989 -0.06125088 0.03550524
v -0.04136829 -0.06153781 0.03390351
v -0.04180790 -0.06146661 0.03311465
v -0.03959670 -0.06182475 0.03550524
v -0.04047593 -0.06168234 0.03550524
v -0.04238987 -0.06137235 0.03049476
v -0.04326809 -0.06123011 0.03049476
v -0.03658769 -0.06231210 0.06049476
v -0.03658769 -0.06231210 0.06134939
v -0.03815770 -0.06205781 0.06134939
v -0.03935497 -0.06186390 0.06049476
v -0.03790588 -0.06209860 0.06550524
v -0.03813984 -0.06206071 0.06549163
v -0.03805396 -0.06207461 0.06470074
v -0.03820207 -0.06205063 0.06548265
v -0.03808683 -0.06206929 0.06469703
v -0.03823233 -0.06204573 0.06547404
v -0.03845100 -0.06201031 0.06541185
v -0.03817106 -0.06205565 0.06466841
v -0.03852247 -0.06199874 0.06539154
v -0.03817934 -0.06205431 0.06466356
v -0.03861849 -0.06198318 0.06534547
v -0.03823631 -0.06204508 0.06463031
v -0.03864885 -0.06197826 0.06532424
v -0.03792294 -0.06209584 0.06471554
v -0.03780291 -0.06211528 0.06470185
v -0.03766443 -0.06213771 0.06547934
v -0.03776883 -0.06212080 0.06469794
v -0.03753714 -0.06215832 0.06546569
v -0.03772260 -0.06212829 0.06468397
v -0.03761544 -0.06214564 0.06463095
v -0.03726160 -0.06220295 0.06535852
v -0.03768855 -0.06213380 0.06466712
v -0.03732655 -0.06219243 0.06539647
v -0.03744322 -0.06217354 0.06543483
v -0.03754580 -0.06215692 0.06345314
v -0.03671924 -0.06229079 0.06336600
v -0.03743461 -0.06217493 0.06368648
v -0.03671467 -0.06229153 0.06338076
v -0.03743131 -0.06217546 0.06369845
v -0.03665241 -0.06230162 0.06358155
v -0.03738471 -0.06218301 0.06386740
v -0.03663574 -0.06230432 0.06371753
v -0.03738355 -0.06218320 0.06388005
v -0.03658769 -0.06231210 0.06411000
v -0.03736723 -0.06218584 0.06406029
v -0.03739441 -0.06218144 0.06430362
v -0.03709807 -0.06222944 0.06268225
v -0.03707890 -0.06223254 0.06270550
v -0.03770927 -0.06213044 0.06323233
v -0.03700372 -0.06224472 0.06281187
v -0.03689108 -0.06226296 0.06303128
v -0.03907293 -0.06190958 0.06147556
v -0.03908368 -0.06190784 0.06145053
v -0.03921528 -0.06188652 0.06114447
v -0.03924888 -0.06188108 0.06098819
v -0.03923484 -0.06188336 0.06442015
v -0.03929075 -0.06187430 0.06413201
v -0.03851120 -0.06200056 0.06400040
v -0.03884831 -0.06194596 0.06518476
v -0.03830389 -0.06203414 0.06457971
v -0.03880822 -0.06195245 0.06521279
v -0.03828957 -0.06203645 0.06459206
v -0.03826395 -0.06204060 0.06461415
v -0.03780661 -0.06211468 0.06310085
v -0.03785669 -0.06210657 0.06304269
v -0.03751646 -0.06216167 0.06217466
v -0.03818919 -0.06205271 0.06265649
v -0.03758899 -0.06214992 0.06208133
v -0.03866784 -0.06197519 0.06208564
v -0.03791441 -0.06209722 0.06166249
v -0.03893292 -0.06193226 0.06509968
v -0.03894400 -0.06193046 0.06508356
v -0.03837534 -0.06202257 0.06449125
v -0.03905702 -0.06191215 0.06491912
v -0.03746010 -0.06217080 0.06446884
v -0.03682052 -0.06227439 0.06493975
v -0.03748652 -0.06216652 0.06450889
v -0.03689739 -0.06226194 0.06503646
v -0.03749854 -0.06216457 0.06452169
v -0.03696924 -0.06225030 0.06512683
v -0.03756785 -0.06215335 0.06459549
v -0.03702334 -0.06224154 0.06519490
v -0.03758390 -0.06215075 0.06460746
v -0.03710497 -0.06222832 0.06526471
v -0.03711335 -0.06222696 0.06527189
v -0.03877348 -0.06195808 0.06192654
v -0.03848391 -0.06200498 0.06421508
v -0.03847665 -0.06200616 0.06424643
v -0.03919962 -0.06188906 0.06460163
v -0.03846961 -0.06200730 0.06427679
v -0.03915812 -0.06189578 0.06470189
v -0.03843226 -0.06201335 0.06437214
v -0.03908513 -0.06190760 0.06487823
v -0.03840073 -0.06201845 0.06445260
v -0.03838461 -0.06202106 0.06447976
v -0.03660650 -0.06230905 0.06433120
v -0.03661173 -0.06230821 0.06439276
v -0.03739457 -0.06218141 0.06430497
v -0.03663408 -0.06230458 0.06449868
v -0.03740743 -0.06217933 0.06435002
v -0.03666877 -0.06229897 0.06459127
v -0.03743744 -0.06217447 0.06441771
v -0.03675887 -0.06228438 0.06483174
v -0.03675916 -0.06228433 0.06483226
v -0.04034773 -0.06170311 0.06049476
v -0.03946850 -0.06184551 0.06049476
v -0.04136829 -0.06153781 0.06232680
v -0.04092869 -0.06160902 0.06311465
v -0.04226167 -0.06139311 0.06550524
v -0.04313989 -0.06125088 0.06550524
v -0.04136829 -0.06153781 0.06390351
v -0.04180790 -0.06146661 0.06311465
v -0.03959670 -0.06182475 0.06550524
v -0.04047593 -0.06168234 0.06550524
v -0.04238987 -0.06137235 0.06049476
v -0.04326809 -0.06123011 0.06049476
v -0.08016913 -0.05525345 0.05050524
v -0.08081002 -0.05514965 0.05050524
v -0.08089875 -0.05513528 0.05029537
v -0.08094465 -0.05512784 0.05018677
v -0.08094867 -0.05512719 0.04912329
v -0.08016913 -0.05525345 0.04549476
v -0.08094867 -0.05512719 0.04549476
v -0.08103997 -0.05511240 0.05003367
v -0.08104375 -0.05511179 0.05002758
v -0.08125309 -0.05507788 0.04979325
v -0.08197426 -0.05496108 0.04926963
v -0.08197426 -0.05496108 0.04841430
v -0.08178609 -0.05499156 0.04850306
v -0.08163547 -0.05501596 0.04857411
v -0.08140047 -0.05505401 0.04872834
v -0.08164232 -0.05501485 0.04947084
v -0.08132792 -0.05506576 0.04877595
v -0.08149383 -0.05503889 0.04956085
v -0.08135112 -0.05506201 0.04968352
v -0.08328815 -0.05474828 0.04549476
v -0.08240893 -0.05489068 0.04549476
v -0.08430874 -0.05458298 0.04732680
v -0.08386912 -0.05465418 0.04811465
v -0.08520211 -0.05443828 0.05050524
v -0.08608033 -0.05429604 0.05050524
v -0.08430874 -0.05458298 0.04890351
v -0.08474834 -0.05451178 0.04811465
v -0.08253714 -0.05486991 0.05050524
v -0.08341636 -0.05472751 0.05050524
v -0.08533030 -0.05441752 0.04549476
v -0.08620853 -0.05427527 0.04549476
v -0.03792193 -0.06209600 0.03042983
v -0.03786596 -0.06175050 0.03041760
v -0.03770022 -0.06213191 0.03045404
v -0.03764211 -0.06178676 0.03044243
v -0.03765637 -0.06213901 0.03045883
v -0.03759406 -0.06179454 0.03044776
v -0.03755022 -0.06215620 0.03048866
v -0.03748631 -0.06181200 0.03047845
v -0.03749228 -0.06216559 0.03051623
v -0.03743179 -0.06182083 0.03050465
v -0.03730533 -0.06219586 0.03060516
v -0.03724324 -0.06185136 0.03059526
v -0.03729884 -0.06219692 0.03060825
v -0.03723237 -0.06185313 0.03060048
v -0.03715003 -0.06222102 0.03071718
v -0.03708350 -0.06187723 0.03071023
v -0.03712394 -0.06222525 0.03074515
v -0.03705973 -0.06188108 0.03073582
v -0.03693572 -0.06225573 0.03094681
v -0.03687063 -0.06191171 0.03093945
v -0.03691301 -0.06225941 0.03097115
v -0.03684491 -0.06191588 0.03096714
v -0.03682055 -0.06227438 0.03110908
v -0.03675229 -0.06193088 0.03110611
v -0.03679691 -0.06227821 0.03116217
v -0.03673013 -0.06193447 0.03115620
v -0.03668231 -0.06229677 0.03141953
v -0.03661528 -0.06195307 0.03141578
v -0.03667106 -0.06229860 0.03144482
v -0.03660246 -0.06195515 0.03144479
v -0.03664180 -0.06230334 0.03155179
v -0.03657443 -0.06195969 0.03154761
v -0.03662394 -0.06230623 0.03171067
v -0.03655624 -0.06196263 0.03170880
v -0.03658769 -0.06231210 0.03203307
v -0.03651967 -0.06196856 0.03203305
v -0.03724482 -0.06202839 0.03323817
v -0.03728632 -0.06219895 0.03323614
v -0.03714629 -0.06222163 0.03317282
v -0.03720342 -0.06185781 0.03324015
v -0.03667545 -0.06229789 0.03259718
v -0.03662240 -0.06195191 0.03264023
v -0.03669072 -0.06229541 0.03263835
v -0.03662370 -0.06195171 0.03264268
v -0.03669341 -0.06229498 0.03264559
v -0.03658769 -0.06231210 0.03203307
v -0.03651967 -0.06196856 0.03203305
v -0.03658947 -0.06231181 0.03207048
v -0.03652131 -0.06196829 0.03207071
v -0.03659762 -0.06231049 0.03224183
v -0.03652823 -0.06196717 0.03222872
v -0.03662970 -0.06230530 0.03238831
v -0.03656225 -0.06196166 0.03239060
v -0.03660399 -0.06195490 0.03258924
v -0.03679078 -0.06227921 0.03282561
v -0.03672430 -0.06193541 0.03283240
v -0.03682456 -0.06227373 0.03288809
v -0.03675393 -0.06193061 0.03288825
v -0.03686112 -0.06226781 0.03293708
v -0.03678153 -0.06192614 0.03292638
v -0.03689138 -0.06226291 0.03296723
v -0.03682752 -0.06191870 0.03297432
v -0.03700634 -0.06224430 0.03308177
v -0.03694125 -0.06190027 0.03309291
v -0.03702390 -0.06224145 0.03309926
v -0.03694404 -0.06189982 0.03309582
v -0.03710032 -0.06222908 0.03315203
v -0.03702443 -0.06188680 0.03315394
v -0.03708508 -0.06187698 0.03318315
v -0.03724482 -0.06202839 0.03323817
v -0.03720342 -0.06185781 0.03324015
v -0.03711783 -0.06187168 0.03331164
v -0.03728632 -0.06219895 0.03323614
v -0.03718185 -0.06221587 0.03332222
v -0.03704733 -0.06223766 0.03343305
v -0.03698307 -0.06189350 0.03342417
v -0.03699479 -0.06224617 0.03349388
v -0.03692975 -0.06190214 0.03348587
v -0.03694608 -0.06225405 0.03355030
v -0.03688088 -0.06191005 0.03354242
v -0.03687846 -0.06226500 0.03366625
v -0.03681223 -0.06192117 0.03366003
v -0.03680628 -0.06227670 0.03379004
v -0.03673948 -0.06193296 0.03378465
v -0.03678568 -0.06228003 0.03385163
v -0.03671842 -0.06193637 0.03384754
v -0.03675152 -0.06228556 0.03395373
v -0.03668390 -0.06194195 0.03395061
v -0.03674294 -0.06228696 0.03402637
v -0.03667519 -0.06194337 0.03402414
v -0.03671589 -0.06229134 0.03425505
v -0.03664787 -0.06194779 0.03425499
v -0.03671589 -0.06229134 0.03425505
v -0.03664787 -0.06194779 0.03425499
v -0.03672073 -0.06229055 0.03436901
v -0.03665275 -0.06194700 0.03437001
v -0.03673258 -0.06228863 0.03444139
v -0.03666472 -0.06194506 0.03444327
v -0.03674925 -0.06228594 0.03454306
v -0.03668136 -0.06194237 0.03454511
v -0.03679380 -0.06227872 0.03466682
v -0.03672656 -0.06193505 0.03467084
v -0.03684770 -0.06226998 0.03481650
v -0.03678066 -0.06192628 0.03482137
v -0.03687886 -0.06226494 0.03487150
v -0.03681237 -0.06192115 0.03487744
v -0.03691835 -0.06225854 0.03494122
v -0.03685186 -0.06191475 0.03494725
v -0.03704261 -0.06223842 0.03509564
v -0.03697746 -0.06189441 0.03510347
v -0.03712248 -0.06222548 0.03519491
v -0.03705764 -0.06188142 0.03520320
v -0.03717354 -0.06221721 0.03523937
v -0.03710976 -0.06187298 0.03524866
v -0.03720812 -0.06221161 0.03526947
v -0.03714404 -0.06186743 0.03527856
v -0.03734535 -0.06218938 0.03535261
v -0.03728354 -0.06184484 0.03536322
v -0.03742397 -0.06217665 0.03540023
v -0.03736235 -0.06183207 0.03541105
v -0.03751970 -0.06216115 0.03543301
v -0.03745984 -0.06181628 0.03544448
v -0.03762510 -0.06214408 0.03546910
v -0.03756627 -0.06179904 0.03548097
v -0.03772176 -0.06212842 0.03547995
v -0.03766394 -0.06178322 0.03549194
v -0.03794698 -0.06209194 0.03550524
v -0.03789101 -0.06174645 0.03551746
v -0.03794698 -0.06209194 0.03550524
v -0.03789101 -0.06174645 0.03551746
v -0.03808049 -0.06207032 0.03549814
v -0.03802548 -0.06172467 0.03550991
v -0.03811094 -0.06206539 0.03549652
v -0.03806553 -0.06171818 0.03550765
v -0.03819960 -0.06205103 0.03548390
v -0.03815524 -0.06170365 0.03549420
v -0.03828730 -0.06203682 0.03545734
v -0.03823436 -0.06169084 0.03546955
v -0.03847160 -0.06200697 0.03540151
v -0.03842862 -0.06165938 0.03540904
v -0.03848744 -0.06200441 0.03539335
v -0.03843670 -0.06165806 0.03540478
v -0.03858460 -0.06198867 0.03534324
v -0.03854471 -0.06164057 0.03534785
v -0.03865841 -0.06197672 0.03528693
v -0.03860959 -0.06163006 0.03529729
v -0.03879503 -0.06195458 0.03518269
v -0.03875541 -0.06160645 0.03518365
v -0.03881846 -0.06195079 0.03515739
v -0.03877136 -0.06160386 0.03516608
v -0.03886717 -0.06194290 0.03510481
v -0.03882670 -0.06159490 0.03510512
v -0.03894268 -0.06193067 0.03498872
v -0.03889669 -0.06158356 0.03499542
v -0.03902279 -0.06191770 0.03486557
v -0.03898364 -0.06156948 0.03485916
v -0.03906310 -0.06191117 0.03477803
v -0.03901838 -0.06156385 0.03478310
v -0.03908080 -0.06190830 0.03473957
v -0.03903481 -0.06156119 0.03474711
v -0.03914174 -0.06189844 0.03451347
v -0.03909668 -0.06155117 0.03451665
v -0.03922698 -0.06188463 0.03419709
v -0.03918511 -0.06153685 0.03418725
v -0.03851136 -0.06200053 0.03406528
v -0.03922698 -0.06188463 0.03419709
v -0.03844492 -0.06165673 0.03405092
v -0.03918511 -0.06153685 0.03418725
v -0.03791293 -0.06174290 0.03470330
v -0.03796898 -0.06208838 0.03471554
v -0.03802746 -0.06172434 0.03468877
v -0.03808621 -0.06206939 0.03470056
v -0.03803647 -0.06172289 0.03468762
v -0.03809601 -0.06206781 0.03469931
v -0.03808175 -0.06171555 0.03467086
v -0.03814224 -0.06206032 0.03468249
v -0.03810814 -0.06171128 0.03466108
v -0.03816425 -0.06205675 0.03467448
v -0.03813305 -0.06170725 0.03464520
v -0.03819465 -0.06205183 0.03465558
v -0.03821055 -0.06169470 0.03459579
v -0.03826938 -0.06203973 0.03460911
v -0.03822833 -0.06169182 0.03457957
v -0.03829228 -0.06203602 0.03458861
v -0.03825250 -0.06168790 0.03455751
v -0.03831397 -0.06203250 0.03456919
v -0.03830351 -0.06167964 0.03449087
v -0.03836935 -0.06202354 0.03449809
v -0.03833381 -0.06167473 0.03445129
v -0.03839753 -0.06201897 0.03446191
v -0.03835272 -0.06167166 0.03441698
v -0.03841721 -0.06201578 0.03442684
v -0.03836216 -0.06167014 0.03439057
v -0.03842867 -0.06201393 0.03439559
v -0.03840194 -0.06166370 0.03427927
v -0.03846998 -0.06200724 0.03428282
v -0.03841646 -0.06166134 0.03423861
v -0.03848251 -0.06200521 0.03424862
v -0.03842807 -0.06165946 0.03417840
v -0.03849489 -0.06200320 0.03418666
v -0.03844492 -0.06165673 0.03405092
v -0.03851136 -0.06200053 0.03406528
v -0.03745155 -0.06181762 0.03421148
v -0.03749543 -0.06216508 0.03421146
v -0.03746203 -0.06181593 0.03430779
v -0.03750623 -0.06216333 0.03430923
v -0.03746874 -0.06181484 0.03436953
v -0.03751338 -0.06216217 0.03437406
v -0.03747823 -0.06181330 0.03440165
v -0.03752256 -0.06216069 0.03440546
v -0.03748145 -0.06181278 0.03441255
v -0.03752464 -0.06216035 0.03441255
v -0.03751769 -0.06180691 0.03448811
v -0.03756303 -0.06215413 0.03449440
v -0.03752538 -0.06180566 0.03450416
v -0.03756923 -0.06215312 0.03450760
v -0.03754940 -0.06180178 0.03453819
v -0.03759343 -0.06214920 0.03454259
v -0.03757427 -0.06179775 0.03456287
v -0.03762166 -0.06214463 0.03457118
v -0.03762112 -0.06179016 0.03460936
v -0.03766620 -0.06213742 0.03461627
v -0.03764454 -0.06178637 0.03462595
v -0.03769370 -0.06213296 0.03463615
v -0.03765522 -0.06178464 0.03463353
v -0.03770153 -0.06213170 0.03464181
v -0.03772834 -0.06177279 0.03466905
v -0.03777976 -0.06211902 0.03468061
v -0.03774691 -0.06176979 0.03467808
v -0.03779559 -0.06211647 0.03468846
v -0.03778634 -0.06176340 0.03468957
v -0.03783534 -0.06211003 0.03470044
v -0.03781842 -0.06175820 0.03469305
v -0.03787261 -0.06210399 0.03470465
v -0.03791293 -0.06174290 0.03470330
v -0.03796898 -0.06208838 0.03471554
v -0.03762771 -0.06178909 0.03378144
v -0.03767588 -0.06213585 0.03377207
v -0.03754804 -0.06180200 0.03386998
v -0.03759432 -0.06214906 0.03386280
v -0.03754080 -0.06180317 0.03387802
v -0.03758666 -0.06215030 0.03387133
v -0.03750676 -0.06180868 0.03393825
v -0.03755417 -0.06215557 0.03392807
v -0.03749435 -0.06181069 0.03397546
v -0.03753931 -0.06215797 0.03397113
v -0.03746566 -0.06181534 0.03406155
v -0.03751111 -0.06216254 0.03405289
v -0.03746129 -0.06181605 0.03409043
v -0.03750538 -0.06216347 0.03408864
v -0.03745723 -0.06181670 0.03411732
v -0.03750163 -0.06216407 0.03411185
v -0.03745155 -0.06181762 0.03421148
v -0.03749543 -0.06216508 0.03421146
v -0.03813498 -0.06170693 0.03363412
v -0.03818002 -0.06205420 0.03362205
v -0.03793614 -0.06173914 0.03364616
v -0.03799070 -0.06208486 0.03363401
v -0.03793190 -0.06173983 0.03364730
v -0.03767588 -0.06213585 0.03377207
v -0.03762771 -0.06178909 0.03378144
v -0.03775763 -0.06212261 0.03371525
v -0.03770923 -0.06177589 0.03372779
v -0.03776515 -0.06212139 0.03371002
v -0.03774390 -0.06177027 0.03370498
v -0.03784230 -0.06210890 0.03367326
v -0.03778240 -0.06176404 0.03368783
v -0.03779083 -0.06176268 0.03368555
v -0.03784303 -0.06210878 0.03367291
v -0.03798592 -0.06208563 0.03363526
v -0.03826542 -0.06204037 0.03275791
v -0.03818002 -0.06205420 0.03362205
v -0.03822336 -0.06169262 0.03273991
v -0.03813498 -0.06170693 0.03363412
v -0.03787536 -0.06174898 0.03282018
v -0.03793105 -0.06209452 0.03283242
v -0.03802002 -0.06172555 0.03280037
v -0.03807863 -0.06207062 0.03281254
v -0.03804405 -0.06172166 0.03279708
v -0.03809980 -0.06206719 0.03280969
v -0.03813432 -0.06170704 0.03277110
v -0.03818317 -0.06205369 0.03278621
v -0.03819400 -0.06169738 0.03275019
v -0.03825406 -0.06204220 0.03276182
v -0.03822336 -0.06169262 0.03273991
v -0.03826542 -0.06204037 0.03275791
v -0.03793105 -0.06209452 0.03283242
v -0.03787536 -0.06174898 0.03282018
v -0.03780787 -0.06211447 0.03281246
v -0.03775472 -0.06176852 0.03280052
v -0.03780657 -0.06211468 0.03281195
v -0.03775451 -0.06176856 0.03280044
v -0.03777939 -0.06211909 0.03280123
v -0.03772778 -0.06177288 0.03278981
v -0.03774999 -0.06212385 0.03278373
v -0.03769978 -0.06177742 0.03277307
v -0.03769618 -0.06213256 0.03275171
v -0.03764655 -0.06178604 0.03274124
v -0.03769529 -0.06213271 0.03275097
v -0.03764649 -0.06178605 0.03274120
v -0.03765767 -0.06213880 0.03271950
v -0.03760904 -0.06179212 0.03270971
v -0.03760687 -0.06214703 0.03265971
v -0.03756020 -0.06180003 0.03265198
v -0.03757559 -0.06215209 0.03262290
v -0.03752889 -0.06180510 0.03261495
v -0.03755515 -0.06215541 0.03259092
v -0.03750953 -0.06180823 0.03258461
v -0.03753791 -0.06215819 0.03255263
v -0.03749257 -0.06181098 0.03254690
v -0.03748523 -0.06216673 0.03243548
v -0.03744069 -0.06181938 0.03243157
v -0.03748343 -0.06216702 0.03243149
v -0.03743895 -0.06181966 0.03242773
v -0.03746378 -0.06217021 0.03236133
v -0.03741950 -0.06182281 0.03235824
v -0.03745837 -0.06217108 0.03231003
v -0.03741419 -0.06182368 0.03230772
v -0.03743134 -0.06217546 0.03205337
v -0.03738744 -0.06182801 0.03205336
v -0.03745770 -0.06217119 0.03178325
v -0.03743134 -0.06217546 0.03205337
v -0.03738744 -0.06182801 0.03205336
v -0.03788113 -0.06174805 0.03123179
v -0.03793699 -0.06209356 0.03121954
v -0.03781685 -0.06175846 0.03124113
v -0.03787100 -0.06210425 0.03122924
v -0.03777699 -0.06176492 0.03124692
v -0.03782845 -0.06211114 0.03123550
v -0.03775494 -0.06176848 0.03125494
v -0.03780673 -0.06211466 0.03124325
v -0.03773232 -0.06177215 0.03126317
v -0.03778811 -0.06211767 0.03124990
v -0.03769835 -0.06177766 0.03128465
v -0.03769238 -0.06213318 0.03131089
v -0.03764768 -0.06178586 0.03131668
v -0.03770110 -0.06213177 0.03130308
v -0.03774818 -0.06212414 0.03127430
v -0.03740484 -0.06182519 0.03180328
v -0.03740825 -0.06182464 0.03178485
v -0.03746354 -0.06217024 0.03172327
v -0.03741821 -0.06182302 0.03173122
v -0.03748810 -0.06216627 0.03165243
v -0.03744381 -0.06181888 0.03165604
v -0.03753236 -0.06215910 0.03152478
v -0.03748673 -0.06181193 0.03153001
v -0.03753642 -0.06215844 0.03151310
v -0.03748932 -0.06181151 0.03152241
v -0.03756289 -0.06215415 0.03146511
v -0.03751523 -0.06180731 0.03147484
v -0.03760431 -0.06214744 0.03141150
v -0.03755803 -0.06180038 0.03141883
v -0.03765868 -0.06213864 0.03134110
v -0.03760933 -0.06179207 0.03135170
v -0.03764396 -0.06178646 0.03132008
v -0.03764768 -0.06178586 0.03131668
v -0.03811281 -0.06206509 0.03126146
v -0.03805085 -0.06172056 0.03127296
v -0.03811498 -0.06206473 0.03126251
v -0.03810053 -0.06171251 0.03130560
v -0.03793699 -0.06209356 0.03121954
v -0.03788113 -0.06174805 0.03123179
v -0.03800406 -0.06208270 0.03122577
v -0.03793334 -0.06173959 0.03123614
v -0.03805610 -0.06207427 0.03124028
v -0.03799666 -0.06172934 0.03125155
v -0.03808613 -0.06206940 0.03124866
v -0.03801751 -0.06172596 0.03125663
v -0.03804416 -0.06172164 0.03126856
v -0.03838057 -0.06166716 0.03194885
v -0.03844719 -0.06201093 0.03193465
v -0.03834399 -0.06167308 0.03171086
v -0.03841189 -0.06201664 0.03170796
v -0.03834102 -0.06167356 0.03169155
v -0.03840918 -0.06201708 0.03169052
v -0.03830581 -0.06167927 0.03159513
v -0.03837273 -0.06202299 0.03159091
v -0.03827623 -0.06168405 0.03151416
v -0.03834171 -0.06202801 0.03150616
v -0.03825869 -0.06168690 0.03148359
v -0.03832560 -0.06203062 0.03147719
v -0.03823924 -0.06169005 0.03144968
v -0.03831604 -0.06203217 0.03145999
v -0.03818713 -0.06169849 0.03138684
v -0.03825261 -0.06204244 0.03137829
v -0.03815461 -0.06170375 0.03134764
v -0.03823164 -0.06204584 0.03135130
v -0.03812607 -0.06170837 0.03132239
v -0.03820067 -0.06205086 0.03132221
v -0.03816316 -0.06205693 0.03129607
v -0.03922661 -0.06188468 0.03180306
v -0.03844719 -0.06201093 0.03193465
v -0.03918387 -0.06153705 0.03181322
v -0.03838057 -0.06166716 0.03194885
v -0.03922661 -0.06188468 0.03180306
v -0.03918387 -0.06153705 0.03181322
v -0.03921051 -0.06188730 0.03167020
v -0.03916660 -0.06153985 0.03166926
v -0.03920094 -0.06188885 0.03161851
v -0.03915685 -0.06154143 0.03161642
v -0.03918147 -0.06189200 0.03151322
v -0.03913751 -0.06154456 0.03151159
v -0.03912014 -0.06190193 0.03134128
v -0.03907549 -0.06155460 0.03133730
v -0.03904562 -0.06191400 0.03113230
v -0.03900086 -0.06156669 0.03112762
v -0.03903492 -0.06191574 0.03111268
v -0.03898961 -0.06156851 0.03110697
v -0.03900155 -0.06192114 0.03105154
v -0.03895617 -0.06157393 0.03104563
v -0.03888849 -0.06193945 0.03090463
v -0.03884184 -0.06159245 0.03089695
v -0.03880692 -0.06195267 0.03079862
v -0.03875984 -0.06160573 0.03079033
v -0.03871835 -0.06196701 0.03071884
v -0.03867012 -0.06162026 0.03070946
v -0.03867815 -0.06197352 0.03068266
v -0.03863023 -0.06162672 0.03067350
v -0.03854429 -0.06199520 0.03060186
v -0.03849435 -0.06164873 0.03059136
v -0.03842970 -0.06201376 0.03053269
v -0.03837930 -0.06166736 0.03052181
v -0.03836590 -0.06202409 0.03051083
v -0.03831408 -0.06167792 0.03049944
v -0.03824249 -0.06204408 0.03046857
v -0.03818950 -0.06169810 0.03045672
v -0.03816401 -0.06205679 0.03045908
v -0.03811021 -0.06171094 0.03044713
v -0.03792193 -0.06209600 0.03042983
v -0.03786596 -0.06175050 0.03041760
v -0.04136829 -0.06153781 0.03232680
v -0.04238987 -0.06137235 0.03049476
v -0.04131234 -0.06119231 0.03230195
v -0.04232686 -0.06102799 0.03048254
v -0.04034773 -0.06170311 0.03049476
v -0.04136829 -0.06153781 0.03232680
v -0.04029881 -0.06135647 0.03048254
v -0.04131234 -0.06119231 0.03230195
v -0.03946850 -0.06184551 0.03049476
v -0.04034773 -0.06170311 0.03049476
v -0.03939187 -0.06150336 0.03048254
v -0.04029881 -0.06135647 0.03048254
v -0.04092869 -0.06160902 0.03311465
v -0.03946850 -0.06184551 0.03049476
v -0.04085886 -0.06126576 0.03311465
v -0.03939187 -0.06150336 0.03048254
v -0.03959670 -0.06182475 0.03550524
v -0.04092869 -0.06160902 0.03311465
v -0.03952007 -0.06148260 0.03551746
v -0.04085886 -0.06126576 0.03311465
v -0.04047593 -0.06168234 0.03550524
v -0.03959670 -0.06182475 0.03550524
v -0.04042700 -0.06133570 0.03551746
v -0.03952007 -0.06148260 0.03551746
v -0.04136829 -0.06153781 0.03390351
v -0.04047593 -0.06168234 0.03550524
v -0.04131234 -0.06119231 0.03392836
v -0.04042700 -0.06133570 0.03551746
v -0.04226167 -0.06139311 0.03550524
v -0.04136829 -0.06153781 0.03390351
v -0.04219867 -0.06104875 0.03551746
v -0.04131234 -0.06119231 0.03392836
v -0.04313989 -0.06125088 0.03550524
v -0.04226167 -0.06139311 0.03550524
v -0.04310460 -0.06090203 0.03551746
v -0.04219867 -0.06104875 0.03551746
v -0.04180790 -0.06146661 0.03311465
v -0.04313989 -0.06125088 0.03550524
v -0.04176581 -0.06111886 0.03311465
v -0.04310460 -0.06090203 0.03551746
v -0.04326809 -0.06123011 0.03049476
v -0.04180790 -0.06146661 0.03311465
v -0.04323280 -0.06088127 0.03048254
v -0.04176581 -0.06111886 0.03311465
v -0.04238987 -0.06137235 0.03049476
v -0.04326809 -0.06123011 0.03049476
v -0.04232686 -0.06102799 0.03048254
v -0.04323280 -0.06088127 0.03048254
v -0.03791441 -0.06209722 0.06166249
v -0.03815770 -0.06205781 0.06134939
v -0.03808159 -0.06171558 0.06136161
v -0.03745155 -0.06181763 0.06216648
v -0.03751646 -0.06216167 0.06217466
v -0.03752900 -0.06180508 0.06207705
v -0.03758899 -0.06214992 0.06208133
v -0.03785238 -0.06175270 0.06170367
v -0.03787246 -0.06174945 0.06167371
v -0.03709807 -0.06222944 0.06268225
v -0.03703240 -0.06188551 0.06267488
v -0.03707890 -0.06223254 0.06270550
v -0.03701394 -0.06188850 0.06269727
v -0.03700372 -0.06224472 0.06281187
v -0.03693805 -0.06190079 0.06280458
v -0.03689108 -0.06226296 0.06303128
v -0.03682467 -0.06191915 0.06302538
v -0.03671924 -0.06229079 0.06336600
v -0.03665207 -0.06194711 0.06336151
v -0.03671467 -0.06229153 0.06338076
v -0.03664739 -0.06194787 0.06337657
v -0.03665241 -0.06230162 0.06358155
v -0.03658476 -0.06195801 0.06357850
v -0.03663574 -0.06230432 0.06371753
v -0.03656801 -0.06196073 0.06371529
v -0.03658769 -0.06231210 0.06411000
v -0.03651967 -0.06196856 0.06411000
v -0.03658769 -0.06231210 0.06411000
v -0.03651967 -0.06196856 0.06411000
v -0.03660650 -0.06230905 0.06433120
v -0.03653946 -0.06196535 0.06433280
v -0.03661173 -0.06230821 0.06439276
v -0.03654601 -0.06196429 0.06440673
v -0.03663408 -0.06230458 0.06449868
v -0.03656873 -0.06196061 0.06451087
v -0.03666877 -0.06229897 0.06459127
v -0.03660087 -0.06195540 0.06459510
v -0.03675887 -0.06228438 0.06483174
v -0.03675916 -0.06228433 0.06483226
v -0.03669346 -0.06194041 0.06483760
v -0.03669650 -0.06193992 0.06484555
v -0.03682052 -0.06227439 0.06493975
v -0.03675884 -0.06192982 0.06495340
v -0.03689739 -0.06226194 0.06503646
v -0.03683157 -0.06191804 0.06504388
v -0.03696924 -0.06225030 0.06512683
v -0.03690458 -0.06190621 0.06513468
v -0.03702334 -0.06224154 0.06519490
v -0.03696349 -0.06189667 0.06520797
v -0.03710497 -0.06222832 0.06526471
v -0.03704183 -0.06188399 0.06527425
v -0.03711335 -0.06222696 0.06527189
v -0.03705420 -0.06188198 0.06528472
v -0.03726160 -0.06220295 0.06535852
v -0.03720025 -0.06185832 0.06536914
v -0.03732655 -0.06219243 0.06539647
v -0.03727052 -0.06184695 0.06540974
v -0.03744322 -0.06217354 0.06543483
v -0.03738360 -0.06182863 0.06544672
v -0.03753714 -0.06215832 0.06546569
v -0.03747693 -0.06181351 0.06547724
v -0.03766443 -0.06213771 0.06547934
v -0.03760688 -0.06179246 0.06549125
v -0.03790588 -0.06209860 0.06550524
v -0.03784988 -0.06175311 0.06551747
v -0.03790588 -0.06209860 0.06550524
v -0.03784988 -0.06175311 0.06551747
v -0.03813984 -0.06206071 0.06549163
v -0.03807113 -0.06171727 0.06550540
v -0.03820207 -0.06205063 0.06548265
v -0.03813368 -0.06170714 0.06549704
v -0.03823233 -0.06204573 0.06547404
v -0.03817827 -0.06169992 0.06548481
v -0.03845100 -0.06201031 0.06541185
v -0.03839937 -0.06166411 0.06542422
v -0.03852247 -0.06199874 0.06539154
v -0.03845936 -0.06165439 0.06540779
v -0.03861849 -0.06198318 0.06534547
v -0.03855591 -0.06163875 0.06536277
v -0.03864885 -0.06197826 0.06532424
v -0.03859826 -0.06163190 0.06533387
v -0.03880822 -0.06195245 0.06521279
v -0.03876048 -0.06160562 0.06522319
v -0.03884831 -0.06194596 0.06518476
v -0.03879036 -0.06160078 0.06520279
v -0.03893292 -0.06193226 0.06509968
v -0.03887734 -0.06158670 0.06511748
v -0.03894400 -0.06193046 0.06508356
v -0.03889613 -0.06158365 0.06509079
v -0.03905702 -0.06191215 0.06491912
v -0.03901220 -0.06156485 0.06492592
v -0.03908513 -0.06190760 0.06487823
v -0.03903304 -0.06156148 0.06489633
v -0.03915812 -0.06189578 0.06470189
v -0.03911242 -0.06154862 0.06470585
v -0.03919962 -0.06188906 0.06460163
v -0.03915748 -0.06154132 0.06459777
v -0.03923484 -0.06188336 0.06442015
v -0.03919077 -0.06153593 0.06442285
v -0.03929075 -0.06187430 0.06413201
v -0.03924809 -0.06152665 0.06412187
v -0.03851120 -0.06200056 0.06400040
v -0.03929075 -0.06187430 0.06413201
v -0.03844441 -0.06165682 0.06398617
v -0.03924809 -0.06152665 0.06412187
v -0.03851120 -0.06200056 0.06400040
v -0.03844441 -0.06165682 0.06398617
v -0.03848391 -0.06200498 0.06421508
v -0.03840561 -0.06166310 0.06424314
v -0.03847665 -0.06200616 0.06424643
v -0.03843226 -0.06201335 0.06437214
v -0.03836741 -0.06166928 0.06436814
v -0.03840073 -0.06201845 0.06445260
v -0.03831295 -0.06167811 0.06448176
v -0.03838461 -0.06202106 0.06447976
v -0.03837534 -0.06202257 0.06449125
v -0.03846961 -0.06200730 0.06427679
v -0.03839974 -0.06166405 0.06428199
v -0.03838363 -0.06166666 0.06433432
v -0.03822447 -0.06169244 0.06458182
v -0.03820857 -0.06169501 0.06459828
v -0.03826395 -0.06204060 0.06461415
v -0.03823631 -0.06204508 0.06463031
v -0.03786696 -0.06175034 0.06470330
v -0.03792294 -0.06209584 0.06471554
v -0.03799577 -0.06172948 0.06468772
v -0.03805396 -0.06207461 0.06470074
v -0.03803798 -0.06172265 0.06468261
v -0.03808683 -0.06206929 0.06469703
v -0.03807161 -0.06171720 0.06467231
v -0.03817106 -0.06205565 0.06466841
v -0.03811758 -0.06170975 0.06465052
v -0.03817934 -0.06205431 0.06466356
v -0.03816982 -0.06170129 0.06462575
v -0.03817497 -0.06170045 0.06462210
v -0.03831046 -0.06167851 0.06448527
v -0.03829030 -0.06168178 0.06451364
v -0.03830389 -0.06203414 0.06457971
v -0.03828957 -0.06203645 0.06459206
v -0.03732335 -0.06183839 0.06406034
v -0.03736723 -0.06218584 0.06406029
v -0.03735011 -0.06183406 0.06430064
v -0.03739441 -0.06218144 0.06430362
v -0.03735022 -0.06183404 0.06430166
v -0.03739457 -0.06218141 0.06430497
v -0.03736319 -0.06183193 0.06434703
v -0.03740743 -0.06217933 0.06435002
v -0.03739229 -0.06182722 0.06441252
v -0.03743744 -0.06217447 0.06441771
v -0.03741467 -0.06182360 0.06446286
v -0.03746010 -0.06217080 0.06446884
v -0.03744046 -0.06181942 0.06450190
v -0.03748652 -0.06216652 0.06450889
v -0.03745191 -0.06181756 0.06451407
v -0.03749854 -0.06216457 0.06452169
v -0.03751992 -0.06180655 0.06458638
v -0.03756785 -0.06215335 0.06459549
v -0.03753521 -0.06180407 0.06459774
v -0.03758390 -0.06215075 0.06460746
v -0.03756628 -0.06179904 0.06462085
v -0.03761544 -0.06214564 0.06463095
v -0.03763736 -0.06178753 0.06465596
v -0.03768855 -0.06213380 0.06466712
v -0.03767098 -0.06178208 0.06467256
v -0.03772260 -0.06212829 0.06468397
v -0.03771605 -0.06177478 0.06468615
v -0.03776883 -0.06212080 0.06469794
v -0.03774901 -0.06176945 0.06468989
v -0.03780291 -0.06211528 0.06470185
v -0.03786696 -0.06175034 0.06470330
v -0.03792294 -0.06209584 0.06471554
v -0.03750026 -0.06180974 0.06345933
v -0.03754580 -0.06215692 0.06345314
v -0.03739018 -0.06182757 0.06369014
v -0.03743461 -0.06217493 0.06368648
v -0.03738675 -0.06182812 0.06370252
v -0.03743131 -0.06217546 0.06369845
v -0.03734068 -0.06183558 0.06386929
v -0.03738471 -0.06218301 0.06386740
v -0.03733950 -0.06183577 0.06388213
v -0.03738355 -0.06218320 0.06388005
v -0.03732335 -0.06183839 0.06406034
v -0.03736723 -0.06218584 0.06406029
v -0.03814224 -0.06170576 0.06266463
v -0.03818919 -0.06205271 0.06265649
v -0.03780996 -0.06175957 0.06305058
v -0.03785669 -0.06210657 0.06304269
v -0.03775966 -0.06176772 0.06310900
v -0.03780661 -0.06211468 0.06310085
v -0.03766272 -0.06178342 0.06323990
v -0.03770927 -0.06213044 0.06323233
v -0.03750026 -0.06180974 0.06345933
v -0.03754580 -0.06215692 0.06345314
v -0.03866784 -0.06197519 0.06208564
v -0.03861783 -0.06162873 0.06209778
v -0.03877348 -0.06195808 0.06192654
v -0.03872722 -0.06161101 0.06193385
v -0.03907293 -0.06190958 0.06147556
v -0.03902186 -0.06156329 0.06149231
v -0.03908368 -0.06190784 0.06145053
v -0.03903766 -0.06156073 0.06145574
v -0.03921528 -0.06188652 0.06114447
v -0.03917233 -0.06153892 0.06114384
v -0.03924888 -0.06188108 0.06098819
v -0.03920461 -0.06153369 0.06099164
v -0.03935497 -0.06186390 0.06049476
v -0.03931258 -0.06151620 0.06048254
v -0.03658769 -0.06231210 0.06049476
v -0.03935497 -0.06186390 0.06049476
v -0.03651967 -0.06196856 0.06048254
v -0.03931258 -0.06151620 0.06048254
v -0.03658769 -0.06231210 0.06134939
v -0.03658769 -0.06231210 0.06049476
v -0.03651967 -0.06196856 0.06136161
v -0.03651967 -0.06196856 0.06048254
v -0.03815770 -0.06205781 0.06134939
v -0.03658769 -0.06231210 0.06134939
v -0.03808159 -0.06171558 0.06136161
v -0.03651967 -0.06196856 0.06136161
v -0.04136829 -0.06153781 0.06232680
v -0.04238987 -0.06137235 0.06049476
v -0.04131234 -0.06119231 0.06230194
v -0.04232686 -0.06102799 0.06048254
v -0.04034773 -0.06170311 0.06049476
v -0.04136829 -0.06153781 0.06232680
v -0.04029881 -0.06135647 0.06048254
v -0.04131234 -0.06119231 0.06230194
v -0.03946850 -0.06184551 0.06049476
v -0.04034773 -0.06170311 0.06049476
v -0.03939187 -0.06150336 0.06048254
v -0.04029881 -0.06135647 0.06048254
v -0.04092869 -0.06160902 0.06311465
v -0.03946850 -0.06184551 0.06049476
v -0.04085886 -0.06126576 0.06311465
v -0.03939187 -0.06150336 0.06048254
v -0.03959670 -0.06182475 0.06550524
v -0.04092869 -0.06160902 0.06311465
v -0.03952007 -0.06148260 0.06551747
v -0.04085886 -0.06126576 0.06311465
v -0.04047593 -0.06168234 0.06550524
v -0.03959670 -0.06182475 0.06550524
v -0.04042700 -0.06133570 0.06551747
v -0.03952007 -0.06148260 0.06551747
v -0.04136829 -0.06153781 0.06390351
v -0.04047593 -0.06168234 0.06550524
v -0.04131234 -0.06119231 0.06392837
v -0.04042700 -0.06133570 0.06551747
v -0.04226167 -0.06139311 0.06550524
v -0.04136829 -0.06153781 0.06390351
v -0.04219867 -0.06104875 0.06551747
v -0.04131234 -0.06119231 0.06392837
v -0.04313989 -0.06125088 0.06550524
v -0.04226167 -0.06139311 0.06550524
v -0.04310460 -0.06090203 0.06551747
v -0.04219867 -0.06104875 0.06551747
v -0.04180790 -0.06146661 0.06311465
v -0.04313989 -0.06125088 0.06550524
v -0.04176581 -0.06111886 0.06311465
v -0.04310460 -0.06090203 0.06551747
v -0.04326809 -0.06123011 0.06049476
v -0.04180790 -0.06146661 0.06311465
v -0.04323280 -0.06088127 0.06048254
v -0.04176581 -0.06111886 0.06311465
v -0.04238987 -0.06137235 0.06049476
v -0.04326809 -0.06123011 0.06049476
v -0.04232686 -0.06102799 0.06048254
v -0.04323280 -0.06088127 0.06048254
v -0.08081002 -0.05514965 0.05050524
v -0.08016913 -0.05525345 0.05050524
v -0.08076275 -0.05480274 0.05051746
v -0.08010110 -0.05490991 0.05051746
v -0.08193036 -0.05461363 0.04927758
v -0.08197426 -0.05496108 0.04926963
v -0.08159318 -0.05466824 0.04948097
v -0.08164232 -0.05501485 0.04947084
v -0.08144674 -0.05469196 0.04956931
v -0.08149383 -0.05503889 0.04956085
v -0.08130314 -0.05471522 0.04969268
v -0.08135112 -0.05506201 0.04968352
v -0.08120566 -0.05473101 0.04980181
v -0.08125309 -0.05507788 0.04979325
v -0.08099762 -0.05476470 0.05003469
v -0.08104375 -0.05511179 0.05002758
v -0.08099386 -0.05476531 0.05004070
v -0.08103997 -0.05511240 0.05003367
v -0.08090030 -0.05478046 0.05019078
v -0.08094465 -0.05512784 0.05018677
v -0.08085402 -0.05478796 0.05030071
v -0.08089875 -0.05513528 0.05029537
v -0.08076275 -0.05480274 0.05051746
v -0.08081002 -0.05514965 0.05050524
v -0.08197426 -0.05496108 0.04841430
v -0.08197426 -0.05496108 0.04926963
v -0.08193036 -0.05461363 0.04839615
v -0.08193036 -0.05461363 0.04927758
v -0.08092672 -0.05495347 0.04910807
v -0.08094867 -0.05512719 0.04912329
v -0.08132792 -0.05506576 0.04877595
v -0.08090477 -0.05477974 0.04909290
v -0.08197426 -0.05496108 0.04841430
v -0.08193036 -0.05461363 0.04839615
v -0.08178609 -0.05499156 0.04850306
v -0.08172488 -0.05464691 0.04849184
v -0.08163547 -0.05501596 0.04857411
v -0.08158610 -0.05466939 0.04855646
v -0.08140047 -0.05505401 0.04872834
v -0.08133735 -0.05470968 0.04871805
v -0.08127340 -0.05472003 0.04875958
v -0.08090477 -0.05477974 0.04909290
v -0.08090477 -0.05477974 0.04548254
v -0.08092672 -0.05495347 0.04910807
v -0.08094867 -0.05512719 0.04549476
v -0.08094867 -0.05512719 0.04912329
v -0.08016913 -0.05525345 0.04549476
v -0.08094867 -0.05512719 0.04549476
v -0.08010110 -0.05490991 0.04548254
v -0.08090477 -0.05477974 0.04548254
v -0.08016913 -0.05525345 0.05050524
v -0.08016913 -0.05525345 0.04549476
v -0.08010110 -0.05490991 0.05051746
v -0.08010110 -0.05490991 0.04548254
v -0.08430874 -0.05458298 0.04732680
v -0.08533030 -0.05441752 0.04549476
v -0.08425278 -0.05423748 0.04730194
v -0.08526731 -0.05407316 0.04548254
v -0.08328815 -0.05474828 0.04549476
v -0.08430874 -0.05458298 0.04732680
v -0.08323925 -0.05440164 0.04548254
v -0.08425278 -0.05423748 0.04730194
v -0.08240893 -0.05489068 0.04549476
v -0.08328815 -0.05474828 0.04549476
v -0.08233230 -0.05454853 0.04548254
v -0.08323925 -0.05440164 0.04548254
v -0.08386912 -0.05465418 0.04811465
v -0.08240893 -0.05489068 0.04549476
v -0.08379931 -0.05431093 0.04811465
v -0.08233230 -0.05454853 0.04548254
v -0.08253714 -0.05486991 0.05050524
v -0.08386912 -0.05465418 0.04811465
v -0.08246052 -0.05452777 0.05051746
v -0.08379931 -0.05431093 0.04811465
v -0.08341636 -0.05472751 0.05050524
v -0.08253714 -0.05486991 0.05050524
v -0.08336744 -0.05438087 0.05051746
v -0.08246052 -0.05452777 0.05051746
v -0.08430874 -0.05458298 0.04890351
v -0.08341636 -0.05472751 0.05050524
v -0.08425278 -0.05423748 0.04892836
v -0.08336744 -0.05438087 0.05051746
v -0.08520211 -0.05443828 0.05050524
v -0.08430874 -0.05458298 0.04890351
v -0.08513911 -0.05409392 0.05051746
v -0.08425278 -0.05423748 0.04892836
v -0.08608033 -0.05429604 0.05050524
v -0.08520211 -0.05443828 0.05050524
v -0.08604504 -0.05394720 0.05051746
v -0.08513911 -0.05409392 0.05051746
v -0.08474834 -0.05451178 0.04811465
v -0.08608033 -0.05429604 0.05050524
v -0.08470624 -0.05416403 0.04811465
v -0.08604504 -0.05394720 0.05051746
v -0.08620853 -0.05427527 0.04549476
v -0.08474834 -0.05451178 0.04811465
v -0.08617324 -0.05392643 0.04548254
v -0.08470624 -0.05416403 0.04811465
v -0.08533030 -0.05441752 0.04549476
v -0.08620853 -0.05427527 0.04549476
v -0.08526731 -0.05407316 0.04548254
v -0.08617324 -0.05392643 0.04548254
v -0.03756020 -0.06180003 0.03265198
v -0.03760904 -0.06179212 0.03270971
v -0.03764649 -0.06178605 0.03274120
v -0.03918387 -0.06153705 0.03181322
v -0.03844492 -0.06165673 0.03405092
v -0.03918511 -0.06153685 0.03418725
v -0.04455884 -0.06066650 0.03013981
v -0.04432567 -0.06070426 0.02976391
v -0.04323280 -0.06088127 0.03048254
v -0.04401581 -0.06075445 0.02944999
v -0.04377413 -0.06079359 0.03671693
v -0.04417943 -0.06072795 0.03640187
v -0.04310460 -0.06090203 0.03551746
v -0.03952007 -0.06148260 0.03551746
v -0.03687278 -0.06191136 0.03698254
v -0.04042700 -0.06133570 0.03551746
v -0.04279561 -0.06095208 0.03698254
v -0.03766394 -0.06178322 0.03549194
v -0.03756627 -0.06179904 0.03548097
v -0.04279561 -0.06095208 0.02901746
v -0.04232686 -0.06102799 0.03048254
v -0.04323110 -0.06088154 0.02906717
v -0.04364473 -0.06081455 0.02921379
v -0.04475264 -0.06063510 0.03500000
v -0.04176581 -0.06111886 0.03311465
v -0.04475264 -0.06063510 0.03100000
v -0.04470358 -0.06064305 0.03055884
v -0.04449045 -0.06067757 0.03599127
v -0.04468596 -0.06064591 0.03551312
v -0.04131234 -0.06119231 0.03392836
v -0.04219867 -0.06104875 0.03551746
v -0.04330212 -0.06087004 0.03691498
v -0.03746874 -0.06181484 0.03436953
v -0.03747823 -0.06181330 0.03440165
v -0.03787536 -0.06174898 0.03282018
v -0.03802002 -0.06172555 0.03280037
v -0.03838057 -0.06166716 0.03194885
v -0.03804405 -0.06172166 0.03279708
v -0.03769978 -0.06177742 0.03277307
v -0.03834399 -0.06167308 0.03171086
v -0.03764655 -0.06178604 0.03274124
v -0.03777699 -0.06176492 0.03124692
v -0.03775494 -0.06176848 0.03125494
v -0.03773232 -0.06177215 0.03126317
v -0.03772778 -0.06177288 0.03278981
v -0.03775451 -0.06176856 0.03280044
v -0.03775472 -0.06176852 0.03280052
v -0.03834102 -0.06167356 0.03169155
v -0.03830581 -0.06167927 0.03159513
v -0.03827623 -0.06168405 0.03151416
v -0.03793334 -0.06173959 0.03123614
v -0.03788113 -0.06174805 0.03123179
v -0.03781685 -0.06175846 0.03124113
v -0.03762771 -0.06178909 0.03378144
v -0.03754804 -0.06180200 0.03386998
v -0.03636626 -0.06199340 0.02908502
v -0.03589428 -0.06206985 0.02928307
v -0.03708350 -0.06187723 0.03071023
v -0.03811021 -0.06171094 0.03044713
v -0.03818950 -0.06169810 0.03045672
v -0.03687278 -0.06191136 0.02901746
v -0.03877136 -0.06160386 0.03516608
v -0.03875541 -0.06160645 0.03518365
v -0.03860959 -0.06163006 0.03529729
v -0.03854471 -0.06164057 0.03534785
v -0.03815524 -0.06170365 0.03549420
v -0.03806553 -0.06171818 0.03550765
v -0.03665275 -0.06194700 0.03437001
v -0.03664787 -0.06194779 0.03425499
v -0.03491575 -0.06222834 0.03500000
v -0.03825869 -0.06168690 0.03148359
v -0.03823924 -0.06169005 0.03144968
v -0.03818713 -0.06169849 0.03138684
v -0.03810053 -0.06171251 0.03130560
v -0.03805085 -0.06172056 0.03127296
v -0.03804416 -0.06172164 0.03126856
v -0.03793614 -0.06173914 0.03364616
v -0.03793190 -0.06173983 0.03364730
v -0.03779083 -0.06176268 0.03368555
v -0.03778240 -0.06176404 0.03368783
v -0.03831408 -0.06167792 0.03049944
v -0.03837930 -0.06166736 0.03052181
v -0.03939187 -0.06150336 0.03048254
v -0.03849435 -0.06164873 0.03059136
v -0.03843670 -0.06165806 0.03540478
v -0.03842862 -0.06165938 0.03540904
v -0.03823436 -0.06169084 0.03546955
v -0.03802548 -0.06172467 0.03550991
v -0.03789101 -0.06174645 0.03551746
v -0.03666472 -0.06194506 0.03444327
v -0.03667519 -0.06194337 0.03402414
v -0.03668390 -0.06194195 0.03395061
v -0.03491575 -0.06222834 0.03100000
v -0.03671842 -0.06193637 0.03384754
v -0.03673948 -0.06193296 0.03378465
v -0.03681223 -0.06192117 0.03366003
v -0.03688088 -0.06191005 0.03354242
v -0.03815461 -0.06170375 0.03134764
v -0.03812607 -0.06170837 0.03132239
v -0.03801751 -0.06172596 0.03125663
v -0.03799666 -0.06172934 0.03125155
v -0.03769835 -0.06177766 0.03128465
v -0.03764768 -0.06178586 0.03131668
v -0.03764396 -0.06178646 0.03132008
v -0.03760933 -0.06179207 0.03135170
v -0.03755803 -0.06180038 0.03141883
v -0.03751523 -0.06180731 0.03147484
v -0.03740825 -0.06182464 0.03178485
v -0.03741821 -0.06182302 0.03173122
v -0.03744381 -0.06181888 0.03165604
v -0.03813432 -0.06170704 0.03277110
v -0.03819400 -0.06169738 0.03275019
v -0.03822336 -0.06169262 0.03273991
v -0.03813498 -0.06170693 0.03363412
v -0.03774390 -0.06177027 0.03370498
v -0.03770923 -0.06177589 0.03372779
v -0.03748145 -0.06181278 0.03441255
v -0.03751769 -0.06180691 0.03448811
v -0.03752538 -0.06180566 0.03450416
v -0.03762112 -0.06179016 0.03460936
v -0.03764454 -0.06178637 0.03462595
v -0.03765522 -0.06178464 0.03463353
v -0.03772834 -0.06177279 0.03466905
v -0.03652131 -0.06196829 0.03207071
v -0.03651967 -0.06196856 0.03203305
v -0.03655624 -0.06196263 0.03170880
v -0.03657443 -0.06195969 0.03154761
v -0.03748631 -0.06181200 0.03047845
v -0.03759406 -0.06179454 0.03044776
v -0.04029881 -0.06135647 0.03048254
v -0.04131234 -0.06119231 0.03230195
v -0.03863023 -0.06162672 0.03067350
v -0.03867012 -0.06162026 0.03070946
v -0.03875984 -0.06160573 0.03079033
v -0.03748932 -0.06181151 0.03152241
v -0.03748673 -0.06181193 0.03153001
v -0.03740484 -0.06182519 0.03180328
v -0.03738744 -0.06182801 0.03205336
v -0.03741419 -0.06182368 0.03230772
v -0.03749257 -0.06181098 0.03254690
v -0.03750953 -0.06180823 0.03258461
v -0.03752889 -0.06180510 0.03261495
v -0.03744069 -0.06181938 0.03243157
v -0.03743895 -0.06181966 0.03242773
v -0.03741950 -0.06182281 0.03235824
v -0.03749435 -0.06181069 0.03397546
v -0.03746566 -0.06181534 0.03406155
v -0.03746129 -0.06181605 0.03409043
v -0.03745723 -0.06181670 0.03411732
v -0.03754940 -0.06180178 0.03453819
v -0.03757427 -0.06179775 0.03456287
v -0.03774691 -0.06176979 0.03467808
v -0.03778634 -0.06176340 0.03468957
v -0.03781842 -0.06175820 0.03469305
v -0.03791293 -0.06174290 0.03470330
v -0.03822833 -0.06169182 0.03457957
v -0.03802746 -0.06172434 0.03468877
v -0.03821055 -0.06169470 0.03459579
v -0.03808175 -0.06171555 0.03467086
v -0.03810814 -0.06171128 0.03466108
v -0.03813305 -0.06170725 0.03464520
v -0.03705973 -0.06188108 0.03073582
v -0.03548895 -0.06213549 0.02959813
v -0.03687063 -0.06191171 0.03093945
v -0.03764211 -0.06178676 0.03044243
v -0.03786596 -0.06175050 0.03041760
v -0.03915685 -0.06154143 0.03161642
v -0.03916660 -0.06153985 0.03166926
v -0.04085886 -0.06126576 0.03311465
v -0.03909668 -0.06155117 0.03451665
v -0.03903481 -0.06156119 0.03474711
v -0.03901838 -0.06156385 0.03478310
v -0.03898364 -0.06156948 0.03485916
v -0.03889669 -0.06158356 0.03499542
v -0.03882670 -0.06159490 0.03510512
v -0.03745984 -0.06181628 0.03544448
v -0.03736235 -0.06183207 0.03541105
v -0.03636626 -0.06199340 0.03691498
v -0.03728354 -0.06184484 0.03536322
v -0.03589428 -0.06206985 0.03671693
v -0.03714404 -0.06186743 0.03527856
v -0.03710976 -0.06187298 0.03524866
v -0.03548895 -0.06213549 0.03640187
v -0.03498243 -0.06221753 0.03551312
v -0.03672656 -0.06193505 0.03467084
v -0.03668136 -0.06194237 0.03454511
v -0.03754080 -0.06180317 0.03387802
v -0.03750676 -0.06180868 0.03393825
v -0.03745155 -0.06181762 0.03421148
v -0.03746203 -0.06181593 0.03430779
v -0.03660246 -0.06195515 0.03144479
v -0.03661528 -0.06195307 0.03141578
v -0.03498243 -0.06221753 0.03048688
v -0.03673013 -0.06193447 0.03115620
v -0.03517794 -0.06218587 0.03000873
v -0.03675229 -0.06193088 0.03110611
v -0.03684491 -0.06191588 0.03096714
v -0.03723237 -0.06185313 0.03060048
v -0.03724324 -0.06185136 0.03059526
v -0.03743179 -0.06182083 0.03050465
v -0.03705764 -0.06188142 0.03520320
v -0.03697746 -0.06189441 0.03510347
v -0.03517794 -0.06218587 0.03599127
v -0.03685186 -0.06191475 0.03494725
v -0.03681237 -0.06192115 0.03487744
v -0.03678066 -0.06192628 0.03482137
v -0.03662240 -0.06195191 0.03264023
v -0.03660399 -0.06195490 0.03258924
v -0.03803647 -0.06172289 0.03468762
v -0.03825250 -0.06168790 0.03455751
v -0.03830351 -0.06167964 0.03449087
v -0.03833381 -0.06167473 0.03445129
v -0.03840194 -0.06166370 0.03427927
v -0.03841646 -0.06166134 0.03423861
v -0.03842807 -0.06165946 0.03417840
v -0.03884184 -0.06159245 0.03089695
v -0.03895617 -0.06157393 0.03104563
v -0.03898961 -0.06156851 0.03110697
v -0.03900086 -0.06156669 0.03112762
v -0.03907549 -0.06155460 0.03133730
v -0.03913751 -0.06154456 0.03151159
v -0.03692975 -0.06190214 0.03348587
v -0.03698307 -0.06189350 0.03342417
v -0.03702443 -0.06188680 0.03315394
v -0.03711783 -0.06187168 0.03331164
v -0.03708508 -0.06187698 0.03318315
v -0.03720342 -0.06185781 0.03324015
v -0.03656225 -0.06196166 0.03239060
v -0.03652823 -0.06196717 0.03222872
v -0.03835272 -0.06167166 0.03441698
v -0.03836216 -0.06167014 0.03439057
v -0.03694404 -0.06189982 0.03309582
v -0.03694125 -0.06190027 0.03309291
v -0.03675393 -0.06193061 0.03288825
v -0.03672430 -0.06193541 0.03283240
v -0.03662370 -0.06195171 0.03264268
v -0.03682752 -0.06191870 0.03297432
v -0.03678153 -0.06192614 0.03292638
v -0.04029881 -0.06135647 0.06048254
v -0.04131234 -0.06119231 0.06230194
v -0.04232686 -0.06102799 0.06048254
v -0.04455884 -0.06066650 0.06013981
v -0.04432567 -0.06070426 0.05976391
v -0.04323280 -0.06088127 0.06048254
v -0.04401581 -0.06075445 0.05944999
v -0.04377413 -0.06079359 0.06671695
v -0.04417943 -0.06072795 0.06640187
v -0.04310460 -0.06090203 0.06551747
v -0.03952007 -0.06148260 0.06551747
v -0.03687278 -0.06191136 0.06698254
v -0.04042700 -0.06133570 0.06551747
v -0.04279561 -0.06095208 0.06698254
v -0.04475264 -0.06063510 0.06500000
v -0.04176581 -0.06111886 0.06311465
v -0.04475264 -0.06063510 0.06100000
v -0.04470358 -0.06064305 0.06055884
v -0.03602366 -0.06204889 0.05921379
v -0.03565260 -0.06210899 0.05944999
v -0.03651967 -0.06196856 0.06048254
v -0.03534271 -0.06215918 0.05976391
v -0.03829030 -0.06168178 0.06451364
v -0.03831046 -0.06167851 0.06448527
v -0.03811758 -0.06170975 0.06465052
v -0.03939187 -0.06150336 0.06048254
v -0.04279561 -0.06095208 0.05901746
v -0.04323110 -0.06088154 0.05906717
v -0.04364473 -0.06081455 0.05921379
v -0.04449045 -0.06067757 0.06599128
v -0.04468596 -0.06064591 0.06551313
v -0.04131234 -0.06119231 0.06392837
v -0.04219867 -0.06104875 0.06551747
v -0.04330212 -0.06087004 0.06691500
v -0.03903304 -0.06156148 0.06489633
v -0.03911242 -0.06154862 0.06470585
v -0.03915748 -0.06154132 0.06459777
v -0.03510955 -0.06219694 0.06013981
v -0.03496481 -0.06222039 0.06055884
v -0.03651967 -0.06196856 0.06136161
v -0.03491575 -0.06222834 0.06100000
v -0.03491575 -0.06222834 0.06500000
v -0.03931258 -0.06151620 0.06048254
v -0.03687278 -0.06191136 0.05901746
v -0.03643731 -0.06198190 0.05906717
v -0.03734068 -0.06183558 0.06386929
v -0.03733950 -0.06183577 0.06388213
v -0.04085886 -0.06126576 0.06311465
v -0.03920461 -0.06153369 0.06099164
v -0.03917233 -0.06153892 0.06114384
v -0.03903766 -0.06156073 0.06145574
v -0.03902186 -0.06156329 0.06149231
v -0.03919077 -0.06153593 0.06442285
v -0.03924809 -0.06152665 0.06412187
v -0.03732335 -0.06183839 0.06406034
v -0.03735011 -0.06183406 0.06430064
v -0.03735022 -0.06183404 0.06430166
v -0.03775966 -0.06176772 0.06310900
v -0.03766272 -0.06178342 0.06323990
v -0.03844441 -0.06165682 0.06398617
v -0.03750026 -0.06180974 0.06345933
v -0.03831295 -0.06167811 0.06448176
v -0.03836741 -0.06166928 0.06436814
v -0.03838363 -0.06166666 0.06433432
v -0.03872722 -0.06161101 0.06193385
v -0.03861783 -0.06162873 0.06209778
v -0.03814224 -0.06170576 0.06266463
v -0.03780996 -0.06175957 0.06305058
v -0.03760688 -0.06179246 0.06549125
v -0.03747693 -0.06181351 0.06547724
v -0.03738360 -0.06182863 0.06544672
v -0.03636626 -0.06199340 0.06691500
v -0.03665207 -0.06194711 0.06336151
v -0.03664739 -0.06194787 0.06337657
v -0.03658476 -0.06195801 0.06357850
v -0.03656801 -0.06196073 0.06371529
v -0.03682467 -0.06191915 0.06302538
v -0.03693805 -0.06190079 0.06280458
v -0.03701394 -0.06188850 0.06269727
v -0.03736319 -0.06183193 0.06434703
v -0.03739229 -0.06182722 0.06441252
v -0.03741467 -0.06182360 0.06446286
v -0.03751992 -0.06180655 0.06458638
v -0.03753521 -0.06180407 0.06459774
v -0.03756628 -0.06179904 0.06462085
v -0.03739018 -0.06182757 0.06369014
v -0.03738675 -0.06182812 0.06370252
v -0.03840561 -0.06166310 0.06424314
v -0.03839974 -0.06166405 0.06428199
v -0.03901220 -0.06156485 0.06492592
v -0.03889613 -0.06158365 0.06509079
v -0.03887734 -0.06158670 0.06511748
v -0.03727052 -0.06184695 0.06540974
v -0.03720025 -0.06185832 0.06536914
v -0.03589428 -0.06206985 0.06671695
v -0.03696349 -0.06189667 0.06520797
v -0.03548895 -0.06213549 0.06640187
v -0.03704183 -0.06188399 0.06527425
v -0.03705420 -0.06188198 0.06528472
v -0.03660087 -0.06195540 0.06459510
v -0.03656873 -0.06196061 0.06451087
v -0.03654601 -0.06196429 0.06440673
v -0.03744046 -0.06181942 0.06450190
v -0.03745191 -0.06181756 0.06451407
v -0.03653946 -0.06196535 0.06433280
v -0.03651967 -0.06196856 0.06411000
v -0.03703240 -0.06188551 0.06267488
v -0.03745155 -0.06181763 0.06216648
v -0.03752900 -0.06180508 0.06207705
v -0.03763736 -0.06178753 0.06465596
v -0.03767098 -0.06178208 0.06467256
v -0.03771605 -0.06177478 0.06468615
v -0.03774901 -0.06176945 0.06468989
v -0.03786696 -0.06175034 0.06470330
v -0.03799577 -0.06172948 0.06468772
v -0.03817827 -0.06169992 0.06548481
v -0.03813368 -0.06170714 0.06549704
v -0.03690458 -0.06190621 0.06513468
v -0.03683157 -0.06191804 0.06504388
v -0.03517794 -0.06218587 0.06599128
v -0.03675884 -0.06192982 0.06495340
v -0.03498243 -0.06221753 0.06551313
v -0.03669650 -0.06193992 0.06484555
v -0.03669346 -0.06194041 0.06483760
v -0.03879036 -0.06160078 0.06520279
v -0.03876048 -0.06160562 0.06522319
v -0.03859826 -0.06163190 0.06533387
v -0.03807113 -0.06171727 0.06550540
v -0.03784988 -0.06175311 0.06551747
v -0.03785238 -0.06175270 0.06170367
v -0.03787246 -0.06174945 0.06167371
v -0.03808159 -0.06171558 0.06136161
v -0.03803798 -0.06172265 0.06468261
v -0.03807161 -0.06171720 0.06467231
v -0.03816982 -0.06170129 0.06462575
v -0.03817497 -0.06170045 0.06462210
v -0.03855591 -0.06163875 0.06536277
v -0.03845936 -0.06165439 0.06540779
v -0.03839937 -0.06166411 0.06542422
v -0.03822447 -0.06169244 0.06458182
v -0.03820857 -0.06169501 0.06459828
v -0.08762639 -0.05369107 0.05051312
v -0.08769307 -0.05368027 0.05000000
v -0.08604504 -0.05394720 0.05051746
v -0.08617324 -0.05392643 0.04548254
v -0.08743088 -0.05372274 0.04500873
v -0.08711988 -0.05377311 0.04459813
v -0.08470624 -0.05416403 0.04811465
v -0.08769307 -0.05368027 0.04600000
v -0.08762639 -0.05369107 0.04548688
v -0.08671457 -0.05383876 0.05171693
v -0.08711988 -0.05377311 0.05140187
v -0.08743088 -0.05372274 0.05099127
v -0.07981322 -0.05495653 0.05198254
v -0.08573604 -0.05399724 0.05198254
v -0.08336744 -0.05438087 0.05051746
v -0.08573604 -0.05399724 0.04401746
v -0.08526731 -0.05407316 0.04548254
v -0.08624256 -0.05391521 0.04408501
v -0.08671457 -0.05383876 0.04428307
v -0.08425278 -0.05423748 0.04892836
v -0.08513911 -0.05409392 0.05051746
v -0.08624256 -0.05391521 0.05191498
v -0.08425278 -0.05423748 0.04730194
v -0.08323925 -0.05440164 0.04548254
v -0.08233230 -0.05454853 0.04548254
v -0.07981322 -0.05495653 0.04401746
v -0.08090477 -0.05477974 0.04548254
v -0.07930671 -0.05503857 0.04408501
v -0.08010110 -0.05490991 0.04548254
v -0.08193036 -0.05461363 0.04839615
v -0.08193036 -0.05461363 0.04927758
v -0.08246052 -0.05452777 0.05051746
v -0.08090477 -0.05477974 0.04909290
v -0.08127340 -0.05472003 0.04875958
v -0.08133735 -0.05470968 0.04871805
v -0.07883471 -0.05511502 0.04428307
v -0.07842939 -0.05518066 0.04459813
v -0.07811838 -0.05523104 0.04500873
v -0.08158610 -0.05466939 0.04855646
v -0.08172488 -0.05464691 0.04849184
v -0.08379931 -0.05431093 0.04811465
v -0.08076275 -0.05480274 0.05051746
v -0.07930671 -0.05503857 0.05191498
v -0.08010110 -0.05490991 0.05051746
v -0.07883471 -0.05511502 0.05171693
v -0.07792287 -0.05526270 0.05051312
v -0.07811838 -0.05523104 0.05099127
v -0.07842939 -0.05518066 0.05140187
v -0.07792287 -0.05526270 0.04548688
v -0.07785618 -0.05527350 0.04600000
v -0.07785618 -0.05527350 0.05000000
v -0.08159318 -0.05466824 0.04948097
v -0.08144674 -0.05469196 0.04956931
v -0.08130314 -0.05471522 0.04969268
v -0.08120566 -0.05473101 0.04980181
v -0.08099762 -0.05476470 0.05003469
v -0.08099386 -0.05476531 0.05004070
v -0.08090030 -0.05478046 0.05019078
v -0.08085402 -0.05478796 0.05030071
v -0.03687278 -0.06191136 0.02901746
v -0.04279561 -0.06095208 0.02901746
v -0.03695273 -0.06240493 0.02900000
v -0.04287555 -0.06144564 0.02900000
v -0.03636626 -0.06199340 0.02908502
v -0.03644174 -0.06248769 0.02906815
v -0.03589428 -0.06206985 0.02928307
v -0.03596560 -0.06256481 0.02926795
v -0.03548895 -0.06213549 0.02959813
v -0.03555671 -0.06263104 0.02958579
v -0.03517794 -0.06218587 0.03000873
v -0.03524295 -0.06268185 0.03000000
v -0.03498243 -0.06221753 0.03048688
v -0.03504572 -0.06271380 0.03048236
v -0.03491575 -0.06222834 0.03100000
v -0.03497846 -0.06272469 0.03100000
v -0.03497846 -0.06272469 0.03500000
v -0.03491575 -0.06222834 0.03500000
v -0.03497846 -0.06272469 0.03200000
v -0.03498243 -0.06221753 0.03551312
v -0.03504572 -0.06271380 0.03551763
v -0.03517794 -0.06218587 0.03599127
v -0.03524295 -0.06268185 0.03600000
v -0.03548895 -0.06213549 0.03640187
v -0.03555671 -0.06263104 0.03641421
v -0.03589428 -0.06206985 0.03671693
v -0.03596560 -0.06256481 0.03673205
v -0.03636626 -0.06199340 0.03691498
v -0.03644174 -0.06248769 0.03693185
v -0.03687278 -0.06191136 0.03698254
v -0.03695273 -0.06240493 0.03700000
v -0.04279561 -0.06095208 0.03698254
v -0.04287555 -0.06144564 0.03700000
v -0.04330212 -0.06087004 0.03691498
v -0.04338653 -0.06136288 0.03693185
v -0.04377413 -0.06079359 0.03671693
v -0.04386268 -0.06128576 0.03673205
v -0.04417943 -0.06072795 0.03640187
v -0.04427157 -0.06121954 0.03641421
v -0.04449045 -0.06067757 0.03599127
v -0.04458532 -0.06116872 0.03600000
v -0.04468596 -0.06064591 0.03551312
v -0.04478254 -0.06113678 0.03551763
v -0.04475264 -0.06063510 0.03500000
v -0.04484982 -0.06112588 0.03500000
v -0.04475264 -0.06063510 0.03100000
v -0.04484982 -0.06112588 0.03200000
v -0.04484982 -0.06112588 0.03100000
v -0.04470358 -0.06064305 0.03055884
v -0.04480031 -0.06113390 0.03055496
v -0.04455884 -0.06066650 0.03013981
v -0.04465431 -0.06115755 0.03013223
v -0.04432567 -0.06070426 0.02976391
v -0.04441910 -0.06119564 0.02975302
v -0.04401581 -0.06075445 0.02944999
v -0.04410648 -0.06124628 0.02943634
v -0.04364473 -0.06081455 0.02921379
v -0.04373216 -0.06130690 0.02919806
v -0.04323110 -0.06088154 0.02906717
v -0.04331487 -0.06137449 0.02905014
v -0.03687278 -0.06191136 0.05901746
v -0.04279561 -0.06095208 0.05901746
v -0.03695273 -0.06240493 0.05900000
v -0.04287555 -0.06144564 0.05900000
v -0.03643731 -0.06198190 0.05906717
v -0.03651341 -0.06247608 0.05905014
v -0.03602366 -0.06204889 0.05921379
v -0.03609612 -0.06254367 0.05919806
v -0.03565260 -0.06210899 0.05944999
v -0.03572179 -0.06260430 0.05943634
v -0.03534271 -0.06215918 0.05976391
v -0.03540917 -0.06265493 0.05975302
v -0.03510955 -0.06219694 0.06013981
v -0.03517397 -0.06269303 0.06013223
v -0.03496481 -0.06222039 0.06055884
v -0.03502795 -0.06271668 0.06055496
v -0.03491575 -0.06222834 0.06100000
v -0.03497846 -0.06272469 0.06100000
v -0.03491575 -0.06222834 0.06500000
v -0.03497846 -0.06272469 0.06400000
v -0.03497846 -0.06272469 0.06500000
v -0.03498243 -0.06221753 0.06551313
v -0.03504572 -0.06271380 0.06551764
v -0.03517794 -0.06218587 0.06599128
v -0.03524295 -0.06268185 0.06600000
v -0.03548895 -0.06213549 0.06640187
v -0.03555671 -0.06263104 0.06641423
v -0.03589428 -0.06206985 0.06671695
v -0.03596560 -0.06256481 0.06673205
v -0.03636626 -0.06199340 0.06691500
v -0.03644174 -0.06248769 0.06693187
v -0.03687278 -0.06191136 0.06698254
v -0.03695273 -0.06240493 0.06700000
v -0.04279561 -0.06095208 0.06698254
v -0.04287555 -0.06144564 0.06700000
v -0.04330212 -0.06087004 0.06691500
v -0.04338653 -0.06136288 0.06693187
v -0.04377413 -0.06079359 0.06671695
v -0.04386268 -0.06128576 0.06673205
v -0.04417943 -0.06072795 0.06640187
v -0.04427157 -0.06121954 0.06641423
v -0.04449045 -0.06067757 0.06599128
v -0.04458532 -0.06116872 0.06600000
v -0.04468596 -0.06064591 0.06551313
v -0.04478254 -0.06113678 0.06551764
v -0.04475264 -0.06063510 0.06500000
v -0.04484982 -0.06112588 0.06500000
v -0.04484982 -0.06112588 0.06100000
v -0.04475264 -0.06063510 0.06100000
v -0.04484982 -0.06112588 0.06400000
v -0.04470358 -0.06064305 0.06055884
v -0.04480031 -0.06113390 0.06055496
v -0.04455884 -0.06066650 0.06013981
v -0.04465431 -0.06115755 0.06013223
v -0.04432567 -0.06070426 0.05976391
v -0.04441910 -0.06119564 0.05975302
v -0.04401581 -0.06075445 0.05944999
v -0.04410648 -0.06124628 0.05943634
v -0.04364473 -0.06081455 0.05921379
v -0.04373216 -0.06130690 0.05919806
v -0.04323110 -0.06088154 0.05906717
v -0.04331487 -0.06137449 0.05905014
v -0.07981322 -0.05495653 0.04401746
v -0.08573604 -0.05399724 0.04401746
v -0.07989316 -0.05545010 0.04400000
v -0.08581598 -0.05449081 0.04400000
v -0.07930671 -0.05503857 0.04408501
v -0.07938218 -0.05553286 0.04406814
v -0.07883471 -0.05511502 0.04428307
v -0.07890603 -0.05560998 0.04426795
v -0.07842939 -0.05518066 0.04459813
v -0.07849714 -0.05567621 0.04458578
v -0.07811838 -0.05523104 0.04500873
v -0.07818339 -0.05572702 0.04500000
v -0.07792287 -0.05526270 0.04548688
v -0.07798617 -0.05575897 0.04548236
v -0.07785618 -0.05527350 0.04600000
v -0.07791888 -0.05576986 0.04600000
v -0.07785618 -0.05527350 0.05000000
v -0.07791888 -0.05576986 0.05000000
v -0.07792287 -0.05526270 0.05051312
v -0.07798617 -0.05575897 0.05051764
v -0.07811838 -0.05523104 0.05099127
v -0.07818339 -0.05572702 0.05100000
v -0.07842939 -0.05518066 0.05140187
v -0.07849714 -0.05567621 0.05141421
v -0.07883471 -0.05511502 0.05171693
v -0.07890603 -0.05560998 0.05173205
v -0.07930671 -0.05503857 0.05191498
v -0.07938218 -0.05553286 0.05193185
v -0.07981322 -0.05495653 0.05198254
v -0.07989316 -0.05545010 0.05200000
v -0.08573604 -0.05399724 0.05198254
v -0.08581598 -0.05449081 0.05200000
v -0.08624256 -0.05391521 0.05191498
v -0.08632696 -0.05440805 0.05193185
v -0.08671457 -0.05383876 0.05171693
v -0.08680311 -0.05433093 0.05173205
v -0.08711988 -0.05377311 0.05140187
v -0.08721200 -0.05426471 0.05141421
v -0.08743088 -0.05372274 0.05099127
v -0.08752575 -0.05421389 0.05100000
v -0.08762639 -0.05369107 0.05051312
v -0.08772298 -0.05418195 0.05051764
v -0.08769307 -0.05368027 0.05000000
v -0.08779026 -0.05417105 0.05000000
v -0.08769307 -0.05368027 0.04600000
v -0.08779026 -0.05417105 0.04600000
v -0.08762639 -0.05369107 0.04548688
v -0.08772298 -0.05418195 0.04548236
v -0.08743088 -0.05372274 0.04500873
v -0.08752575 -0.05421389 0.04500000
v -0.08711988 -0.05377311 0.04459813
v -0.08721200 -0.05426471 0.04458578
v -0.08671457 -0.05383876 0.04428307
v -0.08680311 -0.05433093 0.04426795
v -0.08624256 -0.05391521 0.04408501
v -0.08632696 -0.05440805 0.04406814
v -0.07478519 -0.05526438 0.05948743
v -0.07569784 -0.05612960 0.06012227
v -0.07505974 -0.05521991 0.05912500
v -0.07607448 -0.05606859 0.05962500
v -0.07523231 -0.05519196 0.05870293
v -0.07634569 -0.05602466 0.05896175
v -0.07529117 -0.05518243 0.05825000
v -0.07643818 -0.05600968 0.05825000
v -0.07523231 -0.05519196 0.05779706
v -0.07634569 -0.05602466 0.05753825
v -0.07505974 -0.05521991 0.05737500
v -0.07607448 -0.05606859 0.05687500
v -0.07569784 -0.05612960 0.05637773
v -0.07478519 -0.05526438 0.05701256
v -0.07564309 -0.05613846 0.05630546
v -0.07442743 -0.05532233 0.05673445
v -0.07508088 -0.05622952 0.05586843
v -0.07401079 -0.05538980 0.05655963
v -0.07442615 -0.05633556 0.05559370
v -0.07356369 -0.05546222 0.05650000
v -0.07372355 -0.05644935 0.05550000
v -0.07311657 -0.05553464 0.05655963
v -0.07302096 -0.05656315 0.05559370
v -0.07269993 -0.05560212 0.05673445
v -0.07236625 -0.05666919 0.05586843
v -0.07234215 -0.05566006 0.05701256
v -0.07180404 -0.05676025 0.05630546
v -0.07206763 -0.05570453 0.05737500
v -0.07137262 -0.05683013 0.05687500
v -0.07189506 -0.05573248 0.05779706
v -0.07110144 -0.05687405 0.05753825
v -0.07183619 -0.05574201 0.05825000
v -0.07100893 -0.05688903 0.05825000
v -0.07189506 -0.05573248 0.05870293
v -0.07110144 -0.05687405 0.05896175
v -0.07206763 -0.05570453 0.05912500
v -0.07137262 -0.05683013 0.05962500
v -0.07234215 -0.05566006 0.05948743
v -0.07180404 -0.05676025 0.06019454
v -0.07269993 -0.05560212 0.05976554
v -0.07236625 -0.05666919 0.06063157
v -0.07311657 -0.05553464 0.05994037
v -0.07302096 -0.05656315 0.06090629
v -0.07356369 -0.05546222 0.06000000
v -0.07372355 -0.05644935 0.06100000
v -0.07401079 -0.05538980 0.05994037
v -0.07442615 -0.05633556 0.06090629
v -0.07442743 -0.05532233 0.05976554
v -0.07508088 -0.05622952 0.06063157
v -0.07564309 -0.05613846 0.06019454
v -0.07505974 -0.05521991 0.03687500
v -0.07569784 -0.05612960 0.03587773
v -0.07478519 -0.05526438 0.03651256
v -0.07564309 -0.05613846 0.03580546
v -0.07442743 -0.05532233 0.03623446
v -0.07508088 -0.05622952 0.03536843
v -0.07401079 -0.05538980 0.03605963
v -0.07442615 -0.05633556 0.03509370
v -0.07356369 -0.05546222 0.03600000
v -0.07372355 -0.05644935 0.03500000
v -0.07311657 -0.05553464 0.03605963
v -0.07302096 -0.05656315 0.03509370
v -0.07269993 -0.05560212 0.03623446
v -0.07236625 -0.05666919 0.03536843
v -0.07234215 -0.05566006 0.03651256
v -0.07180404 -0.05676025 0.03580546
v -0.07206763 -0.05570453 0.03687500
v -0.07137262 -0.05683013 0.03637500
v -0.07189506 -0.05573248 0.03729706
v -0.07529117 -0.05518243 0.03775000
v -0.07635370 -0.05602336 0.03710000
v -0.07523231 -0.05519196 0.03729706
v -0.07634569 -0.05602466 0.03703824
v -0.07607448 -0.05606859 0.03637500
v -0.07478519 -0.05526438 0.03898743
v -0.07569784 -0.05612960 0.03962227
v -0.07505974 -0.05521991 0.03862500
v -0.07607448 -0.05606859 0.03912500
v -0.07523231 -0.05519196 0.03820293
v -0.07634569 -0.05602466 0.03846175
v -0.07643818 -0.05600968 0.03775000
v -0.07110144 -0.05687405 0.03703824
v -0.07109340 -0.05687535 0.03710000
v -0.07183619 -0.05574201 0.03775000
v -0.07100893 -0.05688903 0.03775000
v -0.07189506 -0.05573248 0.03820293
v -0.07110144 -0.05687405 0.03846175
v -0.07206763 -0.05570453 0.03862500
v -0.07137262 -0.05683013 0.03912500
v -0.07234215 -0.05566006 0.03898743
v -0.07180404 -0.05676025 0.03969454
v -0.07269993 -0.05560212 0.03926554
v -0.07236625 -0.05666919 0.04013157
v -0.07311657 -0.05553464 0.03944037
v -0.07302096 -0.05656315 0.04040629
v -0.07356369 -0.05546222 0.03950000
v -0.07372355 -0.05644935 0.04050000
v -0.07401079 -0.05538980 0.03944037
v -0.07442615 -0.05633556 0.04040629
v -0.07442743 -0.05532233 0.03926554
v -0.07508088 -0.05622952 0.04013157
v -0.07564309 -0.05613846 0.03969454
v -0.05210587 -0.05893763 0.03651256
v -0.05151299 -0.06004668 0.03587773
v -0.05183133 -0.05898209 0.03687500
v -0.05113632 -0.06010769 0.03637500
v -0.05165875 -0.05901004 0.03729706
v -0.05505488 -0.05845999 0.03775000
v -0.05611741 -0.05930093 0.03710000
v -0.05499600 -0.05846953 0.03729706
v -0.05610938 -0.05930223 0.03703824
v -0.05482343 -0.05849748 0.03687500
v -0.05583819 -0.05934615 0.03637500
v -0.05454889 -0.05854194 0.03651256
v -0.05540680 -0.05941603 0.03580546
v -0.05419113 -0.05859989 0.03623446
v -0.05484458 -0.05950709 0.03536843
v -0.05377448 -0.05866737 0.03605963
v -0.05418986 -0.05961313 0.03509370
v -0.05332739 -0.05873978 0.03600000
v -0.05348726 -0.05972692 0.03500000
v -0.05288027 -0.05881220 0.03605963
v -0.05278467 -0.05984072 0.03509370
v -0.05246364 -0.05887968 0.03623446
v -0.05212996 -0.05994676 0.03536843
v -0.05156772 -0.06003782 0.03580546
v -0.05183133 -0.05898209 0.03862500
v -0.05151299 -0.06004668 0.03962227
v -0.05210587 -0.05893763 0.03898743
v -0.05156772 -0.06003782 0.03969454
v -0.05246364 -0.05887968 0.03926554
v -0.05212996 -0.05994676 0.04013157
v -0.05288027 -0.05881220 0.03944037
v -0.05278467 -0.05984072 0.04040629
v -0.05332739 -0.05873978 0.03950000
v -0.05348726 -0.05972692 0.04050000
v -0.05377448 -0.05866737 0.03944037
v -0.05418986 -0.05961313 0.04040629
v -0.05419113 -0.05859989 0.03926554
v -0.05484458 -0.05950709 0.04013157
v -0.05454889 -0.05854194 0.03898743
v -0.05540680 -0.05941603 0.03969454
v -0.05482343 -0.05849748 0.03862500
v -0.05583819 -0.05934615 0.03912500
v -0.05499600 -0.05846953 0.03820293
v -0.05610938 -0.05930223 0.03846175
v -0.05620189 -0.05928725 0.03775000
v -0.05086514 -0.06015161 0.03703824
v -0.05085711 -0.06015291 0.03710000
v -0.05159990 -0.05901958 0.03775000
v -0.05077263 -0.06016659 0.03775000
v -0.05165875 -0.05901004 0.03820293
v -0.05086514 -0.06015161 0.03846175
v -0.05113632 -0.06010769 0.03912500
v -0.05183133 -0.05898209 0.05912500
v -0.05151299 -0.06004668 0.06012227
v -0.05210587 -0.05893763 0.05948743
v -0.05156772 -0.06003782 0.06019454
v -0.05246364 -0.05887968 0.05976554
v -0.05212996 -0.05994676 0.06063157
v -0.05288027 -0.05881220 0.05994037
v -0.05278467 -0.05984072 0.06090629
v -0.05332739 -0.05873978 0.06000000
v -0.05348726 -0.05972692 0.06100000
v -0.05377448 -0.05866737 0.05994037
v -0.05418986 -0.05961313 0.06090629
v -0.05419113 -0.05859989 0.05976554
v -0.05484458 -0.05950709 0.06063157
v -0.05454889 -0.05854194 0.05948743
v -0.05540680 -0.05941603 0.06019454
v -0.05482343 -0.05849748 0.05912500
v -0.05583819 -0.05934615 0.05962500
v -0.05499600 -0.05846953 0.05870293
v -0.05610938 -0.05930223 0.05896175
v -0.05505488 -0.05845999 0.05825000
v -0.05620189 -0.05928725 0.05825000
v -0.05499600 -0.05846953 0.05779706
v -0.05610938 -0.05930223 0.05753825
v -0.05482343 -0.05849748 0.05737500
v -0.05583819 -0.05934615 0.05687500
v -0.05454889 -0.05854194 0.05701256
v -0.05540680 -0.05941603 0.05630546
v -0.05419113 -0.05859989 0.05673445
v -0.05484458 -0.05950709 0.05586843
v -0.05377448 -0.05866737 0.05655963
v -0.05418986 -0.05961313 0.05559370
v -0.05332739 -0.05873978 0.05650000
v -0.05348726 -0.05972692 0.05550000
v -0.05288027 -0.05881220 0.05655963
v -0.05278467 -0.05984072 0.05559370
v -0.05246364 -0.05887968 0.05673445
v -0.05212996 -0.05994676 0.05586843
v -0.05210587 -0.05893763 0.05701256
v -0.05156772 -0.06003782 0.05630546
v -0.05151299 -0.06004668 0.05637773
v -0.05183133 -0.05898209 0.05737500
v -0.05113632 -0.06010769 0.05687500
v -0.05165875 -0.05901004 0.05779706
v -0.05086514 -0.06015161 0.05753825
v -0.05159990 -0.05901958 0.05825000
v -0.05077263 -0.06016659 0.05825000
v -0.05165875 -0.05901004 0.05870293
v -0.05086514 -0.06015161 0.05896175
v -0.05113632 -0.06010769 0.05962500
v -0.07206763 -0.05570453 0.05737500
v -0.07189506 -0.05573248 0.05779706
v -0.07356369 -0.05546222 0.05825000
v -0.07183619 -0.05574201 0.05825000
v -0.07189506 -0.05573248 0.05870293
v -0.07311657 -0.05553464 0.05655963
v -0.07269993 -0.05560212 0.05673445
v -0.07234215 -0.05566006 0.05701256
v -0.07442743 -0.05532233 0.05673445
v -0.07401079 -0.05538980 0.05655963
v -0.07356369 -0.05546222 0.05650000
v -0.07523231 -0.05519196 0.05779706
v -0.07505974 -0.05521991 0.05737500
v -0.07478519 -0.05526438 0.05701256
v -0.07505974 -0.05521991 0.05912500
v -0.07523231 -0.05519196 0.05870293
v -0.07529117 -0.05518243 0.05825000
v -0.07401079 -0.05538980 0.05994037
v -0.07442743 -0.05532233 0.05976554
v -0.07478519 -0.05526438 0.05948743
v -0.07269993 -0.05560212 0.05976554
v -0.07311657 -0.05553464 0.05994037
v -0.07356369 -0.05546222 0.06000000
v -0.07206763 -0.05570453 0.05912500
v -0.07234215 -0.05566006 0.05948743
v -0.07206763 -0.05570453 0.03687500
v -0.07189506 -0.05573248 0.03729706
v -0.07356369 -0.05546222 0.03775000
v -0.07183619 -0.05574201 0.03775000
v -0.07189506 -0.05573248 0.03820293
v -0.07311657 -0.05553464 0.03605963
v -0.07269993 -0.05560212 0.03623446
v -0.07234215 -0.05566006 0.03651256
v -0.07442743 -0.05532233 0.03623446
v -0.07401079 -0.05538980 0.03605963
v -0.07356369 -0.05546222 0.03600000
v -0.07523231 -0.05519196 0.03729706
v -0.07505974 -0.05521991 0.03687500
v -0.07478519 -0.05526438 0.03651256
v -0.07505974 -0.05521991 0.03862500
v -0.07523231 -0.05519196 0.03820293
v -0.07529117 -0.05518243 0.03775000
v -0.07401079 -0.05538980 0.03944037
v -0.07442743 -0.05532233 0.03926554
v -0.07478519 -0.05526438 0.03898743
v -0.07269993 -0.05560212 0.03926554
v -0.07311657 -0.05553464 0.03944037
v -0.07356369 -0.05546222 0.03950000
v -0.07206763 -0.05570453 0.03862500
v -0.07234215 -0.05566006 0.03898743
v -0.05183133 -0.05898209 0.03687500
v -0.05165875 -0.05901004 0.03729706
v -0.05332739 -0.05873978 0.03775000
v -0.05159990 -0.05901958 0.03775000
v -0.05165875 -0.05901004 0.03820293
v -0.05288027 -0.05881220 0.03605963
v -0.05246364 -0.05887968 0.03623446
v -0.05210587 -0.05893763 0.03651256
v -0.05419113 -0.05859989 0.03623446
v -0.05377448 -0.05866737 0.03605963
v -0.05332739 -0.05873978 0.03600000
v -0.05499600 -0.05846953 0.03729706
v -0.05482343 -0.05849748 0.03687500
v -0.05454889 -0.05854194 0.03651256
v -0.05482343 -0.05849748 0.03862500
v -0.05499600 -0.05846953 0.03820293
v -0.05505488 -0.05845999 0.03775000
v -0.05377448 -0.05866737 0.03944037
v -0.05419113 -0.05859989 0.03926554
v -0.05454889 -0.05854194 0.03898743
v -0.05246364 -0.05887968 0.03926554
v -0.05288027 -0.05881220 0.03944037
v -0.05332739 -0.05873978 0.03950000
v -0.05183133 -0.05898209 0.03862500
v -0.05210587 -0.05893763 0.03898743
v -0.05183133 -0.05898209 0.05737500
v -0.05165875 -0.05901004 0.05779706
v -0.05332739 -0.05873978 0.05825000
v -0.05159990 -0.05901958 0.05825000
v -0.05165875 -0.05901004 0.05870293
v -0.05288027 -0.05881220 0.05655963
v -0.05246364 -0.05887968 0.05673445
v -0.05210587 -0.05893763 0.05701256
v -0.05419113 -0.05859989 0.05673445
v -0.05377448 -0.05866737 0.05655963
v -0.05332739 -0.05873978 0.05650000
v -0.05499600 -0.05846953 0.05779706
v -0.05482343 -0.05849748 0.05737500
v -0.05454889 -0.05854194 0.05701256
v -0.05482343 -0.05849748 0.05912500
v -0.05499600 -0.05846953 0.05870293
v -0.05505488 -0.05845999 0.05825000
v -0.05377448 -0.05866737 0.05994037
v -0.05419113 -0.05859989 0.05976554
v -0.05454889 -0.05854194 0.05948743
v -0.05246364 -0.05887968 0.05976554
v -0.05288027 -0.05881220 0.05994037
v -0.05332739 -0.05873978 0.06000000
v -0.05183133 -0.05898209 0.05912500
v -0.05210587 -0.05893763 0.05948743
v -0.10195370 -0.00217655 0.00277953
v -0.10393911 -0.00284387 0.00281419
v -0.10199061 -0.00217347 0.00328025
v -0.10537510 -0.00332653 0.00283925
v -0.10796580 -0.00418180 0.00338455
v -0.10690400 -0.00384042 0.00286594
v -0.10798530 -0.00420388 0.00288482
v -0.11006190 0.00182857 0.00292106
v -0.11002280 0.00179412 0.00342046
v -0.10811050 -0.00384042 0.00288700
v -0.10796580 -0.00418180 0.00338455
v -0.10798530 -0.00420388 0.00288482
v -0.11002280 0.00179412 0.00342046
v -0.11006190 0.00182857 0.00292106
v -0.10537510 -0.00048652 0.00283925
v -0.10199061 -0.00217347 0.00328025
v -0.10393911 -0.00119584 0.00281419
v -0.10195370 -0.00217655 0.00277953
v -0.10801181 -0.00776527 0.00288528
v -0.10797960 -0.00775764 0.00338479
v -0.10537510 -0.00910897 0.00283925
v -0.10469011 -0.00943401 0.00332737
v -0.10469121 -0.00945750 0.00282732
v -0.10801181 -0.00776527 0.00288528
v -0.10631981 -0.00444396 0.00285574
v -0.10797960 -0.00775764 0.00338479
v -0.10630350 -0.00446745 0.00335553
v -0.10630350 -0.00446745 0.00335553
v -0.10631981 -0.00444396 0.00285574
v -0.10537510 -0.00492542 0.00283925
v -0.10301391 -0.00614382 0.00329812
v -0.10393911 -0.00565722 0.00281419
v -0.10299920 -0.00613619 0.00279778
v -0.10469121 -0.00945750 0.00282732
v -0.10469011 -0.00943401 0.00332737
v -0.10393911 -0.00798116 0.00281419
v -0.10301391 -0.00614382 0.00329812
v -0.10299920 -0.00613619 0.00279778
v -0.10589690 0.00785626 0.00334844
v -0.10587121 0.00788637 0.00284791
v -0.10870211 0.00221057 0.00339740
v -0.10855050 0.00249408 0.00289468
v -0.10870291 0.00218728 0.00289734
v -0.10870291 0.00218728 0.00289734
v -0.10933181 0.00249408 0.00290832
v -0.10870211 0.00221057 0.00339740
v -0.11137931 0.00349301 0.00294406
v -0.11438170 0.00498149 0.00349654
v -0.11320190 0.00438222 0.00297587
v -0.11443621 0.00498441 0.00299742
v -0.10587121 0.00788637 0.00284791
v -0.10589690 0.00785626 0.00334844
v -0.11137931 0.00602014 0.00294406
v -0.11438170 0.00498149 0.00349654
v -0.11320190 0.00540261 0.00297587
v -0.11443621 0.00498441 0.00299742
v -0.10728020 -0.00893323 0.00337258
v -0.10724450 -0.00893575 0.00287188
v -0.10931260 -0.00966799 0.00340806
v -0.10900500 -0.00957223 0.00290261
v -0.10932241 -0.00968696 0.00290815
v -0.10931260 -0.00966799 0.00340806
v -0.10932241 -0.00968696 0.00290815
v -0.10955181 -0.00957223 0.00291216
v -0.11264300 -0.00800268 0.00346619
v -0.11137931 -0.00865846 0.00294406
v -0.11269671 -0.00799973 0.00296705
v -0.11264300 -0.00800268 0.00346619
v -0.11269671 -0.00799973 0.00296705
v -0.11058590 -0.00729228 0.00343028
v -0.11137931 -0.00754478 0.00294406
v -0.11059340 -0.00727339 0.00293034
v -0.11059340 -0.00727339 0.00293034
v -0.10724450 -0.00893575 0.00287188
v -0.11058590 -0.00729228 0.00343028
v -0.10728020 -0.00893323 0.00337258
v -0.11370711 0.00379913 0.00298469
v -0.11680140 0.00280089 0.00303870
v -0.11374501 0.00380244 0.00348543
v -0.11678161 0.00282281 0.00353843
v -0.11680140 0.00280089 0.00303870
v -0.11779950 0.00579579 0.00305612
v -0.11678161 0.00282281 0.00353843
v -0.11776111 0.00576187 0.00355553
v -0.11779950 0.00579579 0.00305612
v -0.11370711 0.00379913 0.00298469
v -0.11776111 0.00576187 0.00355553
v -0.11374501 0.00380244 0.00348543
v -0.10687571 0.00823923 0.00286545
v -0.10686380 0.00828447 0.00336531
v -0.10537510 0.01122246 0.00283925
v -0.10490480 0.01217878 0.00333112
v -0.10487890 0.01220873 0.00283059
v -0.10687571 0.00823923 0.00286545
v -0.10787410 0.01121020 0.00288287
v -0.10686380 0.00828447 0.00336531
v -0.10784321 0.01119916 0.00338241
v -0.10784321 0.01119916 0.00338241
v -0.10787410 0.01121020 0.00288287
v -0.10490480 0.01217878 0.00333112
v -0.10537510 0.01204332 0.00283925
v -0.10487890 0.01220873 0.00283059
v -0.09811003 -0.00237286 0.00271244
v -0.10139690 -0.00347697 0.00276981
v -0.09814592 -0.00236943 0.00321314
v -0.10135390 -0.00344704 0.00326914
v -0.10139690 -0.00347697 0.00276981
v -0.10029290 -0.00124361 0.00275054
v -0.10135390 -0.00344704 0.00326914
v -0.10027640 -0.00126729 0.00325033
v -0.10029290 -0.00124361 0.00275054
v -0.09811003 -0.00237286 0.00271244
v -0.10027640 -0.00126729 0.00325033
v -0.09814592 -0.00236943 0.00321314
v -0.11269671 -0.00799973 0.00296705
v -0.11137931 -0.00865846 0.00294406
v -0.11137931 -0.00957223 0.00294406
v -0.10955181 -0.00957223 0.00291216
v -0.11314680 -0.01293705 0.00297491
v -0.11320190 -0.01291208 0.00297587
v -0.11320190 -0.00957223 0.00297587
v -0.09585859 0.00890455 0.00267314
v -0.09578618 0.00879098 0.00267188
v -0.09578618 0.00806280 0.00267188
v -0.10537510 -0.01350896 0.00283925
v -0.10541800 -0.01351602 0.00284000
v -0.10537510 -0.00957223 0.00283925
v -0.10693700 -0.01376583 0.00286652
v -0.10900500 -0.00957223 0.00290261
v -0.10813781 -0.01381425 0.00288748
v -0.10932241 -0.00968696 0.00290815
v -0.10933681 -0.01371778 0.00290840
v -0.11051121 -0.01362329 0.00292890
v -0.10455920 -0.01337479 0.00282501
v -0.10393911 -0.00957223 0.00281419
v -0.10393911 -0.01316709 0.00281419
v -0.10167531 -0.00957223 0.00277467
v -0.10241851 -0.01265789 0.00278765
v -0.10285151 -0.01280288 0.00279520
v -0.10042110 -0.01162369 0.00275278
v -0.10045630 -0.01164193 0.00275340
v -0.10167531 -0.01227305 0.00277467
v -0.09786758 -0.00957223 0.00270821
v -0.09829741 -0.01002510 0.00271571
v -0.09830179 -0.01002973 0.00271579
v -0.10009800 -0.01141765 0.00274714
v -0.09674611 -0.00839062 0.00268863
v -0.10167531 -0.00432392 0.00277467
v -0.09650335 -0.00808381 0.00268440
v -0.09433942 -0.00414630 0.00264662
v -0.09441987 -0.00432392 0.00264803
v -0.09578618 -0.00432392 0.00267188
v -0.09501967 -0.00564820 0.00265850
v -0.09526607 -0.00619222 0.00266280
v -0.09578618 -0.00698739 0.00267188
v -0.09645115 -0.00800401 0.00268349
v -0.09418725 -0.00370523 0.00264397
v -0.09423388 -0.00384042 0.00264478
v -0.09578618 -0.00384042 0.00267188
v -0.09578618 0.00200793 0.00267188
v -0.09350850 0.00200793 0.00263212
v -0.09346235 0.00086357 0.00263132
v -0.09355883 -0.00033581 0.00263300
v -0.09365330 -0.00151034 0.00263465
v -0.09403228 -0.00306826 0.00264126
v -0.09351078 0.00206452 0.00263216
v -0.09578618 0.00249408 0.00267188
v -0.09358139 0.00249408 0.00263339
v -0.09447358 0.00615060 0.00264897
v -0.09390176 0.00444262 0.00263899
v -0.09376054 0.00358372 0.00263652
v -0.09538415 0.00806280 0.00266486
v -0.09461856 0.00658366 0.00265150
v -0.09565261 0.00858143 0.00266955
v -0.09563437 0.00854619 0.00266923
v -0.10312880 0.01466404 0.00280004
v -0.10167530 0.01400548 0.00277467
v -0.10167531 0.00806280 0.00277467
v -0.10162720 0.01398370 0.00277383
v -0.10108320 0.01373726 0.00276434
v -0.09927175 0.01255201 0.00273272
v -0.09919194 0.01249980 0.00273133
v -0.09888514 0.01225696 0.00272597
v -0.09725097 0.01070547 0.00269745
v -0.09724630 0.01070105 0.00269736
v -0.10393911 0.00806280 0.00281419
v -0.10393911 0.01490610 0.00281419
v -0.10356990 0.01481627 0.00280774
v -0.10420671 0.01497121 0.00281886
v -0.10487890 0.01220873 0.00283059
v -0.10537510 0.01122246 0.00283925
v -0.10787410 0.01121020 0.00288287
v -0.10687571 0.00823923 0.00286545
v -0.11137931 0.00806280 0.00294406
v -0.10537510 0.00806280 0.00283925
v -0.10537510 0.01525552 0.00283925
v -0.10537510 0.01204332 0.00283925
v -0.10576440 0.01535026 0.00284605
v -0.10693870 0.01544474 0.00286655
v -0.11085750 0.01524298 0.00293495
v -0.10933851 0.01549279 0.00290844
v -0.10813781 0.01554121 0.00288748
v -0.11137931 0.01515716 0.00294406
v -0.11171631 0.01510175 0.00294994
v -0.11320190 0.00806280 0.00297587
v -0.11320190 0.01460422 0.00297587
v -0.11585441 0.01335065 0.00302217
v -0.11581920 0.01336888 0.00302156
v -0.11385701 0.01438484 0.00298731
v -0.11342401 0.01452984 0.00297975
v -0.11982441 0.00973096 0.00309147
v -0.11977221 0.00981077 0.00309056
v -0.11952941 0.01011759 0.00308632
v -0.11797811 0.01175205 0.00305924
v -0.11797371 0.01175669 0.00305916
v -0.11617750 0.01314462 0.00302781
v -0.12091550 0.00806280 0.00311051
v -0.11779950 0.00579579 0.00305612
v -0.12100950 0.00791919 0.00311215
v -0.12262221 0.00323731 0.00314030
v -0.12224321 0.00479525 0.00313369
v -0.11680140 0.00280089 0.00303870
v -0.11443621 0.00498441 0.00299742
v -0.11320190 0.00438222 0.00297587
v -0.11370711 0.00379913 0.00298469
v -0.11320190 0.00249408 0.00297587
v -0.12208831 0.00543217 0.00313098
v -0.12193610 0.00587329 0.00312833
v -0.12125590 0.00737515 0.00311645
v -0.12268200 0.00249408 0.00314135
v -0.12271670 0.00206285 0.00314195
v -0.11320190 0.00200793 0.00297587
v -0.12272111 0.00200793 0.00314203
v -0.12251501 -0.00185668 0.00313843
v -0.12276471 -0.00033739 0.00314279
v -0.12281321 0.00086357 0.00314364
v -0.12237381 -0.00271549 0.00313597
v -0.11320190 -0.00384042 0.00297587
v -0.12199721 -0.00384042 0.00312939
v -0.11320190 -0.00432392 0.00297587
v -0.12183530 -0.00432392 0.00312657
v -0.11839921 -0.00957223 0.00306659
v -0.11902440 -0.00897857 0.00307750
v -0.12062301 -0.00685435 0.00310541
v -0.12064110 -0.00681929 0.00310572
v -0.12165700 -0.00485656 0.00312345
v -0.12180191 -0.00442365 0.00312598
v -0.11902930 -0.00897395 0.00307759
v -0.12041701 -0.00717744 0.00310181
v -0.11464821 -0.01225678 0.00300112
v -0.11519230 -0.01201025 0.00301061
v -0.11700371 -0.01082510 0.00304223
v -0.11708361 -0.01077280 0.00304363
v -0.11739051 -0.01052989 0.00304898
v -0.11137931 -0.01341204 0.00294406
v -0.11206871 -0.01324428 0.00295609
v -0.11270571 -0.01308928 0.00296721
v -0.10537510 0.00200793 0.00283925
v -0.10537510 -0.00048652 0.00283925
v -0.11006190 0.00182857 0.00292106
v -0.10393911 -0.00284387 0.00281419
v -0.10195370 -0.00217655 0.00277953
v -0.10167531 -0.00384042 0.00277467
v -0.10690400 -0.00384042 0.00286594
v -0.10537510 -0.00332653 0.00283925
v -0.10537510 -0.00384042 0.00283925
v -0.10393911 -0.00384042 0.00281419
v -0.10801181 -0.00776527 0.00288528
v -0.10537510 -0.00910897 0.00283925
v -0.10724450 -0.00893575 0.00287188
v -0.10299920 -0.00613619 0.00279778
v -0.10393911 -0.00565722 0.00281419
v -0.10393911 -0.00432392 0.00281419
v -0.10537510 -0.00492542 0.00283925
v -0.10537510 -0.00432392 0.00283925
v -0.10631981 -0.00444396 0.00285574
v -0.11137931 -0.00432392 0.00294406
v -0.11059340 -0.00727339 0.00293034
v -0.10393911 -0.00798116 0.00281419
v -0.10469121 -0.00945750 0.00282732
v -0.10870291 0.00218728 0.00289734
v -0.11137931 0.00200793 0.00294406
v -0.10933181 0.00249408 0.00290832
v -0.11137931 0.00249408 0.00294406
v -0.11137931 0.00349301 0.00294406
v -0.11320190 0.00540261 0.00297587
v -0.11137931 0.00602014 0.00294406
v -0.10587121 0.00788637 0.00284791
v -0.10855050 0.00249408 0.00289468
v -0.10537510 0.00249408 0.00283925
v -0.11137931 -0.00384042 0.00294406
v -0.10811050 -0.00384042 0.00288700
v -0.10798530 -0.00420388 0.00288482
v -0.11137931 -0.00754478 0.00294406
v -0.10393911 0.00249408 0.00281419
v -0.10393911 0.00200793 0.00281419
v -0.10167531 0.00249408 0.00277467
v -0.10167531 0.00200793 0.00277467
v -0.09811003 -0.00237286 0.00271244
v -0.10029290 -0.00124361 0.00275054
v -0.10139690 -0.00347697 0.00276981
v -0.10393911 -0.00119584 0.00281419
v -0.10813781 -0.01381425 0.00288748
v -0.10812900 -0.01383171 0.00338740
v -0.10933681 -0.01371778 0.00290840
v -0.10932940 -0.01373465 0.00340835
v -0.11051121 -0.01362329 0.00292890
v -0.11051690 -0.01363862 0.00342908
v -0.11137931 -0.01341204 0.00294406
v -0.11206460 -0.01326077 0.00345610
v -0.11519230 -0.01201025 0.00301061
v -0.11464821 -0.01225678 0.00300112
v -0.11464711 -0.01227204 0.00350117
v -0.11320190 -0.01291208 0.00297587
v -0.11315631 -0.01294899 0.00347515
v -0.11314680 -0.01293705 0.00297491
v -0.11271241 -0.01310261 0.00346740
v -0.11270571 -0.01308928 0.00296721
v -0.11206871 -0.01324428 0.00295609
v -0.11520231 -0.01201990 0.00351086
v -0.11535161 -0.01192205 0.00351347
v -0.11700371 -0.01082510 0.00304223
v -0.11700510 -0.01083840 0.00354233
v -0.11708361 -0.01077280 0.00304363
v -0.11709381 -0.01078026 0.00354388
v -0.11739051 -0.01052989 0.00304898
v -0.11740291 -0.01053518 0.00354928
v -0.11839921 -0.00957223 0.00306659
v -0.11902811 -0.00898963 0.00357764
v -0.11902440 -0.00897857 0.00307750
v -0.11902930 -0.00897395 0.00307759
v -0.11904140 -0.00897694 0.00357788
v -0.12041701 -0.00717744 0.00310181
v -0.12042860 -0.00717832 0.00360209
v -0.12062301 -0.00685435 0.00310541
v -0.12063280 -0.00685752 0.00360565
v -0.12064110 -0.00681929 0.00310572
v -0.12064770 -0.00682867 0.00360591
v -0.12165700 -0.00485656 0.00312345
v -0.12166661 -0.00485810 0.00362370
v -0.12180191 -0.00442365 0.00312598
v -0.12180971 -0.00443004 0.00362620
v -0.12183530 -0.00432392 0.00312657
v -0.12282191 0.00086357 0.00364386
v -0.12281321 0.00086357 0.00314364
v -0.12277350 -0.00033739 0.00364302
v -0.12276471 -0.00033739 0.00314279
v -0.12252350 -0.00185996 0.00363866
v -0.12251501 -0.00185668 0.00313843
v -0.12238301 -0.00271555 0.00363620
v -0.12237381 -0.00271549 0.00313597
v -0.12199721 -0.00384042 0.00312939
v -0.12272111 0.00200793 0.00314203
v -0.12272481 0.00206422 0.00364217
v -0.12262221 0.00323731 0.00314030
v -0.12268200 0.00249408 0.00314135
v -0.12271670 0.00206285 0.00314195
v -0.12262881 0.00325176 0.00364049
v -0.12244661 0.00399849 0.00363731
v -0.12224321 0.00479525 0.00313369
v -0.12225101 0.00479982 0.00363390
v -0.12208831 0.00543217 0.00313098
v -0.12209291 0.00544757 0.00363114
v -0.12193610 0.00587329 0.00312833
v -0.12193931 0.00589156 0.00362846
v -0.12125590 0.00737515 0.00311645
v -0.12126240 0.00738271 0.00361664
v -0.12100950 0.00791919 0.00311215
v -0.12101040 0.00793789 0.00361224
v -0.12091550 0.00806280 0.00311051
v -0.11982901 0.00974111 0.00359162
v -0.11982441 0.00973096 0.00309147
v -0.11977221 0.00981077 0.00309056
v -0.11977090 0.00982969 0.00359061
v -0.11952941 0.01011759 0.00308632
v -0.11952601 0.01013875 0.00358633
v -0.11797811 0.01175205 0.00305924
v -0.11798050 0.01176439 0.00355936
v -0.11797371 0.01175669 0.00305916
v -0.11796801 0.01177752 0.00355914
v -0.11617750 0.01314462 0.00302781
v -0.11616971 0.01316492 0.00352775
v -0.11585441 0.01335065 0.00302217
v -0.11584890 0.01336922 0.00352215
v -0.11581920 0.01336888 0.00302156
v -0.11581991 0.01338423 0.00352164
v -0.11385701 0.01438484 0.00298731
v -0.11416021 0.01424259 0.00349267
v -0.11384980 0.01440316 0.00348726
v -0.11342401 0.01452984 0.00297975
v -0.11342170 0.01454637 0.00347978
v -0.11320190 0.01460422 0.00297587
v -0.11170761 0.01511973 0.00344986
v -0.11171631 0.01510175 0.00294994
v -0.10812900 0.01555867 0.00338740
v -0.10813781 0.01554121 0.00288748
v -0.10932981 0.01551031 0.00340836
v -0.10933851 0.01549279 0.00290844
v -0.11085210 0.01526026 0.00343493
v -0.11085750 0.01524298 0.00293495
v -0.11137931 0.01515716 0.00294406
v -0.09538415 0.00806280 0.00266486
v -0.09563437 0.00854619 0.00266923
v -0.09561029 0.00855557 0.00316888
v -0.10693870 0.01544474 0.00286655
v -0.10692860 0.01546161 0.00336645
v -0.10576440 0.01535026 0.00284605
v -0.10574121 0.01536560 0.00334572
v -0.10214740 0.01424259 0.00328299
v -0.10161091 0.01399898 0.00327363
v -0.10167530 0.01400548 0.00277467
v -0.10310180 0.01467598 0.00329965
v -0.10312880 0.01466404 0.00280004
v -0.10354580 0.01482960 0.00330740
v -0.10356990 0.01481627 0.00280774
v -0.10393911 0.01490610 0.00281419
v -0.10419340 0.01498771 0.00331870
v -0.10420671 0.01497121 0.00281886
v -0.10537510 0.01525552 0.00283925
v -0.09562530 0.00858460 0.00316915
v -0.09565261 0.00858143 0.00266955
v -0.09578618 0.00879098 0.00267188
v -0.09582956 0.00890544 0.00317271
v -0.09585859 0.00890455 0.00267314
v -0.09721676 0.01070402 0.00319692
v -0.09724630 0.01070105 0.00269736
v -0.09722990 0.01071653 0.00319715
v -0.09725097 0.01070547 0.00269745
v -0.09885527 0.01226225 0.00322553
v -0.09888514 0.01225696 0.00272597
v -0.09916430 0.01250727 0.00323092
v -0.09919194 0.01249980 0.00273133
v -0.09925287 0.01256531 0.00323247
v -0.09927175 0.01255201 0.00273272
v -0.10105581 0.01374690 0.00326394
v -0.10108320 0.01373726 0.00276434
v -0.10162720 0.01398370 0.00277383
v -0.09461856 0.00658366 0.00265150
v -0.09459153 0.00658520 0.00315110
v -0.09447358 0.00615060 0.00264897
v -0.09444832 0.00615698 0.00314860
v -0.09390176 0.00444262 0.00263899
v -0.09387504 0.00444268 0.00313860
v -0.09376054 0.00358372 0.00263652
v -0.09346235 0.00086357 0.00263132
v -0.09350850 0.00200793 0.00263212
v -0.09343618 0.00086357 0.00313093
v -0.09348452 0.00206452 0.00313178
v -0.09380211 0.00399849 0.00313732
v -0.09373453 0.00358699 0.00313614
v -0.09358139 0.00249408 0.00263339
v -0.09351078 0.00206452 0.00263216
v -0.09441987 -0.00432392 0.00264803
v -0.09431875 -0.00416457 0.00314634
v -0.09499569 -0.00565576 0.00315816
v -0.09355883 -0.00033581 0.00263300
v -0.09353325 -0.00033718 0.00313263
v -0.09365330 -0.00151034 0.00263465
v -0.09362925 -0.00152479 0.00313431
v -0.09403228 -0.00306826 0.00264126
v -0.09400708 -0.00307284 0.00314090
v -0.09418725 -0.00370523 0.00264397
v -0.09416518 -0.00372063 0.00314366
v -0.09423388 -0.00384042 0.00264478
v -0.09433942 -0.00414630 0.00264662
v -0.09524772 -0.00621092 0.00316256
v -0.09526607 -0.00619222 0.00266280
v -0.09501967 -0.00564820 0.00265850
v -0.09827762 -0.01003744 0.00321544
v -0.09786758 -0.00957223 0.00270821
v -0.09673211 -0.00841178 0.00318847
v -0.09674611 -0.00839062 0.00268863
v -0.09648716 -0.00810274 0.00318419
v -0.09650335 -0.00808381 0.00268440
v -0.09642913 -0.00801416 0.00318318
v -0.09645115 -0.00800401 0.00268349
v -0.09578618 -0.00698739 0.00267188
v -0.10455050 -0.01339278 0.00332494
v -0.10540600 -0.01353330 0.00333987
v -0.10537510 -0.01350896 0.00283925
v -0.10455920 -0.01337479 0.00282501
v -0.10393911 -0.01316709 0.00281419
v -0.10283641 -0.01281941 0.00329502
v -0.10285151 -0.01280288 0.00279520
v -0.10240831 -0.01267620 0.00328754
v -0.10241851 -0.01265789 0.00278765
v -0.10095021 -0.01192205 0.00326209
v -0.10167531 -0.01227305 0.00277467
v -0.10043821 -0.01165727 0.00325316
v -0.10045630 -0.01164193 0.00275340
v -0.10040921 -0.01164226 0.00325265
v -0.10042110 -0.01162369 0.00275278
v -0.10008841 -0.01143795 0.00324705
v -0.10009800 -0.01141765 0.00274714
v -0.09829007 -0.01005055 0.00321566
v -0.09830179 -0.01002973 0.00271579
v -0.09829741 -0.01002510 0.00271571
v -0.10692830 -0.01378335 0.00336644
v -0.10693700 -0.01376583 0.00286652
v -0.10541800 -0.01351602 0.00284000
v -0.11002280 0.00179412 0.00342046
v -0.10199061 -0.00217347 0.00328025
v -0.10796580 -0.00418180 0.00338455
v -0.10469011 -0.00943401 0.00332737
v -0.10797960 -0.00775764 0.00338479
v -0.10301391 -0.00614382 0.00329812
v -0.10630350 -0.00446745 0.00335553
v -0.11438170 0.00498149 0.00349654
v -0.10589690 0.00785626 0.00334844
v -0.10870211 0.00221057 0.00339740
v -0.10728020 -0.00893323 0.00337258
v -0.10931260 -0.00966799 0.00340806
v -0.11058590 -0.00729228 0.00343028
v -0.11264300 -0.00800268 0.00346619
v -0.11776111 0.00576187 0.00355553
v -0.11374501 0.00380244 0.00348543
v -0.11678161 0.00282281 0.00353843
v -0.10784321 0.01119916 0.00338241
v -0.10490480 0.01217878 0.00333112
v -0.10686380 0.00828447 0.00336531
v -0.10027640 -0.00126729 0.00325033
v -0.09814592 -0.00236943 0.00321314
v -0.10135390 -0.00344704 0.00326914
v -0.08583023 0.00186582 0.00249810
v -0.08284066 0.00186582 0.00244591
v -0.08583023 -0.00999493 0.00249810
v -0.08284066 -0.00251857 0.00244591
v -0.07704671 -0.00765068 0.00234478
v -0.07704671 -0.00999493 0.00234478
v -0.08284066 -0.00765068 0.00244591
v -0.08284066 -0.00486265 0.00244591
v -0.07750544 -0.00486265 0.00235279
v -0.07750544 -0.00251857 0.00235279
v -0.07702053 -0.00763322 0.00284440
v -0.07704671 -0.00765068 0.00234478
v -0.08033252 -0.00763322 0.00290221
v -0.08284066 -0.00765068 0.00244591
v -0.08281447 -0.00763322 0.00294553
v -0.07704671 -0.00999493 0.00234478
v -0.07704671 -0.00765068 0.00234478
v -0.07702053 -0.01001239 0.00284440
v -0.07702053 -0.00763322 0.00284440
v -0.08583896 -0.01001239 0.00299832
v -0.08583023 -0.00999493 0.00249810
v -0.08033252 -0.01001239 0.00290221
v -0.07704671 -0.00999493 0.00234478
v -0.07702053 -0.01001239 0.00284440
v -0.08583023 0.00186582 0.00249810
v -0.08583023 -0.00999493 0.00249810
v -0.08583896 0.00188328 0.00299832
v -0.08583896 -0.01001239 0.00299832
v -0.08284066 0.00186582 0.00244591
v -0.08583023 0.00186582 0.00249810
v -0.08281446 0.00188328 0.00294553
v -0.08583896 0.00188328 0.00299832
v -0.08284066 -0.00251857 0.00244591
v -0.08284066 0.00186582 0.00244591
v -0.08281446 -0.00250111 0.00294553
v -0.08281446 0.00188328 0.00294553
v -0.07747925 -0.00250111 0.00285241
v -0.07750544 -0.00251857 0.00235279
v -0.08033252 -0.00250111 0.00290221
v -0.08284066 -0.00251857 0.00244591
v -0.08281446 -0.00250111 0.00294553
v -0.07750544 -0.00486265 0.00235279
v -0.07750544 -0.00251857 0.00235279
v -0.07747925 -0.00488011 0.00285241
v -0.07747925 -0.00250111 0.00285241
v -0.08281446 -0.00488011 0.00294553
v -0.08284066 -0.00486265 0.00244591
v -0.08033252 -0.00488011 0.00290221
v -0.07750544 -0.00486265 0.00235279
v -0.07747925 -0.00488011 0.00285241
v -0.08284066 -0.00765068 0.00244591
v -0.08284066 -0.00486265 0.00244591
v -0.08281447 -0.00763322 0.00294553
v -0.08281446 -0.00488011 0.00294553
v -0.07257817 -0.00382617 0.00226678
v -0.07026689 -0.00382617 0.00222644
v -0.07255198 -0.00384363 0.00276640
v -0.07025817 -0.00384363 0.00272636
v -0.06969165 -0.00389855 0.00271647
v -0.06969731 -0.00388135 0.00221650
v -0.06961259 -0.00390621 0.00271509
v -0.06961859 -0.00388898 0.00221512
v -0.06944057 -0.00394908 0.00271209
v -0.06944477 -0.00393226 0.00221209
v -0.06932875 -0.00399648 0.00271014
v -0.06933168 -0.00398018 0.00221011
v -0.06903569 -0.00412071 0.00270502
v -0.06903592 -0.00410551 0.00220495
v -0.06899659 -0.00413729 0.00270434
v -0.06899662 -0.00412216 0.00220426
v -0.06886174 -0.00422568 0.00270199
v -0.06886000 -0.00421171 0.00220188
v -0.06880008 -0.00428313 0.00270091
v -0.06879782 -0.00426965 0.00220079
v -0.06859497 -0.00447417 0.00269733
v -0.06859040 -0.00446288 0.00219717
v -0.06859122 -0.00447767 0.00269726
v -0.06858673 -0.00446629 0.00219711
v -0.06850019 -0.00459771 0.00269568
v -0.06849482 -0.00458752 0.00219551
v -0.06844700 -0.00469967 0.00269475
v -0.06844088 -0.00469095 0.00219456
v -0.06832492 -0.00493380 0.00269262
v -0.06831752 -0.00492750 0.00219241
v -0.06831575 -0.00496471 0.00269246
v -0.06830825 -0.00495870 0.00219225
v -0.06823996 -0.00522000 0.00269113
v -0.06823181 -0.00521592 0.00219091
v -0.06823153 -0.00530368 0.00269099
v -0.06822325 -0.00530066 0.00219077
v -0.06818518 -0.00576383 0.00269018
v -0.06817646 -0.00576383 0.00218995
v -0.06818615 -0.00583959 0.00269019
v -0.06817743 -0.00584034 0.00218997
v -0.06822371 -0.00610889 0.00269085
v -0.06821529 -0.00611112 0.00219063
v -0.06826340 -0.00639346 0.00269154
v -0.06825538 -0.00639786 0.00219133
v -0.06827910 -0.00644499 0.00269182
v -0.06827130 -0.00645010 0.00219160
v -0.06829432 -0.00649494 0.00269208
v -0.06828644 -0.00649985 0.00219187
v -0.06839824 -0.00671432 0.00269390
v -0.06839168 -0.00672220 0.00219371
v -0.06846248 -0.00684997 0.00269502
v -0.06845655 -0.00685925 0.00219484
v -0.06853839 -0.00695205 0.00269634
v -0.06853337 -0.00696266 0.00219618
v -0.06858976 -0.00702113 0.00269724
v -0.06858493 -0.00703206 0.00219708
v -0.06873803 -0.00715611 0.00269983
v -0.06873529 -0.00716914 0.00219970
v -0.06885112 -0.00725908 0.00270180
v -0.06884890 -0.00727271 0.00220169
v -0.06896312 -0.00733236 0.00270376
v -0.06896234 -0.00734701 0.00220367
v -0.06896654 -0.00733389 0.00270382
v -0.06896635 -0.00734880 0.00220374
v -0.06925676 -0.00746336 0.00270888
v -0.06925927 -0.00747960 0.00220885
v -0.06935361 -0.00750657 0.00271057
v -0.06935640 -0.00752297 0.00221054
v -0.06956581 -0.00756369 0.00271428
v -0.06957055 -0.00758067 0.00221428
v -0.06963507 -0.00757065 0.00271548
v -0.06964051 -0.00758770 0.00221550
v -0.07025817 -0.00763322 0.00272636
v -0.07026690 -0.00765068 0.00222644
v -0.07257817 -0.00765068 0.00226678
v -0.07255198 -0.00763322 0.00276640
v -0.07257817 -0.00765068 0.00226678
v -0.07257817 -0.00382617 0.00226678
v -0.07255198 -0.00763322 0.00276640
v -0.07255198 -0.00384363 0.00276640
v -0.07556772 0.00186582 0.00231896
v -0.07257817 0.00186582 0.00226678
v -0.07556772 -0.00999493 0.00231896
v -0.07257817 -0.00148192 0.00226678
v -0.06886000 -0.00421171 0.00220188
v -0.06899662 -0.00412216 0.00220426
v -0.06750547 -0.00204910 0.00217824
v -0.06903592 -0.00410551 0.00220495
v -0.07257817 -0.00382617 0.00226678
v -0.07017137 -0.00148192 0.00222477
v -0.06840438 0.00186582 0.00219393
v -0.06501446 0.00186582 0.00213475
v -0.07257817 -0.00765068 0.00226678
v -0.07026690 -0.00999493 0.00222644
v -0.06933168 -0.00398018 0.00221011
v -0.06944477 -0.00393226 0.00221209
v -0.06961859 -0.00388898 0.00221512
v -0.07026690 -0.00765068 0.00222644
v -0.06964051 -0.00758770 0.00221550
v -0.06906628 -0.00991353 0.00220548
v -0.06957055 -0.00758067 0.00221428
v -0.06885837 -0.00986210 0.00220185
v -0.06831752 -0.00492750 0.00219241
v -0.06578017 -0.00375798 0.00214812
v -0.06830825 -0.00495870 0.00219225
v -0.06567115 -0.00407299 0.00214622
v -0.06823181 -0.00521592 0.00219091
v -0.06546627 -0.00466493 0.00214264
v -0.06822325 -0.00530066 0.00219077
v -0.06545166 -0.00480400 0.00214239
v -0.06817646 -0.00576383 0.00218995
v -0.06533998 -0.00586578 0.00214044
v -0.06817743 -0.00584034 0.00218997
v -0.06534533 -0.00611306 0.00214053
v -0.06821529 -0.00611112 0.00219063
v -0.06537703 -0.00650192 0.00214108
v -0.06825538 -0.00639786 0.00219133
v -0.06542064 -0.00668085 0.00214185
v -0.06827130 -0.00645010 0.00219160
v -0.06558886 -0.00737063 0.00214478
v -0.06828644 -0.00649985 0.00219187
v -0.06969731 -0.00388135 0.00221650
v -0.07026689 -0.00382617 0.00222644
v -0.06562394 -0.00751446 0.00214539
v -0.06577681 -0.00785615 0.00214806
v -0.06839168 -0.00672220 0.00219371
v -0.06584591 -0.00795862 0.00214927
v -0.06845655 -0.00685925 0.00219484
v -0.06620282 -0.00848787 0.00215550
v -0.06853337 -0.00696266 0.00219618
v -0.06879782 -0.00426965 0.00220079
v -0.06688411 -0.00243886 0.00216739
v -0.06859040 -0.00446288 0.00219717
v -0.06679892 -0.00249230 0.00216590
v -0.06858673 -0.00446629 0.00219711
v -0.06641246 -0.00284353 0.00215916
v -0.06849482 -0.00458752 0.00219551
v -0.06638465 -0.00288087 0.00215867
v -0.06844088 -0.00469095 0.00219456
v -0.06597188 -0.00343496 0.00215147
v -0.06589981 -0.00353171 0.00215021
v -0.06623462 -0.00853502 0.00215605
v -0.06646540 -0.00877593 0.00216008
v -0.06858493 -0.00703206 0.00219708
v -0.06663848 -0.00890466 0.00216310
v -0.06873529 -0.00716914 0.00219970
v -0.06715204 -0.00928664 0.00217207
v -0.06884890 -0.00727271 0.00220169
v -0.06717887 -0.00929920 0.00217254
v -0.06896234 -0.00734701 0.00220367
v -0.06784632 -0.00961174 0.00218419
v -0.06896635 -0.00734880 0.00220374
v -0.06789196 -0.00962302 0.00218498
v -0.06925927 -0.00747960 0.00220885
v -0.06935640 -0.00752297 0.00221054
v -0.07017137 -0.00148192 0.00222477
v -0.07017318 -0.00146446 0.00272488
v -0.06840438 0.00186582 0.00219393
v -0.06876710 0.00119946 0.00270033
v -0.06840618 0.00188328 0.00269403
v -0.06501446 0.00186582 0.00213475
v -0.06840438 0.00186582 0.00219393
v -0.06497394 0.00188328 0.00263412
v -0.06840618 0.00188328 0.00269403
v -0.06750547 -0.00204910 0.00217824
v -0.06501446 0.00186582 0.00213475
v -0.06747161 -0.00204214 0.00267772
v -0.06497394 0.00188328 0.00263412
v -0.06750547 -0.00204910 0.00217824
v -0.06747161 -0.00204214 0.00267772
v -0.06688411 -0.00243886 0.00216739
v -0.06686512 -0.00242543 0.00266714
v -0.06679892 -0.00249230 0.00216590
v -0.06677336 -0.00248341 0.00266553
v -0.06641246 -0.00284353 0.00215916
v -0.06638491 -0.00283818 0.00265875
v -0.06638465 -0.00288087 0.00215867
v -0.06636235 -0.00286862 0.00265836
v -0.06597188 -0.00343496 0.00215147
v -0.06594916 -0.00342634 0.00265115
v -0.06589981 -0.00353171 0.00215021
v -0.06587149 -0.00353118 0.00264979
v -0.06578017 -0.00375798 0.00214812
v -0.06575486 -0.00375256 0.00264776
v -0.06567115 -0.00407299 0.00214622
v -0.06564637 -0.00406667 0.00264586
v -0.06546627 -0.00466493 0.00214264
v -0.06543975 -0.00466493 0.00264226
v -0.06545166 -0.00480400 0.00214239
v -0.06542553 -0.00480050 0.00264201
v -0.06533998 -0.00586578 0.00214044
v -0.06531379 -0.00586578 0.00264006
v -0.06534533 -0.00611306 0.00214053
v -0.06531919 -0.00611399 0.00264015
v -0.06537703 -0.00650192 0.00214108
v -0.06535115 -0.00650507 0.00264071
v -0.06542064 -0.00668085 0.00214185
v -0.06539476 -0.00668361 0.00264147
v -0.06558886 -0.00737063 0.00214478
v -0.06556395 -0.00737626 0.00264442
v -0.06562394 -0.00751446 0.00214539
v -0.06559941 -0.00752152 0.00264504
v -0.06577681 -0.00785615 0.00214806
v -0.06575281 -0.00786426 0.00264772
v -0.06584591 -0.00795862 0.00214927
v -0.06582215 -0.00796710 0.00264893
v -0.06620282 -0.00848787 0.00215550
v -0.06618087 -0.00849904 0.00265519
v -0.06623462 -0.00853502 0.00215605
v -0.06621310 -0.00854685 0.00265575
v -0.06646540 -0.00877593 0.00216008
v -0.06644523 -0.00878913 0.00265981
v -0.06663848 -0.00890466 0.00216310
v -0.06661857 -0.00891801 0.00266283
v -0.06715204 -0.00928664 0.00217207
v -0.06713498 -0.00930199 0.00267185
v -0.06717887 -0.00929920 0.00217254
v -0.06716143 -0.00931437 0.00267231
v -0.06784632 -0.00961174 0.00218419
v -0.06783291 -0.00962861 0.00268403
v -0.06789196 -0.00962302 0.00218498
v -0.06787725 -0.00963956 0.00268480
v -0.06876710 -0.00985940 0.00270033
v -0.06885837 -0.00986210 0.00220185
v -0.06884669 -0.00987907 0.00270172
v -0.06906628 -0.00991353 0.00220548
v -0.06905757 -0.00993116 0.00270540
v -0.07026690 -0.00999493 0.00222644
v -0.07025817 -0.01001239 0.00272636
v -0.07557647 -0.01001239 0.00281919
v -0.07556772 -0.00999493 0.00231896
v -0.07161345 -0.01001239 0.00275002
v -0.07556772 0.00186582 0.00231896
v -0.07556772 -0.00999493 0.00231896
v -0.07557647 0.00188328 0.00281919
v -0.07557647 -0.01001239 0.00281919
v -0.07257817 0.00186582 0.00226678
v -0.07556772 0.00186582 0.00231896
v -0.07255197 0.00188328 0.00276640
v -0.07557647 0.00188328 0.00281919
v -0.07257817 -0.00148192 0.00226678
v -0.07257817 0.00186582 0.00226678
v -0.07255197 -0.00146446 0.00276640
v -0.07255197 0.00188328 0.00276640
v -0.07017318 -0.00146446 0.00272488
v -0.07017137 -0.00148192 0.00222477
v -0.07161345 -0.00146446 0.00275002
v -0.07257817 -0.00148192 0.00226678
v -0.07255197 -0.00146446 0.00276640
v -0.06832492 -0.00493380 0.00269262
v -0.06831575 -0.00496471 0.00269246
v -0.07025817 -0.00384363 0.00272636
v -0.06961259 -0.00390621 0.00271509
v -0.06944057 -0.00394908 0.00271209
v -0.06932875 -0.00399648 0.00271014
v -0.06925676 -0.00746336 0.00270888
v -0.06935361 -0.00750657 0.00271057
v -0.06956581 -0.00756369 0.00271428
v -0.07255198 -0.00763322 0.00276640
v -0.07255198 -0.00384363 0.00276640
v -0.07025817 -0.00763322 0.00272636
v -0.06963507 -0.00757065 0.00271548
v -0.06859122 -0.00447767 0.00269726
v -0.06850019 -0.00459771 0.00269568
v -0.06844700 -0.00469967 0.00269475
v -0.06823996 -0.00522000 0.00269113
v -0.06823153 -0.00530368 0.00269099
v -0.06818518 -0.00576383 0.00269018
v -0.06826340 -0.00639346 0.00269154
v -0.06827910 -0.00644499 0.00269182
v -0.06829432 -0.00649494 0.00269208
v -0.06839824 -0.00671432 0.00269390
v -0.06846248 -0.00684997 0.00269502
v -0.06853839 -0.00695205 0.00269634
v -0.06858976 -0.00702113 0.00269724
v -0.06873803 -0.00715611 0.00269983
v -0.06885112 -0.00725908 0.00270180
v -0.06903569 -0.00412071 0.00270502
v -0.06969165 -0.00389855 0.00271647
v -0.06899659 -0.00413729 0.00270434
v -0.06886174 -0.00422568 0.00270199
v -0.06880008 -0.00428313 0.00270091
v -0.06859497 -0.00447417 0.00269733
v -0.06818615 -0.00583959 0.00269019
v -0.06822371 -0.00610889 0.00269085
v -0.06896312 -0.00733236 0.00270376
v -0.06896654 -0.00733389 0.00270382
v -0.05624073 -0.00258560 0.00198161
v -0.05796511 -0.00705245 0.00201171
v -0.05625746 -0.00260306 0.00248198
v -0.05795655 -0.00700439 0.00251164
v -0.05796511 -0.00705245 0.00201171
v -0.05972406 -0.00258560 0.00204241
v -0.05795655 -0.00700439 0.00251164
v -0.05968969 -0.00260306 0.00254189
v -0.05972406 -0.00258560 0.00204241
v -0.05624073 -0.00258560 0.00198161
v -0.05968969 -0.00260306 0.00254189
v -0.05625746 -0.00260306 0.00248198
v -0.05972406 -0.00258560 0.00204241
v -0.05796511 -0.00705245 0.00201171
v -0.05941499 -0.00999493 0.00203702
v -0.05624073 -0.00258560 0.00198161
v -0.05133100 0.00186582 0.00189591
v -0.05632873 -0.00999493 0.00198315
v -0.06453144 0.00186582 0.00212632
v -0.06146035 0.00186582 0.00207272
v -0.06059387 -0.00032638 0.00205759
v -0.05452109 0.00186582 0.00195159
v -0.05537063 -0.00032638 0.00196642
v -0.05537063 -0.00032638 0.00196642
v -0.06059387 -0.00032638 0.00205759
v -0.05537387 -0.00030892 0.00246655
v -0.06057327 -0.00030892 0.00255731
v -0.05452109 0.00186582 0.00195159
v -0.05537063 -0.00032638 0.00196642
v -0.05452432 0.00188328 0.00245173
v -0.05537387 -0.00030892 0.00246655
v -0.05129597 0.00188328 0.00239538
v -0.05133100 0.00186582 0.00189591
v -0.05315653 0.00188328 0.00242785
v -0.05452109 0.00186582 0.00195159
v -0.05452432 0.00188328 0.00245173
v -0.05630842 -0.01001239 0.00248287
v -0.05632873 -0.00999493 0.00198315
v -0.05315653 -0.00253224 0.00242785
v -0.05133100 0.00186582 0.00189591
v -0.05129597 0.00188328 0.00239538
v -0.05941499 -0.00999493 0.00203702
v -0.05632873 -0.00999493 0.00198315
v -0.05941773 -0.01001239 0.00253714
v -0.05630842 -0.01001239 0.00248287
v -0.06453144 0.00186582 0.00212632
v -0.05941499 -0.00999493 0.00203702
v -0.06454925 0.00188328 0.00262671
v -0.05941773 -0.01001239 0.00253714
v -0.06146035 0.00186582 0.00207272
v -0.06453144 0.00186582 0.00212632
v -0.06143975 0.00188328 0.00257244
v -0.06454925 0.00188328 0.00262671
v -0.06059387 -0.00032638 0.00205759
v -0.06146035 0.00186582 0.00207272
v -0.06057327 -0.00030892 0.00255731
v -0.06143975 0.00188328 0.00257244
v -0.05968969 -0.00260306 0.00254189
v -0.05625746 -0.00260306 0.00248198
v -0.05795655 -0.00700439 0.00251164
v -0.03924151 -0.00999493 0.00168489
v -0.04202719 -0.00999493 0.00173351
v -0.03924151 0.00186582 0.00168489
v -0.04202719 -0.00261847 0.00173351
v -0.05018301 0.00186582 0.00187587
v -0.04738039 0.00186582 0.00182695
v -0.05018301 -0.00999493 0.00187587
v -0.04738039 -0.00549357 0.00182695
v -0.04754152 -0.00999493 0.00182976
v -0.04188300 0.00186582 0.00173099
v -0.03924151 0.00186582 0.00168489
v -0.04188300 0.00186582 0.00173099
v -0.03921533 0.00188328 0.00218451
v -0.04188302 0.00188328 0.00223107
v -0.03924151 -0.00999493 0.00168489
v -0.03924151 0.00186582 0.00168489
v -0.03921533 -0.01001239 0.00218451
v -0.03921533 0.00188328 0.00218451
v -0.04202719 -0.00999493 0.00173351
v -0.03924151 -0.00999493 0.00168489
v -0.04203592 -0.01001239 0.00223374
v -0.03921533 -0.01001239 0.00218451
v -0.04202719 -0.00261847 0.00173351
v -0.04202719 -0.00999493 0.00173351
v -0.04203592 -0.00267098 0.00223374
v -0.04203592 -0.01001239 0.00223374
v -0.04754152 -0.00999493 0.00182976
v -0.04202719 -0.00261847 0.00173351
v -0.04752405 -0.01001239 0.00232954
v -0.04203592 -0.00267098 0.00223374
v -0.05018301 -0.00999493 0.00187587
v -0.04754152 -0.00999493 0.00182976
v -0.05019174 -0.01001239 0.00237610
v -0.04752405 -0.01001239 0.00232954
v -0.05018301 0.00186582 0.00187587
v -0.05018301 -0.00999493 0.00187587
v -0.05019174 0.00188328 0.00237610
v -0.05019174 -0.01001239 0.00237610
v -0.04738039 0.00186582 0.00182695
v -0.05018301 0.00186582 0.00187587
v -0.04735421 0.00188328 0.00232657
v -0.05019174 0.00188328 0.00237610
v -0.04738039 -0.00549357 0.00182695
v -0.04738039 0.00186582 0.00182695
v -0.04735421 -0.00544103 0.00232657
v -0.04735421 0.00188328 0.00232657
v -0.04188300 0.00186582 0.00173099
v -0.04738039 -0.00549357 0.00182695
v -0.04188302 0.00188328 0.00223107
v -0.04735421 -0.00544103 0.00232657
v -0.03383840 -0.00481708 0.00159058
v -0.03383840 -0.00999493 0.00159058
v -0.03682797 -0.00999493 0.00164276
v -0.03020692 -0.00508570 0.00152719
v -0.02580618 -0.00999493 0.00145037
v -0.02925951 -0.00999493 0.00151065
v -0.03682797 0.00186582 0.00164276
v -0.03383840 0.00186582 0.00159058
v -0.03383840 -0.00104625 0.00159058
v -0.03223888 -0.00281816 0.00156266
v -0.02908808 0.00186582 0.00150766
v -0.02551123 0.00186582 0.00144522
v -0.02908808 0.00186582 0.00150766
v -0.03223888 -0.00281816 0.00156266
v -0.02908865 0.00188328 0.00200774
v -0.03223217 -0.00278987 0.00206261
v -0.02551123 0.00186582 0.00144522
v -0.02908808 0.00186582 0.00150766
v -0.02546964 0.00188328 0.00194457
v -0.02908865 0.00188328 0.00200774
v -0.03020692 -0.00508570 0.00152719
v -0.02551123 0.00186582 0.00144522
v -0.03017610 -0.00508419 0.00202673
v -0.02546964 0.00188328 0.00194457
v -0.02580618 -0.00999493 0.00145037
v -0.03020692 -0.00508570 0.00152719
v -0.02575835 -0.01001239 0.00194961
v -0.03017610 -0.00508419 0.00202673
v -0.02925951 -0.00999493 0.00151065
v -0.02580618 -0.00999493 0.00145037
v -0.02925865 -0.01001239 0.00201071
v -0.02575835 -0.01001239 0.00194961
v -0.03383840 -0.00481708 0.00159058
v -0.02925951 -0.00999493 0.00151065
v -0.03381222 -0.00486317 0.00209019
v -0.02925865 -0.01001239 0.00201071
v -0.03383840 -0.00999493 0.00159058
v -0.03383840 -0.00481708 0.00159058
v -0.03381222 -0.01001239 0.00209019
v -0.03381222 -0.00486317 0.00209019
v -0.03682797 -0.00999493 0.00164276
v -0.03383840 -0.00999493 0.00159058
v -0.03683670 -0.01001239 0.00214299
v -0.03381222 -0.01001239 0.00209019
v -0.03682797 0.00186582 0.00164276
v -0.03682797 -0.00999493 0.00164276
v -0.03683670 0.00188328 0.00214299
v -0.03683670 -0.01001239 0.00214299
v -0.03383840 0.00186582 0.00159058
v -0.03682797 0.00186582 0.00164276
v -0.03381222 0.00188328 0.00209019
v -0.03683670 0.00188328 0.00214299
v -0.03383840 -0.00104625 0.00159058
v -0.03383840 0.00186582 0.00159058
v -0.03381222 -0.00103953 0.00209019
v -0.03381222 0.00188328 0.00209019
v -0.03223888 -0.00281816 0.00156266
v -0.03383840 -0.00104625 0.00159058
v -0.03223217 -0.00278987 0.00206261
v -0.03381222 -0.00103953 0.00209019
v -0.01711034 -0.00258560 0.00129859
v -0.01883472 -0.00705245 0.00132869
v -0.01712707 -0.00260306 0.00179895
v -0.01882615 -0.00700439 0.00182861
v -0.01883472 -0.00705245 0.00132869
v -0.02059365 -0.00258560 0.00135939
v -0.01882615 -0.00700439 0.00182861
v -0.02055929 -0.00260306 0.00185886
v -0.02059365 -0.00258560 0.00135939
v -0.01711034 -0.00258560 0.00129859
v -0.02055929 -0.00260306 0.00185886
v -0.01712707 -0.00260306 0.00179895
v -0.02059365 -0.00258560 0.00135939
v -0.01883472 -0.00705245 0.00132869
v -0.02028458 -0.00999493 0.00135399
v -0.01711034 -0.00258560 0.00129859
v -0.01220059 0.00186582 0.00121289
v -0.01719834 -0.00999493 0.00130012
v -0.02540085 0.00186582 0.00144330
v -0.02232995 0.00186582 0.00138970
v -0.02146329 -0.00032638 0.00137457
v -0.01539069 0.00186582 0.00126857
v -0.01624023 -0.00032638 0.00128340
v -0.01624023 -0.00032638 0.00128340
v -0.02146329 -0.00032638 0.00137457
v -0.01624346 -0.00030892 0.00178353
v -0.02144270 -0.00030892 0.00187428
v -0.01539069 0.00186582 0.00126857
v -0.01624023 -0.00032638 0.00128340
v -0.01539392 0.00188328 0.00176870
v -0.01624346 -0.00030892 0.00178353
v -0.01220059 0.00186582 0.00121289
v -0.01539069 0.00186582 0.00126857
v -0.01216556 0.00188328 0.00171235
v -0.01539392 0.00188328 0.00176870
v -0.01719834 -0.00999493 0.00130012
v -0.01220059 0.00186582 0.00121289
v -0.01717802 -0.01001239 0.00179984
v -0.01216556 0.00188328 0.00171235
v -0.02028458 -0.00999493 0.00135399
v -0.01719834 -0.00999493 0.00130012
v -0.02028733 -0.01001239 0.00185412
v -0.01717802 -0.01001239 0.00179984
v -0.02540085 0.00186582 0.00144330
v -0.02028458 -0.00999493 0.00135399
v -0.02541867 0.00188328 0.00194369
v -0.02028733 -0.01001239 0.00185412
v -0.02232995 0.00186582 0.00138970
v -0.02540085 0.00186582 0.00144330
v -0.02230935 0.00188328 0.00188941
v -0.02541867 0.00188328 0.00194369
v -0.02146329 -0.00032638 0.00137457
v -0.02232995 0.00186582 0.00138970
v -0.02144270 -0.00030892 0.00187428
v -0.02230935 0.00188328 0.00188941
v -0.02055929 -0.00260306 0.00185886
v -0.01712707 -0.00260306 0.00179895
v -0.01882615 -0.00700439 0.00182861
v -0.08586563 0.01290904 0.00249871
v -0.08115175 0.01290904 0.00241643
v -0.08115175 0.01220436 0.00241643
v -0.08512201 0.01220436 0.00248573
v -0.08512201 0.00983348 0.00248573
v -0.08586563 0.00613116 0.00249871
v -0.08127822 0.00684552 0.00241864
v -0.08127822 0.00613116 0.00241864
v -0.08512201 0.00684552 0.00248573
v -0.08512201 0.00911895 0.00248573
v -0.08168702 0.00911895 0.00242578
v -0.08168702 0.00983348 0.00242578
v -0.08127822 0.00684552 0.00241864
v -0.08512201 0.00684552 0.00248573
v -0.08125203 0.00686298 0.00291826
v -0.08509584 0.00686298 0.00298535
v -0.08127822 0.00613116 0.00241864
v -0.08127822 0.00684552 0.00241864
v -0.08125203 0.00611370 0.00291826
v -0.08125203 0.00686298 0.00291826
v -0.08586563 0.00613116 0.00249871
v -0.08127822 0.00613116 0.00241864
v -0.08587436 0.00611370 0.00299894
v -0.08125203 0.00611370 0.00291826
v -0.08586563 0.01290904 0.00249871
v -0.08586563 0.00613116 0.00249871
v -0.08587436 0.01292650 0.00299894
v -0.08587436 0.00611370 0.00299894
v -0.08115175 0.01290904 0.00241643
v -0.08586563 0.01290904 0.00249871
v -0.08112556 0.01292650 0.00291605
v -0.08587436 0.01292650 0.00299894
v -0.08115175 0.01220436 0.00241643
v -0.08115175 0.01290904 0.00241643
v -0.08112556 0.01218690 0.00291605
v -0.08112556 0.01292650 0.00291605
v -0.08512201 0.01220436 0.00248573
v -0.08115175 0.01220436 0.00241643
v -0.08509584 0.01218690 0.00298535
v -0.08112556 0.01218690 0.00291605
v -0.08512201 0.00983348 0.00248573
v -0.08512201 0.01220436 0.00248573
v -0.08509584 0.00985094 0.00298535
v -0.08509584 0.01218690 0.00298535
v -0.08168702 0.00983348 0.00242578
v -0.08512201 0.00983348 0.00248573
v -0.08166082 0.00985094 0.00292540
v -0.08509584 0.00985094 0.00298535
v -0.08168702 0.00911895 0.00242578
v -0.08168702 0.00983348 0.00242578
v -0.08166082 0.00910149 0.00292540
v -0.08166082 0.00985094 0.00292540
v -0.08512201 0.00911895 0.00248573
v -0.08168702 0.00911895 0.00242578
v -0.08509584 0.00910149 0.00298535
v -0.08166082 0.00910149 0.00292540
v -0.08512201 0.00684552 0.00248573
v -0.08512201 0.00911895 0.00248573
v -0.08509584 0.00686298 0.00298535
v -0.08509584 0.00910149 0.00298535
v -0.07337097 0.00723791 0.00228062
v -0.07336122 0.01290904 0.00228045
v -0.07267595 0.01290904 0.00226849
v -0.07609363 0.01105753 0.00232814
v -0.07859549 0.00613116 0.00237181
v -0.07882615 0.00723740 0.00237584
v -0.07953073 0.00613116 0.00238814
v -0.07882615 0.01290904 0.00237584
v -0.07953073 0.01290904 0.00238814
v -0.07267595 0.00613116 0.00226849
v -0.07360150 0.00613116 0.00228464
v -0.07588047 0.01218879 0.00232442
v -0.07632621 0.01218879 0.00233220
v -0.07267595 0.01290904 0.00226849
v -0.07336122 0.01290904 0.00228045
v -0.07264978 0.01292650 0.00276811
v -0.07336991 0.01292650 0.00278068
v -0.07267595 0.00613116 0.00226849
v -0.07267595 0.01290904 0.00226849
v -0.07264978 0.00611370 0.00276811
v -0.07264978 0.01292650 0.00276811
v -0.07360150 0.00613116 0.00228464
v -0.07267595 0.00613116 0.00226849
v -0.07360350 0.00611370 0.00278475
v -0.07264978 0.00611370 0.00276811
v -0.07609363 0.01105753 0.00232814
v -0.07360150 0.00613116 0.00228464
v -0.07608493 0.01101892 0.00282807
v -0.07360350 0.00611370 0.00278475
v -0.07857605 0.00611370 0.00287155
v -0.07859549 0.00613116 0.00237181
v -0.07629850 0.01059841 0.00283180
v -0.07609363 0.01105753 0.00232814
v -0.07608493 0.01101892 0.00282807
v -0.07953073 0.00613116 0.00238814
v -0.07859549 0.00613116 0.00237181
v -0.07953946 0.00611370 0.00288837
v -0.07857605 0.00611370 0.00287155
v -0.07953073 0.01290904 0.00238814
v -0.07953073 0.00613116 0.00238814
v -0.07953946 0.01292650 0.00288837
v -0.07953946 0.00611370 0.00288837
v -0.07882615 0.01290904 0.00237584
v -0.07953073 0.01290904 0.00238814
v -0.07879998 0.01292650 0.00287546
v -0.07953946 0.01292650 0.00288837
v -0.07882615 0.00723740 0.00237584
v -0.07882615 0.01290904 0.00237584
v -0.07879998 0.00731071 0.00287546
v -0.07879998 0.01292650 0.00287546
v -0.07632621 0.01218879 0.00233220
v -0.07882615 0.00723740 0.00237584
v -0.07632820 0.01220625 0.00283231
v -0.07879998 0.00731071 0.00287546
v -0.07586103 0.01220625 0.00282416
v -0.07588047 0.01218879 0.00232442
v -0.07629850 0.01220625 0.00283180
v -0.07632621 0.01218879 0.00233220
v -0.07632820 0.01220625 0.00283231
v -0.07337097 0.00723791 0.00228062
v -0.07588047 0.01218879 0.00232442
v -0.07337958 0.00731071 0.00278085
v -0.07586103 0.01220625 0.00282416
v -0.07336122 0.01290904 0.00228045
v -0.07337097 0.00723791 0.00228062
v -0.07336991 0.01292650 0.00278068
v -0.07337958 0.00731071 0.00278085
v -0.06982476 0.00613116 0.00221872
v -0.07056839 0.00613116 0.00223170
v -0.06982476 0.01290904 0.00221872
v -0.07056839 0.01290904 0.00223170
v -0.06982476 0.01290904 0.00221872
v -0.07056839 0.01290904 0.00223170
v -0.06979859 0.01292650 0.00271834
v -0.07057714 0.01292650 0.00273193
v -0.06982476 0.00613116 0.00221872
v -0.06982476 0.01290904 0.00221872
v -0.06979859 0.00611370 0.00271834
v -0.06979859 0.01292650 0.00271834
v -0.07056839 0.00613116 0.00223170
v -0.06982476 0.00613116 0.00221872
v -0.07057714 0.00611370 0.00273193
v -0.06979859 0.00611370 0.00271834
v -0.07056839 0.01290904 0.00223170
v -0.07056839 0.00613116 0.00223170
v -0.07057714 0.01292650 0.00273193
v -0.07057714 0.00611370 0.00273193
v -0.06698344 0.00613116 0.00216912
v -0.06772689 0.00613116 0.00218210
v -0.06698344 0.01008015 0.00216912
v -0.06772689 0.01290904 0.00218210
v -0.06698344 0.01290904 0.00216912
v -0.06698344 0.01113864 0.00216912
v -0.06312331 0.01290904 0.00210174
v -0.06221311 0.01290904 0.00208586
v -0.06564144 0.00966817 0.00214570
v -0.06510070 0.00907122 0.00213626
v -0.06329947 0.00613116 0.00210482
v -0.06242204 0.00613116 0.00208951
v -0.06312314 0.01292650 0.00260182
v -0.06312331 0.01290904 0.00210174
v -0.06476159 0.01081777 0.00263042
v -0.06564144 0.00966817 0.00214570
v -0.06563378 0.00969525 0.00264564
v -0.06221311 0.01290904 0.00208586
v -0.06312331 0.01290904 0.00210174
v -0.06216940 0.01292650 0.00258517
v -0.06312314 0.01292650 0.00260182
v -0.06221311 0.01290904 0.00208586
v -0.06216940 0.01292650 0.00258517
v -0.06510070 0.00907122 0.00213626
v -0.06476159 0.00948127 0.00263042
v -0.06506932 0.00907229 0.00263579
v -0.06237379 0.00611370 0.00258874
v -0.06242204 0.00613116 0.00208951
v -0.06476159 0.00873454 0.00263042
v -0.06510070 0.00907122 0.00213626
v -0.06506932 0.00907229 0.00263579
v -0.06329947 0.00613116 0.00210482
v -0.06242204 0.00613116 0.00208951
v -0.06329833 0.00611370 0.00260488
v -0.06237379 0.00611370 0.00258874
v -0.06695726 0.01003584 0.00266874
v -0.06698344 0.01008015 0.00216912
v -0.06476159 0.00768222 0.00263042
v -0.06329947 0.00613116 0.00210482
v -0.06329833 0.00611370 0.00260488
v -0.06698344 0.00613116 0.00216912
v -0.06698344 0.01008015 0.00216912
v -0.06695726 0.00611370 0.00266874
v -0.06695726 0.01003584 0.00266874
v -0.06772689 0.00613116 0.00218210
v -0.06698344 0.00613116 0.00216912
v -0.06773561 0.00611370 0.00268233
v -0.06695726 0.00611370 0.00266874
v -0.06772689 0.01290904 0.00218210
v -0.06772689 0.00613116 0.00218210
v -0.06773561 0.01292650 0.00268233
v -0.06773561 0.00611370 0.00268233
v -0.06698344 0.01290904 0.00216912
v -0.06772689 0.01290904 0.00218210
v -0.06695726 0.01292650 0.00266874
v -0.06773561 0.01292650 0.00268233
v -0.06698344 0.01113864 0.00216912
v -0.06698344 0.01290904 0.00216912
v -0.06695726 0.01114541 0.00266874
v -0.06695726 0.01292650 0.00266874
v -0.06564144 0.00966817 0.00214570
v -0.06698344 0.01113864 0.00216912
v -0.06563378 0.00969525 0.00264564
v -0.06695726 0.01114541 0.00266874
v -0.06004462 0.01047182 0.00204801
v -0.05693542 0.01047182 0.00199374
v -0.06000915 0.01045436 0.00254746
v -0.05695358 0.01045436 0.00249413
v -0.05849996 0.00695615 0.00202104
v -0.06004462 0.01047182 0.00204801
v -0.05849113 0.00699932 0.00252097
v -0.06000915 0.01045436 0.00254746
v -0.05693542 0.01047182 0.00199374
v -0.05849996 0.00695615 0.00202104
v -0.05695358 0.01045436 0.00249413
v -0.05849113 0.00699932 0.00252097
v -0.06004462 0.01047182 0.00204801
v -0.05849996 0.00695615 0.00202104
v -0.05886814 0.00613116 0.00202747
v -0.05808303 0.00613116 0.00201377
v -0.05693542 0.01047182 0.00199374
v -0.05505274 0.01290904 0.00196087
v -0.06190806 0.01290904 0.00208053
v -0.06111915 0.01290904 0.00206676
v -0.06036014 0.01118636 0.00205351
v -0.05586104 0.01290904 0.00197498
v -0.05662005 0.01118636 0.00198823
v -0.06036014 0.01118636 0.00205351
v -0.06111915 0.01290904 0.00206676
v -0.06034003 0.01120382 0.00255324
v -0.06109904 0.01292650 0.00256649
v -0.06111915 0.01290904 0.00206676
v -0.06190806 0.01290904 0.00208053
v -0.06109904 0.01292650 0.00256649
v -0.06192630 0.01292650 0.00258093
v -0.06190806 0.01290904 0.00208053
v -0.05886814 0.00613116 0.00202747
v -0.06192630 0.01292650 0.00258093
v -0.05887071 0.00611370 0.00252759
v -0.05886814 0.00613116 0.00202747
v -0.05808303 0.00613116 0.00201377
v -0.05887071 0.00611370 0.00252759
v -0.05806298 0.00611370 0.00251349
v -0.05808303 0.00613116 0.00201377
v -0.05505274 0.01290904 0.00196087
v -0.05806298 0.00611370 0.00251349
v -0.05501708 0.01292650 0.00246033
v -0.05505274 0.01290904 0.00196087
v -0.05586104 0.01290904 0.00197498
v -0.05501708 0.01292650 0.00246033
v -0.05586370 0.01292650 0.00247511
v -0.05586104 0.01290904 0.00197498
v -0.05662005 0.01118636 0.00198823
v -0.05586370 0.01292650 0.00247511
v -0.05662271 0.01120382 0.00248835
v -0.05662005 0.01118636 0.00198823
v -0.06036014 0.01118636 0.00205351
v -0.05662271 0.01120382 0.00248835
v -0.06034003 0.01120382 0.00255324
v -0.06000915 0.01045436 0.00254746
v -0.05695358 0.01045436 0.00249413
v -0.05849113 0.00699932 0.00252097
v -0.06984947 0.05353122 0.04300000
v -0.06998637 0.05705466 0.04355803
v -0.06796697 0.05383611 0.04548528
v -0.06852656 0.05729109 0.04548528
v -0.06551367 0.05423346 0.04739230
v -0.06607325 0.05768844 0.04739230
v -0.06265671 0.05469618 0.04859111
v -0.06321630 0.05815117 0.04859111
v -0.05959084 0.05519275 0.04900000
v -0.06015042 0.05864773 0.04900000
v -0.05652497 0.05568931 0.04859111
v -0.05708455 0.05914430 0.04859111
v -0.05366802 0.05615204 0.04739230
v -0.05422761 0.05960702 0.04739230
v -0.05121471 0.05654939 0.04548528
v -0.05177429 0.06000437 0.04548528
v -0.05031449 0.06024080 0.04355803
v -0.04933222 0.05685428 0.04300000
v -0.04989181 0.06030927 0.04300000
v -0.04814884 0.05704596 0.04010583
v -0.04870842 0.06050092 0.04010583
v -0.04774521 0.05711133 0.03700000
v -0.04830479 0.06056630 0.03700000
v -0.04814884 0.05704596 0.03389417
v -0.04870842 0.06050092 0.03389417
v -0.04933222 0.05685428 0.03100000
v -0.04989181 0.06030927 0.03100000
v -0.05174183 0.06000963 0.02855759
v -0.05121471 0.05654939 0.02851472
v -0.05177429 0.06000437 0.02851472
v -0.05252262 0.05988316 0.02793303
v -0.05366802 0.05615204 0.02660770
v -0.05422761 0.05960702 0.02660770
v -0.05652497 0.05568931 0.02540889
v -0.05708455 0.05914430 0.02540889
v -0.05959084 0.05519275 0.02500000
v -0.06015042 0.05864773 0.02500000
v -0.06265671 0.05469618 0.02540889
v -0.06321630 0.05815117 0.02540889
v -0.06551367 0.05423346 0.02660770
v -0.06607325 0.05768844 0.02660770
v -0.06777824 0.05741229 0.02793303
v -0.06796697 0.05383611 0.02851472
v -0.06852656 0.05729109 0.02851472
v -0.07040872 0.05698626 0.03099956
v -0.06984947 0.05353122 0.03100000
v -0.07040904 0.05698620 0.03100000
v -0.07103285 0.05333956 0.03389417
v -0.07159244 0.05679453 0.03389417
v -0.07143648 0.05327418 0.03700000
v -0.07199607 0.05672915 0.03700000
v -0.07103285 0.05333956 0.04010583
v -0.07159244 0.05679453 0.04010583
v -0.07040904 0.05698620 0.04300000
v -0.06391229 0.05296020 0.03583160
v -0.06391229 0.05296020 0.03811760
v -0.06415801 0.05292040 0.03583160
v -0.06415801 0.05292040 0.03811760
v -0.06611414 0.05654614 0.03583160
v -0.06466413 0.05476825 0.03583160
v -0.06611414 0.05654614 0.03811760
v -0.06466413 0.05476825 0.03811760
v -0.05382824 0.05853602 0.03811760
v -0.05464292 0.05639132 0.03811760
v -0.05382824 0.05853602 0.03583160
v -0.05464292 0.05639132 0.03583160
v -0.05453990 0.05447820 0.03583160
v -0.05453990 0.05447820 0.03811760
v -0.05478562 0.05443839 0.03583160
v -0.05478562 0.05443839 0.03811760
v -0.05959084 0.05519275 0.02517750
v -0.05697602 0.05815149 0.02560144
v -0.05657032 0.05568197 0.02558034
v -0.05416653 0.05860653 0.02678033
v -0.05375563 0.05613785 0.02676141
v -0.05175397 0.05899727 0.02865567
v -0.05133861 0.05652931 0.02864023
v -0.04990275 0.05929712 0.03109967
v -0.04948396 0.05682971 0.03108875
v -0.04873903 0.05948560 0.03394577
v -0.04831808 0.05701854 0.03394011
v -0.04834210 0.05954989 0.03700000
v -0.04792042 0.05708294 0.03700000
v -0.04873903 0.05948560 0.04005424
v -0.04831808 0.05701854 0.04005989
v -0.04990275 0.05929712 0.04290033
v -0.04948396 0.05682971 0.04291125
v -0.05175397 0.05899727 0.04534432
v -0.05133861 0.05652931 0.04535977
v -0.05416653 0.05860653 0.04721967
v -0.05375563 0.05613785 0.04723859
v -0.05697602 0.05815149 0.04839856
v -0.05657032 0.05568197 0.04841966
v -0.05999096 0.05766318 0.04880066
v -0.05959084 0.05519275 0.04882250
v -0.06300591 0.05717486 0.04839856
v -0.06261137 0.05470353 0.04841966
v -0.06581540 0.05671982 0.04721967
v -0.06542605 0.05424766 0.04723859
v -0.06822795 0.05632908 0.04534432
v -0.06784307 0.05385618 0.04535977
v -0.07007917 0.05602925 0.04290033
v -0.06969773 0.05355580 0.04291125
v -0.07124290 0.05584076 0.04005424
v -0.07086360 0.05336696 0.04005989
v -0.07163983 0.05577648 0.03700000
v -0.07126126 0.05330256 0.03700000
v -0.07124290 0.05584076 0.03394577
v -0.07086360 0.05336696 0.03394011
v -0.07007917 0.05602925 0.03109967
v -0.06969773 0.05355580 0.03108875
v -0.06822795 0.05632908 0.02865567
v -0.06784307 0.05385618 0.02864023
v -0.06581540 0.05671982 0.02678033
v -0.06542605 0.05424766 0.02676141
v -0.06300591 0.05717486 0.02560144
v -0.06261137 0.05470353 0.02558034
v -0.05999096 0.05766318 0.02519934
v -0.06542605 0.05424766 0.04723859
v -0.06551367 0.05423346 0.04739230
v -0.06261137 0.05470353 0.04841966
v -0.06265671 0.05469618 0.04859111
v -0.05959084 0.05519275 0.04882250
v -0.05959084 0.05519275 0.04900000
v -0.05657032 0.05568197 0.04841966
v -0.05652497 0.05568931 0.04859111
v -0.05375563 0.05613785 0.04723859
v -0.05366802 0.05615204 0.04739230
v -0.05133861 0.05652931 0.04535977
v -0.05121471 0.05654939 0.04548528
v -0.04948396 0.05682971 0.04291125
v -0.04933222 0.05685428 0.04300000
v -0.04831808 0.05701854 0.04005989
v -0.04814884 0.05704596 0.04010583
v -0.04792042 0.05708294 0.03700000
v -0.04774521 0.05711133 0.03700000
v -0.04831808 0.05701854 0.03394011
v -0.04814884 0.05704596 0.03389417
v -0.04948396 0.05682971 0.03108875
v -0.04933222 0.05685428 0.03100000
v -0.05133861 0.05652931 0.02864023
v -0.05121471 0.05654939 0.02851472
v -0.05375563 0.05613785 0.02676141
v -0.05366802 0.05615204 0.02660770
v -0.05657032 0.05568197 0.02558034
v -0.05652497 0.05568931 0.02540889
v -0.05959084 0.05519275 0.02517750
v -0.05959084 0.05519275 0.02500000
v -0.06261137 0.05470353 0.02558034
v -0.06265671 0.05469618 0.02540889
v -0.06542605 0.05424766 0.02676141
v -0.06551367 0.05423346 0.02660770
v -0.06784307 0.05385618 0.02864023
v -0.06796697 0.05383611 0.02851472
v -0.06969773 0.05355580 0.03108875
v -0.06984947 0.05353122 0.03100000
v -0.07086360 0.05336696 0.03394011
v -0.07103285 0.05333956 0.03389417
v -0.07126126 0.05330256 0.03700000
v -0.07143648 0.05327418 0.03700000
v -0.07086360 0.05336696 0.04005989
v -0.07103285 0.05333956 0.04010583
v -0.06969773 0.05355580 0.04291125
v -0.06984947 0.05353122 0.04300000
v -0.06784307 0.05385618 0.04535977
v -0.06796697 0.05383611 0.04548528
v 0.05400000 -0.00100000 0.13602350
v 0.05400000 -0.00000000 0.13900001
v 0.05499892 -0.00100000 0.13602350
v 0.05500050 -0.00000000 0.13900001
v 0.05400000 -0.00100000 0.13602350
v 0.05499892 -0.00100000 0.13602350
v 0.05400000 0.00100000 0.13602350
v 0.05500801 -0.00000000 0.13602350
v 0.05499892 0.00100000 0.13602350
v 0.05400000 -0.00000000 0.13900001
v 0.05400000 0.00100000 0.13602350
v 0.05500050 -0.00000000 0.13900001
v 0.05499892 0.00100000 0.13602350
v 0.05400000 -0.00100000 0.13602350
v 0.05400000 0.00100000 0.13602350
v 0.05400000 -0.00000000 0.13900001
v -0.05594925 -0.05927862 0.07321811
v -0.05603801 -0.05917671 0.07354175
v -0.08078186 -0.05512245 0.06650521
v -0.03099704 -0.06334031 0.07970552
v -0.03094317 -0.06337292 0.07953566
v -0.02474118 -0.06435549 0.08128122
v -0.01233116 -0.06589855 0.08513990
v -0.01232870 -0.06575699 0.08526205
v -0.01861543 -0.06493831 0.08358825
v -0.01023305 -0.06597589 0.08579901
v -0.02468700 -0.06438748 0.08111110
v -0.03059090 -0.06343532 0.07944036
v -0.00937209 -0.06687201 0.08466089
v -0.00894905 -0.06694052 0.08478077
v -0.00900970 -0.06692102 0.08495636
v -0.00894035 -0.06694194 0.08475698
v -0.00759013 -0.06659912 0.08624901
v -0.00759169 -0.06673892 0.08612611
v -0.00758306 -0.06685902 0.08599456
v -0.00908312 -0.06685782 0.08520489
v -0.00656616 -0.06719385 0.08588039
v -0.00906099 -0.06688343 0.08512404
v -0.00903651 -0.06690448 0.08504120
v -0.01209946 -0.06643027 0.08405391
v -0.01211004 -0.06642847 0.08408303
v -0.01216943 -0.06640654 0.08425756
v -0.04339319 -0.06136005 0.07620777
v -0.04335520 -0.06136795 0.07610176
v -0.03967275 -0.06196438 0.07706494
v -0.04345100 -0.06133505 0.07638095
v -0.05151262 -0.06004673 0.07389058
v -0.05584047 -0.05934186 0.07287754
v -0.05577768 -0.05935594 0.07270153
v -0.06360428 -0.05808831 0.07051957
v -0.08060213 -0.05532207 0.06585609
v -0.07569626 -0.05612984 0.06701469
v -0.08050638 -0.05535077 0.06558094
v -0.09296397 -0.05327543 0.06232927
v -0.09285730 -0.05334276 0.06199049
v -0.09279562 -0.05336026 0.06181402
v -0.09277530 -0.05336365 0.06175815
v -0.09892086 -0.05236605 0.05987922
v -0.09305069 -0.05316955 0.06265117
v -0.09312136 -0.05303264 0.06295948
v -0.10165011 -0.05123252 0.06097684
v -0.04367714 -0.06095162 0.07731784
v -0.02762592 -0.06318540 0.08172922
v -0.03119239 -0.06265786 0.08082048
v -0.03118831 -0.06275264 0.08073709
v -0.02072767 -0.06423911 0.08343116
v -0.02490087 -0.06384355 0.08216182
v -0.02490333 -0.06359492 0.08241597
v -0.01862143 -0.06481314 0.08371756
v -0.01622689 -0.06496553 0.08447647
v -0.01862241 -0.06467823 0.08384262
v -0.01861949 -0.06457937 0.08392078
v -0.03115603 -0.06296381 0.08046131
v -0.04361767 -0.06111018 0.07701900
v -0.04358370 -0.06118127 0.07686599
v -0.03113539 -0.06306068 0.08031958
v -0.03111034 -0.06314904 0.08017414
v -0.02487241 -0.06406211 0.08188927
v -0.04354535 -0.06124391 0.07670929
v -0.03107970 -0.06322656 0.08002396
v -0.02485053 -0.06415657 0.08174650
v -0.01860371 -0.06505245 0.08345411
v -0.01232575 -0.06602488 0.08501110
v -0.03349743 -0.06296456 0.07868013
v -0.03290445 -0.06306060 0.07883523
v -0.03088244 -0.06338809 0.07936409
v -0.01848252 -0.06536524 0.08285456
v -0.01541114 -0.06577700 0.08387664
v -0.01543953 -0.06569512 0.08402491
v -0.01852571 -0.06531198 0.08301535
v -0.01855975 -0.06524102 0.08316842
v -0.02478595 -0.06430528 0.08144336
v -0.03104228 -0.06329100 0.07986805
v -0.02482207 -0.06423834 0.08159817
v -0.01858546 -0.06515393 0.08331441
v -0.00914806 -0.06670981 0.08550834
v -0.00915839 -0.06666139 0.08557920
v -0.00917199 -0.06655089 0.08571495
v -0.00917615 -0.06642215 0.08584270
v -0.00917078 -0.06627497 0.08596238
v -0.00915936 -0.06616658 0.08602019
v -0.05533318 -0.05905545 0.07437545
v -0.04350147 -0.06129583 0.07654790
v -0.01231219 -0.06613545 0.08487539
v -0.01229014 -0.06622959 0.08473247
v -0.00913537 -0.06675366 0.08543547
v -0.00910290 -0.06682767 0.08528376
v -0.00912031 -0.06679296 0.08536062
v -0.01221909 -0.06636579 0.08442386
v -0.01225922 -0.06630661 0.08458207
v -0.01532711 -0.06588809 0.08355701
v -0.01537386 -0.06584170 0.08372084
v -0.01842956 -0.06539962 0.08268547
v -0.01837880 -0.06541326 0.08254103
v -0.01743854 -0.06556554 0.08277121
v -0.01527047 -0.06591535 0.08338482
v -0.08070201 -0.05524162 0.06618914
v -0.05445919 0.05369393 0.04360400
v -0.05454361 0.05421513 0.04360400
v -0.06398704 0.05215075 0.04360400
v -0.06407146 0.05267196 0.04360400
v -0.06407146 0.05267196 0.04360400
v -0.06407146 0.05267196 0.04400000
v -0.06398704 0.05215075 0.04360400
v -0.06398704 0.05215075 0.04400000
v -0.05454361 0.05421513 0.04400000
v -0.05454361 0.05421513 0.04360400
v -0.05445919 0.05369393 0.04400000
v -0.05445919 0.05369393 0.04360400
v -0.06398704 0.05215075 0.04400000
v -0.06407146 0.05267196 0.04400000
v -0.05445919 0.05369393 0.04400000
v -0.05454361 0.05421513 0.04400000
v -0.05454361 0.05421513 0.04360400
v -0.05454361 0.05421513 0.04400000
v -0.06407146 0.05267196 0.04360400
v -0.06407146 0.05267196 0.04400000
v -0.06398704 0.05215075 0.04400000
v -0.05445919 0.05369393 0.04400000
v -0.06398704 0.05215075 0.04360400
v -0.05445919 0.05369393 0.04360400
v -0.01788768 0.06556868 0.03253892
v -0.01788770 0.06556868 0.03253905
v -0.01788711 0.06556878 0.03253886
v -0.01788690 0.06556879 0.03253899
v -0.01725514 0.06567112 0.03355320
v -0.01725496 0.06567115 0.03355307
v -0.01725532 0.06567109 0.03355307
v -0.01725496 0.06567115 0.03355304
v -0.01725723 0.06567078 0.03355048
v -0.01788745 0.06556871 0.03253875
v -0.01788751 0.06556871 0.03253876
v -0.01788768 0.06556868 0.03253890
v -0.01725504 0.06567113 0.03355253
v -0.01733153 0.06565874 0.03339823
v -0.01741237 0.06564566 0.03330189
v -0.01740751 0.06564643 0.03325901
v -0.01741288 0.06564557 0.03330106
v -0.01742212 0.06564408 0.03323225
v -0.01757263 0.06561969 0.03304509
v -0.01754549 0.06562410 0.03304771
v -0.01757324 0.06561960 0.03304412
v -0.01756905 0.06562027 0.03301246
v -0.01773232 0.06559385 0.03278921
v -0.01771790 0.06559616 0.03278981
v -0.01773301 0.06559372 0.03278809
v -0.01773036 0.06559415 0.03277117
v -0.01788642 0.06556887 0.03254229
v -0.01788348 0.06556936 0.03254213
v -0.01788761 0.06556868 0.03253956
v -0.01788770 0.06556868 0.03253908
v -0.01788734 0.06556874 0.03253877
v -0.01788755 0.06556869 0.03253876
v -0.01788759 0.06556868 0.03253878
v -0.01788764 0.06556868 0.03253882
v -0.01725501 0.06567115 0.03355322
v -0.01725499 0.06567115 0.03355320
v -0.01725503 0.06567113 0.03355323
v -0.01725497 0.06567115 0.03355317
v -0.01725506 0.06567113 0.03355323
v -0.01725509 0.06567113 0.03355323
v -0.02847422 0.06385402 0.04322902
v -0.02847875 0.06385329 0.04323023
v -0.02847389 0.06385408 0.04322998
v -0.02847387 0.06385408 0.04323007
v -0.02898203 0.06377177 0.04278517
v -0.02910578 0.06375174 0.04267750
v -0.02908986 0.06375431 0.04273276
v -0.02914857 0.06374480 0.04265570
v -0.02914859 0.06374480 0.04265672
v -0.02914340 0.06374564 0.04265448
v -0.02914115 0.06374600 0.04265530
v -0.02847440 0.06385399 0.04322867
v -0.02847814 0.06385338 0.04322356
v -0.02853695 0.06384386 0.04319504
v -0.02863611 0.06382781 0.04308613
v -0.02905213 0.06376043 0.04277229
v -0.02901666 0.06376617 0.04280139
v -0.02897291 0.06377325 0.04279310
v -0.02898300 0.06377161 0.04282902
v -0.02881205 0.06379931 0.04293305
v -0.02884043 0.06379471 0.04294601
v -0.02880491 0.06380047 0.04293927
v -0.02881250 0.06379923 0.04296893
v -0.02864125 0.06382697 0.04308166
v -0.02866348 0.06382336 0.04309122
v -0.02864131 0.06382697 0.04310941
v -0.02847461 0.06385396 0.04323119
v -0.02847429 0.06385402 0.04323109
v -0.02847523 0.06385386 0.04323121
v -0.02847413 0.06385403 0.04323099
v -0.02847619 0.06385370 0.04323107
v -0.02847408 0.06385404 0.04323094
v -0.02847397 0.06385407 0.04323081
v -0.02914856 0.06374480 0.04265696
v -0.02914760 0.06374495 0.04266012
v -0.02913746 0.06374661 0.04267652
v -0.02847392 0.06385407 0.04323072
v -0.02847386 0.06385408 0.04323052
v -0.02847385 0.06385408 0.04323045
v -0.02914752 0.06374497 0.04265421
v -0.02914731 0.06374500 0.04265412
v -0.02914565 0.06374527 0.04265400
v -0.02914668 0.06374510 0.04265399
v -0.02914788 0.06374492 0.04265443
v -0.02914801 0.06374489 0.04265453
v -0.02914826 0.06374485 0.04265484
v -0.02914836 0.06374484 0.04265501
v -0.02914854 0.06374480 0.04265551
f 1 2 3
f 4 5 6
f 7 8 9
f 10 11 12
f 13 14 15
f 16 17 18
f 17 19 18
f 20 21 22
f 23 24 25
f 22 26 25
f 26 27 25
f 27 28 25
f 28 29 25
f 25 29 23
f 30 31 32
f 31 33 32
f 32 33 21
f 33 34 21
f 21 34 22
f 34 35 22
f 22 35 26
f 36 37 38
f 37 39 38
f 38 39 40
f 39 41 40
f 40 41 42
f 41 43 42
f 42 43 44
f 41 45 46
f 47 18 43
f 18 19 43
f 43 19 44
f 41 46 43
f 46 48 43
f 43 48 47
f 45 41 49
f 41 39 49
f 49 39 50
f 39 37 50
f 50 37 51
f 52 53 51
f 53 54 51
f 51 54 50
f 52 51 55
f 51 56 55
f 55 56 57
f 58 59 60
f 59 61 60
f 60 61 62
f 61 63 62
f 62 63 56
f 63 64 56
f 56 64 57
f 65 66 67
f 66 68 67
f 69 70 71
f 14 13 72
f 13 73 72
f 72 73 74
f 15 14 75
f 14 76 75
f 75 76 77
f 76 78 77
f 77 78 79
f 80 79 81
f 79 78 81
f 81 78 82
f 78 76 82
f 83 84 85
f 84 86 85
f 85 86 87
f 87 86 88
f 86 89 88
f 88 89 90
f 11 91 92
f 91 93 92
f 92 93 94
f 95 96 97
f 96 98 97
f 97 98 99
f 98 100 99
f 4 101 102
f 101 103 102
f 102 103 100
f 104 105 106
f 105 107 106
f 106 107 108
f 109 110 111
f 112 113 111
f 113 114 111
f 111 114 109
f 115 112 116
f 112 117 116
f 115 118 112
f 118 119 112
f 112 119 113
f 23 117 24
f 117 112 24
f 24 112 120
f 112 111 120
f 120 111 121
f 111 110 121
f 121 110 122
f 110 123 122
f 123 104 122
f 104 106 122
f 122 106 3
f 106 108 3
f 3 108 1
f 4 124 5
f 124 125 5
f 5 125 126
f 125 127 126
f 128 129 130
f 129 131 130
f 130 131 132
f 131 127 132
f 132 127 133
f 127 125 133
f 133 125 134
f 125 124 134
f 62 135 60
f 135 136 60
f 60 136 58
f 136 67 58
f 58 67 137
f 67 68 137
f 138 139 140
f 139 65 140
f 140 65 141
f 65 67 141
f 141 67 142
f 67 136 142
f 142 136 143
f 136 135 143
f 143 135 144
f 135 62 144
f 144 62 145
f 62 56 145
f 96 7 98
f 7 9 98
f 98 9 146
f 9 147 146
f 146 147 148
f 147 149 148
f 4 102 124
f 102 150 124
f 124 150 134
f 150 151 134
f 134 151 152
f 151 153 152
f 152 153 154
f 153 155 154
f 154 155 156
f 100 98 102
f 98 146 102
f 102 146 150
f 146 148 150
f 150 148 151
f 148 149 151
f 151 149 153
f 149 157 153
f 153 157 155
f 91 158 93
f 158 159 93
f 93 159 160
f 8 10 9
f 10 12 9
f 9 12 147
f 12 94 147
f 147 94 149
f 94 93 149
f 149 93 157
f 93 160 157
f 157 160 155
f 160 71 155
f 155 71 156
f 71 70 156
f 158 161 159
f 161 162 159
f 159 162 160
f 162 72 160
f 160 72 71
f 72 74 71
f 71 74 69
f 74 73 69
f 161 90 162
f 90 89 162
f 162 89 72
f 89 86 72
f 72 86 14
f 86 84 14
f 14 84 76
f 84 83 76
f 76 83 82
f 6 5 2
f 5 126 2
f 2 126 3
f 126 127 3
f 3 127 122
f 127 131 122
f 122 131 121
f 131 129 121
f 121 129 120
f 129 128 120
f 120 128 24
f 128 163 24
f 24 163 25
f 163 164 25
f 25 164 22
f 164 165 22
f 22 165 20
f 69 166 70
f 166 138 70
f 70 138 156
f 138 140 156
f 156 140 154
f 140 141 154
f 154 141 152
f 141 142 152
f 152 142 134
f 142 143 134
f 134 143 133
f 143 144 133
f 133 144 132
f 144 145 132
f 132 145 130
f 145 56 130
f 130 56 128
f 56 51 128
f 128 51 163
f 51 37 163
f 163 37 164
f 37 36 164
f 164 36 165
f 167 168 169
f 170 171 172
f 172 171 173
f 174 175 176
f 177 178 179
f 180 181 182
f 183 184 185
f 186 117 187
f 117 23 187
f 187 23 188
f 189 190 187
f 190 191 187
f 191 192 187
f 187 192 186
f 189 193 194
f 193 195 194
f 196 197 198
f 197 196 199
f 196 200 199
f 199 200 201
f 202 203 177
f 203 202 204
f 202 205 204
f 204 205 206
f 175 174 202
f 174 207 202
f 202 207 205
f 207 208 205
f 205 208 206
f 208 209 206
f 206 209 210
f 211 212 213
f 212 214 213
f 213 214 215
f 216 217 218
f 217 219 218
f 218 219 214
f 219 220 214
f 214 220 215
f 221 222 223
f 224 225 226
f 227 228 229
f 228 230 229
f 229 230 231
f 232 233 234
f 233 235 234
f 234 235 236
f 237 238 239
f 238 240 239
f 239 240 230
f 240 241 230
f 230 241 231
f 237 242 243
f 244 245 246
f 245 247 246
f 246 247 248
f 249 250 245
f 250 251 245
f 245 251 247
f 252 253 254
f 253 255 254
f 254 255 256
f 257 258 169
f 258 259 169
f 260 261 262
f 261 263 262
f 262 263 264
f 262 265 266
f 266 267 268
f 266 268 262
f 268 269 262
f 262 269 260
f 265 262 270
f 262 264 270
f 270 264 271
f 272 273 264
f 273 274 264
f 264 274 271
f 275 276 272
f 276 277 272
f 272 277 273
f 167 278 279
f 256 170 254
f 170 172 254
f 254 172 249
f 172 173 249
f 249 173 250
f 280 168 281
f 168 167 281
f 281 167 282
f 167 279 282
f 280 283 272
f 283 284 272
f 272 284 275
f 284 285 275
f 275 285 286
f 280 272 168
f 272 264 168
f 168 264 169
f 264 263 169
f 169 263 257
f 287 288 289
f 290 291 292
f 291 293 292
f 292 293 294
f 293 295 294
f 294 295 296
f 295 297 296
f 296 297 298
f 287 289 299
f 289 300 299
f 299 300 301
f 300 302 301
f 301 302 303
f 302 304 303
f 303 304 305
f 306 307 308
f 307 309 308
f 308 309 310
f 309 311 310
f 310 311 312
f 311 185 312
f 312 185 200
f 185 184 200
f 200 184 201
f 307 313 309
f 313 314 309
f 309 314 311
f 314 182 311
f 311 182 185
f 182 181 185
f 185 181 183
f 298 297 315
f 297 316 315
f 315 316 317
f 316 318 317
f 317 318 319
f 188 320 187
f 320 321 187
f 187 321 318
f 321 322 318
f 318 322 319
f 323 193 304
f 193 324 304
f 304 324 305
f 195 193 198
f 193 323 198
f 198 323 196
f 323 304 196
f 196 304 200
f 304 302 200
f 200 302 312
f 302 300 312
f 312 300 310
f 300 289 310
f 310 289 308
f 289 288 308
f 308 288 306
f 177 179 202
f 179 325 202
f 202 325 175
f 325 326 175
f 175 326 176
f 239 327 328
f 237 239 242
f 239 328 242
f 242 328 329
f 228 330 230
f 330 331 230
f 230 331 239
f 331 332 239
f 239 332 327
f 333 334 335
f 334 336 335
f 335 336 337
f 336 338 337
f 337 338 228
f 338 339 228
f 228 339 330
f 222 340 223
f 340 341 223
f 223 341 342
f 227 343 228
f 343 225 228
f 228 225 337
f 225 224 337
f 337 224 335
f 226 221 224
f 221 223 224
f 224 223 335
f 223 342 335
f 335 342 333
f 342 291 333
f 333 291 344
f 291 290 344
f 345 234 346
f 234 236 346
f 346 236 243
f 236 347 243
f 243 347 237
f 259 252 169
f 252 254 169
f 169 254 167
f 254 249 167
f 167 249 278
f 249 245 278
f 278 245 345
f 245 244 345
f 345 244 234
f 244 348 234
f 234 348 232
f 346 349 345
f 349 350 345
f 345 350 278
f 350 351 278
f 278 351 279
f 340 216 341
f 216 218 341
f 341 218 352
f 218 214 352
f 352 214 353
f 214 212 353
f 353 212 325
f 212 211 325
f 325 211 326
f 189 187 193
f 187 318 193
f 193 318 324
f 318 316 324
f 324 316 305
f 316 297 305
f 305 297 303
f 297 295 303
f 303 295 301
f 295 293 301
f 301 293 299
f 293 291 299
f 299 291 287
f 291 342 287
f 287 342 288
f 342 341 288
f 288 341 306
f 341 352 306
f 306 352 307
f 352 353 307
f 307 353 313
f 353 325 313
f 313 325 314
f 325 179 314
f 314 179 182
f 179 178 182
f 182 178 180
f 354 355 356
f 357 358 359
f 360 361 362
f 331 330 363
f 364 365 366
f 365 364 367
f 368 369 370
f 371 372 373
f 374 375 376
f 377 29 188
f 29 378 188
f 188 378 379
f 380 381 382
f 383 384 385
f 385 384 380
f 384 386 380
f 380 386 381
f 387 388 389
f 390 391 387
f 391 392 387
f 387 392 388
f 374 376 393
f 371 373 394
f 369 395 370
f 395 396 370
f 370 396 397
f 396 398 397
f 397 398 399
f 400 401 402
f 402 401 370
f 401 403 370
f 370 403 368
f 404 405 402
f 405 406 402
f 402 406 400
f 407 408 409
f 408 410 409
f 409 410 411
f 412 413 414
f 412 414 409
f 414 415 409
f 409 415 407
f 416 417 418
f 417 419 418
f 418 419 412
f 419 420 412
f 412 420 413
f 416 418 421
f 418 422 421
f 421 422 423
f 424 425 426
f 427 428 429
f 428 430 429
f 429 430 424
f 430 431 424
f 424 431 425
f 30 432 433
f 432 434 433
f 433 434 429
f 434 435 429
f 429 435 427
f 30 433 31
f 433 436 31
f 31 436 437
f 438 35 436
f 35 34 436
f 436 34 437
f 29 28 378
f 28 27 378
f 378 27 438
f 27 26 438
f 438 26 35
f 355 439 356
f 439 440 356
f 356 440 441
f 440 442 441
f 441 442 443
f 444 445 446
f 447 448 364
f 449 356 450
f 356 441 450
f 450 441 451
f 441 443 451
f 451 443 452
f 448 447 453
f 447 454 453
f 453 454 455
f 367 364 452
f 364 448 452
f 452 448 451
f 448 453 451
f 451 453 450
f 453 455 450
f 450 455 449
f 445 444 456
f 444 457 456
f 456 457 458
f 457 459 458
f 458 459 460
f 459 461 460
f 460 461 462
f 461 463 462
f 462 463 464
f 464 465 462
f 465 466 462
f 462 466 460
f 466 467 460
f 397 394 370
f 394 373 370
f 370 373 402
f 373 468 402
f 402 468 404
f 468 469 404
f 404 469 470
f 469 471 470
f 470 471 472
f 471 473 472
f 472 473 474
f 473 475 474
f 474 475 476
f 475 477 476
f 446 478 444
f 478 479 444
f 444 479 457
f 479 480 457
f 457 480 459
f 480 481 459
f 459 481 461
f 481 482 461
f 461 482 463
f 482 483 463
f 463 483 464
f 411 405 409
f 405 404 409
f 409 404 412
f 404 470 412
f 412 470 418
f 470 472 418
f 418 472 422
f 472 474 422
f 422 474 483
f 474 476 483
f 483 476 464
f 476 477 464
f 464 477 465
f 484 379 446
f 379 378 446
f 446 378 478
f 378 438 478
f 478 438 479
f 438 436 479
f 479 436 480
f 436 433 480
f 480 433 481
f 433 429 481
f 481 429 482
f 429 424 482
f 482 424 483
f 424 426 483
f 483 426 422
f 426 485 422
f 422 485 423
f 486 487 488
f 489 490 491
f 490 492 491
f 491 492 487
f 492 493 487
f 487 493 488
f 494 495 489
f 495 496 489
f 489 496 490
f 497 498 499
f 498 500 499
f 499 500 501
f 500 502 501
f 501 502 494
f 502 503 494
f 494 503 495
f 504 505 506
f 505 507 506
f 506 507 508
f 504 506 509
f 506 385 509
f 509 385 510
f 385 380 510
f 510 380 511
f 380 382 511
f 511 382 512
f 513 383 514
f 383 385 514
f 514 385 515
f 385 506 515
f 515 506 516
f 506 508 516
f 516 508 517
f 375 390 376
f 390 387 376
f 376 387 518
f 360 327 332
f 327 360 328
f 360 362 328
f 328 362 329
f 488 519 486
f 519 520 486
f 486 520 521
f 520 522 521
f 521 522 523
f 522 524 523
f 523 524 361
f 524 525 361
f 361 525 362
f 525 526 362
f 362 526 329
f 332 331 360
f 331 363 360
f 360 363 361
f 363 359 361
f 361 359 523
f 359 358 523
f 523 358 521
f 527 528 529
f 528 530 529
f 530 528 531
f 528 532 531
f 531 532 533
f 527 534 528
f 534 535 528
f 528 535 532
f 535 536 532
f 532 536 533
f 536 467 533
f 533 467 537
f 467 466 537
f 537 466 538
f 466 465 538
f 538 465 539
f 465 477 539
f 539 477 540
f 477 475 540
f 540 475 541
f 475 473 541
f 541 473 542
f 473 471 542
f 542 471 543
f 471 469 543
f 543 469 518
f 469 468 518
f 518 468 376
f 468 373 376
f 376 373 393
f 373 372 393
f 544 545 546
f 545 547 546
f 546 547 548
f 547 549 548
f 548 549 550
f 549 551 550
f 550 551 552
f 551 553 552
f 552 553 554
f 553 555 554
f 554 555 556
f 555 557 556
f 556 557 517
f 557 558 517
f 517 558 516
f 558 559 516
f 516 559 515
f 559 560 515
f 515 560 514
f 534 354 535
f 354 356 535
f 535 356 536
f 356 449 536
f 536 449 467
f 449 455 467
f 467 455 460
f 455 454 460
f 460 454 458
f 454 447 458
f 458 447 456
f 447 364 456
f 456 364 445
f 364 366 445
f 445 366 446
f 366 561 446
f 446 561 484
f 507 497 508
f 497 499 508
f 508 499 517
f 499 501 517
f 517 501 556
f 501 494 556
f 556 494 554
f 494 489 554
f 554 489 552
f 489 491 552
f 552 491 550
f 491 487 550
f 550 487 548
f 487 486 548
f 548 486 546
f 486 521 546
f 546 521 544
f 521 358 544
f 544 358 545
f 358 357 545
f 562 563 363
f 563 529 363
f 363 529 359
f 529 530 359
f 359 530 357
f 530 531 357
f 357 531 545
f 531 533 545
f 545 533 547
f 533 537 547
f 547 537 549
f 537 538 549
f 549 538 551
f 538 539 551
f 551 539 553
f 539 540 553
f 553 540 555
f 540 541 555
f 555 541 557
f 541 542 557
f 557 542 558
f 542 543 558
f 558 543 559
f 543 518 559
f 559 518 560
f 518 387 560
f 560 387 514
f 387 389 514
f 514 389 513
f 105 104 564
f 123 565 566
f 118 115 567
f 568 569 570
f 571 572 573
f 574 575 576
f 575 577 576
f 572 578 573
f 578 579 573
f 573 579 577
f 579 580 577
f 577 580 576
f 581 570 582
f 570 569 582
f 582 569 583
f 584 585 586
f 585 587 586
f 588 589 590
f 589 591 590
f 590 591 587
f 592 593 594
f 593 592 595
f 592 596 595
f 595 596 597
f 598 599 596
f 599 600 596
f 596 600 597
f 601 602 598
f 602 603 598
f 598 603 599
f 598 604 601
f 604 605 601
f 601 605 606
f 607 204 605
f 204 608 605
f 605 608 606
f 608 609 606
f 610 183 181
f 180 611 605
f 611 177 605
f 605 177 607
f 199 201 612
f 195 198 612
f 198 613 612
f 612 613 199
f 183 610 184
f 189 194 567
f 194 195 567
f 186 614 115
f 614 191 115
f 115 191 567
f 191 190 567
f 567 190 189
f 565 109 566
f 109 114 566
f 566 114 615
f 114 113 615
f 615 113 567
f 113 119 567
f 567 119 118
f 105 564 107
f 616 617 618
f 574 95 575
f 95 97 575
f 575 97 99
f 99 100 575
f 100 103 575
f 575 103 101
f 101 4 616
f 4 619 616
f 619 620 616
f 616 620 617
f 104 123 564
f 123 566 564
f 564 566 621
f 566 615 621
f 181 180 610
f 180 605 610
f 610 605 622
f 605 604 622
f 622 604 623
f 604 598 623
f 623 598 624
f 598 596 624
f 624 596 625
f 596 592 625
f 625 592 586
f 592 594 586
f 586 594 584
f 626 627 628
f 627 629 628
f 630 631 626
f 631 632 626
f 626 632 627
f 587 591 586
f 591 633 586
f 586 633 625
f 633 634 625
f 625 634 624
f 634 635 624
f 624 635 623
f 635 636 623
f 623 636 622
f 636 612 622
f 622 612 610
f 612 201 610
f 610 201 184
f 637 571 638
f 571 573 638
f 638 573 639
f 573 640 639
f 641 642 643
f 642 644 643
f 644 645 643
f 643 645 646
f 647 643 648
f 643 646 648
f 648 646 649
f 616 650 647
f 650 651 647
f 647 651 643
f 651 628 643
f 643 628 641
f 628 629 641
f 101 616 575
f 616 647 575
f 575 647 577
f 647 648 577
f 577 648 573
f 648 649 573
f 573 649 640
f 581 630 570
f 630 626 570
f 570 626 652
f 626 628 652
f 652 628 653
f 628 651 653
f 653 651 654
f 651 650 654
f 654 650 621
f 650 616 621
f 621 616 564
f 616 618 564
f 564 618 107
f 195 612 567
f 612 636 567
f 567 636 615
f 636 635 615
f 615 635 621
f 635 634 621
f 621 634 654
f 634 633 654
f 654 633 653
f 633 591 653
f 653 591 652
f 591 589 652
f 652 589 570
f 589 588 570
f 570 588 568
f 655 656 657
f 658 659 660
f 661 662 663
f 662 664 663
f 664 665 663
f 665 666 663
f 663 666 667
f 661 663 668
f 663 669 668
f 668 669 670
f 671 672 669
f 672 673 669
f 669 673 670
f 674 675 676
f 675 677 676
f 678 679 674
f 679 678 680
f 678 681 680
f 680 681 682
f 683 684 685
f 684 686 685
f 685 686 687
f 686 688 687
f 689 690 691
f 690 692 691
f 691 692 693
f 692 694 693
f 693 694 695
f 694 696 695
f 696 694 697
f 694 698 697
f 697 698 699
f 698 700 699
f 699 700 701
f 702 703 700
f 704 705 706
f 705 707 706
f 706 707 708
f 702 700 709
f 703 710 700
f 710 711 700
f 700 711 701
f 712 713 714
f 715 716 717
f 717 718 715
f 718 719 715
f 715 719 714
f 719 720 714
f 714 720 712
f 721 722 723
f 721 723 715
f 723 724 715
f 715 724 716
f 725 726 660
f 726 727 660
f 728 729 727
f 729 730 727
f 727 730 660
f 730 731 660
f 660 731 658
f 732 733 727
f 733 734 727
f 727 734 728
f 735 736 737
f 736 738 737
f 738 739 737
f 737 739 740
f 741 671 742
f 671 669 742
f 742 669 737
f 669 663 737
f 737 663 735
f 663 667 735
f 743 744 745
f 744 746 745
f 743 747 686
f 748 688 749
f 688 686 749
f 749 686 750
f 686 747 750
f 683 682 684
f 682 681 684
f 684 681 686
f 681 751 686
f 674 676 678
f 676 657 678
f 678 657 681
f 657 656 681
f 681 656 751
f 752 753 754
f 753 755 754
f 754 755 756
f 752 757 753
f 757 758 753
f 753 758 759
f 758 760 759
f 759 760 761
f 762 755 763
f 755 753 763
f 763 753 764
f 753 759 764
f 764 759 744
f 759 761 744
f 744 761 746
f 708 709 706
f 709 700 706
f 706 700 765
f 725 722 726
f 722 721 726
f 726 721 766
f 721 715 766
f 766 715 767
f 715 714 767
f 740 732 737
f 732 727 737
f 737 727 742
f 727 726 742
f 742 726 741
f 726 766 741
f 741 766 768
f 766 767 768
f 768 767 765
f 767 714 765
f 765 714 706
f 714 713 706
f 706 713 704
f 743 686 744
f 686 751 744
f 744 751 764
f 751 656 764
f 764 656 763
f 656 655 763
f 763 655 762
f 692 769 694
f 769 756 694
f 694 756 698
f 756 755 698
f 698 755 700
f 755 762 700
f 700 762 765
f 762 655 765
f 765 655 768
f 655 657 768
f 768 657 741
f 657 676 741
f 741 676 671
f 676 677 671
f 671 677 672
f 770 771 772
f 773 774 775
f 776 777 280
f 778 779 772
f 780 781 782
f 783 784 785
f 786 787 788
f 789 790 791
f 792 285 793
f 285 284 793
f 793 284 794
f 795 796 789
f 796 797 789
f 789 797 790
f 786 788 798
f 783 785 799
f 800 801 799
f 802 803 785
f 803 804 785
f 785 804 799
f 804 805 799
f 799 805 800
f 806 807 785
f 807 808 785
f 785 808 802
f 784 798 785
f 798 788 785
f 785 788 806
f 788 809 806
f 806 809 810
f 809 811 810
f 812 813 809
f 813 814 809
f 809 814 811
f 815 816 817
f 816 818 817
f 817 818 819
f 819 820 817
f 820 821 817
f 817 821 809
f 821 822 809
f 809 822 812
f 782 781 823
f 781 824 823
f 823 824 825
f 826 827 828
f 827 829 828
f 829 830 828
f 828 830 831
f 832 833 828
f 833 834 828
f 834 835 828
f 828 835 826
f 243 242 836
f 837 838 839
f 838 836 839
f 840 841 842
f 842 843 840
f 843 844 840
f 840 844 845
f 837 839 846
f 839 847 846
f 846 847 848
f 849 850 847
f 850 851 847
f 847 851 848
f 852 853 854
f 853 855 854
f 854 855 856
f 857 778 858
f 859 860 861
f 860 862 861
f 861 862 857
f 863 864 859
f 864 865 859
f 859 865 860
f 866 867 868
f 867 869 868
f 868 869 870
f 869 871 870
f 870 871 863
f 871 872 863
f 863 872 864
f 873 874 875
f 876 665 875
f 665 664 875
f 875 664 873
f 736 735 877
f 735 667 877
f 877 667 876
f 667 878 876
f 876 878 665
f 733 732 879
f 732 740 879
f 879 740 739
f 880 881 733
f 729 882 883
f 882 884 883
f 885 658 886
f 887 888 889
f 659 658 889
f 658 885 889
f 889 885 887
f 885 890 887
f 791 794 789
f 794 284 789
f 789 284 777
f 284 283 777
f 777 283 280
f 787 795 788
f 795 789 788
f 788 789 809
f 789 777 809
f 809 777 817
f 777 776 817
f 817 776 891
f 892 893 894
f 895 896 897
f 773 775 898
f 775 899 898
f 898 899 900
f 899 901 900
f 900 901 902
f 738 736 903
f 736 877 903
f 903 877 904
f 877 905 904
f 901 906 902
f 906 907 902
f 902 907 908
f 907 909 908
f 908 909 885
f 909 910 885
f 885 910 890
f 730 729 911
f 729 883 911
f 911 883 912
f 883 913 912
f 912 913 914
f 913 915 914
f 914 915 916
f 915 917 916
f 916 917 918
f 917 897 918
f 918 897 919
f 897 896 919
f 919 896 920
f 920 773 919
f 773 898 919
f 919 898 918
f 898 900 918
f 918 900 916
f 900 902 916
f 916 902 914
f 902 908 914
f 914 908 912
f 908 885 912
f 912 885 911
f 885 886 911
f 911 886 730
f 895 897 921
f 897 917 921
f 921 917 922
f 917 915 922
f 922 915 923
f 915 913 923
f 923 913 880
f 913 883 880
f 880 883 881
f 883 884 881
f 881 884 733
f 874 924 875
f 924 866 875
f 875 866 876
f 866 868 876
f 876 868 877
f 868 870 877
f 877 870 905
f 870 863 905
f 905 863 925
f 863 859 925
f 836 242 839
f 242 329 839
f 839 329 926
f 926 927 839
f 927 928 839
f 839 928 847
f 928 929 847
f 847 929 849
f 929 930 849
f 930 931 849
f 849 931 770
f 931 932 770
f 770 932 771
f 778 772 858
f 772 771 858
f 858 771 933
f 779 852 772
f 852 854 772
f 772 854 770
f 854 856 770
f 770 856 849
f 856 934 849
f 849 934 850
f 932 935 771
f 935 936 771
f 771 936 933
f 936 937 933
f 933 937 892
f 937 938 892
f 892 938 893
f 836 939 243
f 939 841 243
f 243 841 346
f 841 840 346
f 346 840 349
f 840 940 349
f 349 940 350
f 845 941 840
f 941 832 840
f 840 832 940
f 832 828 940
f 940 828 824
f 828 831 824
f 824 831 825
f 280 281 776
f 281 282 776
f 776 282 891
f 282 279 891
f 891 279 351
f 780 815 781
f 815 817 781
f 781 817 824
f 817 891 824
f 824 891 940
f 891 351 940
f 940 351 350
f 857 858 861
f 858 942 861
f 861 942 859
f 942 943 859
f 859 943 925
f 943 944 925
f 925 944 905
f 944 945 905
f 905 945 904
f 945 879 904
f 904 879 903
f 879 739 903
f 903 739 738
f 733 879 880
f 879 945 880
f 880 945 923
f 945 944 923
f 923 944 922
f 944 943 922
f 922 943 921
f 943 942 921
f 921 942 895
f 942 858 895
f 895 858 896
f 858 933 896
f 896 933 920
f 933 892 920
f 920 892 773
f 892 894 773
f 773 894 774
f 505 504 946
f 947 948 949
f 950 951 952
f 953 954 955
f 956 957 958
f 959 957 960
f 957 956 960
f 960 956 961
f 956 962 961
f 961 962 963
f 962 964 963
f 964 962 965
f 962 966 965
f 965 966 967
f 968 969 970
f 969 971 970
f 970 971 966
f 971 972 966
f 966 972 967
f 973 974 970
f 974 975 970
f 970 975 968
f 976 977 978
f 977 979 978
f 978 979 973
f 979 980 973
f 973 980 974
f 511 512 976
f 512 981 976
f 981 982 976
f 982 983 976
f 976 983 977
f 984 985 986
f 985 987 986
f 986 987 988
f 989 990 991
f 992 993 994
f 993 995 994
f 994 995 991
f 995 996 991
f 991 996 997
f 998 989 999
f 989 991 999
f 999 991 1000
f 991 997 1000
f 952 951 1001
f 951 1002 1001
f 1001 1002 1003
f 1003 1004 1005
f 1004 1006 1005
f 1005 1006 994
f 1006 1007 994
f 994 1007 992
f 950 952 1008
f 952 1009 1008
f 1008 1009 1010
f 1011 1012 1013
f 1012 1014 1013
f 1013 1014 1009
f 1014 1015 1009
f 1009 1015 1010
f 1016 1017 1018
f 1016 1018 1013
f 1018 1019 1013
f 1013 1019 1011
f 1020 1021 1016
f 1021 1022 1016
f 1016 1022 1017
f 958 1023 956
f 1023 1024 956
f 956 1024 1025
f 1025 1026 1027
f 1026 1028 1027
f 1027 1028 1029
f 1030 1031 1032
f 1031 1033 1032
f 1032 1033 1034
f 1033 1035 1034
f 1034 1035 1036
f 1035 1037 1036
f 1038 1039 1040
f 1039 1041 1040
f 1040 1041 1037
f 1041 1042 1037
f 1037 1042 1036
f 1043 1044 1045
f 1044 1046 1045
f 1045 1046 1038
f 1046 1047 1038
f 1038 1047 1039
f 1048 1049 1050
f 1049 1051 1050
f 1050 1051 1052
f 954 984 955
f 984 986 955
f 955 986 1053
f 986 1054 1053
f 1053 1054 1055
f 1054 1056 1055
f 1055 1056 1057
f 1056 1058 1057
f 998 953 989
f 953 955 989
f 989 955 990
f 955 1053 990
f 990 1053 1059
f 1053 1055 1059
f 1059 1055 1060
f 1055 1057 1060
f 1060 1057 1061
f 1057 1058 1061
f 1061 1058 1062
f 1063 948 1064
f 948 947 1064
f 1064 947 1065
f 1066 1067 1068
f 1067 1069 1068
f 1068 1069 1070
f 1069 1071 1070
f 1070 1071 1072
f 1071 1073 1072
f 1072 1073 1074
f 1073 1075 1074
f 1074 1075 1076
f 1075 1077 1076
f 1076 1077 1078
f 1077 1079 1078
f 1078 1079 1080
f 1079 1081 1080
f 1080 1081 1052
f 1081 1082 1052
f 1052 1082 1050
f 1082 1083 1050
f 1050 1083 1048
f 1067 1027 1069
f 1027 1084 1069
f 1069 1084 1071
f 1084 1085 1071
f 1071 1085 1073
f 1085 1086 1073
f 1073 1086 1075
f 1086 1087 1075
f 1075 1087 1077
f 1087 949 1077
f 1077 949 1079
f 949 948 1079
f 1079 948 1081
f 948 1063 1081
f 1081 1063 1082
f 1029 1088 1027
f 1088 1020 1027
f 1027 1020 1084
f 1020 1016 1084
f 1084 1016 1085
f 1016 1013 1085
f 1085 1013 1086
f 1013 1009 1086
f 1086 1009 1087
f 1009 952 1087
f 1087 952 949
f 952 1001 949
f 949 1001 947
f 1001 1089 947
f 947 1089 1065
f 1003 1005 1001
f 1005 994 1001
f 1001 994 1089
f 994 991 1089
f 1089 991 1065
f 991 990 1065
f 1065 990 1064
f 990 1059 1064
f 1064 1059 1063
f 1059 1060 1063
f 1063 1060 1082
f 1060 1061 1082
f 1082 1061 1083
f 1061 1062 1083
f 1083 1062 1048
f 1090 1091 490
f 520 519 1092
f 519 488 1092
f 1092 488 1093
f 488 493 1093
f 1093 493 1091
f 493 492 1091
f 1091 492 490
f 503 1094 495
f 1094 1090 495
f 495 1090 496
f 1090 490 496
f 1095 1096 1097
f 1096 1098 1097
f 1097 1098 1099
f 1098 1100 1099
f 503 502 1099
f 502 500 1099
f 1099 500 1097
f 500 498 1097
f 1097 498 1095
f 498 497 1095
f 1095 497 507
f 511 976 510
f 976 978 510
f 510 978 509
f 1025 1027 956
f 1027 1067 956
f 956 1067 962
f 1067 1066 962
f 962 1066 966
f 1066 1101 966
f 966 1101 970
f 1101 1102 970
f 970 1102 973
f 1102 946 973
f 973 946 978
f 946 504 978
f 978 504 509
f 930 929 1103
f 929 928 1103
f 1103 928 927
f 926 1104 1105
f 1106 1107 1108
f 520 1092 522
f 1092 1107 522
f 522 1107 524
f 1107 1106 524
f 524 1106 525
f 930 1103 1109
f 1103 1110 1109
f 1109 1110 1111
f 927 926 1103
f 926 1105 1103
f 1103 1105 1110
f 1105 1112 1110
f 1110 1112 1111
f 1112 1113 1111
f 1111 1113 1114
f 1113 1115 1114
f 1114 1115 1116
f 1030 1117 1031
f 1117 1116 1031
f 1031 1116 1118
f 1116 1115 1118
f 1118 1115 1119
f 1115 1113 1119
f 1119 1113 1108
f 1113 1112 1108
f 1108 1112 1106
f 1112 1105 1106
f 1106 1105 525
f 1105 1104 525
f 525 1104 526
f 1104 926 526
f 526 926 329
f 1096 1120 1098
f 1120 1121 1098
f 1098 1121 1100
f 1121 1122 1100
f 1100 1122 1123
f 1122 1124 1123
f 1123 1124 1125
f 1124 1126 1125
f 1125 1126 1127
f 1126 1128 1127
f 1127 1128 1129
f 1128 1130 1129
f 1129 1130 1131
f 1130 1132 1131
f 1117 1133 1116
f 1133 1134 1116
f 1116 1134 1114
f 1134 1135 1114
f 1114 1135 1111
f 1135 1136 1111
f 1111 1136 1109
f 1136 1137 1109
f 1109 1137 930
f 503 1099 1094
f 1099 1100 1094
f 1094 1100 1090
f 1100 1123 1090
f 1090 1123 1091
f 1123 1125 1091
f 1091 1125 1093
f 1125 1127 1093
f 1093 1127 1092
f 1127 1129 1092
f 1092 1129 1107
f 1129 1131 1107
f 1107 1131 1108
f 1131 1132 1108
f 1108 1132 1119
f 1138 887 988
f 887 1043 988
f 988 1043 986
f 1043 1045 986
f 986 1045 1054
f 1045 1038 1054
f 1054 1038 1056
f 1038 1040 1056
f 1056 1040 1058
f 1040 1037 1058
f 1058 1037 1062
f 1037 1035 1062
f 1062 1035 1048
f 1035 1033 1048
f 1048 1033 1049
f 1033 1031 1049
f 1049 1031 1051
f 1031 1118 1051
f 1051 1118 1052
f 1118 1119 1052
f 1052 1119 1080
f 1119 1132 1080
f 1080 1132 1078
f 1132 1130 1078
f 1078 1130 1076
f 1130 1128 1076
f 1076 1128 1074
f 1128 1126 1074
f 1074 1126 1072
f 1126 1124 1072
f 1072 1124 1070
f 1124 1122 1070
f 1070 1122 1068
f 1122 1121 1068
f 1068 1121 1066
f 1121 1120 1066
f 1066 1120 1101
f 1120 1096 1101
f 1101 1096 1102
f 1096 1095 1102
f 1102 1095 946
f 1095 507 946
f 946 507 505
f 1139 1140 1141
f 1142 579 1143
f 1144 1145 1146
f 1147 1144 1148
f 1144 1146 1148
f 1148 1146 1149
f 1146 1150 1149
f 1149 1150 1151
f 1152 1153 1150
f 1153 1154 1150
f 1150 1154 1151
f 1155 1156 1152
f 1156 1157 1152
f 1152 1157 1153
f 1143 1158 1155
f 1158 1159 1155
f 1159 1160 1155
f 1160 1161 1155
f 1155 1161 1156
f 579 578 1143
f 578 572 1143
f 1143 572 1158
f 572 1162 1158
f 1158 1162 1163
f 1162 637 1163
f 576 1164 574
f 1164 96 574
f 574 96 95
f 11 10 1165
f 10 8 1165
f 1165 8 1164
f 8 7 1164
f 1164 7 96
f 1166 161 158
f 1166 158 1165
f 158 91 1165
f 1165 91 11
f 161 1166 90
f 1166 1167 90
f 90 1167 88
f 83 85 1167
f 85 87 1167
f 1167 87 88
f 83 1167 82
f 1167 1141 82
f 82 1141 81
f 1141 1140 81
f 81 1140 80
f 576 1142 1164
f 1142 1143 1164
f 1164 1143 1165
f 1143 1155 1165
f 1165 1155 1166
f 1155 1152 1166
f 1166 1152 1167
f 1152 1150 1167
f 1167 1150 1141
f 1150 1146 1141
f 1141 1146 1139
f 1146 1145 1139
f 1168 699 1169
f 689 691 1170
f 691 1171 1170
f 1170 1171 1172
f 1172 1171 1173
f 1171 1174 1173
f 1173 1174 1175
f 1176 1177 1174
f 1177 1178 1174
f 1174 1178 1175
f 1179 1180 1181
f 1180 1182 1181
f 1181 1182 1176
f 1182 1183 1176
f 1176 1183 1177
f 1179 1181 1184
f 1181 1185 1184
f 1184 1185 1186
f 1187 1186 1188
f 1186 1185 1188
f 1188 1185 1189
f 1185 1190 1189
f 1191 1192 1193
f 1192 1194 1193
f 1193 1194 1195
f 1194 1196 1195
f 1195 1196 1197
f 1196 1198 1197
f 1198 1196 1199
f 1196 1200 1199
f 1199 1200 1201
f 1202 1203 1204
f 1204 1205 1202
f 1205 1206 1202
f 1202 1206 1200
f 1206 1207 1200
f 1200 1207 1201
f 1208 1209 1169
f 1209 1210 1169
f 1169 1210 1202
f 1210 1211 1202
f 1202 1211 1203
f 1208 1169 1212
f 1169 699 1212
f 1212 699 701
f 691 693 1171
f 693 695 1171
f 1171 695 696
f 1192 1190 1194
f 1190 1185 1194
f 1194 1185 1196
f 1185 1181 1196
f 1196 1181 1200
f 1181 1176 1200
f 1200 1176 1202
f 1176 1174 1202
f 1202 1174 1169
f 1174 1171 1169
f 1169 1171 1168
f 1171 696 1168
f 1213 1214 1215
f 1215 1216 1213
f 1216 1217 1213
f 1213 1217 1218
f 1213 1219 1214
f 1219 1220 1214
f 1214 1220 1221
f 1220 1222 1221
f 1223 1224 1217
f 1224 1225 1217
f 1217 1225 1226
f 1226 1227 1217
f 1227 1228 1217
f 1217 1228 1218
f 1222 1229 1221
f 1229 1230 1221
f 1221 1230 1231
f 1231 1232 1221
f 1232 1233 1221
f 1221 1233 1234
f 1234 1235 1221
f 1235 1236 1221
f 1221 1236 1237
f 1236 1238 1237
f 1239 1240 1217
f 1240 1241 1217
f 1217 1241 1223
f 1242 1243 1244
f 1243 1245 1244
f 1239 1246 1240
f 1246 1245 1240
f 1240 1245 1247
f 1245 1243 1247
f 1238 1236 1248
f 1236 1249 1248
f 1248 1249 1250
f 1249 1251 1250
f 1250 1251 1252
f 743 745 1253
f 1254 1255 1256
f 1257 1258 1259
f 1260 1261 1254
f 1262 1263 1264
f 1265 1266 1267
f 1265 1267 1268
f 1269 1270 1271
f 1270 1272 1271
f 1271 1272 1265
f 1272 1273 1265
f 1265 1273 1266
f 1269 1271 1274
f 1271 1275 1274
f 1274 1275 1276
f 1277 1278 1279
f 1278 1280 1279
f 1279 1280 1275
f 1280 1281 1275
f 1275 1281 1276
f 1277 1279 1282
f 1279 1283 1282
f 1282 1283 1284
f 1285 1286 1287
f 1286 1288 1287
f 1287 1288 1283
f 1288 1289 1283
f 1283 1289 1284
f 1290 1291 1287
f 1291 1292 1287
f 1287 1292 1285
f 1293 1294 1290
f 1294 1295 1290
f 1290 1295 1291
f 1296 1297 1298
f 1297 1299 1298
f 1299 1300 1298
f 1300 1301 1298
f 1298 1301 1293
f 1301 1302 1293
f 1293 1302 1294
f 1296 1298 1303
f 1298 1304 1303
f 1303 1304 1305
f 1306 1307 1304
f 1307 1308 1304
f 1304 1308 1305
f 1309 1310 1306
f 1310 1311 1306
f 1311 1312 1306
f 1312 1313 1306
f 1306 1313 1307
f 1314 1315 1316
f 1315 1317 1316
f 1318 1319 1320
f 1319 1321 1320
f 1322 1323 1324
f 1325 1326 1327
f 1326 1328 1327
f 1329 1330 1331
f 1330 1328 1331
f 1331 1328 1332
f 1328 1326 1332
f 1332 1326 1333
f 1326 1334 1333
f 1335 1336 1334
f 1336 1337 1334
f 1334 1337 1333
f 1338 1339 1340
f 1339 1341 1340
f 1340 1341 1335
f 1341 1342 1335
f 1335 1342 1336
f 1343 1344 1345
f 1262 1346 1343
f 1347 1348 1349
f 1348 1350 1349
f 1349 1350 1351
f 1351 1352 1349
f 1352 1345 1349
f 1349 1345 1353
f 1345 1344 1353
f 1352 1354 1345
f 1354 1355 1345
f 1345 1355 1356
f 1356 1357 1345
f 1357 1358 1345
f 1345 1358 1359
f 1358 1360 1359
f 1359 1360 1361
f 1362 1363 1364
f 1363 1365 1364
f 1364 1365 1264
f 1365 1366 1264
f 1264 1366 1262
f 1366 1367 1262
f 1262 1367 1346
f 1368 1369 1370
f 1369 1371 1370
f 1370 1371 1362
f 1372 1373 1374
f 1373 1375 1374
f 1374 1375 1368
f 1375 1376 1368
f 1368 1376 1369
f 1377 1378 1374
f 1378 1379 1374
f 1374 1379 1372
f 1380 1381 1382
f 1381 1377 1382
f 1383 1384 1385
f 1386 1387 1388
f 1387 1389 1388
f 1388 1389 1390
f 1390 1389 1391
f 1389 1392 1391
f 1391 1392 1393
f 1394 1395 1396
f 1396 1397 1392
f 1397 1398 1392
f 1392 1398 1393
f 1395 1394 1399
f 1394 1255 1399
f 1399 1255 1400
f 1261 1401 1254
f 1401 1402 1254
f 1254 1402 1255
f 1402 1403 1255
f 1255 1403 1400
f 1404 748 749
f 1405 1406 1407
f 1406 1408 1407
f 1407 1408 1404
f 1409 1410 1411
f 1410 1412 1411
f 1411 1412 1405
f 1412 1413 1405
f 1405 1413 1406
f 1411 1414 1409
f 1414 1415 1409
f 1409 1415 1416
f 1415 1417 1416
f 1267 1418 1268
f 1418 1419 1268
f 1268 1419 1420
f 1419 1421 1420
f 1420 1421 1422
f 1423 1424 1425
f 1424 1426 1425
f 1425 1426 1427
f 1426 1428 1427
f 1427 1428 1320
f 1428 1324 1320
f 1320 1324 1318
f 1317 1429 1316
f 1429 1310 1316
f 1316 1310 1430
f 1310 1309 1430
f 1430 1309 1431
f 1309 1432 1431
f 1263 1259 1264
f 1259 1258 1264
f 1264 1258 1364
f 1258 1433 1364
f 1364 1433 1434
f 1433 1435 1434
f 1434 1435 1436
f 1437 1338 1438
f 1338 1340 1438
f 1438 1340 1423
f 1340 1335 1423
f 1423 1335 1424
f 1335 1334 1424
f 1424 1334 1426
f 1334 1326 1426
f 1426 1326 1428
f 1326 1325 1428
f 1428 1325 1323
f 1361 1437 1359
f 1437 1438 1359
f 1359 1438 1439
f 1438 1423 1439
f 1439 1423 1432
f 1423 1425 1432
f 1432 1425 1431
f 1425 1427 1431
f 1431 1427 1430
f 1427 1320 1430
f 1430 1320 1316
f 1320 1321 1316
f 1316 1321 1314
f 760 758 1440
f 746 761 1441
f 761 760 1441
f 1441 760 1442
f 760 1440 1442
f 758 757 1440
f 757 752 1440
f 1440 752 1256
f 752 754 1256
f 1256 754 756
f 1443 1260 690
f 1260 1254 690
f 690 1254 692
f 1254 1256 692
f 692 1256 769
f 1256 756 769
f 1396 1392 1394
f 1392 1444 1394
f 1394 1444 1255
f 1444 1445 1255
f 1255 1445 1256
f 1445 1446 1256
f 1256 1446 1440
f 1446 1447 1440
f 1440 1447 1442
f 1383 1448 1449
f 1448 1450 1449
f 1449 1450 1451
f 1450 1452 1451
f 1382 1453 1454
f 1455 1452 1456
f 1452 1450 1456
f 1456 1450 1457
f 1450 1448 1457
f 1457 1448 1454
f 1448 1383 1454
f 1454 1383 1382
f 1383 1385 1382
f 1382 1385 1380
f 1377 1374 1382
f 1374 1458 1382
f 1382 1458 1453
f 1362 1364 1370
f 1364 1434 1370
f 1370 1434 1368
f 1434 1436 1368
f 1368 1436 1374
f 1436 1459 1374
f 1374 1459 1458
f 1435 1460 1436
f 1460 1461 1436
f 1436 1461 1459
f 1461 1462 1459
f 1459 1462 1458
f 1462 1463 1458
f 1458 1463 1453
f 1463 1464 1453
f 1453 1464 1454
f 1464 1465 1454
f 1454 1465 1457
f 1465 1466 1457
f 1457 1466 1456
f 1466 1467 1456
f 1456 1467 1455
f 1467 1468 1455
f 1455 1468 1469
f 1404 749 1407
f 749 750 1407
f 1407 750 747
f 747 743 1407
f 743 1253 1407
f 1407 1253 1405
f 1253 1470 1405
f 1405 1470 1411
f 1470 1471 1411
f 1411 1471 1414
f 1471 1469 1414
f 1386 1384 1387
f 1384 1383 1387
f 1387 1383 1389
f 1383 1449 1389
f 1389 1449 1392
f 1449 1451 1392
f 1392 1451 1444
f 1451 1452 1444
f 1444 1452 1445
f 1452 1455 1445
f 1445 1455 1446
f 1455 1469 1446
f 1446 1469 1447
f 1469 1471 1447
f 1447 1471 1442
f 1471 1470 1442
f 1442 1470 1441
f 1470 1253 1441
f 1441 1253 746
f 1253 745 746
f 1420 1472 1268
f 1472 1473 1268
f 1268 1473 1265
f 1473 1474 1265
f 1265 1474 1271
f 1474 1475 1271
f 1271 1475 1275
f 1343 1345 1262
f 1345 1359 1262
f 1262 1359 1263
f 1359 1439 1263
f 1263 1439 1259
f 1439 1432 1259
f 1259 1432 1257
f 1432 1309 1257
f 1257 1309 1258
f 1309 1306 1258
f 1258 1306 1433
f 1306 1304 1433
f 1433 1304 1435
f 1304 1298 1435
f 1435 1298 1460
f 1298 1293 1460
f 1460 1293 1461
f 1293 1290 1461
f 1461 1290 1462
f 1290 1287 1462
f 1462 1287 1463
f 1287 1283 1463
f 1463 1283 1464
f 1283 1279 1464
f 1464 1279 1465
f 1279 1275 1465
f 1465 1275 1466
f 1275 1475 1466
f 1466 1475 1467
f 1475 1474 1467
f 1467 1474 1468
f 1474 1473 1468
f 1468 1473 1469
f 1473 1472 1469
f 1469 1472 1414
f 1472 1420 1414
f 1414 1420 1415
f 1420 1422 1415
f 1415 1422 1417
f 1476 1477 1478
f 1479 1480 1481
f 1482 1483 1484
f 1485 1486 1482
f 1486 1485 1487
f 1488 1489 1490
f 1491 1492 1493
f 582 583 1494
f 1495 1496 1497
f 1498 1499 1500
f 1501 1502 1503
f 1504 1505 1506
f 1507 1508 1509
f 1510 1511 1512
f 1513 1514 1476
f 1515 1516 1517
f 1516 1518 1517
f 1517 1518 638
f 1518 1519 638
f 638 1519 1520
f 1477 1476 1517
f 1476 1514 1517
f 1514 1521 1517
f 1517 1521 1515
f 1522 1523 1524
f 1525 1526 1522
f 1526 1527 1522
f 1522 1527 1523
f 1511 1528 1512
f 1528 1529 1512
f 1512 1529 1530
f 1531 1532 1533
f 1532 1534 1533
f 1533 1534 1535
f 1534 1536 1535
f 1535 1536 1526
f 1510 1512 1537
f 1512 1538 1537
f 1537 1538 1539
f 1540 1541 1542
f 1541 1543 1542
f 1542 1543 1538
f 1543 1544 1538
f 1538 1544 1539
f 1545 1546 1547
f 1546 1548 1547
f 1547 1548 1542
f 1548 1549 1542
f 1542 1549 1540
f 1550 1551 1552
f 1551 1553 1552
f 1552 1553 1554
f 1553 1555 1554
f 1556 1557 1558
f 1557 1559 1558
f 1558 1559 1560
f 1560 1561 1558
f 1561 1562 1558
f 1558 1562 1563
f 1564 1556 1565
f 1556 1558 1565
f 1565 1558 1566
f 1558 1567 1566
f 1566 1567 1553
f 1567 1568 1553
f 1553 1568 1555
f 1569 1570 1571
f 1570 1569 1572
f 1569 1573 1572
f 1572 1573 1574
f 1573 1575 1574
f 1574 1575 1576
f 1577 1578 1579
f 1578 1580 1579
f 1579 1580 1575
f 1580 1581 1575
f 1575 1581 1576
f 1582 1583 1584
f 1583 1585 1584
f 1586 1587 1588
f 1587 1589 1588
f 1588 1589 1585
f 1589 1590 1585
f 1585 1590 1584
f 1591 1592 1588
f 1592 1593 1588
f 1588 1593 1586
f 1594 1595 1591
f 1595 1596 1591
f 1596 1597 1591
f 1597 1598 1591
f 1591 1598 1592
f 1502 1501 1599
f 1600 1601 1594
f 1601 1602 1594
f 1594 1602 1595
f 1603 1604 1503
f 1604 1605 1503
f 1503 1605 1501
f 1606 1607 1603
f 1607 1608 1603
f 1603 1608 1604
f 1606 1603 1609
f 1603 1610 1609
f 1609 1610 1611
f 1612 1613 1614
f 1613 1615 1614
f 1614 1615 1610
f 1615 1616 1610
f 1610 1616 1611
f 1617 1618 1612
f 1618 1619 1612
f 1612 1619 1613
f 1498 1500 1620
f 1500 1621 1620
f 1620 1621 1622
f 1622 1621 1623
f 1621 1624 1623
f 1623 1624 1625
f 1626 1627 1624
f 1627 1628 1624
f 1624 1628 1629
f 1630 1631 1632
f 1632 1633 1630
f 1633 1634 1630
f 1630 1634 1626
f 1634 1635 1626
f 1626 1635 1627
f 1582 1636 1583
f 1636 1637 1583
f 1583 1637 1638
f 1639 1640 1506
f 1640 1641 1506
f 1641 1642 1506
f 1642 1643 1506
f 1506 1643 1504
f 1643 1644 1504
f 1504 1644 1645
f 1637 1646 1638
f 1646 1647 1638
f 1638 1647 1639
f 1647 1648 1639
f 1639 1648 1640
f 1505 1507 1506
f 1507 1509 1506
f 1506 1509 1639
f 1509 1649 1639
f 1639 1649 1638
f 1649 1650 1638
f 1638 1650 1583
f 1650 1651 1583
f 1583 1651 1585
f 1651 1652 1585
f 1585 1652 1588
f 1652 1653 1588
f 1588 1653 1591
f 1653 1654 1591
f 1591 1654 1594
f 1654 1599 1594
f 1594 1599 1600
f 1599 1501 1600
f 1491 1493 1655
f 1656 1657 1490
f 1657 1658 1490
f 1490 1658 1488
f 1659 1660 1661
f 1550 1656 1551
f 1656 1490 1551
f 1551 1490 1661
f 1490 1489 1661
f 1661 1489 1659
f 1571 1662 1569
f 1662 1663 1569
f 1569 1663 1573
f 1663 1493 1573
f 1573 1493 1575
f 1493 1492 1575
f 1575 1492 1579
f 1659 1655 1660
f 1655 1493 1660
f 1660 1493 1661
f 1493 1663 1661
f 1661 1663 1551
f 1663 1662 1551
f 1551 1662 1553
f 1662 1571 1553
f 1553 1571 1566
f 645 644 1664
f 644 642 1664
f 1665 1481 1666
f 642 641 1664
f 641 1667 1664
f 1664 1667 1666
f 1667 1668 1666
f 1666 1668 1665
f 1481 1480 1666
f 1480 1669 1666
f 1666 1669 1664
f 1669 1670 1664
f 1664 1670 645
f 1484 1483 1671
f 1483 1672 1671
f 1671 1672 1673
f 639 640 1670
f 640 649 1670
f 649 646 1670
f 1670 646 645
f 1529 1531 1530
f 1531 1533 1530
f 1530 1533 1674
f 1533 1525 1674
f 1674 1525 1478
f 1525 1522 1478
f 1478 1522 1476
f 1522 1524 1476
f 1476 1524 1513
f 638 639 1517
f 639 1670 1517
f 1517 1670 1477
f 1670 1669 1477
f 1477 1669 1478
f 1669 1480 1478
f 1478 1480 1674
f 1480 1479 1674
f 1674 1479 1530
f 1665 1675 1481
f 1675 1676 1481
f 1481 1676 1479
f 1676 1677 1479
f 1479 1677 1530
f 1677 1678 1530
f 1530 1678 1512
f 1657 1545 1658
f 1545 1547 1658
f 1658 1547 1679
f 1547 1542 1679
f 1679 1542 1673
f 1542 1538 1673
f 1673 1538 1671
f 1538 1512 1671
f 1671 1512 1484
f 1512 1678 1484
f 1484 1678 1482
f 1678 1677 1482
f 1482 1677 1485
f 1677 1676 1485
f 1485 1676 1487
f 1676 1675 1487
f 1672 1680 1673
f 1680 1681 1673
f 1673 1681 1679
f 1681 1682 1679
f 1679 1682 1658
f 1682 1683 1658
f 1658 1683 1488
f 582 1494 581
f 1494 1684 581
f 581 1684 630
f 1684 1685 630
f 630 1685 631
f 629 627 1685
f 627 632 1685
f 1685 632 631
f 1494 1495 1684
f 1495 1497 1684
f 1684 1497 1685
f 1497 1686 1685
f 1685 1686 1687
f 1686 1688 1687
f 1687 1688 1689
f 1496 1690 1497
f 1690 1691 1497
f 1497 1691 1686
f 1691 1631 1686
f 1686 1631 1688
f 1631 1630 1688
f 1688 1630 1689
f 1630 1626 1689
f 1689 1626 1692
f 1626 1624 1692
f 1692 1624 1693
f 1624 1621 1693
f 1693 1621 1694
f 1621 1500 1694
f 1694 1500 1612
f 1500 1499 1612
f 1612 1499 1617
f 1508 1577 1509
f 1577 1579 1509
f 1509 1579 1649
f 1579 1492 1649
f 1649 1492 1650
f 1492 1491 1650
f 1650 1491 1651
f 1491 1655 1651
f 1651 1655 1652
f 1655 1659 1652
f 1652 1659 1653
f 1659 1489 1653
f 1653 1489 1654
f 1489 1488 1654
f 1654 1488 1599
f 1488 1683 1599
f 1599 1683 1502
f 1683 1682 1502
f 1502 1682 1503
f 1682 1681 1503
f 1503 1681 1603
f 1681 1680 1603
f 1603 1680 1610
f 1680 1672 1610
f 1610 1672 1614
f 1672 1483 1614
f 1614 1483 1612
f 1483 1482 1612
f 1612 1482 1694
f 1482 1486 1694
f 1694 1486 1693
f 1486 1487 1693
f 1693 1487 1692
f 1487 1675 1692
f 1692 1675 1689
f 1675 1665 1689
f 1689 1665 1687
f 1665 1668 1687
f 1687 1668 1685
f 1668 1667 1685
f 1685 1667 629
f 1667 641 629
f 1695 1696 1697
f 1698 1699 1700
f 1701 1702 1698
f 1702 1703 1698
f 1703 1704 1698
f 1698 1704 1705
f 1706 1695 1707
f 1695 1708 1707
f 1701 1698 1709
f 1698 1700 1709
f 1709 1700 1706
f 1700 1710 1706
f 1706 1710 1695
f 1697 1711 1712
f 1712 1713 1697
f 1713 1714 1697
f 1697 1714 1715
f 1715 1716 1697
f 1716 1717 1697
f 1697 1717 1718
f 1718 1719 1697
f 1719 1720 1697
f 1697 1720 1695
f 1720 1721 1695
f 1695 1721 1708
f 1722 1723 1724
f 1725 1726 1727
f 1272 1728 1729
f 1730 1731 1727
f 1731 1732 1727
f 1286 1285 1733
f 1285 1292 1733
f 1292 1291 1733
f 1291 1295 1733
f 1733 1295 1294
f 1294 1734 1733
f 1734 1301 1733
f 1733 1301 1727
f 1301 1735 1727
f 1727 1735 1730
f 1735 1299 1730
f 1730 1299 1297
f 1736 1737 1738
f 1738 1281 1736
f 1281 1280 1736
f 1736 1280 1278
f 1289 1739 1284
f 1739 1740 1284
f 1284 1740 1282
f 1740 1736 1282
f 1282 1736 1741
f 1736 1278 1741
f 1729 1728 1742
f 1728 1743 1742
f 1742 1743 1737
f 1743 1274 1737
f 1737 1274 1738
f 1272 1729 1744
f 1729 1745 1744
f 1744 1745 1266
f 1419 1746 1745
f 1746 1267 1745
f 1745 1267 1266
f 1747 1748 1733
f 1747 1733 1749
f 1727 1726 1733
f 1726 1750 1733
f 1733 1750 1749
f 1289 1751 1739
f 1751 1286 1739
f 1739 1286 1752
f 1286 1733 1752
f 1752 1733 1753
f 1733 1748 1753
f 1754 1755 1727
f 1755 1756 1727
f 1756 1757 1727
f 1727 1757 1725
f 1731 1758 1732
f 1758 1759 1732
f 1732 1759 1760
f 1760 1761 1732
f 1761 1762 1732
f 1732 1762 1727
f 1762 1763 1727
f 1727 1763 1754
f 1723 1764 1724
f 1764 1765 1724
f 1724 1765 1759
f 1765 1766 1759
f 1759 1766 1760
f 1767 1768 1769
f 1768 1770 1769
f 1769 1770 1771
f 1772 1773 1774
f 1773 1775 1774
f 1775 1776 1774
f 1774 1776 1777
f 1776 1778 1777
f 1777 1778 1769
f 1778 1779 1769
f 1769 1779 1767
f 1780 1781 1782
f 1772 1774 1783
f 1774 1784 1783
f 1783 1784 1785
f 1784 1786 1785
f 1785 1786 1787
f 1786 1788 1787
f 1787 1788 1789
f 1788 1790 1789
f 1789 1790 1791
f 1790 1792 1791
f 1791 1792 1793
f 1792 1780 1793
f 1793 1780 1794
f 1780 1782 1794
f 1794 1782 1795
f 1771 1722 1769
f 1722 1724 1769
f 1769 1724 1796
f 1724 1759 1796
f 1796 1759 1797
f 1759 1758 1797
f 1798 1696 1695
f 1799 1800 1710
f 1800 1801 1710
f 1710 1801 1695
f 1801 1802 1695
f 1695 1802 1803
f 1804 1798 1805
f 1798 1695 1805
f 1805 1695 1806
f 1695 1803 1806
f 1807 1698 1808
f 1698 1705 1808
f 1799 1699 1800
f 1699 1698 1800
f 1800 1698 1809
f 1698 1807 1809
f 1804 1810 1798
f 1810 1811 1798
f 1798 1811 1812
f 1812 1813 1798
f 1813 1814 1798
f 1798 1814 1815
f 1815 1816 1798
f 1816 1817 1798
f 1798 1817 1818
f 1782 1781 1819
f 1629 1820 1821
f 1822 1823 1824
f 1825 1826 1827
f 1826 1828 1827
f 1828 1829 1827
f 1827 1829 1830
f 1830 1831 1827
f 1831 1832 1827
f 1827 1832 1833
f 1832 1834 1833
f 1833 1834 1835
f 1834 1836 1835
f 1837 1838 1824
f 1838 1839 1824
f 1824 1839 1822
f 1840 1841 1837
f 1841 1842 1837
f 1837 1842 1838
f 1843 1844 1845
f 1844 1846 1845
f 1845 1846 1847
f 1847 1848 1845
f 1848 1849 1845
f 1845 1849 1840
f 1849 1850 1840
f 1840 1850 1841
f 1851 1852 1853
f 1852 1854 1853
f 1854 1855 1853
f 1855 1856 1853
f 1853 1856 1845
f 1856 1857 1845
f 1845 1857 1843
f 1858 1859 1860
f 1858 1860 1821
f 1860 1861 1821
f 1821 1861 1629
f 1862 1617 1863
f 1617 1864 1863
f 1863 1864 1858
f 1864 1865 1858
f 1858 1865 1859
f 1615 1866 1867
f 1866 1619 1867
f 1867 1619 1862
f 1619 1868 1862
f 1862 1868 1617
f 1851 1853 1869
f 1853 1606 1869
f 1869 1606 1870
f 1606 1609 1870
f 1870 1609 1871
f 1609 1611 1871
f 1871 1611 1867
f 1611 1616 1867
f 1867 1616 1615
f 1604 1853 1605
f 1853 1872 1605
f 1604 1608 1853
f 1608 1607 1853
f 1853 1607 1606
f 1873 1602 1845
f 1602 1601 1845
f 1845 1601 1853
f 1601 1600 1853
f 1853 1600 1872
f 1873 1845 1874
f 1845 1840 1874
f 1874 1840 1875
f 1782 1819 1795
f 1876 1877 1878
f 1877 1879 1878
f 1878 1879 1819
f 1879 1880 1819
f 1819 1880 1795
f 1836 1881 1835
f 1881 1882 1835
f 1835 1882 1883
f 1882 1884 1883
f 1883 1884 1885
f 1884 1886 1885
f 1885 1886 1887
f 1886 1888 1887
f 1887 1888 1876
f 1888 1889 1876
f 1876 1889 1877
f 1875 1840 1890
f 1840 1837 1890
f 1890 1837 1891
f 1837 1824 1891
f 1891 1824 1827
f 1824 1823 1827
f 1827 1823 1825
f 1892 1893 1894
f 1893 1895 1894
f 1894 1895 1896
f 1896 1897 1894
f 1897 1898 1894
f 1894 1898 1899
f 1900 1901 1902
f 1901 1903 1902
f 1902 1903 1904
f 1903 1905 1904
f 1904 1905 1906
f 1907 1908 1909
f 1908 1910 1909
f 1909 1910 1911
f 1911 1912 1909
f 1912 1913 1909
f 1909 1913 1914
f 1915 1916 1917
f 1916 1918 1917
f 1917 1918 1919
f 1918 1920 1919
f 1919 1920 1921
f 1922 1923 1924
f 1925 1926 1927
f 1928 1929 1930
f 1931 1932 1933
f 1932 1934 1933
f 1933 1934 1935
f 1932 1936 1937
f 1936 1938 1937
f 1937 1938 1939
f 1931 1940 1932
f 1940 1941 1932
f 1932 1941 1942
f 1943 1944 1945
f 1944 1937 1945
f 1945 1937 1946
f 1937 1947 1946
f 1942 1948 1932
f 1948 1949 1932
f 1932 1949 1936
f 1939 1950 1937
f 1950 1951 1937
f 1937 1951 1947
f 1952 1953 1954
f 1955 1956 1957
f 1956 1944 1957
f 1957 1944 1958
f 1944 1943 1958
f 1959 1960 1961
f 1960 1962 1961
f 1952 1954 1934
f 1954 1963 1934
f 1934 1963 1935
f 1964 1965 1952
f 1965 1966 1952
f 1952 1966 1953
f 1955 1967 1956
f 1967 1968 1956
f 1956 1968 1961
f 1968 1969 1961
f 1961 1969 1959
f 1970 1971 1972
f 1973 1974 1975
f 1974 1976 1975
f 1976 1977 1975
f 1977 1978 1975
f 1975 1978 1979
f 1980 1981 1982
f 1981 1983 1982
f 1982 1983 1984
f 1983 1985 1984
f 1984 1985 1986
f 1987 1988 1989
f 1988 1990 1989
f 1991 1992 1987
f 1992 1993 1987
f 1987 1993 1988
f 1994 1995 1996
f 1995 1992 1996
f 1996 1992 1997
f 1992 1991 1997
f 1998 1999 2000
f 2001 2002 2003
f 2002 1970 2003
f 2003 1970 2004
f 1970 1972 2004
f 2004 1972 2005
f 1972 1981 2005
f 2005 1981 2006
f 1981 1980 2006
f 2001 2007 2002
f 2007 2008 2002
f 2002 2008 2000
f 2008 2009 2000
f 2000 2009 1998
f 1999 2010 2000
f 2010 2011 2000
f 2000 2011 1994
f 2012 2013 2014
f 2015 2016 2017
f 2014 2013 2015
f 2013 2018 2015
f 2015 2018 2016
f 2019 2020 2021
f 2022 2023 2024
f 2024 2025 2022
f 2025 2026 2022
f 2022 2026 2019
f 2017 2027 2015
f 2027 2028 2015
f 2015 2028 2022
f 2028 2029 2022
f 2022 2029 2023
f 2020 2030 2021
f 2030 2031 2021
f 2021 2031 2032
f 2031 2033 2032
f 2032 2033 2034
f 2034 2035 2032
f 2035 2036 2032
f 2032 2036 2037
f 2038 2039 2040
f 2039 2041 2040
f 2040 2041 2042
f 2042 2043 2040
f 2043 2044 2040
f 2040 2044 2014
f 2044 2045 2014
f 2014 2045 2012
f 2037 2046 2032
f 2046 2047 2032
f 2032 2047 2040
f 2047 2048 2040
f 2040 2048 2038
f 2049 2050 1944
f 2050 2051 1944
f 1944 2051 1937
f 2051 2052 1937
f 1937 2052 2053
f 2054 2055 2056
f 2055 2057 2056
f 2056 2058 2059
f 2058 2060 2059
f 2057 2061 2056
f 2061 2062 2056
f 2056 2062 2058
f 2053 2063 1937
f 2063 2064 1937
f 1937 2064 2065
f 2065 2066 1937
f 2066 2067 1937
f 1937 2067 2056
f 2067 2068 2056
f 2056 2068 2054
f 2069 2070 2071
f 2072 2073 1956
f 2073 2074 1956
f 1956 2074 1944
f 2074 2075 1944
f 1944 2075 2049
f 2060 2076 2059
f 2076 2077 2059
f 2059 2077 2069
f 2070 2078 2071
f 2078 2079 2071
f 2071 2079 2080
f 2079 2081 2080
f 2080 2081 2082
f 2081 2083 2082
f 2082 2083 2084
f 2083 2085 2084
f 2084 2085 1956
f 2085 2086 1956
f 1956 2086 2072
f 2087 2088 2089
f 2088 2090 2089
f 2091 2092 2093
f 2094 2095 2096
f 2097 2098 2099
f 2098 2100 2099
f 2099 2100 2101
f 2090 2102 2089
f 2102 2091 2089
f 2089 2091 2103
f 2091 2093 2103
f 2104 2105 2106
f 2101 2107 2099
f 2107 2108 2099
f 2099 2108 2109
f 2095 2094 2106
f 2094 2110 2106
f 2106 2110 2104
f 2092 2111 2093
f 2111 2112 2093
f 2093 2112 2113
f 2112 2114 2113
f 2113 2114 2104
f 2114 2115 2104
f 2104 2115 2105
f 2109 2116 2090
f 2116 2117 2090
f 2090 2117 2102
f 2096 2118 2094
f 2118 2119 2094
f 2094 2119 2120
f 2119 2121 2120
f 2121 2122 2120
f 2120 2122 2123
f 2122 2124 2123
f 2125 2126 2127
f 2126 2128 2127
f 2127 2128 2129
f 2130 2131 2125
f 2131 2132 2125
f 2125 2132 2126
f 2133 2122 2134
f 2122 2135 2134
f 2133 2136 2122
f 2136 2137 2122
f 2122 2137 2124
f 2129 2138 2127
f 2138 2139 2127
f 2127 2139 2122
f 2139 2140 2122
f 2122 2140 2135
f 1930 1929 2059
f 2141 2142 2143
f 2142 2056 2143
f 2143 2056 2144
f 1929 2145 2059
f 2145 2146 2059
f 2059 2146 2056
f 2146 2147 2056
f 2056 2147 2144
f 2148 2149 2090
f 2141 2150 2142
f 2150 2151 2142
f 2142 2151 2152
f 2153 2154 2155
f 2154 2156 2155
f 2155 2156 2152
f 2153 2157 2154
f 2157 2158 2154
f 2154 2158 2159
f 2158 2160 2159
f 2159 2160 2161
f 2160 2162 2161
f 2162 2163 2161
f 2161 2163 2164
f 2163 2148 2164
f 2164 2148 2165
f 2148 2090 2165
f 2165 2090 2166
f 2090 2088 2166
f 2149 2167 2090
f 2167 2168 2090
f 2090 2168 1930
f 2168 2169 1930
f 1930 2169 2170
f 2170 2171 1930
f 2171 2172 1930
f 1930 2172 1928
f 2173 2174 2032
f 1971 1970 2175
f 1970 2176 2175
f 2175 2176 2177
f 2176 2178 2177
f 2178 2179 2177
f 2177 2179 2180
f 2181 2182 2183
f 2181 2183 2184
f 2185 2186 2187
f 2186 2183 2187
f 2187 2183 2188
f 2183 2182 2188
f 2179 2189 2180
f 2189 2190 2180
f 2180 2190 2191
f 2190 2192 2191
f 2191 2192 2193
f 2194 2195 2196
f 2194 2196 2197
f 2195 2198 2196
f 2198 2199 2196
f 2196 2199 2002
f 2199 2200 2002
f 2200 2201 2002
f 2201 2202 2002
f 2002 2202 1970
f 2202 2203 1970
f 1970 2203 2176
f 2174 2204 2032
f 2204 2205 2032
f 2032 2205 2021
f 2205 2206 2021
f 2021 2206 2196
f 2206 2207 2196
f 2196 2207 2197
f 2208 2209 2210
f 2209 2211 2210
f 2210 2211 2094
f 2211 2212 2094
f 2094 2212 2110
f 2208 2210 2213
f 2210 1975 2213
f 2213 1975 1985
f 1975 1979 1985
f 1985 1979 1986
f 2193 2184 2191
f 2184 2183 2191
f 2191 2183 2214
f 2183 2215 2214
f 2216 2217 2218
f 2152 2156 2142
f 2156 2219 2142
f 2142 2219 2220
f 2221 2222 2223
f 2222 2224 2223
f 2223 2224 2225
f 2224 2226 2225
f 2227 2228 2229
f 2228 2230 2229
f 2229 2230 2224
f 2230 2231 2224
f 2224 2231 2226
f 2232 2233 2227
f 2233 2234 2227
f 2227 2234 2228
f 2235 2236 2237
f 2236 2238 2237
f 2237 2238 2239
f 2240 2241 2040
f 2240 2040 2242
f 2040 2014 2242
f 2242 2014 2243
f 2244 2245 2015
f 2246 2247 2248
f 2015 2245 2014
f 2245 2249 2014
f 2014 2249 2243
f 2246 2248 2250
f 2248 2251 2250
f 2251 2252 2250
f 2250 2252 2253
f 2253 2254 2250
f 2254 2255 2250
f 2250 2255 2015
f 2255 2256 2015
f 2256 2257 2015
f 2015 2257 2258
f 2258 2259 2015
f 2259 2260 2015
f 2015 2260 2244
f 2221 2261 2222
f 2261 2262 2222
f 2222 2262 2246
f 2262 2263 2246
f 2246 2263 2247
f 2264 2265 2266
f 1192 1191 2267
f 1191 2268 2267
f 2267 2268 2269
f 2270 2271 1187
f 2272 2273 2274
f 2273 2275 2274
f 2274 2275 2276
f 2275 2277 2276
f 2276 2277 2278
f 2264 2266 2279
f 2265 2280 2266
f 2280 1961 2266
f 2266 1961 1952
f 1961 1962 1952
f 1952 1962 1964
f 1187 1188 2270
f 1188 1189 2270
f 2270 1189 2267
f 1189 1190 2267
f 2267 1190 1192
f 2274 2281 2272
f 2281 2282 2272
f 2272 2282 2271
f 2282 2283 2271
f 2271 2283 1187
f 2278 2277 1927
f 2277 2284 1927
f 1927 2284 1925
f 2268 2285 2269
f 2285 2286 2269
f 2269 2286 2287
f 2279 2266 2288
f 2266 2269 2288
f 2288 2269 2289
f 2287 2290 2269
f 2290 2291 2269
f 2269 2291 2289
f 1994 1996 2000
f 1996 2292 2000
f 2000 2292 2293
f 2019 2021 2022
f 2021 2196 2022
f 2022 2196 2294
f 2196 2002 2294
f 2294 2002 2295
f 2002 2000 2295
f 2295 2000 1924
f 2000 2293 1924
f 1924 2293 1922
f 1990 1973 1989
f 1973 1975 1989
f 1989 1975 2296
f 1975 2210 2296
f 2296 2210 2297
f 2298 2299 2210
f 2300 2301 2297
f 2302 2120 2303
f 2120 2304 2303
f 2299 2305 2210
f 2305 2306 2210
f 2210 2306 2307
f 2302 2308 2120
f 2308 2309 2120
f 2120 2309 2094
f 2309 2310 2094
f 2094 2310 2311
f 2311 2312 2094
f 2312 2313 2094
f 2094 2313 2314
f 2314 2315 2094
f 2315 2316 2094
f 2094 2316 2210
f 2316 2317 2210
f 2210 2317 2298
f 2301 2318 2297
f 2318 2319 2297
f 2297 2319 2320
f 2319 2321 2320
f 2307 2322 2210
f 2322 2323 2210
f 2210 2323 2297
f 2323 2324 2297
f 2297 2324 2300
f 2325 2326 2321
f 2326 2327 2321
f 2321 2327 2320
f 2304 2120 2328
f 2120 2329 2328
f 2328 2329 2330
f 2329 2331 2330
f 2331 2332 2330
f 2330 2332 2321
f 2332 2333 2321
f 2321 2333 2325
f 2125 2097 2130
f 2097 2099 2130
f 2130 2099 2334
f 2099 2335 2334
f 2109 2090 2099
f 2090 2336 2099
f 2099 2336 2335
f 2069 2071 2059
f 2071 2337 2059
f 2059 2337 1930
f 2337 2338 1930
f 1930 2338 2090
f 2338 2339 2090
f 2090 2339 2336
f 2241 2235 2040
f 2235 2237 2040
f 2040 2237 2032
f 2237 2186 2032
f 2032 2186 2173
f 2186 2185 2173
f 2239 2232 2237
f 2232 2227 2237
f 2237 2227 2186
f 2227 2340 2186
f 2186 2340 2183
f 2340 2216 2183
f 2183 2216 2215
f 2216 2218 2215
f 2229 1932 2227
f 1932 1937 2227
f 2227 1937 2340
f 1937 2056 2340
f 2340 2056 2216
f 2056 2142 2216
f 2216 2142 2217
f 2142 2220 2217
f 2341 2342 2343
f 2344 2345 2346
f 2347 2348 2349
f 2350 2351 2352
f 2353 2354 2355
f 2354 2356 2355
f 2355 2356 2357
f 2356 2358 2357
f 2357 2358 2359
f 2360 2361 2362
f 2361 2363 2362
f 2363 2364 2362
f 2362 2364 2355
f 2364 2365 2355
f 2355 2365 2353
f 2366 2367 2368
f 2360 2369 2370
f 2369 2371 2370
f 2370 2371 2367
f 2371 2372 2367
f 2367 2372 2368
f 2373 2374 2349
f 2374 2375 2349
f 2349 2375 2352
f 2375 2376 2352
f 2352 2376 2350
f 2368 2377 2366
f 2377 2378 2366
f 2366 2378 2348
f 2378 2379 2348
f 2379 2380 2348
f 2348 2380 2349
f 2380 2381 2349
f 2349 2381 2373
f 2344 2382 2345
f 2382 2383 2345
f 2345 2383 2349
f 2383 2384 2349
f 2349 2384 2347
f 2385 2386 2346
f 2386 2387 2346
f 2346 2387 2344
f 2388 2389 2385
f 2389 2390 2385
f 2385 2390 2386
f 2391 2392 2393
f 2391 2393 2394
f 2395 2396 2397
f 2396 2398 2397
f 2397 2398 2399
f 2400 2401 2402
f 2403 2404 2405
f 2404 2406 2405
f 2405 2406 2407
f 2407 2408 2405
f 2408 2409 2405
f 2405 2409 2402
f 2409 2410 2402
f 2402 2410 2400
f 2401 2411 2402
f 2411 2412 2402
f 2402 2412 2388
f 2412 2413 2388
f 2388 2413 2389
f 2411 2414 2412
f 2414 2415 2412
f 2412 2415 2416
f 2415 2417 2416
f 2416 2417 2418
f 2417 2419 2418
f 2418 2419 2393
f 2419 2420 2393
f 2393 2420 2394
f 2359 2421 2357
f 2421 2422 2357
f 2357 2422 2423
f 2422 2393 2423
f 2423 2393 2397
f 2393 2392 2397
f 2397 2392 2395
f 2403 2405 2424
f 2405 2425 2424
f 2424 2425 2426
f 2427 2428 2429
f 2428 2426 2429
f 2430 2431 2432
f 2431 2433 2432
f 2432 2433 2434
f 2435 2436 2437
f 2436 2438 2437
f 2437 2438 63
f 2438 2439 63
f 63 2439 64
f 2439 2440 64
f 64 2440 2430
f 2440 2441 2430
f 2430 2441 2431
f 2442 2443 2444
f 2445 2446 2447
f 2448 2449 2447
f 2442 2444 2450
f 2443 2451 2444
f 2451 2452 2444
f 2444 2452 2448
f 2445 2447 2453
f 2447 2449 2453
f 2453 2449 2454
f 2455 2456 2457
f 2458 2459 2460
f 2459 2461 2460
f 2460 2461 2462
f 2463 2464 2465
f 2464 2466 2465
f 2465 2466 2467
f 2446 2468 2447
f 2468 2469 2447
f 2447 2469 2470
f 2469 2471 2470
f 2470 2471 2472
f 2472 2473 2470
f 2473 2474 2470
f 2470 2474 2475
f 2467 2455 2465
f 2455 2457 2465
f 2465 2457 2460
f 2457 2476 2460
f 2460 2476 2458
f 2462 2477 2460
f 2477 2478 2460
f 2460 2478 2479
f 2478 2480 2479
f 2480 2481 2479
f 2479 2481 2482
f 2475 2483 2470
f 2483 2484 2470
f 2470 2484 2465
f 2484 2485 2465
f 2465 2485 2463
f 2482 2486 2479
f 2486 2487 2479
f 2479 2487 2488
f 2479 2489 2490
f 2491 2492 2460
f 2490 2493 2479
f 2493 2494 2479
f 2479 2494 2460
f 2494 2495 2460
f 2460 2495 2491
f 2488 2450 2479
f 2450 2444 2479
f 2479 2444 2489
f 2444 2496 2489
f 2497 2498 2499
f 2498 2500 2499
f 2499 2500 2501
f 2496 2444 2502
f 2444 2503 2502
f 2502 2503 2504
f 2505 2506 2501
f 2506 2507 2501
f 2501 2507 2499
f 2508 2509 2510
f 2509 2511 2510
f 2510 2511 2501
f 2511 2512 2501
f 2501 2512 2505
f 2513 2514 2343
f 2514 2515 2343
f 2343 2515 2516
f 2515 2517 2516
f 2516 2517 2510
f 2517 2518 2510
f 2510 2518 2508
f 2519 2520 2521
f 2520 2522 2521
f 2521 2522 2523
f 16 18 2521
f 18 47 2521
f 52 2521 53
f 2521 2524 53
f 47 48 2521
f 48 46 2521
f 2521 46 2525
f 2525 49 2521
f 49 2526 2521
f 2521 2526 2524
f 2523 2527 2521
f 2527 2528 2521
f 2521 2528 2529
f 2529 2530 2521
f 2530 2531 2521
f 2521 2531 16
f 2532 2533 2534
f 2533 2535 2534
f 2535 2536 2534
f 2536 2537 2534
f 2534 2537 2521
f 2537 2538 2521
f 2521 2538 2519
f 2539 2540 2541
f 2540 2542 2541
f 2543 2544 2545
f 2544 2546 2545
f 2545 2546 2547
f 2547 2548 2545
f 2548 2549 2545
f 2545 2549 2534
f 2549 2550 2534
f 2534 2550 2551
f 2552 2553 2532
f 2541 2554 2539
f 2554 2555 2539
f 2539 2555 2556
f 2542 2557 2541
f 2557 2558 2541
f 2541 2558 2559
f 2560 2561 2545
f 2561 2562 2545
f 2545 2562 2543
f 2551 2563 2534
f 2563 2564 2534
f 2534 2564 2565
f 2553 2566 2532
f 2566 2567 2532
f 2532 2567 2568
f 2567 2556 2568
f 2568 2556 2569
f 2556 2555 2569
f 2565 2570 2534
f 2570 2571 2534
f 2534 2571 2532
f 2571 2572 2532
f 2532 2572 2552
f 2559 2560 2541
f 2560 2545 2541
f 2541 2545 2573
f 2545 2574 2573
f 2573 2574 2575
f 2574 2429 2575
f 2426 2425 2429
f 2425 2576 2429
f 2429 2576 2577
f 2577 2578 2429
f 2578 2579 2429
f 2429 2579 2575
f 2497 2504 2498
f 2504 2503 2498
f 2498 2503 2580
f 2503 2581 2580
f 2582 2583 2584
f 2448 2447 2444
f 2447 2582 2444
f 2444 2582 2503
f 2582 2584 2503
f 2503 2584 2581
f 2492 2513 2460
f 2513 2343 2460
f 2460 2343 2465
f 2343 2585 2465
f 2586 2587 2588
f 2587 2589 2588
f 2590 2591 2592
f 2591 2593 2592
f 2592 2593 2594
f 2593 2595 2594
f 2594 2595 2596
f 2595 2597 2596
f 2596 2597 2586
f 2597 2598 2586
f 2586 2598 2587
f 1139 2599 1140
f 2599 2600 1140
f 1140 2600 80
f 2585 2343 2601
f 2343 2342 2601
f 2601 2342 2602
f 2342 2603 2602
f 2602 2603 2600
f 2603 2604 2600
f 2600 2604 80
f 1139 1145 2599
f 1145 1144 2599
f 2599 1144 2590
f 1144 1147 2590
f 2590 1147 2591
f 68 66 2516
f 2516 66 2343
f 66 2605 2343
f 2343 2605 2606
f 2606 2607 2343
f 2607 2608 2343
f 2343 2608 2609
f 2609 73 2343
f 73 2610 2343
f 2343 2610 2341
f 2437 2611 2516
f 2611 2612 2516
f 2612 2613 2516
f 2516 2613 68
f 55 2430 2362
f 2430 2432 2362
f 2362 2432 2360
f 2432 2434 2360
f 2360 2434 2369
f 2614 2615 2501
f 2616 2617 2501
f 2618 2619 2345
f 2619 2620 2345
f 2620 2621 2345
f 2345 2621 2622
f 2616 2501 2623
f 2617 2624 2501
f 2624 2625 2501
f 2501 2625 2614
f 2626 2349 2627
f 2349 2628 2627
f 2622 2623 2345
f 2623 2501 2345
f 2345 2501 2346
f 2501 2500 2346
f 2346 2500 2385
f 2500 2498 2385
f 2385 2498 2388
f 2498 2580 2388
f 2629 2630 2510
f 2630 2631 2510
f 2510 2631 2632
f 2626 2633 2349
f 2633 2634 2349
f 2349 2634 2345
f 2634 2635 2345
f 2345 2635 2618
f 2615 2636 2501
f 2636 2637 2501
f 2501 2637 2510
f 2637 2638 2510
f 2510 2638 2629
f 2639 2640 2349
f 2640 2641 2349
f 2349 2641 2628
f 2632 2639 2510
f 2639 2349 2510
f 2510 2349 2516
f 2349 2352 2516
f 2516 2352 2437
f 2352 2351 2437
f 2437 2351 2435
f 2399 2427 2397
f 2427 2429 2397
f 2397 2429 2423
f 2429 2574 2423
f 2423 2574 2357
f 2574 2545 2357
f 2357 2545 2355
f 2545 2534 2355
f 2355 2534 2362
f 2534 2521 2362
f 2362 2521 55
f 2521 52 55
f 2642 2643 2644
f 2645 2646 2647
f 2648 2649 2650
f 2651 2652 2653
f 2652 2654 2653
f 2653 2654 2655
f 2654 2656 2655
f 2657 2658 2659
f 2658 2656 2659
f 2660 2661 2662
f 2661 2657 2662
f 2663 2664 2665
f 2664 2660 2665
f 2650 2666 2667
f 2666 2650 2668
f 2650 2649 2668
f 2668 2649 2669
f 1325 1327 2649
f 1327 1328 2649
f 2649 1328 2669
f 1328 1330 2669
f 2669 1330 2670
f 1330 1329 2670
f 2648 1324 2649
f 1324 1323 2649
f 2649 1323 1325
f 1314 1321 2648
f 1321 1319 2648
f 1319 1318 2648
f 2648 1318 1324
f 1317 1315 2671
f 1315 2672 2671
f 2671 2672 2673
f 1315 1314 2672
f 1314 2648 2672
f 2672 2648 2674
f 2648 2650 2674
f 2674 2650 2665
f 2650 2667 2665
f 2665 2667 2663
f 2675 2676 2677
f 2676 2678 2677
f 2675 2679 2676
f 2679 2680 2676
f 2676 2680 2681
f 2681 2682 2676
f 2682 2683 2676
f 2676 2683 2678
f 2683 2684 2678
f 2678 2684 2685
f 2652 2675 2654
f 2675 2677 2654
f 2654 2677 2686
f 2677 2678 2686
f 2686 2678 2687
f 2678 2685 2687
f 2687 2685 2688
f 2656 2654 2659
f 2654 2686 2659
f 2659 2686 2689
f 2686 2687 2689
f 2689 2687 2647
f 2687 2688 2647
f 2647 2688 2645
f 2657 2659 2662
f 2659 2689 2662
f 2662 2689 2690
f 2689 2647 2690
f 2690 2647 2644
f 2647 2646 2644
f 2644 2646 2642
f 2660 2662 2665
f 2662 2690 2665
f 2665 2690 2674
f 2690 2644 2674
f 2674 2644 2672
f 2644 2643 2672
f 2672 2643 2673
f 1769 1796 2691
f 1774 1777 2692
f 2643 2642 2693
f 2646 2645 2694
f 2688 2685 2695
f 2682 2681 2696
f 1312 1311 2697
f 1311 1310 2697
f 2697 1310 1429
f 1429 1317 2697
f 1317 2671 2697
f 2697 2671 2673
f 1308 1307 2698
f 2698 1307 2697
f 1307 1313 2697
f 2697 1313 1312
f 1296 1303 2698
f 1303 1305 2698
f 2698 1305 1308
f 2684 2683 2699
f 2683 2682 2699
f 2685 2684 2695
f 2684 2699 2695
f 2695 2699 2700
f 2699 2701 2700
f 2673 2643 2697
f 2643 2693 2697
f 2697 2693 2698
f 2693 2691 2698
f 2702 1781 1780
f 2682 2696 2699
f 2696 2702 2699
f 2699 2702 2701
f 2702 1780 2701
f 2701 1780 1792
f 1792 1790 2701
f 1790 1788 2701
f 2701 1788 2700
f 1788 1786 2700
f 2700 1786 1784
f 1784 1774 2700
f 1774 2692 2700
f 2700 2692 2695
f 2692 2694 2695
f 2695 2694 2688
f 2694 2645 2688
f 1777 1769 2692
f 1769 2691 2692
f 2692 2691 2694
f 2691 2693 2694
f 2694 2693 2646
f 2693 2642 2646
f 1796 1797 2691
f 1797 1758 2691
f 2691 1758 2698
f 1758 1731 2698
f 2698 1731 1296
f 1731 1730 1296
f 1296 1730 1297
f 2703 2704 2705
f 2704 2706 2705
f 2705 2706 2707
f 2703 2705 2708
f 2705 2709 2708
f 2708 2709 2710
f 2710 2709 2711
f 2709 2712 2711
f 2711 2712 2713
f 2713 2712 2714
f 2712 2715 2714
f 2714 2715 2716
f 2716 2715 2717
f 2715 2718 2717
f 2717 2718 2719
f 2719 2718 2720
f 2718 2721 2720
f 2720 2721 2722
f 2722 2721 2723
f 2721 2724 2723
f 2723 2724 2725
f 2725 2724 2726
f 2724 2727 2726
f 2726 2727 2728
f 2729 2730 2731
f 2731 2732 2729
f 2732 2733 2729
f 2729 2733 2727
f 2733 2734 2727
f 2727 2734 2728
f 2735 2736 2737
f 2737 2738 2735
f 2738 2739 2735
f 2735 2739 2730
f 2739 2740 2730
f 2730 2740 2731
f 2741 2742 2743
f 2743 2744 2741
f 2744 2745 2741
f 2741 2745 2736
f 2745 2746 2736
f 2736 2746 2737
f 2747 2748 2742
f 2748 2749 2742
f 2742 2749 2743
f 2750 2751 2747
f 2751 2752 2747
f 2747 2752 2748
f 2753 2754 2750
f 2754 2755 2750
f 2750 2755 2751
f 2756 2757 2753
f 2757 2758 2753
f 2753 2758 2754
f 2759 2760 2756
f 2760 2761 2756
f 2756 2761 2757
f 2762 2763 2759
f 2763 2764 2759
f 2759 2764 2760
f 2765 2766 2762
f 2766 2767 2762
f 2762 2767 2763
f 2768 2769 2765
f 2769 2770 2765
f 2765 2770 2766
f 2771 2772 2768
f 2772 2773 2768
f 2768 2773 2769
f 2706 2774 2707
f 2774 2775 2707
f 2707 2775 2771
f 2775 2776 2771
f 2771 2776 2772
f 2777 2778 2779
f 2778 2780 2779
f 2779 2780 2781
f 2780 2782 2781
f 2783 2784 2782
f 2784 2785 2782
f 2782 2785 2781
f 2786 2787 2788
f 2787 2789 2788
f 2788 2789 2790
f 2789 2791 2790
f 2790 2791 2783
f 2791 2792 2783
f 2783 2792 2784
f 2793 2794 2786
f 2794 2795 2786
f 2786 2795 2787
f 2796 2797 2793
f 2797 2798 2793
f 2793 2798 2794
f 2799 2800 2796
f 2800 2801 2796
f 2796 2801 2797
f 2802 2803 2799
f 2803 2804 2799
f 2799 2804 2800
f 2805 2806 2807
f 2806 2808 2807
f 2807 2808 2802
f 2808 2809 2802
f 2802 2809 2803
f 2805 2807 2810
f 2807 2811 2810
f 2810 2811 2812
f 2812 2811 2813
f 2811 2814 2813
f 2813 2814 2815
f 2815 2814 2816
f 2814 2817 2816
f 2816 2817 2818
f 2818 2817 2819
f 2817 2820 2819
f 2819 2820 2821
f 2821 2820 2822
f 2820 2823 2822
f 2822 2823 2824
f 2824 2823 2825
f 2823 2826 2825
f 2825 2826 2827
f 2828 2829 2830
f 2830 2831 2828
f 2831 2832 2828
f 2828 2832 2826
f 2832 2833 2826
f 2826 2833 2827
f 2834 2835 2836
f 2836 2837 2834
f 2837 2838 2834
f 2834 2838 2839
f 2838 2840 2839
f 2839 2840 2841
f 2840 2842 2841
f 2841 2842 2829
f 2842 2843 2829
f 2829 2843 2830
f 2844 2845 2835
f 2845 2846 2835
f 2835 2846 2836
f 2847 2848 2844
f 2848 2849 2844
f 2844 2849 2845
f 2777 2850 2778
f 2850 2851 2778
f 2778 2851 2847
f 2851 2852 2847
f 2847 2852 2848
f 2853 2854 2855
f 2856 2857 2858
f 2859 2860 2857
f 2860 2861 2857
f 2857 2861 2858
f 2862 2863 2859
f 2863 2864 2859
f 2859 2864 2860
f 2865 2866 2862
f 2866 2867 2862
f 2862 2867 2863
f 2868 2869 2865
f 2869 2870 2865
f 2865 2870 2866
f 2871 2872 2868
f 2872 2873 2868
f 2868 2873 2869
f 2874 2875 2871
f 2875 2876 2871
f 2871 2876 2872
f 2855 2854 2877
f 2854 2878 2877
f 2878 2879 2877
f 2877 2879 2880
f 2879 2881 2880
f 2880 2881 2874
f 2881 2882 2874
f 2874 2882 2875
f 2853 2855 2883
f 2855 2884 2883
f 2883 2884 2885
f 2885 2884 2886
f 2884 2887 2886
f 2886 2887 2888
f 2889 2890 2887
f 2890 2891 2887
f 2887 2891 2888
f 2892 2893 2894
f 2893 2895 2894
f 2894 2895 2889
f 2895 2896 2889
f 2889 2896 2890
f 2897 2898 2892
f 2898 2899 2892
f 2892 2899 2893
f 2900 2901 2902
f 2900 2902 2903
f 2902 2904 2903
f 2903 2904 2905
f 2904 2906 2905
f 2905 2906 2897
f 2906 2907 2897
f 2897 2907 2898
f 2901 2900 2908
f 2900 2909 2908
f 2908 2909 2910
f 2910 2909 2911
f 2909 2912 2911
f 2911 2912 2913
f 2913 2912 2914
f 2912 2915 2914
f 2914 2915 2916
f 2916 2915 2917
f 2915 2918 2917
f 2917 2918 2919
f 2919 2918 2920
f 2918 2921 2920
f 2920 2921 2922
f 2923 2924 2921
f 2924 2925 2921
f 2921 2925 2922
f 2858 2926 2856
f 2926 2927 2856
f 2856 2927 2923
f 2927 2928 2923
f 2923 2928 2924
f 2929 2930 2931
f 2932 2933 2930
f 2933 2934 2930
f 2930 2934 2931
f 2935 2936 2932
f 2936 2937 2932
f 2932 2937 2933
f 2938 2939 2935
f 2939 2940 2935
f 2935 2940 2936
f 2941 2942 2938
f 2942 2943 2938
f 2938 2943 2939
f 2944 2945 2941
f 2945 2946 2941
f 2941 2946 2942
f 2947 2948 2944
f 2948 2949 2944
f 2944 2949 2945
f 2950 2951 2947
f 2951 2952 2947
f 2947 2952 2948
f 2953 2954 2950
f 2954 2955 2950
f 2950 2955 2951
f 2956 2957 2953
f 2957 2958 2953
f 2953 2958 2954
f 2959 2960 2956
f 2960 2961 2956
f 2956 2961 2957
f 2962 2963 2959
f 2963 2964 2959
f 2959 2964 2960
f 2965 2966 2967
f 2966 2968 2967
f 2967 2968 2962
f 2968 2969 2962
f 2962 2969 2963
f 2965 2967 2970
f 2967 2971 2970
f 2970 2971 2972
f 2972 2971 2973
f 2971 2974 2973
f 2973 2974 2975
f 2975 2974 2976
f 2974 2977 2976
f 2976 2977 2978
f 2978 2977 2979
f 2977 2980 2979
f 2979 2980 2981
f 2981 2980 2982
f 2980 2983 2982
f 2982 2983 2984
f 2985 2986 2983
f 2986 2987 2983
f 2983 2987 2984
f 2988 2989 2990
f 2990 2991 2988
f 2991 2992 2988
f 2988 2992 2985
f 2992 2993 2985
f 2985 2993 2986
f 2994 2995 2996
f 2996 2997 2994
f 2997 2998 2994
f 2994 2998 2989
f 2998 2999 2989
f 2989 2999 2990
f 2931 3000 2929
f 3000 3001 2929
f 2929 3001 2995
f 3001 3002 2995
f 2995 3002 2996
f 3003 3004 3005
f 3006 3007 3008
f 3009 3010 3011
f 3012 3013 3010
f 3013 3014 3010
f 3010 3014 3011
f 3015 3016 3012
f 3016 3017 3012
f 3012 3017 3013
f 3018 3019 3020
f 3019 3021 3020
f 3021 3022 3020
f 3022 3023 3020
f 3020 3023 3015
f 3023 3024 3015
f 3015 3024 3016
f 3018 3020 3025
f 3020 3026 3025
f 3025 3026 3027
f 3007 3028 3008
f 3028 3029 3008
f 3008 3029 3026
f 3029 3030 3026
f 3026 3030 3027
f 3031 3032 3033
f 3032 3034 3033
f 3033 3034 3008
f 3034 3035 3008
f 3008 3035 3006
f 3031 3033 3036
f 3033 3037 3036
f 3036 3037 3038
f 3039 3037 3040
f 3037 3041 3040
f 3039 3042 3037
f 3042 3043 3037
f 3037 3043 3038
f 3044 3045 3041
f 3045 3046 3041
f 3041 3046 3040
f 3047 3048 3044
f 3048 3049 3044
f 3044 3049 3045
f 3050 3051 3052
f 3051 3053 3052
f 3052 3053 3047
f 3053 3054 3047
f 3047 3054 3048
f 3050 3052 3055
f 3052 3056 3055
f 3055 3056 3057
f 3057 3056 3058
f 3056 3059 3058
f 3058 3059 3060
f 3060 3059 3061
f 3059 3062 3061
f 3061 3062 3063
f 3063 3062 3064
f 3062 3065 3064
f 3064 3065 3066
f 3066 3065 3067
f 3065 3068 3067
f 3067 3068 3069
f 3005 3004 3068
f 3004 3070 3068
f 3068 3070 3069
f 3003 3005 3071
f 3005 3072 3071
f 3071 3072 3073
f 3074 3075 3072
f 3075 3076 3072
f 3072 3076 3073
f 3077 3078 3079
f 3079 3080 3077
f 3080 3081 3077
f 3077 3081 3074
f 3081 3082 3074
f 3074 3082 3075
f 3011 3083 3009
f 3083 3084 3009
f 3009 3084 3085
f 3084 3086 3085
f 3085 3086 3078
f 3086 3087 3078
f 3078 3087 3079
f 3088 3089 3090
f 3089 3091 3090
f 3088 3090 3092
f 3090 3093 3092
f 3092 3093 3094
f 3095 3096 3097
f 3096 3098 3097
f 3097 3098 3093
f 3098 3099 3093
f 3093 3099 3094
f 3100 3101 3102
f 3101 3103 3102
f 3102 3103 3097
f 3103 3104 3097
f 3097 3104 3095
f 3100 3102 3105
f 3102 3106 3105
f 3105 3106 3107
f 3108 3106 3109
f 3106 3110 3109
f 3108 3111 3106
f 3111 3112 3106
f 3106 3112 3107
f 3113 3110 3114
f 3110 3115 3114
f 3113 3116 3110
f 3116 3117 3110
f 3110 3117 3109
f 3118 3119 3115
f 3119 3120 3115
f 3115 3120 3114
f 3121 3122 3115
f 3122 3123 3115
f 3115 3123 3118
f 3124 3125 3126
f 3126 3127 3124
f 3127 3128 3124
f 3124 3128 3121
f 3128 3129 3121
f 3121 3129 3122
f 3130 3131 3132
f 3132 3133 3130
f 3133 3134 3130
f 3130 3134 3125
f 3134 3135 3125
f 3125 3135 3126
f 3136 3137 3138
f 3136 3138 3139
f 3138 3140 3139
f 3140 3141 3139
f 3139 3141 3131
f 3141 3142 3131
f 3131 3142 3132
f 3137 3136 3143
f 3136 3144 3143
f 3143 3144 3145
f 3145 3144 3146
f 3144 3147 3146
f 3146 3147 3148
f 3148 3147 3149
f 3147 3150 3149
f 3149 3150 3151
f 3151 3150 3152
f 3150 3153 3152
f 3152 3153 3154
f 3155 3156 3153
f 3156 3157 3153
f 3153 3157 3154
f 3158 3159 3160
f 3159 3161 3160
f 3160 3161 3155
f 3161 3162 3155
f 3155 3162 3156
f 3163 3164 3158
f 3164 3165 3158
f 3158 3165 3159
f 3166 3167 3163
f 3167 3168 3163
f 3163 3168 3164
f 3089 3169 3091
f 3169 3170 3091
f 3091 3170 3166
f 3170 3171 3166
f 3166 3171 3167
f 3172 3173 3174
f 3173 3175 3174
f 3174 3175 3176
f 3172 3174 3177
f 3174 3178 3177
f 3177 3178 3179
f 3179 3178 3180
f 3178 3181 3180
f 3180 3181 3182
f 3182 3181 3183
f 3181 3184 3183
f 3183 3184 3185
f 3185 3184 3186
f 3184 3187 3186
f 3186 3187 3188
f 3188 3187 3189
f 3187 3190 3189
f 3189 3190 3191
f 3191 3190 3192
f 3190 3193 3192
f 3192 3193 3194
f 3194 3193 3195
f 3193 3196 3195
f 3195 3196 3197
f 3198 3199 3200
f 3200 3201 3198
f 3201 3202 3198
f 3198 3202 3196
f 3202 3203 3196
f 3196 3203 3197
f 3204 3205 3206
f 3206 3207 3204
f 3207 3208 3204
f 3204 3208 3199
f 3208 3209 3199
f 3199 3209 3200
f 3210 3211 3212
f 3210 3212 3213
f 3212 3214 3213
f 3214 3215 3213
f 3213 3215 3205
f 3215 3216 3205
f 3205 3216 3206
f 3211 3210 3217
f 3210 3218 3217
f 3217 3218 3219
f 3219 3218 3220
f 3218 3221 3220
f 3220 3221 3222
f 3222 3221 3223
f 3221 3224 3223
f 3223 3224 3225
f 3225 3224 3226
f 3224 3227 3226
f 3226 3227 3228
f 3229 3230 3227
f 3230 3231 3227
f 3227 3231 3228
f 3232 3233 3234
f 3233 3235 3234
f 3234 3235 3229
f 3235 3236 3229
f 3229 3236 3230
f 3237 3238 3232
f 3238 3239 3232
f 3232 3239 3233
f 3240 3241 3237
f 3241 3242 3237
f 3237 3242 3238
f 3175 3243 3176
f 3243 3244 3176
f 3176 3244 3240
f 3244 3245 3240
f 3240 3245 3241
f 3246 3247 3248
f 3247 3249 3248
f 3248 3249 3250
f 3249 3251 3250
f 3250 3251 3252
f 3251 3253 3252
f 3252 3253 3254
f 3253 3255 3254
f 3254 3255 3256
f 3255 3257 3256
f 3256 3257 3258
f 3257 3259 3258
f 3258 3259 3260
f 3259 3261 3260
f 3260 3261 3262
f 3261 3263 3262
f 3262 3263 3264
f 3263 3265 3264
f 3264 3265 3266
f 3265 3267 3266
f 3266 3267 3268
f 3267 3269 3268
f 3268 3269 3270
f 3269 3271 3270
f 3270 3271 3272
f 3271 3273 3272
f 3272 3273 3274
f 3273 3275 3274
f 3274 3275 3276
f 3275 3277 3276
f 3276 3277 3278
f 3277 3279 3278
f 3278 3279 3280
f 3279 3281 3280
f 3280 3281 3282
f 3281 3283 3282
f 3282 3283 3284
f 3283 3285 3284
f 3284 3285 3286
f 3285 3287 3286
f 3286 3287 3288
f 3287 3289 3288
f 3288 3289 3290
f 3289 3291 3290
f 3290 3291 3292
f 3291 3293 3292
f 3292 3293 3246
f 3293 3247 3246
f 3294 3295 3296
f 3295 3297 3296
f 3296 3297 3298
f 3297 3299 3298
f 3298 3299 3300
f 3299 3301 3300
f 3300 3301 3302
f 3301 3303 3302
f 3302 3303 3304
f 3303 3305 3304
f 3304 3305 3306
f 3305 3307 3306
f 3306 3307 3308
f 3307 3309 3308
f 3308 3309 3310
f 3309 3311 3310
f 3310 3311 3312
f 3311 3313 3312
f 3312 3313 3314
f 3313 3315 3314
f 3314 3315 3316
f 3315 3317 3316
f 3316 3317 3318
f 3317 3319 3318
f 3318 3319 3320
f 3319 3321 3320
f 3320 3321 3322
f 3321 3323 3322
f 3322 3323 3324
f 3323 3325 3324
f 3324 3325 3326
f 3325 3327 3326
f 3326 3327 3328
f 3327 3329 3328
f 3328 3329 3330
f 3329 3331 3330
f 3330 3331 3332
f 3331 3333 3332
f 3332 3333 3334
f 3333 3335 3334
f 3334 3335 3336
f 3335 3337 3336
f 3336 3337 3338
f 3337 3339 3338
f 3338 3339 3340
f 3339 3341 3340
f 3340 3341 3294
f 3341 3295 3294
f 3342 3343 3344
f 3343 3345 3344
f 3344 3345 3346
f 3345 3347 3346
f 3346 3347 3348
f 3347 3349 3348
f 3348 3349 3350
f 3349 3351 3350
f 3350 3351 3352
f 3351 3353 3352
f 3352 3353 3354
f 3353 3355 3354
f 3354 3355 3356
f 3355 3357 3356
f 3356 3357 3358
f 3357 3359 3358
f 3358 3359 3360
f 3359 3361 3360
f 3360 3361 3362
f 3361 3363 3362
f 3362 3363 3364
f 3363 3365 3364
f 3364 3365 3366
f 3365 3367 3366
f 3366 3367 3368
f 3367 3369 3368
f 3368 3369 3370
f 3369 3371 3370
f 3370 3371 3372
f 3371 3373 3372
f 3372 3373 3374
f 3373 3375 3374
f 3374 3375 3376
f 3375 3377 3376
f 3376 3377 3378
f 3377 3379 3378
f 3378 3379 3380
f 3379 3381 3380
f 3380 3381 3382
f 3381 3383 3382
f 3382 3383 3384
f 3383 3385 3384
f 3384 3385 3386
f 3385 3387 3386
f 3386 3387 3388
f 3387 3389 3388
f 3388 3389 3342
f 3389 3343 3342
f 3390 3391 3392
f 3391 3393 3392
f 3392 3393 3394
f 3393 3395 3394
f 3394 3395 3396
f 3395 3397 3396
f 3396 3397 3398
f 3397 3399 3398
f 3398 3399 3400
f 3399 3401 3400
f 3400 3401 3402
f 3401 3403 3402
f 3402 3403 3404
f 3403 3405 3404
f 3404 3405 3406
f 3405 3407 3406
f 3406 3407 3408
f 3407 3409 3408
f 3408 3409 3410
f 3409 3411 3410
f 3410 3411 3412
f 3411 3413 3412
f 3412 3413 3414
f 3413 3415 3414
f 3414 3415 3416
f 3415 3417 3416
f 3416 3417 3418
f 3417 3419 3418
f 3418 3419 3420
f 3419 3421 3420
f 3420 3421 3422
f 3421 3423 3422
f 3422 3423 3424
f 3423 3425 3424
f 3424 3425 3426
f 3425 3427 3426
f 3426 3427 3428
f 3427 3429 3428
f 3428 3429 3430
f 3429 3431 3430
f 3430 3431 3432
f 3431 3433 3432
f 3432 3433 3434
f 3433 3435 3434
f 3434 3435 3436
f 3435 3437 3436
f 3436 3437 3390
f 3437 3391 3390
f 3438 3439 3440
f 3439 3441 3440
f 3440 3441 3442
f 3441 3443 3442
f 3442 3443 3444
f 3443 3445 3444
f 3444 3445 3446
f 3445 3447 3446
f 3446 3447 3448
f 3447 3449 3448
f 3448 3449 3450
f 3450 3449 3451
f 3449 3452 3451
f 3451 3452 3453
f 3454 3455 3452
f 3455 3456 3452
f 3452 3456 3453
f 3457 3458 3459
f 3458 3460 3459
f 3459 3460 3454
f 3460 3461 3454
f 3454 3461 3455
f 3457 3459 3462
f 3459 3463 3462
f 3462 3463 3464
f 3465 3466 3467
f 3466 3468 3467
f 3467 3468 3469
f 3470 3471 3465
f 3471 3472 3465
f 3465 3472 3466
f 3473 3474 3470
f 3474 3475 3470
f 3470 3475 3471
f 3476 3477 3478
f 3477 3479 3478
f 3478 3479 3473
f 3479 3480 3473
f 3473 3480 3474
f 3481 3482 3478
f 3482 3483 3478
f 3478 3483 3476
f 3484 3485 3486
f 3485 3487 3486
f 3486 3487 3488
f 3487 3489 3488
f 3488 3489 3481
f 3489 3490 3481
f 3481 3490 3482
f 1914 3491 3492
f 3493 3494 3495
f 3496 3497 3498
f 3499 3500 3501
f 3500 3502 3501
f 3501 3502 3503
f 3503 3502 3504
f 3502 3505 3504
f 3504 3505 3506
f 3507 3508 3505
f 3508 3509 3505
f 3509 3510 3505
f 3510 3511 3505
f 3505 3511 3506
f 3497 3512 3505
f 3512 3513 3505
f 3513 3514 3505
f 3505 3514 3507
f 3515 3516 3517
f 3518 3519 3520
f 3519 3521 3520
f 3520 3521 3522
f 3521 3523 3522
f 3523 3521 3524
f 3521 3525 3524
f 3524 3525 3526
f 3526 3525 3527
f 3525 3528 3527
f 3527 3528 3529
f 3530 3531 3532
f 3531 3533 3532
f 3493 3495 3534
f 3495 3535 3534
f 3534 3535 3536
f 3491 3537 3492
f 3537 3538 3492
f 3492 3538 3535
f 3538 3539 3535
f 3535 3539 3536
f 3540 3541 3542
f 3541 3543 3542
f 3542 3543 3544
f 3499 3545 3500
f 3545 3546 3500
f 3500 3546 3547
f 3548 3549 3544
f 3550 3519 3515
f 3519 3518 3515
f 3515 3518 3516
f 3544 3543 3548
f 3543 3550 3548
f 3548 3550 3551
f 3550 3515 3551
f 3551 3515 3498
f 3515 3517 3498
f 3498 3517 3496
f 3497 3505 3498
f 3505 3502 3498
f 3498 3502 3551
f 3502 3500 3551
f 3551 3500 3548
f 3500 3547 3548
f 3548 3547 3549
f 3552 3553 3554
f 3553 3529 3554
f 3554 3529 3555
f 3529 3528 3555
f 3555 3528 3556
f 3528 3525 3556
f 3556 3525 3557
f 3525 3521 3557
f 3557 3521 3558
f 3521 3519 3558
f 3541 3559 3543
f 3559 3560 3543
f 3543 3560 3550
f 3560 3561 3550
f 3550 3561 3519
f 3561 3562 3519
f 3519 3562 3558
f 3562 3563 3558
f 3558 3563 3557
f 3563 3532 3557
f 3557 3532 3556
f 3532 3533 3556
f 3556 3533 3555
f 1909 1914 3564
f 1914 3492 3564
f 3564 3492 3565
f 3492 3566 3565
f 3567 3568 3569
f 3568 3570 3569
f 3569 3570 3571
f 3570 3572 3571
f 3571 3572 3573
f 3572 3574 3573
f 3494 3567 3495
f 3567 3569 3495
f 3495 3569 3535
f 3569 3571 3535
f 3535 3571 3492
f 3571 3573 3492
f 3492 3573 3566
f 3573 3574 3566
f 3566 3574 3575
f 3574 3576 3575
f 3540 3576 3541
f 3576 3574 3541
f 3541 3574 3559
f 3574 3572 3559
f 3559 3572 3560
f 3572 3570 3560
f 3560 3570 3561
f 3570 3568 3561
f 3561 3568 3562
f 3568 3567 3562
f 3562 3567 3563
f 3567 3494 3563
f 3563 3494 3532
f 3494 3493 3532
f 3532 3493 3530
f 3577 3578 3579
f 1920 1918 3580
f 1918 1916 3580
f 1916 1915 3580
f 3580 1915 3581
f 3582 3583 3584
f 3582 3584 3580
f 3584 1921 3580
f 3580 1921 1920
f 3583 3582 3585
f 3582 3579 3585
f 3585 3579 3586
f 3579 3578 3586
f 3586 3578 3587
f 3577 3588 3589
f 3588 3590 3589
f 3589 3590 3591
f 3591 3590 3592
f 3590 3593 3592
f 3592 3593 3594
f 3594 3593 3595
f 3593 3596 3595
f 3595 3596 3597
f 3598 3599 3596
f 3599 3600 3596
f 3596 3600 3597
f 1563 3601 1558
f 3601 3602 1558
f 1558 3602 3598
f 3602 3603 3598
f 3598 3603 3599
f 3588 3604 3590
f 3604 3605 3590
f 3590 3605 3593
f 3605 3606 3593
f 3593 3606 3596
f 3606 3607 3596
f 3596 3607 3598
f 3607 1567 3598
f 3598 1567 1558
f 3581 3608 3580
f 3608 3609 3580
f 3580 3609 3610
f 3609 3611 3610
f 3610 3611 3612
f 3611 3613 3612
f 3612 3613 3614
f 3614 3615 3612
f 3615 1555 3612
f 3612 1555 1568
f 3577 3579 3588
f 3579 3582 3588
f 3588 3582 3604
f 3582 3580 3604
f 3604 3580 3605
f 3580 3610 3605
f 3605 3610 3606
f 3610 3612 3606
f 3606 3612 3607
f 3612 1568 3607
f 3607 1568 1567
f 3616 3617 3618
f 3619 3620 3621
f 3622 3623 3624
f 3625 3626 3627
f 3626 3628 3629
f 3630 3631 3632
f 3631 3633 3632
f 3632 3633 3634
f 3635 3575 3636
f 3575 3576 3636
f 3636 3576 3637
f 1909 3564 3638
f 3564 3565 3638
f 3638 3565 3635
f 3565 3566 3635
f 3635 3566 3575
f 3639 3622 3640
f 3622 3624 3640
f 3640 3624 3641
f 3624 3642 3641
f 3641 3642 3643
f 3642 3644 3643
f 3623 3645 3624
f 3645 3646 3624
f 3624 3646 3642
f 3646 3647 3642
f 3642 3647 3644
f 3647 3648 3644
f 3649 3650 3651
f 3645 3625 3646
f 3625 3627 3646
f 3646 3627 3647
f 3627 3652 3647
f 3647 3652 3648
f 3652 3653 3648
f 3654 3655 3653
f 3655 3656 3653
f 3653 3656 3648
f 3656 3657 3648
f 3648 3657 3644
f 3657 3658 3644
f 3644 3658 3643
f 3626 3629 3627
f 3629 3659 3627
f 3627 3659 3652
f 3659 3660 3652
f 3652 3660 3653
f 3660 3661 3653
f 3653 3661 3654
f 3654 3662 3655
f 3662 3663 3655
f 3655 3663 3664
f 3665 3666 3667
f 3668 3669 3665
f 3669 3670 3665
f 3665 3670 3666
f 3671 3668 3672
f 3668 3665 3672
f 3672 3665 3673
f 3665 3667 3673
f 3673 3667 3674
f 3674 3675 3673
f 3675 3676 3673
f 3673 3676 3677
f 3676 3678 3677
f 3678 3679 3677
f 3679 3680 3677
f 3677 3680 3681
f 3680 3682 3681
f 3682 3683 3681
f 3681 3683 3633
f 3683 3684 3633
f 3633 3684 3634
f 3631 3619 3633
f 3619 3621 3633
f 3633 3621 3681
f 3621 3685 3681
f 3681 3685 3677
f 3685 3686 3677
f 3677 3686 3673
f 3686 3687 3673
f 3673 3687 3672
f 3687 3688 3672
f 3672 3688 3671
f 3688 3689 3671
f 3690 3639 3691
f 3639 3640 3691
f 3691 3640 3692
f 3640 3641 3692
f 3692 3641 3693
f 3641 3643 3693
f 3693 3643 3694
f 3643 3658 3694
f 3694 3658 3695
f 3658 3657 3695
f 3695 3657 3696
f 3657 3656 3696
f 3696 3656 3697
f 3656 3655 3697
f 3697 3655 3649
f 3655 3664 3649
f 3649 3664 3650
f 3620 3690 3621
f 3690 3691 3621
f 3621 3691 3685
f 3691 3692 3685
f 3685 3692 3686
f 3692 3693 3686
f 3686 3693 3687
f 3693 3694 3687
f 3687 3694 3688
f 3694 3695 3688
f 3688 3695 3689
f 3695 3696 3689
f 3689 3696 3698
f 3696 3697 3698
f 3698 3697 3699
f 3697 3649 3699
f 3699 3649 3700
f 3649 3651 3700
f 3700 3651 3701
f 3546 3545 3702
f 3703 3704 3669
f 3704 3705 3669
f 3669 3705 3670
f 3702 3616 3546
f 3616 3618 3546
f 3546 3618 3547
f 3618 3706 3547
f 3576 3540 3637
f 3540 3542 3637
f 3637 3542 3707
f 3542 3544 3707
f 3707 3544 3706
f 3544 3549 3706
f 3706 3549 3547
f 3708 3709 3638
f 3709 3710 3638
f 3638 3710 1909
f 3701 3708 3700
f 3708 3638 3700
f 3700 3638 3699
f 3638 3635 3699
f 3699 3635 3698
f 3635 3636 3698
f 3698 3636 3689
f 3636 3637 3689
f 3689 3637 3671
f 3637 3707 3671
f 3671 3707 3668
f 3707 3706 3668
f 3668 3706 3669
f 3706 3618 3669
f 3669 3618 3703
f 3618 3617 3703
f 3608 3581 3711
f 3712 3713 3714
f 1163 1520 1519
f 3715 3716 3711
f 3717 3718 3719
f 2587 2598 3720
f 1147 3721 2591
f 3721 3722 2591
f 3720 2598 3723
f 2598 2597 3723
f 2597 2595 3723
f 3723 2595 3722
f 2595 2593 3722
f 3722 2593 2591
f 2587 3720 2589
f 3720 3724 2589
f 2589 3724 3725
f 3725 3724 3726
f 3724 3727 3726
f 3726 3727 3728
f 3718 3729 3719
f 3729 3730 3719
f 3719 3730 3727
f 3730 3731 3727
f 3727 3731 3728
f 3717 3719 3732
f 3719 3733 3732
f 3732 3733 3734
f 3735 3736 3733
f 3736 3737 3733
f 3733 3737 3734
f 3716 3738 3711
f 3738 3739 3711
f 3711 3739 3735
f 3739 3740 3735
f 3735 3740 3736
f 3715 3711 3741
f 3711 3581 3741
f 3741 3581 1915
f 1555 3615 1554
f 3615 3742 1554
f 3743 1548 1546
f 1545 3744 3745
f 3744 1656 3745
f 3745 1656 3615
f 1656 3746 3615
f 3615 3746 3742
f 1544 1543 3747
f 1543 1541 3747
f 3747 1541 3748
f 1541 1540 3748
f 3748 1540 1549
f 1544 3747 1539
f 3747 3749 1539
f 1539 3749 1537
f 3750 3751 1528
f 3751 1529 1528
f 1524 1523 3752
f 1523 3753 3752
f 3752 3753 3754
f 3753 1526 3754
f 3754 1526 3755
f 3755 1534 3756
f 1534 3757 3756
f 3756 3757 3751
f 3757 1531 3751
f 3751 1531 1529
f 1524 3752 3758
f 3752 3759 3758
f 3758 3759 3760
f 3761 1515 3759
f 1515 1521 3759
f 3759 1521 3760
f 1519 1518 3761
f 1518 1516 3761
f 3761 1516 1515
f 1163 1519 3762
f 1519 3761 3762
f 3762 3761 3763
f 3764 3765 3766
f 3765 3767 3766
f 3766 3767 3768
f 3769 3770 3771
f 3770 3772 3771
f 3771 3772 3773
f 3772 3774 3773
f 3773 3774 3775
f 3774 3776 3775
f 3775 3776 3777
f 3776 3778 3777
f 3777 3778 3779
f 3778 3780 3779
f 3779 3780 3781
f 3780 3782 3781
f 3781 3782 3783
f 3782 3784 3783
f 3783 3784 3785
f 3784 3786 3785
f 3770 3712 3772
f 3712 3714 3772
f 3772 3714 3774
f 3714 3787 3774
f 3774 3787 3776
f 3787 3788 3776
f 3776 3788 3778
f 3788 3789 3778
f 3778 3789 3780
f 3789 3790 3780
f 3780 3790 3782
f 3790 3791 3782
f 3782 3791 3784
f 3791 3792 3784
f 3784 3792 3786
f 3792 3743 3786
f 3755 3756 3754
f 3756 3751 3754
f 3754 3751 3793
f 3751 3750 3793
f 3793 3750 3749
f 3750 1510 3749
f 3749 1510 1537
f 3713 3763 3714
f 3763 3761 3714
f 3714 3761 3787
f 3761 3759 3787
f 3787 3759 3788
f 3759 3752 3788
f 3788 3752 3789
f 3752 3754 3789
f 3789 3754 3790
f 3754 3793 3790
f 3790 3793 3791
f 3793 3749 3791
f 3791 3749 3792
f 3749 3747 3792
f 3792 3747 3743
f 3747 3748 3743
f 3743 3748 1548
f 3748 1549 1548
f 3768 3769 3766
f 3769 3771 3766
f 3766 3771 3794
f 3771 3773 3794
f 3794 3773 3795
f 3773 3775 3795
f 3795 3775 3796
f 3775 3777 3796
f 3796 3777 3797
f 3777 3779 3797
f 3797 3779 3798
f 3779 3781 3798
f 3798 3781 3799
f 3781 3783 3799
f 3799 3783 3800
f 3783 3785 3800
f 3800 3785 3801
f 3785 3786 3801
f 3801 3786 3745
f 3786 3743 3745
f 3745 3743 1545
f 3743 1546 1545
f 3615 3614 3745
f 3614 3613 3745
f 3745 3613 3801
f 3613 3611 3801
f 3801 3611 3609
f 3609 3608 3801
f 3608 3711 3801
f 3801 3711 3800
f 3711 3735 3800
f 3800 3735 3799
f 3735 3733 3799
f 3799 3733 3798
f 3733 3719 3798
f 3798 3719 3797
f 3719 3727 3797
f 3797 3727 3796
f 3727 3724 3796
f 3796 3724 3795
f 3724 3720 3795
f 3795 3720 3794
f 3720 3723 3794
f 3794 3723 3766
f 3723 3722 3766
f 3766 3722 3764
f 3722 3721 3764
f 3802 3803 3804
f 3805 3806 3807
f 3808 3809 3810
f 3811 3812 3813
f 3814 3815 3816
f 3815 3817 3816
f 3816 3817 3818
f 3819 3820 3814
f 3820 3821 3814
f 3814 3821 3815
f 3822 3823 3824
f 3822 3824 3825
f 3823 3822 3826
f 3822 3827 3826
f 3826 3827 3828
f 3828 3827 3829
f 3827 3810 3829
f 3829 3810 3830
f 3809 3831 3810
f 3831 3832 3810
f 3810 3832 3833
f 3833 3834 3810
f 3834 3835 3810
f 3810 3835 3830
f 3836 3837 3838
f 3837 3839 3838
f 3838 3839 3840
f 3841 3842 3843
f 3842 3844 3843
f 3843 3844 3845
f 3846 3847 3848
f 3847 3849 3848
f 3848 3849 1892
f 3850 3851 3842
f 3851 3852 3842
f 3842 3852 3844
f 3802 3804 3853
f 3854 3855 3856
f 3855 3857 3856
f 3856 3857 3858
f 3857 3859 3858
f 3859 3857 3860
f 3857 3861 3860
f 3860 3861 3862
f 3861 3848 3862
f 3862 3848 3863
f 3848 1892 3863
f 3863 1892 1894
f 3864 3850 3865
f 3850 3842 3865
f 3865 3842 3866
f 3842 3841 3866
f 3866 3841 3867
f 3806 3864 3807
f 3864 3865 3807
f 3807 3865 3868
f 3865 3866 3868
f 3868 3866 3869
f 3866 3867 3869
f 3869 3867 3870
f 3824 3819 3825
f 3819 3814 3825
f 3825 3814 3871
f 3814 3816 3871
f 3803 3805 3804
f 3805 3807 3804
f 3804 3807 3872
f 3807 3868 3872
f 3872 3868 3873
f 3868 3869 3873
f 3873 3869 3874
f 3869 3870 3874
f 3874 3870 3875
f 3876 3808 3877
f 3808 3810 3877
f 3877 3810 3878
f 3810 3827 3878
f 3878 3827 3879
f 3827 3822 3879
f 3879 3822 3880
f 3822 3825 3880
f 3880 3825 3881
f 3825 3871 3881
f 3881 3871 3882
f 3871 3816 3882
f 3882 3816 3811
f 3816 3818 3811
f 3811 3818 3812
f 3854 3883 3884
f 3883 3885 3884
f 3884 3885 3837
f 3885 3886 3837
f 3837 3886 3839
f 3884 3875 3854
f 3875 3870 3854
f 3854 3870 3855
f 3870 3867 3855
f 3855 3867 3857
f 3867 3841 3857
f 3857 3841 3861
f 3841 3843 3861
f 3861 3843 3848
f 3843 3845 3848
f 3848 3845 3846
f 3836 3876 3837
f 3876 3877 3837
f 3837 3877 3884
f 3877 3878 3884
f 3884 3878 3875
f 3878 3879 3875
f 3875 3879 3874
f 3879 3880 3874
f 3874 3880 3873
f 3880 3881 3873
f 3873 3881 3872
f 3881 3882 3872
f 3872 3882 3804
f 3882 3811 3804
f 3804 3811 3853
f 3811 3813 3853
f 3887 3888 3889
f 3890 3891 3892
f 3893 3894 3895
f 3896 3897 3898
f 3899 3900 3901
f 3902 3903 3904
f 3902 3905 3906
f 3905 3900 3906
f 3906 3900 3907
f 3900 3899 3907
f 3908 3909 3910
f 3909 3911 3910
f 3910 3911 3901
f 3911 3912 3901
f 3901 3912 3899
f 3913 3914 3915
f 3913 3915 3916
f 3917 3918 3919
f 3918 3920 3919
f 3921 3922 3854
f 3854 3922 3883
f 3922 3923 3883
f 3883 3923 3885
f 3885 3923 3886
f 3923 3924 3886
f 3886 3924 3839
f 3924 3925 3839
f 3839 3925 3840
f 3926 3896 3927
f 3926 3927 3928
f 3927 3929 3928
f 3928 3929 3930
f 3929 3895 3930
f 3930 3895 3931
f 3895 3894 3931
f 3931 3894 3932
f 3902 3904 3905
f 3904 3933 3905
f 3905 3933 3934
f 3934 3935 3905
f 3935 3936 3905
f 3905 3936 3900
f 3936 3898 3900
f 3900 3898 3901
f 3898 3897 3901
f 3901 3897 3910
f 3934 3937 3935
f 3937 3938 3935
f 3935 3938 3939
f 3896 3898 3927
f 3898 3936 3927
f 3927 3936 3929
f 3936 3935 3929
f 3929 3935 3895
f 3935 3939 3895
f 3895 3939 3893
f 3932 3940 3931
f 3940 3941 3931
f 3931 3941 3942
f 3943 3944 3945
f 3944 3946 3945
f 3888 3943 3889
f 3943 3945 3889
f 3889 3945 3947
f 3946 3948 3945
f 3948 3949 3945
f 3945 3949 3947
f 3949 3950 3947
f 3946 3951 3948
f 3951 3952 3948
f 3948 3952 3953
f 3952 3954 3953
f 3954 3955 3953
f 3953 3955 3956
f 3955 3957 3956
f 3957 3958 3956
f 3956 3958 3959
f 3958 3960 3959
f 3959 3960 3961
f 3961 3917 3959
f 3917 3919 3959
f 3959 3919 3956
f 3919 3962 3956
f 3956 3962 3953
f 3962 3963 3953
f 3953 3963 3948
f 3963 3964 3948
f 3948 3964 3949
f 3964 3965 3949
f 3949 3965 3950
f 3965 3966 3950
f 3914 3908 3915
f 3908 3910 3915
f 3915 3910 3967
f 3910 3897 3967
f 3967 3897 3968
f 3897 3896 3968
f 3968 3896 3969
f 3896 3926 3969
f 3969 3926 3970
f 3926 3928 3970
f 3970 3928 3971
f 3928 3930 3971
f 3971 3930 3972
f 3930 3931 3972
f 3972 3931 3973
f 3931 3942 3973
f 3973 3942 3974
f 3920 3916 3919
f 3916 3915 3919
f 3919 3915 3962
f 3915 3967 3962
f 3962 3967 3963
f 3967 3968 3963
f 3963 3968 3964
f 3968 3969 3964
f 3964 3969 3965
f 3969 3970 3965
f 3965 3970 3966
f 3970 3971 3966
f 3966 3971 3975
f 3971 3972 3975
f 3975 3972 3976
f 3972 3973 3976
f 3976 3973 3977
f 1894 3890 3863
f 3890 3892 3863
f 3863 3892 3862
f 3892 3978 3862
f 3854 3856 3921
f 3856 3858 3921
f 3921 3858 3979
f 3858 3859 3979
f 3979 3859 3978
f 3859 3860 3978
f 3978 3860 3862
f 3974 3980 3973
f 3980 3981 3973
f 3973 3981 3977
f 3981 3982 3977
f 3977 3982 3983
f 3984 3985 3924
f 3985 3986 3924
f 3924 3986 3925
f 3983 3984 3977
f 3984 3924 3977
f 3977 3924 3976
f 3924 3923 3976
f 3976 3923 3975
f 3923 3922 3975
f 3975 3922 3966
f 3922 3921 3966
f 3966 3921 3950
f 3921 3979 3950
f 3950 3979 3947
f 3979 3978 3947
f 3947 3978 3889
f 3978 3892 3889
f 3889 3892 3887
f 3892 3891 3887
f 3987 3988 3989
f 3990 3991 3992
f 3993 3994 3995
f 3996 3997 3998
f 3999 1347 1349
f 4000 1901 3992
f 4001 4002 4003
f 4002 3992 4003
f 4003 3992 1900
f 3992 1901 1900
f 4004 1906 1905
f 4000 3992 1905
f 3992 3991 1905
f 1905 3991 4004
f 3996 3998 4005
f 4005 4006 4007
f 4006 4008 4007
f 4007 4008 4009
f 4009 4008 4010
f 4008 4011 4010
f 4010 4011 4012
f 4013 4014 3993
f 3993 3995 4013
f 3995 4015 4013
f 4013 4015 4016
f 4015 4017 4016
f 4016 4017 4018
f 4019 4020 3989
f 4019 3989 4021
f 3988 4022 3989
f 4022 4023 3989
f 3989 4023 4021
f 4023 4024 4021
f 3994 4025 3995
f 4025 4012 3995
f 3995 4012 4015
f 4012 4011 4015
f 4015 4011 4017
f 4011 4002 4017
f 4017 4002 4018
f 4002 4001 4018
f 3997 3999 3998
f 3999 1349 3998
f 3998 1349 4022
f 1349 1353 4022
f 4022 1353 4023
f 1353 1344 4023
f 4023 1344 4024
f 1344 1343 4024
f 4005 3998 4006
f 3998 4022 4006
f 4006 4022 4008
f 4022 3988 4008
f 4008 3988 4011
f 3988 3987 4011
f 4011 3987 4002
f 3987 3989 4002
f 4002 3989 3992
f 3989 4020 3992
f 3992 4020 3990
f 4019 4021 4026
f 4027 4028 4029
f 3990 4020 4030
f 4031 4032 4033
f 4034 4035 4036
f 4037 4038 4039
f 2281 2274 4040
f 4041 4042 4043
f 4044 1906 4004
f 1402 1401 4045
f 1401 1261 4045
f 4045 1261 4046
f 1261 1260 4046
f 4046 1260 1443
f 1402 4045 4047
f 4045 4048 4047
f 4047 4048 1400
f 1397 4049 4050
f 4049 4051 4050
f 4050 4051 4048
f 4051 1399 4048
f 4048 1399 1400
f 1388 1390 4027
f 1390 4052 4027
f 4027 4052 4028
f 4052 1393 4028
f 4028 1393 4050
f 1393 1398 4050
f 4050 1398 1397
f 1384 4053 4054
f 4055 1380 4054
f 1380 1385 4054
f 4054 1385 1384
f 4056 4057 4058
f 4057 4059 4058
f 4058 4059 1372
f 4059 1373 1372
f 1363 4060 4026
f 4060 1371 4026
f 4026 1371 4061
f 1371 1369 4061
f 1373 4059 1375
f 4059 4062 1375
f 1375 4062 1376
f 1343 1346 4024
f 1346 4021 4024
f 1346 1367 4021
f 1367 4063 4021
f 4021 4063 4026
f 4063 1365 4026
f 4026 1365 1363
f 4064 4065 4066
f 4065 4064 4067
f 4068 4069 4070
f 4069 4071 4070
f 4070 4071 4072
f 4071 4073 4072
f 4072 4073 4074
f 4042 4075 4043
f 4075 4076 4043
f 4043 4076 4070
f 4076 4077 4070
f 4070 4077 4068
f 4078 4079 4080
f 4080 4081 4078
f 4081 4082 4078
f 4078 4082 4043
f 4082 4083 4043
f 4043 4083 4041
f 4084 4085 4086
f 4085 4087 4086
f 4086 4087 4078
f 4087 4088 4078
f 4078 4088 4079
f 2278 1927 4089
f 1927 1926 4089
f 4089 1926 4086
f 1926 4090 4086
f 4086 4090 4084
f 4040 2274 4089
f 2274 2276 4089
f 4089 2276 2278
f 4091 4092 4093
f 4092 4094 4093
f 4095 1187 2283
f 2281 4040 2282
f 4040 4093 2282
f 2282 4093 2283
f 4093 4094 2283
f 2283 4094 4095
f 4066 4044 4064
f 4044 4004 4064
f 4064 4004 4030
f 4004 3991 4030
f 4030 3991 3990
f 4096 4037 4097
f 4037 4039 4097
f 4097 4039 4098
f 4039 4099 4098
f 4098 4099 4100
f 4099 4101 4100
f 4100 4101 4102
f 4101 4103 4102
f 4102 4103 4104
f 4103 4105 4104
f 4104 4105 4106
f 4105 4107 4106
f 4106 4107 4108
f 4107 4109 4108
f 4108 4109 4110
f 4109 4111 4110
f 4038 4091 4039
f 4091 4093 4039
f 4039 4093 4099
f 4093 4040 4099
f 4099 4040 4101
f 4040 4089 4101
f 4101 4089 4103
f 4089 4086 4103
f 4103 4086 4105
f 4086 4078 4105
f 4105 4078 4107
f 4078 4043 4107
f 4107 4043 4109
f 4043 4070 4109
f 4109 4070 4111
f 4070 4072 4111
f 4056 4112 4057
f 4112 4055 4057
f 4057 4055 4029
f 4055 4054 4029
f 4029 4054 4027
f 4054 4053 4027
f 4027 4053 1388
f 4046 4031 4045
f 4031 4033 4045
f 4045 4033 4048
f 4033 4113 4048
f 4048 4113 4050
f 4113 4114 4050
f 4050 4114 4028
f 4114 4115 4028
f 4028 4115 4029
f 4115 4116 4029
f 4029 4116 4057
f 4116 4117 4057
f 4057 4117 4059
f 4117 4118 4059
f 4059 4118 4062
f 4118 4061 4062
f 4062 4061 1376
f 4061 1369 1376
f 4035 4096 4036
f 4096 4097 4036
f 4036 4097 4119
f 4097 4098 4119
f 4119 4098 4120
f 4098 4100 4120
f 4120 4100 4121
f 4100 4102 4121
f 4121 4102 4122
f 4102 4104 4122
f 4122 4104 4123
f 4104 4106 4123
f 4123 4106 4124
f 4106 4108 4124
f 4124 4108 4125
f 4108 4110 4125
f 4125 4110 4030
f 4110 4111 4030
f 4030 4111 4064
f 4111 4072 4064
f 4064 4072 4067
f 4072 4074 4067
f 4020 4019 4030
f 4019 4026 4030
f 4030 4026 4125
f 4026 4061 4125
f 4125 4061 4124
f 4061 4118 4124
f 4124 4118 4123
f 4118 4117 4123
f 4123 4117 4122
f 4117 4116 4122
f 4122 4116 4121
f 4116 4115 4121
f 4121 4115 4120
f 4115 4114 4120
f 4120 4114 4119
f 4114 4113 4119
f 4119 4113 4036
f 4113 4033 4036
f 4036 4033 4034
f 4033 4032 4034
f 4126 4127 4128
f 4129 4130 4131
f 4130 4132 4131
f 4131 4132 4133
f 4132 4134 4133
f 4129 4135 4130
f 4135 4136 4130
f 4130 4136 4137
f 4136 4138 4137
f 4137 4138 4128
f 4138 4139 4128
f 4128 4139 4126
f 4140 4141 4127
f 4141 4142 4127
f 4127 4142 4128
f 4140 4143 4141
f 4143 4144 4141
f 4141 4144 2583
f 4144 4145 2583
f 2583 4145 2584
f 4134 4132 4146
f 4132 4147 4146
f 4146 4147 4148
f 4147 4149 4148
f 4148 4149 4150
f 4151 4152 4149
f 4152 4153 4149
f 4149 4153 4150
f 4151 4154 4152
f 4154 4155 4152
f 4152 4155 4156
f 3831 3809 4157
f 3809 3808 4157
f 4157 3808 3876
f 3876 3836 4157
f 3836 3838 4157
f 4157 3838 4158
f 3838 3840 4158
f 4158 3840 4159
f 3840 3925 4159
f 3925 3986 4159
f 4159 3986 4160
f 3986 3985 4160
f 4160 3985 4161
f 3985 3984 4161
f 3984 3983 4161
f 4161 3983 4162
f 3983 3982 4162
f 4162 3982 4163
f 3982 3981 4163
f 3981 3980 4163
f 4163 3980 4164
f 3980 3974 4164
f 3974 3942 4164
f 4164 3942 4165
f 3942 3941 4165
f 4165 3941 4166
f 3941 3940 4166
f 3940 3932 4166
f 4166 3932 4167
f 3932 3894 4167
f 4167 3894 4168
f 3894 3893 4168
f 3893 3939 4168
f 4168 3939 4169
f 3939 3938 4169
f 4169 3938 4170
f 3938 3937 4170
f 3937 3934 4170
f 4170 3934 4171
f 3934 3933 4171
f 4171 3933 4172
f 3933 3904 4172
f 4172 3904 3903
f 1909 3710 1907
f 3710 4173 1907
f 4174 4175 3710
f 4175 4176 3710
f 3710 4176 4173
f 3661 3660 4152
f 3660 3659 4152
f 3659 3629 4152
f 4152 3629 3628
f 4174 3710 4177
f 3710 3709 4177
f 4177 3709 3708
f 3708 3701 4177
f 3701 3651 4177
f 4177 3651 4178
f 3651 3650 4178
f 4178 3650 4156
f 4156 3650 4152
f 3650 3664 4152
f 4152 3664 3663
f 3663 3662 4152
f 3662 3654 4152
f 4152 3654 3661
f 4179 4180 4181
f 4182 4183 4184
f 4183 4185 4184
f 4184 4185 4186
f 4185 4187 4186
f 4186 4187 4188
f 4189 4190 4180
f 4190 4191 4180
f 4180 4191 4181
f 4192 4193 4194
f 4195 4196 4194
f 4196 4197 4194
f 4194 4197 4198
f 4188 4199 4186
f 4199 4200 4186
f 4186 4200 4201
f 4201 4202 4186
f 4202 4203 4186
f 4186 4203 4204
f 4205 4206 4194
f 4206 4207 4194
f 4193 4208 4194
f 4208 4209 4194
f 4194 4209 4195
f 4204 4210 4186
f 4210 4211 4186
f 4186 4211 4181
f 4211 4212 4181
f 4181 4212 4179
f 4207 4213 4194
f 4213 4214 4194
f 4194 4214 4192
f 4215 4216 4190
f 4216 4217 4190
f 4190 4217 4218
f 4217 4219 4218
f 4218 4219 4220
f 4219 4221 4220
f 4220 4221 4194
f 4221 4222 4194
f 4194 4222 4205
f 4189 4223 4190
f 4223 4224 4190
f 4190 4224 4225
f 4226 4227 4190
f 4227 4228 4190
f 4190 4228 4229
f 4225 4230 4190
f 4230 4231 4190
f 4190 4231 4226
f 4232 4233 4190
f 4234 4235 4190
f 4233 4236 4190
f 4236 4237 4190
f 4190 4237 4238
f 4239 4240 4190
f 4240 4241 4190
f 4190 4241 4242
f 4242 4243 4190
f 4243 4244 4190
f 4190 4244 4245
f 4229 4246 4190
f 4246 4247 4190
f 4190 4247 4248
f 4238 4249 4190
f 4249 4250 4190
f 4190 4250 4251
f 4252 4253 4190
f 4253 4254 4190
f 4190 4254 4215
f 4251 4255 4190
f 4255 4256 4190
f 4190 4256 4257
f 4245 4258 4190
f 4258 4259 4190
f 4190 4259 4260
f 4261 4262 4190
f 4235 4263 4190
f 4263 4264 4190
f 4190 4264 4252
f 4248 4265 4190
f 4265 4266 4190
f 4190 4266 4267
f 4267 4268 4190
f 4268 4269 4190
f 4190 4269 4232
f 4262 4270 4190
f 4270 4271 4190
f 4190 4271 4234
f 4257 4272 4190
f 4272 4273 4190
f 4190 4273 4239
f 4260 4274 4190
f 4274 4275 4190
f 4190 4275 4276
f 4276 4277 4190
f 4277 4278 4190
f 4190 4278 4261
f 4279 4280 4281
f 4282 4283 4284
f 4285 4286 4287
f 1584 4288 1582
f 4288 4289 1582
f 1647 1646 4290
f 1646 1637 4290
f 4290 1637 4289
f 1637 1636 4289
f 4289 1636 1582
f 1642 1641 4287
f 1641 1640 4287
f 4287 1640 4290
f 1640 1648 4290
f 4290 1648 1647
f 1645 1644 4291
f 1644 4286 4291
f 4286 1644 4287
f 1644 1643 4287
f 4287 1643 1642
f 4292 4293 4294
f 4293 4285 4294
f 4281 4295 4292
f 4296 4297 4280
f 4297 4298 4280
f 4280 4298 4281
f 4298 4299 4281
f 4281 4299 4295
f 4300 2651 4301
f 4283 4296 4284
f 4296 4280 4284
f 4284 4280 4302
f 4280 4279 4302
f 4302 4279 4303
f 4304 4305 4306
f 2680 2679 4307
f 2679 4308 4307
f 4307 4308 4309
f 4308 4300 4309
f 4309 4300 4310
f 4300 4301 4310
f 4310 4301 4311
f 4288 4312 4289
f 4312 4305 4289
f 4289 4305 4290
f 4305 4304 4290
f 4290 4304 4287
f 4312 4313 4305
f 4313 4314 4305
f 4305 4314 4306
f 4314 4315 4306
f 4306 4315 4316
f 4285 4287 4294
f 4287 4304 4294
f 4294 4304 4317
f 4304 4306 4317
f 4317 4306 4318
f 4306 4316 4318
f 4318 4316 4319
f 4292 4294 4281
f 4294 4317 4281
f 4281 4317 4279
f 4317 4318 4279
f 4279 4318 4303
f 4318 4319 4303
f 4303 4319 4320
f 4320 4321 4303
f 4321 4307 4303
f 4303 4307 4302
f 4307 4309 4302
f 4302 4309 4284
f 4309 4310 4284
f 4284 4310 4282
f 4310 4311 4282
f 2681 2680 4322
f 2680 4307 4322
f 4322 4307 4323
f 4307 4321 4323
f 1883 1885 4324
f 4324 4325 4326
f 4322 4323 4327
f 4315 4314 4328
f 1589 1587 4329
f 1602 1873 1595
f 1873 1874 1595
f 1595 1874 1596
f 1874 4330 1596
f 1596 4330 1597
f 4330 1598 1597
f 1587 1586 4329
f 1586 1593 4329
f 4329 1593 4330
f 1593 1592 4330
f 4330 1592 1598
f 4313 4312 4329
f 4312 4288 4329
f 4288 1584 4329
f 1584 1590 4329
f 4329 1590 1589
f 4321 4320 4325
f 4320 4319 4325
f 4325 4319 4326
f 4319 4316 4326
f 4326 4316 4315
f 2696 2681 4322
f 4328 4331 4332
f 4323 4321 4327
f 4321 4325 4327
f 4327 4325 4333
f 4325 4324 4333
f 1875 1890 4331
f 1874 1875 4330
f 1875 4331 4330
f 4330 4331 4329
f 4331 4328 4329
f 4329 4328 4313
f 4328 4314 4313
f 1890 1891 4331
f 1891 1827 4331
f 4331 1827 4332
f 1827 1833 4332
f 4332 1833 1835
f 4315 4328 4326
f 4328 4332 4326
f 4326 4332 4324
f 4332 1835 4324
f 4324 1835 1883
f 1885 1887 4324
f 1887 1876 4324
f 4324 1876 4333
f 1876 1878 4333
f 4333 1878 1819
f 4322 4327 2696
f 4327 4333 2696
f 2696 4333 2702
f 4333 1819 2702
f 2702 1819 1781
f 3503 3504 4334
f 3702 3545 4335
f 3545 3499 4335
f 4335 3499 4334
f 3499 3501 4334
f 4334 3501 3503
f 3504 3506 4334
f 3506 3511 4334
f 4334 3511 3510
f 3702 4335 3616
f 4335 4336 3616
f 3616 4336 3617
f 4336 4337 3617
f 3617 4337 3703
f 4337 4338 3703
f 3703 4338 3704
f 4338 4339 3704
f 3704 4339 3705
f 4340 3675 4341
f 3675 3674 4341
f 4341 3674 4342
f 3674 3667 4342
f 4342 3667 4343
f 3667 3666 4343
f 4343 3666 4339
f 3666 3670 4339
f 4339 3670 3705
f 4344 3679 4345
f 3679 3678 4345
f 4345 3678 4340
f 3678 3676 4340
f 4340 3676 3675
f 4346 3683 4347
f 3683 3682 4347
f 4347 3682 4344
f 3682 3680 4344
f 4344 3680 3679
f 3632 4348 4346
f 4348 3684 4346
f 4346 3684 3683
f 4349 4350 4351
f 4350 4346 4351
f 4352 3630 3632
f 4346 4350 3632
f 4350 4353 3632
f 3632 4353 4352
f 4354 4355 4356
f 4357 4358 4359
f 4358 4360 4359
f 4359 4360 4361
f 4361 4360 4362
f 4360 4363 4362
f 4362 4363 4364
f 4363 4365 4364
f 4364 4365 4366
f 4365 4367 4366
f 4366 4367 4368
f 4354 4356 4369
f 4356 4370 4369
f 4369 4370 4371
f 4370 4372 4371
f 4371 4372 4373
f 4372 4374 4373
f 4373 4374 4375
f 4374 4376 4375
f 4375 4376 4368
f 4376 4377 4368
f 4368 4377 4366
f 4378 4379 4380
f 4379 4381 4380
f 4380 4381 4382
f 4381 4383 4382
f 4382 4383 4384
f 4383 4385 4384
f 4384 4385 4386
f 4385 4387 4386
f 4386 4387 4388
f 4387 4389 4388
f 4388 4389 4390
f 4389 4391 4390
f 4390 4391 4392
f 4391 4393 4392
f 4392 4393 4394
f 4393 4395 4394
f 4394 4395 4396
f 4395 4397 4396
f 4396 4397 4398
f 4397 4399 4398
f 4398 4399 4400
f 4399 4401 4400
f 4400 4401 4402
f 4401 4403 4402
f 4402 4403 4404
f 4403 4405 4404
f 4404 4405 4406
f 4405 4407 4406
f 4406 4407 4408
f 4407 4409 4408
f 4408 4409 4410
f 4409 4411 4410
f 4410 4411 4412
f 4411 4413 4412
f 4412 4413 4414
f 4413 4415 4414
f 4414 4415 4416
f 4415 4417 4416
f 4416 4417 4418
f 4417 4419 4418
f 4418 4419 4420
f 4419 4421 4420
f 4420 4421 4422
f 4421 4423 4422
f 4422 4423 4424
f 4423 4425 4424
f 4424 4425 4378
f 4425 4379 4378
f 4426 4427 4428
f 4427 4429 4428
f 4428 4429 4430
f 4429 4431 4430
f 4430 4431 4432
f 4431 4433 4432
f 4432 4433 4434
f 4433 4435 4434
f 4434 4435 4436
f 4435 4437 4436
f 4436 4437 4438
f 4437 4439 4438
f 4438 4439 4440
f 4439 4441 4440
f 4440 4441 4442
f 4441 4443 4442
f 4442 4443 4444
f 4443 4445 4444
f 4444 4445 4446
f 4445 4447 4446
f 4446 4447 4448
f 4447 4449 4448
f 4448 4449 4450
f 4449 4451 4450
f 4450 4451 4452
f 4451 4453 4452
f 4452 4453 4454
f 4453 4455 4454
f 4454 4455 4456
f 4455 4457 4456
f 4456 4457 4458
f 4457 4459 4458
f 4458 4459 4460
f 4459 4461 4460
f 4460 4461 4462
f 4461 4463 4462
f 4462 4463 4464
f 4463 4465 4464
f 4464 4465 4466
f 4465 4467 4466
f 4466 4467 4468
f 4467 4469 4468
f 4468 4469 4470
f 4469 4471 4470
f 4470 4471 4472
f 4471 4473 4472
f 4472 4473 4426
f 4473 4427 4426
f 4474 4475 4476
f 4475 4477 4476
f 4476 4477 4478
f 4477 4479 4478
f 4478 4479 4480
f 4479 4481 4480
f 4480 4481 4482
f 4481 4483 4482
f 4482 4483 4484
f 4483 4485 4484
f 4484 4485 4486
f 4485 4487 4486
f 4486 4487 4488
f 4487 4489 4488
f 4488 4489 4490
f 4489 4491 4490
f 4490 4491 4492
f 4491 4493 4492
f 4492 4493 4494
f 4493 4495 4494
f 4494 4495 4496
f 4495 4497 4496
f 4496 4497 4498
f 4497 4499 4498
f 4498 4499 4500
f 4499 4501 4500
f 4500 4501 4502
f 4501 4503 4502
f 4502 4503 4504
f 4503 4505 4504
f 4504 4505 4506
f 4505 4507 4506
f 4506 4507 4508
f 4507 4509 4508
f 4508 4509 4510
f 4509 4511 4510
f 4510 4511 4512
f 4511 4513 4512
f 4512 4513 4514
f 4513 4515 4514
f 4514 4515 4516
f 4515 4517 4516
f 4516 4517 4518
f 4517 4519 4518
f 4518 4519 4520
f 4519 4521 4520
f 4520 4521 4474
f 4521 4475 4474
f 4522 4523 4524
f 4523 4525 4524
f 4524 4525 4526
f 4525 4527 4526
f 4526 4527 4528
f 4527 4529 4528
f 4528 4529 4530
f 4529 4531 4530
f 4530 4531 4532
f 4531 4533 4532
f 4532 4533 4534
f 4533 4535 4534
f 4534 4535 4536
f 4535 4537 4536
f 4536 4537 4538
f 4537 4539 4538
f 4538 4539 4540
f 4539 4541 4540
f 4540 4541 4542
f 4541 4543 4542
f 4542 4543 4544
f 4543 4545 4544
f 4544 4545 4546
f 4545 4547 4546
f 4546 4547 4548
f 4547 4549 4548
f 4548 4549 4550
f 4549 4551 4550
f 4550 4551 4552
f 4551 4553 4552
f 4552 4553 4554
f 4553 4555 4554
f 4554 4555 4556
f 4555 4557 4556
f 4556 4557 4558
f 4557 4559 4558
f 4558 4559 4560
f 4559 4561 4560
f 4560 4561 4562
f 4561 4563 4562
f 4562 4563 4564
f 4563 4565 4564
f 4564 4565 4566
f 4565 4567 4566
f 4566 4567 4568
f 4567 4569 4568
f 4568 4569 4522
f 4569 4523 4522
f 4570 4571 4572
f 4573 4574 4575
f 4576 4577 4578
f 4579 4580 4581
f 4582 4579 4583
f 4579 4581 4583
f 4583 4581 4584
f 4585 4586 4587
f 4586 4588 4587
f 4587 4588 4589
f 4585 4590 4586
f 4590 4591 4586
f 4586 4591 4581
f 4591 4592 4581
f 4581 4592 4584
f 4593 4594 4595
f 4594 4596 4595
f 4595 4596 4588
f 4596 4597 4588
f 4588 4597 4589
f 4576 4578 4598
f 2576 4570 4599
f 4570 4572 4599
f 4599 4572 4600
f 4572 4601 4600
f 4601 4572 4602
f 4572 4603 4602
f 4602 4603 4604
f 4605 4606 4603
f 4606 4607 4603
f 4603 4607 4604
f 4608 4609 4610
f 4609 4611 4610
f 4610 4611 4605
f 4611 4612 4605
f 4605 4612 4606
f 4608 4610 4613
f 4610 4614 4613
f 4613 4614 4615
f 4615 4614 4616
f 4614 4617 4616
f 4616 4617 4618
f 4617 4619 4618
f 4618 4619 4620
f 4621 399 4622
f 4623 4621 4619
f 4621 4622 4619
f 4622 4624 4619
f 4619 4624 4620
f 4625 4626 4627
f 4628 4629 4630
f 4629 4631 4630
f 4632 4633 4634
f 4633 4635 4634
f 4636 4637 4638
f 4637 4639 4638
f 4640 4641 4642
f 4641 4643 4642
f 4642 4643 4644
f 4645 4646 4647
f 4646 4648 4647
f 4649 4650 4651
f 4650 4652 4651
f 4651 4652 4647
f 4652 4653 4647
f 4647 4653 4645
f 4654 4655 4656
f 4655 4657 4656
f 4656 4657 4649
f 4657 4658 4649
f 4649 4658 4650
f 4580 4659 4581
f 4659 4660 4581
f 4581 4660 4586
f 4660 4661 4586
f 4586 4661 4588
f 4661 4662 4588
f 4588 4662 4595
f 4662 4663 4595
f 4664 4665 4666
f 4665 4667 4666
f 4666 4667 4668
f 4667 4669 4668
f 4668 4669 4634
f 4669 4638 4634
f 4634 4638 4632
f 4638 4639 4632
f 4644 4636 4642
f 4636 4638 4642
f 4642 4638 4670
f 4638 4669 4670
f 4670 4669 4671
f 4669 4667 4671
f 4671 4667 4672
f 4667 4665 4672
f 4672 4656 4671
f 4656 4649 4671
f 4671 4649 4670
f 4649 4651 4670
f 4670 4651 4642
f 4651 4647 4642
f 4642 4647 4640
f 4647 4648 4640
f 4640 4648 4673
f 4610 4674 4614
f 4674 4675 4614
f 4614 4675 4617
f 4675 4625 4617
f 4617 4625 4619
f 4625 4627 4619
f 4619 4627 4623
f 4676 4654 4677
f 4654 4656 4677
f 4677 4656 4678
f 4656 4672 4678
f 4678 4672 4679
f 4672 4665 4679
f 4679 4665 4680
f 4665 4664 4680
f 4680 4664 4681
f 4664 4666 4681
f 4681 4666 4682
f 4666 4668 4682
f 4682 4668 4683
f 4668 4634 4683
f 4683 4634 4630
f 4634 4635 4630
f 4630 4635 4628
f 4574 4598 4575
f 4598 4578 4575
f 4575 4578 4684
f 4578 4685 4684
f 4684 4685 4686
f 4685 4687 4686
f 4686 4687 4688
f 4577 4593 4578
f 4593 4595 4578
f 4578 4595 4685
f 4595 4663 4685
f 4685 4663 4687
f 4571 4573 4572
f 4573 4575 4572
f 4572 4575 4603
f 4575 4684 4603
f 4603 4684 4605
f 4684 4686 4605
f 4605 4686 4610
f 4686 4688 4610
f 4610 4688 4674
f 4659 4676 4660
f 4676 4677 4660
f 4660 4677 4661
f 4677 4678 4661
f 4661 4678 4662
f 4678 4679 4662
f 4662 4679 4663
f 4679 4680 4663
f 4663 4680 4687
f 4680 4681 4687
f 4687 4681 4688
f 4681 4682 4688
f 4688 4682 4674
f 4682 4683 4674
f 4674 4683 4675
f 4683 4630 4675
f 4675 4630 4625
f 4630 4631 4625
f 4625 4631 4626
f 4133 4134 4590
f 2405 4570 2425
f 4570 2576 2425
f 4145 2402 2388
f 2388 2580 4145
f 2580 2581 4145
f 4145 2581 2584
f 2405 2402 4570
f 2402 4145 4570
f 4570 4145 4571
f 4145 4689 4571
f 4571 4689 4573
f 4689 4143 4573
f 4573 4143 4574
f 4143 4598 4574
f 4593 4577 4126
f 4577 4576 4126
f 4126 4576 4127
f 4576 4598 4127
f 4127 4598 4690
f 4598 4143 4690
f 4136 4589 4597
f 4597 4596 4136
f 4596 4594 4136
f 4136 4594 4138
f 4594 4593 4138
f 4138 4593 4139
f 4593 4126 4139
f 4136 4135 4589
f 4135 4129 4589
f 4589 4129 4587
f 4129 4585 4587
f 4585 4129 4590
f 4129 4131 4590
f 4590 4131 4133
f 4146 4583 4134
f 4583 4584 4134
f 4584 4592 4134
f 4592 4591 4134
f 4134 4591 4590
f 4146 4148 4583
f 4148 4150 4583
f 4583 4150 4582
f 4150 4153 4582
f 4582 4153 4152
f 4691 4692 4693
f 4627 4626 4694
f 4695 4696 4697
f 4698 4699 4700
f 4701 4702 4703
f 4704 4705 4706
f 4707 512 382
f 4621 4623 4708
f 4708 371 394
f 4708 394 4621
f 394 397 4621
f 4621 397 399
f 4709 393 4708
f 393 372 4708
f 4708 372 371
f 391 390 4710
f 390 375 4710
f 4710 375 4709
f 375 374 4709
f 4709 374 393
f 391 4710 392
f 4710 4711 392
f 392 4711 388
f 384 383 4712
f 383 513 4712
f 4712 513 4711
f 513 389 4711
f 4711 389 388
f 384 4712 386
f 4712 4713 386
f 386 4713 381
f 381 4713 382
f 4713 4714 382
f 382 4714 4707
f 4715 4716 4717
f 4716 4718 4717
f 4719 4720 4721
f 4720 4722 4721
f 4723 4724 4725
f 4724 4726 4725
f 4725 4726 4727
f 4726 4728 4727
f 4705 4729 4706
f 4729 4730 4706
f 4706 4730 4731
f 4730 4732 4731
f 4731 4732 4725
f 4732 4733 4725
f 4725 4733 4723
f 4734 4704 4735
f 4704 4706 4735
f 4735 4706 4736
f 4706 4702 4736
f 4737 4738 4739
f 4698 4700 4697
f 4740 4741 4695
f 4741 4740 4742
f 4740 4743 4742
f 4742 4743 4744
f 4744 4743 4745
f 4743 4746 4745
f 4745 4746 4747
f 4748 4749 4750
f 4749 4751 4750
f 4752 4748 4632
f 4752 4632 4753
f 4632 4639 4753
f 4753 4639 4754
f 4637 4636 4755
f 4755 4636 4756
f 4637 4755 4639
f 4755 4757 4639
f 4639 4757 4754
f 4636 4758 4756
f 4758 4643 4756
f 4756 4643 4759
f 4643 4641 4759
f 4641 4640 4759
f 4759 4640 4760
f 4640 4673 4760
f 4631 4629 4761
f 4629 4628 4761
f 4761 4628 4750
f 4628 4635 4750
f 4750 4635 4748
f 4635 4633 4748
f 4748 4633 4632
f 4762 4763 4764
f 4763 4765 4764
f 4764 4765 4766
f 4765 4767 4766
f 4766 4767 4703
f 4767 4737 4703
f 4703 4737 4701
f 4737 4739 4701
f 4702 4706 4703
f 4706 4731 4703
f 4703 4731 4766
f 4731 4725 4766
f 4766 4725 4764
f 4725 4727 4764
f 4764 4727 4762
f 4711 4768 4712
f 4768 4717 4712
f 4712 4717 4713
f 4717 4718 4713
f 4713 4718 4714
f 4699 4738 4700
f 4738 4737 4700
f 4700 4737 4769
f 4737 4767 4769
f 4769 4767 4770
f 4767 4765 4770
f 4770 4765 4771
f 4765 4763 4771
f 4771 4763 4772
f 4763 4762 4772
f 4772 4762 4773
f 4762 4727 4773
f 4773 4727 4721
f 4727 4728 4721
f 4721 4728 4719
f 4626 4631 4694
f 4631 4761 4694
f 4694 4761 4774
f 4774 4692 4775
f 4692 4691 4775
f 4775 4691 4776
f 4774 4761 4692
f 4761 4750 4692
f 4692 4750 4693
f 4750 4751 4693
f 4693 4751 4746
f 4751 4777 4746
f 4746 4777 4747
f 4623 4627 4708
f 4627 4694 4708
f 4708 4694 4709
f 4694 4774 4709
f 4709 4774 4710
f 4774 4775 4710
f 4710 4775 4711
f 4775 4776 4711
f 4711 4776 4768
f 4695 4697 4740
f 4697 4700 4740
f 4740 4700 4743
f 4700 4769 4743
f 4743 4769 4746
f 4769 4770 4746
f 4746 4770 4693
f 4770 4771 4693
f 4693 4771 4691
f 4771 4772 4691
f 4691 4772 4776
f 4772 4773 4776
f 4776 4773 4768
f 4773 4721 4768
f 4768 4721 4717
f 4721 4722 4717
f 4717 4722 4715
f 4778 4779 4780
f 4781 4782 4783
f 961 963 4784
f 965 967 4785
f 4714 4718 4786
f 4787 4788 4789
f 4788 4790 4789
f 4790 4791 4789
f 4789 4791 4792
f 4793 4794 4795
f 4794 4796 4795
f 4797 4798 4799
f 4798 4800 4799
f 4799 4800 4801
f 4800 4802 4801
f 4718 4716 4786
f 4716 4803 4786
f 4786 4803 4804
f 4803 4805 4804
f 4804 4805 4799
f 4805 4806 4799
f 4799 4806 4797
f 981 512 4707
f 4707 4714 981
f 4714 4786 981
f 981 4786 982
f 4786 983 982
f 980 979 4807
f 979 977 4807
f 4807 977 983
f 969 968 4808
f 968 975 4808
f 4808 975 974
f 972 971 4809
f 965 4785 964
f 4810 4811 4784
f 961 4784 960
f 4784 4811 960
f 960 4811 959
f 4810 4784 4812
f 4784 4813 4812
f 4812 4813 4814
f 4783 4782 4813
f 4782 4815 4813
f 4813 4815 4814
f 4816 4817 4818
f 4817 4819 4818
f 4818 4819 4820
f 4821 4822 4823
f 4781 4783 4824
f 4783 4818 4824
f 4824 4818 4823
f 4818 4820 4823
f 4823 4820 4821
f 4821 4825 4822
f 4825 4826 4822
f 4822 4826 4827
f 4826 4828 4827
f 4827 4828 4829
f 4828 4830 4829
f 4829 4830 4831
f 4830 4832 4831
f 4831 4832 4833
f 4832 4834 4833
f 4833 4834 4835
f 4816 4818 4836
f 4818 4780 4836
f 4836 4780 4837
f 4838 4839 4779
f 4839 4840 4779
f 4840 4841 4779
f 4779 4841 4780
f 4841 4842 4780
f 4780 4842 4837
f 4843 4844 4845
f 4844 4846 4845
f 4846 4844 4847
f 4844 4848 4847
f 4847 4848 4849
f 4850 4851 4848
f 4851 4852 4848
f 4848 4852 4849
f 4792 4853 4789
f 4853 4854 4789
f 4789 4854 4850
f 4854 4855 4850
f 4850 4855 4851
f 4856 4857 4858
f 4857 4859 4858
f 4858 4859 4860
f 4859 4861 4860
f 4860 4861 4807
f 4861 4808 4807
f 4807 4808 980
f 4808 974 980
f 983 4786 4807
f 4786 4804 4807
f 4807 4804 4860
f 4804 4799 4860
f 4860 4799 4858
f 4799 4801 4858
f 4858 4801 4856
f 4787 4789 4862
f 4789 4850 4862
f 4862 4850 4863
f 4850 4848 4863
f 4863 4848 4864
f 971 969 4809
f 969 4808 4809
f 4809 4808 4865
f 4808 4861 4865
f 4865 4861 4866
f 4861 4859 4866
f 4866 4859 4867
f 4859 4857 4867
f 4867 4857 4868
f 4857 4856 4868
f 4868 4856 4869
f 4856 4801 4869
f 4869 4801 4795
f 4801 4802 4795
f 4795 4802 4793
f 963 964 4784
f 964 4785 4784
f 4784 4785 4813
f 4785 4870 4813
f 4813 4870 4783
f 4870 4871 4783
f 4783 4871 4818
f 4871 4872 4818
f 4818 4872 4780
f 4872 4873 4780
f 4780 4873 4778
f 4873 4864 4778
f 4864 4848 4778
f 4848 4844 4778
f 4778 4844 4779
f 4844 4843 4779
f 4779 4843 4838
f 4843 4845 4838
f 4838 4845 4874
f 967 972 4785
f 972 4809 4785
f 4785 4809 4870
f 4809 4865 4870
f 4870 4865 4871
f 4865 4866 4871
f 4871 4866 4872
f 4866 4867 4872
f 4872 4867 4873
f 4867 4868 4873
f 4873 4868 4864
f 4868 4869 4864
f 4864 4869 4863
f 4869 4795 4863
f 4863 4795 4862
f 4795 4796 4862
f 4862 4796 4787
f 4875 4876 4877
f 4878 4879 4880
f 4881 4882 4883
f 4884 4885 4886
f 4887 4888 4889
f 4890 4891 4892
f 4781 4824 4893
f 4831 4833 4894
f 4895 4896 4897
f 4898 4899 4900
f 4899 959 4900
f 4900 959 4811
f 4901 4902 4903
f 4903 4904 4901
f 4904 4905 4901
f 4901 4905 4900
f 4905 4906 4900
f 4900 4906 4898
f 4907 4908 4902
f 4908 4909 4902
f 4902 4909 4903
f 4910 4911 4912
f 4911 4913 4912
f 4912 4913 4907
f 4913 4914 4907
f 4907 4914 4908
f 4897 4896 4912
f 4896 4915 4912
f 4912 4915 4910
f 4916 1923 4917
f 4916 4917 4918
f 4917 4919 4918
f 4918 4919 4920
f 4917 4921 4919
f 4921 4922 4919
f 4919 4922 4897
f 4922 4923 4897
f 4897 4923 4895
f 4924 4925 4926
f 4925 4927 4926
f 4928 4929 4881
f 4929 4930 4881
f 4931 4932 4881
f 4932 4933 4881
f 4881 4933 4928
f 4934 4935 4936
f 4935 4937 4936
f 4936 4937 4931
f 4937 4938 4931
f 4931 4938 4932
f 4934 4936 4939
f 4936 4940 4939
f 4939 4940 4941
f 4941 4940 4942
f 4940 4943 4942
f 4942 4943 4944
f 4945 4946 4947
f 4946 4894 4947
f 4947 4894 4835
f 4894 4833 4835
f 4831 4894 4829
f 4894 4948 4829
f 4829 4948 4827
f 4948 4949 4827
f 4827 4949 4950
f 4893 4824 4949
f 4824 4823 4949
f 4949 4823 4950
f 4951 4815 4782
f 4812 4814 4952
f 4812 4952 4810
f 4946 4887 4894
f 4887 4889 4894
f 4894 4889 4948
f 4889 4953 4948
f 4948 4953 4949
f 4953 4954 4949
f 4949 4954 4893
f 4954 4955 4893
f 4882 4884 4956
f 4884 4886 4956
f 4886 4957 4956
f 4956 4957 4958
f 4957 4877 4958
f 4958 4877 4880
f 4877 4876 4880
f 4880 4876 4878
f 4959 4960 4961
f 4960 4962 4961
f 4881 4883 4931
f 4883 4963 4931
f 4931 4963 4936
f 4963 4961 4936
f 4936 4961 4940
f 4961 4962 4940
f 4940 4962 4943
f 4882 4956 4883
f 4956 4958 4883
f 4883 4958 4963
f 4958 4880 4963
f 4963 4880 4961
f 4880 4879 4961
f 4961 4879 4959
f 4907 4964 4912
f 4964 4965 4912
f 4912 4965 4897
f 4965 4925 4897
f 4897 4925 4919
f 4925 4924 4919
f 4919 4924 4920
f 4814 4815 4952
f 4815 4951 4952
f 4952 4951 4966
f 4951 4967 4966
f 4966 4967 4968
f 4967 4969 4968
f 4968 4969 4970
f 4782 4781 4951
f 4781 4893 4951
f 4951 4893 4967
f 4893 4955 4967
f 4967 4955 4969
f 4811 4810 4900
f 4810 4952 4900
f 4900 4952 4901
f 4952 4966 4901
f 4901 4966 4902
f 4966 4968 4902
f 4902 4968 4907
f 4968 4970 4907
f 4907 4970 4964
f 4891 4875 4892
f 4875 4877 4892
f 4892 4877 4971
f 4877 4957 4971
f 4971 4957 4972
f 4957 4886 4972
f 4972 4886 4973
f 4886 4885 4973
f 4973 4885 4974
f 4885 4884 4974
f 4974 4884 4975
f 4884 4882 4975
f 4975 4882 4976
f 4882 4881 4976
f 4976 4881 4977
f 4881 4930 4977
f 4977 4930 4978
f 4888 4890 4889
f 4890 4892 4889
f 4889 4892 4953
f 4892 4971 4953
f 4953 4971 4954
f 4971 4972 4954
f 4954 4972 4955
f 4972 4973 4955
f 4955 4973 4969
f 4973 4974 4969
f 4969 4974 4970
f 4974 4975 4970
f 4970 4975 4964
f 4975 4976 4964
f 4964 4976 4965
f 4976 4977 4965
f 4965 4977 4925
f 4977 4978 4925
f 4925 4978 4927
f 4937 4935 4979
f 4944 4980 4942
f 4980 4981 4942
f 4942 4981 4982
f 4979 4935 4983
f 4982 4984 4942
f 4984 4985 4942
f 4942 4985 4941
f 4985 4939 4941
f 4983 4935 4985
f 4935 4934 4985
f 4985 4934 4939
f 4986 4932 4979
f 4932 4938 4979
f 4979 4938 4937
f 4929 4928 4986
f 4928 4933 4986
f 4986 4933 4932
f 4929 4986 4930
f 4986 4987 4930
f 4930 4987 4978
f 4988 4989 4916
f 4988 4916 4990
f 4916 4918 4990
f 4990 4918 4920
f 4920 4924 4990
f 4924 4926 4990
f 4990 4926 4987
f 4926 4927 4987
f 4987 4927 4978
f 1924 1923 4916
f 1924 4916 2295
f 2250 2015 4989
f 2015 2022 4989
f 4989 2022 4916
f 2022 2294 4916
f 4916 2294 2295
f 4991 4992 4993
f 4994 4995 4996
f 4997 4998 4999
f 5000 5001 5002
f 5003 5004 5005
f 5006 5007 5008
f 5009 5010 5011
f 5010 5012 5011
f 5013 5014 5015
f 5016 5014 5017
f 5014 5013 5017
f 5017 5013 5018
f 5019 5020 5021
f 5020 5011 5021
f 5021 5011 5022
f 5011 5012 5022
f 5023 5024 5025
f 5024 5026 5025
f 5025 5026 5006
f 5027 5028 5029
f 5028 5030 5029
f 5029 5030 5031
f 5030 5032 5031
f 5033 5034 5035
f 5034 5036 5035
f 5037 5038 5035
f 5038 5039 5035
f 5035 5039 5033
f 5039 5040 5033
f 5033 5040 5041
f 5042 5043 5027
f 5043 5044 5027
f 5027 5044 5028
f 5041 5042 5033
f 5042 5027 5033
f 5033 5027 5034
f 5027 5029 5034
f 5034 5029 5036
f 5029 5031 5036
f 5006 5008 5025
f 5008 5003 5025
f 5025 5003 5023
f 5003 5005 5023
f 5023 5005 5002
f 5028 5045 5030
f 5045 5046 5030
f 5030 5046 5047
f 5047 5009 5030
f 5009 5011 5030
f 5030 5011 5032
f 5011 5020 5032
f 5032 5020 5048
f 5000 5002 5049
f 4992 5049 4993
f 5049 5002 4993
f 4993 5002 5050
f 5002 5005 5050
f 5050 5005 5051
f 5005 5004 5051
f 5051 5004 5052
f 5053 5054 5055
f 5054 5056 5055
f 5055 5056 5057
f 5058 5059 5060
f 4998 5061 5062
f 4998 5062 4999
f 5062 5063 4999
f 4999 5063 5064
f 5063 5065 5064
f 5065 5066 5064
f 5064 5066 5067
f 5068 5069 5070
f 5066 5071 5067
f 5071 5072 5067
f 5067 5072 5069
f 5072 5073 5069
f 5069 5073 5070
f 5070 5074 5068
f 5074 5075 5068
f 5068 5075 5076
f 5075 5077 5076
f 5076 5077 5078
f 5054 5079 5056
f 5079 5080 5056
f 5056 5080 5081
f 5080 5082 5081
f 5081 5082 5083
f 5082 5084 5083
f 5083 5084 5085
f 5084 5086 5085
f 5085 5086 5087
f 5086 5088 5087
f 5087 5088 5089
f 5088 5090 5089
f 5089 5090 4996
f 5090 5091 4996
f 4996 5091 4994
f 5091 5092 4994
f 4995 4997 4996
f 4997 4999 4996
f 4996 4999 5089
f 4999 5064 5089
f 5089 5064 5087
f 5064 5067 5087
f 5087 5067 5085
f 5067 5069 5085
f 5085 5069 5083
f 5069 5068 5083
f 5083 5068 5081
f 5068 5076 5081
f 5081 5076 5056
f 5076 5078 5056
f 5056 5078 5057
f 5093 5094 5095
f 5094 5096 5095
f 5097 5098 5052
f 5098 5099 5052
f 5052 5099 5051
f 5099 5100 5051
f 5051 5100 5050
f 5100 5101 5050
f 5050 5101 4993
f 5101 5096 4993
f 4993 5096 4991
f 5096 5094 4991
f 5001 5037 5002
f 5037 5035 5002
f 5002 5035 5023
f 5035 5036 5023
f 5023 5036 5024
f 5036 5031 5024
f 5024 5031 5026
f 5031 5032 5026
f 5026 5032 5006
f 5032 5048 5006
f 5006 5048 5007
f 5059 5097 5060
f 5097 5052 5060
f 5060 5052 5102
f 5052 5004 5102
f 5102 5004 5103
f 5004 5003 5103
f 5103 5003 5104
f 5003 5008 5104
f 5104 5008 5105
f 5008 5007 5105
f 5105 5007 5015
f 5007 5048 5015
f 5015 5048 5013
f 5048 5020 5013
f 5013 5020 5018
f 5020 5019 5018
f 5079 5058 5080
f 5058 5060 5080
f 5080 5060 5082
f 5060 5102 5082
f 5082 5102 5084
f 5102 5103 5084
f 5084 5103 5086
f 5103 5104 5086
f 5086 5104 5088
f 5104 5105 5088
f 5088 5105 5090
f 5105 5015 5090
f 5090 5015 5091
f 5015 5014 5091
f 5091 5014 5092
f 5014 5016 5092
f 5106 5107 5095
f 5107 5108 5095
f 5108 5109 5095
f 5095 5109 5093
f 5109 5110 5093
f 5093 5110 5111
f 5112 5113 5101
f 5095 5096 5106
f 5096 5101 5106
f 5106 5101 5114
f 5101 5113 5114
f 5101 5100 5112
f 5100 5099 5112
f 5112 5099 5115
f 5099 5116 5115
f 5117 5118 5097
f 5099 5098 5116
f 5098 5097 5116
f 5116 5097 5119
f 5097 5118 5119
f 5097 5059 5117
f 5059 5058 5117
f 5117 5058 5120
f 5053 5121 5054
f 5121 5122 5054
f 5054 5122 5079
f 5122 5123 5079
f 5079 5123 5058
f 5123 5124 5058
f 5058 5124 5120
f 5017 5018 5125
f 4994 5092 5126
f 5092 5016 5126
f 5127 5128 5129
f 5130 5131 5132
f 5131 5133 5132
f 5134 5135 5136
f 5135 5137 5136
f 5136 5137 5133
f 5137 5138 5133
f 5133 5138 5132
f 5134 5136 5139
f 5136 5140 5139
f 5139 5140 5141
f 5142 5143 5144
f 5145 5146 5147
f 5148 5149 5150
f 5148 5151 5152
f 5149 5148 5153
f 5148 5152 5153
f 5153 5152 5154
f 5151 5148 5155
f 5148 5156 5155
f 5155 5156 5157
f 5156 5158 5157
f 5157 5158 5159
f 5160 5161 5162
f 5159 5158 5162
f 5158 5163 5162
f 5162 5163 5160
f 5164 5165 5166
f 5165 5167 5166
f 5166 5167 5168
f 5169 4995 4994
f 5170 4998 4997
f 5061 4998 5171
f 4998 5170 5171
f 5171 5170 5172
f 5130 5172 5131
f 5172 5170 5131
f 5131 5170 5169
f 5170 4997 5169
f 5169 4997 4995
f 5173 5174 5175
f 5174 5176 5175
f 5175 5176 5177
f 5176 5178 5177
f 5177 5178 5179
f 5178 5180 5179
f 5179 5180 5181
f 4994 5126 5169
f 5126 5182 5169
f 5169 5182 5131
f 5182 5183 5131
f 5131 5183 5133
f 5183 5184 5133
f 5133 5184 5136
f 5184 5185 5136
f 5136 5185 5140
f 5016 5173 5126
f 5173 5175 5126
f 5126 5175 5182
f 5175 5177 5182
f 5182 5177 5183
f 5177 5179 5183
f 5183 5179 5184
f 5179 5181 5184
f 5184 5181 5185
f 5186 5160 5187
f 5160 5163 5187
f 5187 5163 5188
f 5163 5158 5188
f 5188 5158 5189
f 5158 5156 5189
f 5189 5156 5190
f 5156 5148 5190
f 5190 5148 5145
f 5148 5150 5145
f 5145 5150 5146
f 5191 5192 5193
f 5194 5195 5196
f 5195 5197 5196
f 5198 5199 5200
f 5199 5201 5200
f 5128 5186 5129
f 5186 5187 5129
f 5129 5187 5202
f 5187 5188 5202
f 5202 5188 5203
f 5188 5189 5203
f 5203 5189 5204
f 5189 5190 5204
f 5204 5190 5205
f 5190 5145 5205
f 5205 5145 5142
f 5145 5147 5142
f 5142 5147 5143
f 5165 5127 5167
f 5127 5129 5167
f 5167 5129 5206
f 5129 5202 5206
f 5206 5202 5207
f 5202 5203 5207
f 5207 5203 5180
f 5203 5204 5180
f 5180 5204 5181
f 5204 5205 5181
f 5181 5205 5185
f 5205 5142 5185
f 5185 5142 5140
f 5142 5144 5140
f 5140 5144 5141
f 5012 5208 5209
f 5208 5210 5209
f 5209 5210 5021
f 5211 5212 5213
f 5212 5210 5213
f 5213 5210 5214
f 5210 5208 5214
f 5211 5215 5212
f 5215 5216 5212
f 5212 5216 5217
f 5216 5218 5217
f 5217 5218 5219
f 5219 5220 5217
f 5220 5221 5217
f 5217 5221 5222
f 5221 5223 5222
f 5223 5224 5222
f 5224 5225 5222
f 5222 5225 5191
f 5225 5226 5191
f 5191 5226 5192
f 5018 5019 5125
f 5019 5227 5125
f 5125 5227 5228
f 5227 5229 5228
f 5228 5229 5230
f 5229 5231 5230
f 5230 5231 5232
f 5231 5233 5232
f 5232 5233 5234
f 5233 5235 5234
f 5234 5235 5236
f 5235 5196 5236
f 5236 5196 5200
f 5196 5197 5200
f 5200 5197 5198
f 5019 5021 5227
f 5021 5210 5227
f 5227 5210 5229
f 5210 5212 5229
f 5229 5212 5231
f 5212 5217 5231
f 5231 5217 5233
f 5217 5222 5233
f 5233 5222 5235
f 5222 5191 5235
f 5235 5191 5196
f 5191 5193 5196
f 5196 5193 5194
f 5016 5017 5173
f 5017 5125 5173
f 5173 5125 5174
f 5125 5228 5174
f 5174 5228 5176
f 5228 5230 5176
f 5176 5230 5178
f 5230 5232 5178
f 5178 5232 5180
f 5232 5234 5180
f 5180 5234 5207
f 5234 5236 5207
f 5207 5236 5206
f 5236 5200 5206
f 5206 5200 5167
f 5200 5201 5167
f 5167 5201 5168
f 5237 5238 5239
f 5238 5240 5239
f 5237 4353 5238
f 4353 5241 5238
f 5238 5241 5242
f 5240 5238 5243
f 5238 5244 5243
f 5243 5244 5245
f 5244 5246 5245
f 5245 5246 5247
f 5246 5248 5247
f 5247 5248 5249
f 5249 5248 5250
f 5248 5251 5250
f 5250 5251 5252
f 5251 5253 5252
f 5252 5253 5254
f 5254 5253 5255
f 5253 5256 5255
f 5255 5256 5257
f 5258 5257 5259
f 5257 5256 5259
f 5259 5256 5260
f 5256 5122 5260
f 5260 5122 5121
f 5261 5120 5253
f 5120 5262 5253
f 5253 5262 5256
f 5262 5263 5256
f 5256 5263 5122
f 5261 5253 5264
f 5253 5251 5264
f 5264 5251 5265
f 5265 5251 5266
f 5251 5248 5266
f 5266 5248 5267
f 5267 5248 5268
f 5248 5246 5268
f 5268 5246 5269
f 5270 5271 5238
f 5271 5272 5238
f 5238 5272 5244
f 5272 5273 5244
f 5244 5273 5246
f 5273 5274 5246
f 5246 5274 5269
f 5270 5238 5275
f 5238 5242 5275
f 5275 5242 5276
f 5277 5278 5279
f 5280 5281 5282
f 5283 5284 5285
f 5286 5287 5288
f 5289 5290 5291
f 5292 5293 5294
f 5295 5164 5296
f 5297 5298 5299
f 5300 5297 5301
f 5297 5299 5301
f 5301 5299 5302
f 5299 5303 5302
f 5302 5303 5304
f 5303 5127 5304
f 5304 5127 5305
f 5127 5295 5305
f 5306 5307 5308
f 5307 5309 5308
f 5308 5309 5310
f 5311 5312 5313
f 5314 5315 5316
f 5317 5318 5319
f 5318 5317 5320
f 5317 5321 5320
f 5320 5321 5322
f 5322 5321 5323
f 5321 5324 5323
f 5323 5324 5325
f 5325 5324 5326
f 5324 5327 5326
f 5326 5327 5328
f 5328 5327 5329
f 5327 5285 5329
f 5329 5285 5330
f 5331 5332 5333
f 5332 5289 5333
f 5331 5333 5334
f 5333 5335 5334
f 5334 5335 5336
f 5336 5335 5337
f 5335 5338 5337
f 5337 5338 5339
f 5289 5291 5333
f 5291 5340 5333
f 5333 5340 5335
f 5340 5288 5335
f 5335 5288 5338
f 5287 5341 5288
f 5341 5342 5288
f 5288 5342 5338
f 5342 5343 5338
f 5338 5343 5339
f 5343 5344 5339
f 5345 5346 5347
f 5346 5348 5347
f 5347 5348 5349
f 5348 5350 5349
f 5349 5350 5351
f 5350 5279 5351
f 5352 5353 5351
f 5278 5354 5279
f 5354 5355 5279
f 5279 5355 5351
f 5355 5356 5351
f 5351 5356 5352
f 5290 5345 5291
f 5345 5347 5291
f 5291 5347 5340
f 5347 5349 5340
f 5340 5349 5288
f 5349 5351 5288
f 5288 5351 5286
f 5351 5353 5286
f 5357 5358 5359
f 5358 5360 5359
f 5295 5296 5305
f 5296 5361 5305
f 5305 5361 5362
f 5363 5300 5364
f 5300 5301 5364
f 5364 5301 5365
f 5301 5302 5365
f 5365 5302 5366
f 5302 5304 5366
f 5366 5304 5367
f 5304 5305 5367
f 5367 5305 5368
f 5305 5362 5368
f 5362 5369 5368
f 5369 5370 5368
f 5368 5370 5371
f 5293 5363 5294
f 5363 5364 5294
f 5294 5364 5372
f 5364 5365 5372
f 5372 5365 5373
f 5365 5366 5373
f 5373 5366 5374
f 5366 5367 5374
f 5374 5367 5375
f 5367 5368 5375
f 5375 5368 5359
f 5368 5371 5359
f 5359 5371 5357
f 5306 5292 5307
f 5292 5294 5307
f 5307 5294 5376
f 5294 5372 5376
f 5376 5372 5377
f 5372 5373 5377
f 5377 5373 5378
f 5373 5374 5378
f 5378 5374 5379
f 5374 5375 5379
f 5379 5375 5380
f 5375 5359 5380
f 5380 5359 5381
f 5359 5360 5381
f 5330 5285 5382
f 5285 5284 5382
f 5382 5284 5383
f 5384 5280 5385
f 5280 5282 5385
f 5385 5282 5386
f 5282 5387 5386
f 5386 5387 5388
f 5387 5389 5388
f 5388 5389 5390
f 5389 5391 5390
f 5390 5391 5392
f 5391 5393 5392
f 5392 5393 5394
f 5393 5314 5394
f 5394 5314 5311
f 5314 5316 5311
f 5311 5316 5312
f 5281 5283 5282
f 5283 5285 5282
f 5282 5285 5387
f 5285 5327 5387
f 5387 5327 5389
f 5327 5324 5389
f 5389 5324 5391
f 5324 5321 5391
f 5391 5321 5393
f 5321 5317 5393
f 5393 5317 5314
f 5317 5319 5314
f 5314 5319 5315
f 5360 5395 5381
f 5395 5396 5381
f 5381 5396 5397
f 5346 5378 5348
f 5378 5379 5348
f 5348 5379 5350
f 5379 5380 5350
f 5350 5380 5279
f 5380 5381 5279
f 5279 5381 5277
f 5381 5397 5277
f 5332 5384 5289
f 5384 5385 5289
f 5289 5385 5290
f 5385 5386 5290
f 5290 5386 5345
f 5386 5388 5345
f 5345 5388 5346
f 5388 5390 5346
f 5346 5390 5378
f 5390 5392 5378
f 5378 5392 5377
f 5392 5394 5377
f 5377 5394 5376
f 5394 5311 5376
f 5376 5311 5307
f 5311 5313 5307
f 5307 5313 5309
f 5398 5399 5400
f 5401 5402 5403
f 5331 5334 5404
f 5405 5406 5407
f 5337 5339 5408
f 5283 5281 5409
f 5410 5411 5412
f 5332 5411 5384
f 5411 5410 5384
f 5384 5410 5280
f 5413 5383 5414
f 5383 5284 5414
f 5415 5416 5417
f 5415 5418 5416
f 5418 5419 5416
f 5416 5419 5420
f 5421 5422 5423
f 5422 5424 5423
f 5423 5424 5425
f 5424 5426 5425
f 5425 5426 5427
f 5426 5428 5427
f 5427 5428 5429
f 5428 5430 5429
f 5429 5430 5409
f 5430 5414 5409
f 5409 5414 5283
f 5414 5284 5283
f 5419 5431 5420
f 5431 5432 5420
f 5420 5432 5433
f 5432 5434 5433
f 5433 5434 5435
f 5422 5436 5424
f 5436 5417 5424
f 5424 5417 5426
f 5417 5416 5426
f 5426 5416 5428
f 5416 5420 5428
f 5428 5420 5430
f 5420 5433 5430
f 5430 5433 5414
f 5433 5435 5414
f 5414 5435 5413
f 5437 5436 5438
f 5436 5422 5438
f 5438 5422 5439
f 5422 5421 5439
f 5439 5421 5440
f 5441 5442 5443
f 5442 5444 5443
f 5443 5444 5445
f 5446 5447 5448
f 5449 5450 5451
f 5452 5453 5454
f 5453 5408 5454
f 5454 5408 5455
f 5408 5339 5455
f 5455 5339 5344
f 5452 5456 5453
f 5456 5457 5453
f 5453 5457 5458
f 5459 5460 5461
f 5460 5462 5461
f 5461 5462 5463
f 5464 5465 5466
f 5465 5467 5466
f 5457 5459 5458
f 5459 5461 5458
f 5458 5461 5466
f 5461 5463 5466
f 5466 5463 5464
f 5406 5405 5468
f 5405 5469 5468
f 5468 5469 5470
f 5441 5443 5471
f 5443 5407 5471
f 5471 5407 5472
f 5336 5337 5473
f 5337 5408 5473
f 5473 5408 5470
f 5408 5453 5470
f 5470 5453 5468
f 5453 5458 5468
f 5468 5458 5406
f 5458 5466 5406
f 5406 5466 5407
f 5466 5467 5407
f 5407 5467 5472
f 5402 5401 5474
f 5401 5475 5474
f 5474 5475 5476
f 5477 5478 5448
f 5478 5479 5448
f 5448 5479 5446
f 5479 5480 5446
f 5446 5480 5481
f 5480 5482 5481
f 5481 5482 5403
f 5482 5483 5403
f 5403 5483 5401
f 5483 5484 5401
f 5401 5484 5475
f 5334 5336 5404
f 5336 5473 5404
f 5404 5473 5476
f 5473 5470 5476
f 5476 5470 5474
f 5470 5469 5474
f 5474 5469 5402
f 5469 5405 5402
f 5402 5405 5403
f 5405 5407 5403
f 5403 5407 5481
f 5407 5443 5481
f 5481 5443 5446
f 5443 5445 5446
f 5446 5445 5447
f 5485 5486 5440
f 5486 5487 5440
f 5440 5487 5439
f 5487 5488 5439
f 5439 5488 5438
f 5488 5489 5438
f 5438 5489 5437
f 5489 5490 5437
f 5437 5490 5398
f 5398 5400 5437
f 5400 5491 5437
f 5437 5491 5436
f 5491 5492 5436
f 5436 5492 5417
f 5492 5493 5417
f 5417 5493 5415
f 5450 5485 5451
f 5485 5440 5451
f 5451 5440 5494
f 5440 5421 5494
f 5494 5421 5495
f 5421 5423 5495
f 5495 5423 5496
f 5423 5425 5496
f 5496 5425 5497
f 5425 5427 5497
f 5497 5427 5412
f 5427 5429 5412
f 5412 5429 5410
f 5429 5409 5410
f 5410 5409 5280
f 5409 5281 5280
f 5479 5449 5480
f 5449 5451 5480
f 5480 5451 5482
f 5451 5494 5482
f 5482 5494 5483
f 5494 5495 5483
f 5483 5495 5484
f 5495 5496 5484
f 5484 5496 5475
f 5496 5497 5475
f 5475 5497 5476
f 5497 5412 5476
f 5476 5412 5404
f 5412 5411 5404
f 5404 5411 5331
f 5411 5332 5331
f 5498 5499 5449
f 5500 5501 5485
f 5502 5503 5489
f 5504 5399 5505
f 5399 5398 5505
f 5505 5398 5506
f 5489 5503 5490
f 5503 5507 5490
f 5490 5507 5398
f 5507 5508 5398
f 5398 5508 5506
f 5502 5489 5509
f 5489 5488 5509
f 5509 5488 5487
f 5485 5501 5486
f 5501 5510 5486
f 5486 5510 5487
f 5510 5511 5487
f 5487 5511 5509
f 5500 5485 5499
f 5485 5450 5499
f 5499 5450 5449
f 5477 5512 5478
f 5512 5513 5478
f 5478 5513 5479
f 5513 5514 5479
f 5479 5514 5449
f 5514 5515 5449
f 5449 5515 5498
f 5516 5517 5518
f 5519 5520 5521
f 5520 5522 5521
f 5521 5522 5523
f 5524 5525 5521
f 5525 5526 5521
f 5521 5526 5519
f 5527 5528 5524
f 5528 5529 5524
f 5524 5529 5525
f 5530 5531 5527
f 5531 5532 5527
f 5527 5532 5528
f 5533 5534 5530
f 5534 5535 5530
f 5535 5536 5530
f 5530 5536 5531
f 5537 5507 5538
f 5507 5537 5508
f 5537 5518 5508
f 5508 5518 5539
f 5539 5518 5505
f 5518 5517 5505
f 5505 5517 5504
f 5538 5540 5537
f 5540 3913 5537
f 5537 3913 5518
f 3913 3916 5518
f 3916 3920 5518
f 3920 3918 5518
f 5518 3918 5516
f 3918 3917 5516
f 5516 3917 3961
f 3911 3909 5540
f 3909 3908 5540
f 3908 3914 5540
f 5540 3914 3913
f 5538 5533 5540
f 5533 5530 5540
f 5540 5530 3911
f 5530 5527 3911
f 3911 5527 3912
f 5527 3899 3912
f 3899 5527 3907
f 5527 5524 3907
f 3907 5524 3906
f 5524 5521 3906
f 3906 5521 5541
f 5521 5523 5541
f 5541 5523 3903
f 5542 5543 5544
f 5545 5546 5547
f 1015 1014 5548
f 4911 5549 5550
f 4896 4895 5551
f 5552 5553 5554
f 2140 5552 2135
f 5552 5554 2135
f 2135 5554 2134
f 5554 5555 2134
f 2134 5555 2133
f 2133 5555 2136
f 5555 5556 2136
f 2136 5556 2137
f 5556 5557 2137
f 2137 5557 2124
f 2331 2329 5558
f 2329 2120 5558
f 5558 2120 5557
f 2120 2123 5557
f 5557 2123 2124
f 2331 5558 2332
f 5558 5559 2332
f 2332 5559 2333
f 5560 2326 5559
f 2326 2325 5559
f 5559 2325 2333
f 5561 1991 1987
f 5561 1987 5562
f 1987 1989 5562
f 5562 1989 2296
f 2296 2297 5562
f 2297 2320 5562
f 5562 2320 5560
f 2320 2327 5560
f 5560 2327 2326
f 2293 2292 5563
f 2292 1996 5563
f 5563 1996 5561
f 1996 1997 5561
f 5561 1997 1991
f 1923 1922 5564
f 1922 5565 5564
f 4895 4923 5551
f 4923 4922 5551
f 5551 4922 5565
f 4922 4921 5565
f 5565 4921 5564
f 5549 4915 5550
f 4915 4896 5550
f 5550 4896 5566
f 4896 5551 5566
f 5566 5551 5563
f 5551 5565 5563
f 5563 5565 2293
f 5565 1922 2293
f 4913 5543 4914
f 5543 5542 4914
f 4914 5542 4908
f 5542 4909 4908
f 4905 4904 5567
f 4904 4903 5567
f 4899 4898 5568
f 4898 4906 5568
f 1025 1024 5569
f 1024 1023 5569
f 5569 1023 5568
f 1023 958 5568
f 5568 958 4899
f 958 957 4899
f 4899 957 959
f 1025 5569 1026
f 5569 5570 1026
f 1026 5570 1028
f 1020 1088 5571
f 1088 1029 5571
f 5571 1029 5572
f 1018 1017 5573
f 1017 1022 5573
f 5573 1022 5571
f 1022 1021 5571
f 5571 1021 1020
f 1018 5573 1019
f 5573 5574 1019
f 1019 5574 1011
f 5548 1014 5574
f 1014 1012 5574
f 5574 1012 1011
f 951 5575 1002
f 5575 5576 1002
f 1002 5576 1003
f 951 950 5575
f 950 1008 5575
f 5575 1008 5548
f 1008 1010 5548
f 5548 1010 1015
f 1003 5576 1004
f 5576 5577 1004
f 1004 5577 1006
f 5578 5579 5577
f 5579 1007 5577
f 5577 1007 1006
f 5580 995 5578
f 995 993 5578
f 5578 993 5579
f 1000 5581 5580
f 5581 5582 5580
f 5580 5582 995
f 5583 5584 5580
f 5584 5585 5580
f 5580 5585 1000
f 5553 5586 5554
f 5586 5587 5554
f 5554 5587 5588
f 5545 5547 5589
f 4903 4909 5567
f 4909 5542 5567
f 5567 5542 5590
f 5542 5544 5590
f 5590 5544 5591
f 5568 5592 5569
f 5592 5572 5569
f 5569 5572 5570
f 5572 1029 5570
f 5570 1029 1028
f 4906 4905 5568
f 4905 5567 5568
f 5568 5567 5592
f 5567 5590 5592
f 5592 5590 5572
f 5590 5591 5572
f 5572 5591 5571
f 5591 5593 5571
f 5571 5593 5573
f 5593 5594 5573
f 5573 5594 5574
f 5594 5595 5574
f 5574 5595 5548
f 5595 5596 5548
f 5548 5596 5575
f 5596 5597 5575
f 5575 5597 5576
f 5597 5598 5576
f 5576 5598 5577
f 5598 5599 5577
f 5577 5599 5578
f 5599 5600 5578
f 5578 5600 5580
f 5600 5547 5580
f 5580 5547 5583
f 5547 5546 5583
f 4913 4911 5543
f 4911 5550 5543
f 5543 5550 5544
f 5550 5566 5544
f 5544 5566 5591
f 5566 5563 5591
f 5591 5563 5593
f 5563 5561 5593
f 5593 5561 5594
f 5561 5562 5594
f 5594 5562 5595
f 5562 5560 5595
f 5595 5560 5596
f 5560 5559 5596
f 5596 5559 5597
f 5559 5558 5597
f 5597 5558 5598
f 5558 5557 5598
f 5598 5557 5599
f 5557 5556 5599
f 5599 5556 5600
f 5556 5555 5600
f 5600 5555 5547
f 5555 5554 5547
f 5547 5554 5589
f 5554 5588 5589
f 5601 16 2531
f 2530 2529 5602
f 2520 2519 5603
f 2537 2536 5604
f 2569 2555 5605
f 5606 5607 5608
f 5606 5608 430
f 5608 5609 430
f 430 5609 431
f 5609 5610 431
f 431 5610 425
f 421 5611 5612
f 5611 485 5612
f 5612 485 5610
f 485 426 5610
f 5610 426 425
f 421 5612 416
f 5612 5613 416
f 416 5613 417
f 5614 420 5613
f 420 419 5613
f 5613 419 417
f 407 415 5615
f 415 414 5615
f 5615 414 5614
f 414 413 5614
f 5614 413 420
f 5616 411 5617
f 411 410 5617
f 5617 410 5615
f 410 408 5615
f 5615 408 407
f 5618 5619 5617
f 5619 406 5617
f 5617 406 5616
f 403 401 5619
f 401 400 5619
f 5619 400 406
f 5620 396 395
f 395 369 5621
f 369 368 5621
f 399 398 4622
f 398 396 4622
f 4622 396 4624
f 396 5620 4624
f 4624 5620 4620
f 5620 5622 4620
f 4620 5622 4618
f 5622 5623 4618
f 4618 5623 4616
f 4609 4608 5623
f 4608 4613 5623
f 4613 4615 5623
f 5623 4615 4616
f 5624 4612 4611
f 4606 5625 4607
f 5625 5626 4607
f 5627 4599 5628
f 4599 4600 5628
f 4601 4602 5626
f 4602 4604 5626
f 5626 4604 4607
f 2541 2573 5629
f 2573 2575 5629
f 5629 2575 2579
f 5628 2578 5627
f 2578 2577 5627
f 5627 2577 4599
f 2577 2576 4599
f 5605 2555 5629
f 2555 2554 5629
f 5629 2554 2541
f 2569 5605 2568
f 5605 5630 2568
f 2568 5630 2532
f 5630 5631 2532
f 2532 5631 2533
f 5604 2536 5631
f 2536 2535 5631
f 5631 2535 2533
f 5603 2519 5604
f 2519 2538 5604
f 5604 2538 2537
f 2520 5603 2522
f 5603 5632 2522
f 2522 5632 2523
f 5632 5633 2523
f 2523 5633 2527
f 5602 2529 5633
f 2529 2528 5633
f 5633 2528 2527
f 5601 2531 19
f 2530 5602 2531
f 5602 5634 2531
f 2531 5634 19
f 40 42 5634
f 42 44 5634
f 5634 44 19
f 20 165 5635
f 165 36 5635
f 5635 36 38
f 5636 32 21
f 5607 435 5608
f 435 434 5608
f 5608 434 5636
f 434 432 5636
f 5636 432 32
f 432 30 32
f 395 5621 5620
f 5621 5637 5620
f 5620 5637 5622
f 5637 5638 5622
f 5622 5638 5623
f 368 403 5621
f 403 5619 5621
f 5621 5619 5637
f 5619 5618 5637
f 5637 5618 5638
f 5618 5639 5638
f 5638 5639 5623
f 5639 5624 5623
f 5623 5624 4609
f 5624 4611 4609
f 4600 4601 5628
f 4601 5626 5628
f 5628 5626 5639
f 5626 5625 5639
f 5639 5625 5624
f 5625 4606 5624
f 5624 4606 4612
f 5629 5640 5605
f 5640 5641 5605
f 5605 5641 5630
f 5641 5642 5630
f 5630 5642 5631
f 5642 5643 5631
f 5631 5643 5604
f 5643 5644 5604
f 5604 5644 5603
f 5644 5645 5603
f 5603 5645 5632
f 5645 5646 5632
f 5632 5646 5633
f 5646 5647 5633
f 5633 5647 5602
f 5647 5648 5602
f 5602 5648 5634
f 5648 5635 5634
f 5634 5635 40
f 5635 38 40
f 21 20 5636
f 20 5635 5636
f 5636 5635 5608
f 5635 5648 5608
f 5608 5648 5609
f 5648 5647 5609
f 5609 5647 5610
f 5647 5646 5610
f 5610 5646 5612
f 5646 5645 5612
f 5612 5645 5613
f 5645 5644 5613
f 5613 5644 5614
f 5644 5643 5614
f 5614 5643 5615
f 5643 5642 5615
f 5615 5642 5617
f 5642 5641 5617
f 5617 5641 5618
f 5641 5640 5618
f 5618 5640 5639
f 5640 5629 5639
f 5639 5629 5628
f 5629 2579 5628
f 5628 2579 2578
f 5242 5241 5649
f 5276 5242 5650
f 5242 5649 5650
f 5650 5649 5651
f 5241 4353 5649
f 4353 4350 5649
f 5649 4350 4349
f 5652 5653 5093
f 5093 5111 5654
f 5654 5655 5656
f 5656 5657 5654
f 5657 5658 5654
f 5654 5658 5093
f 5658 5659 5093
f 5093 5659 5652
f 5660 5661 5662
f 5661 5663 5662
f 5664 5665 5661
f 5665 5666 5661
f 5661 5666 5663
f 5667 5668 5669
f 5669 5670 5667
f 5670 5671 5667
f 5667 5671 5664
f 5671 5672 5664
f 5664 5672 5665
f 3464 3463 5673
f 3463 5674 5673
f 5660 5662 5675
f 5662 5676 5675
f 5675 5676 5677
f 5676 5678 5677
f 5677 5678 5679
f 5679 5680 5677
f 5680 5681 5677
f 5677 5681 5682
f 5681 5683 5682
f 5683 5684 5682
f 5682 5684 5674
f 5684 5685 5674
f 5674 5685 5673
f 5686 5687 5688
f 5687 3485 5688
f 5688 3485 3484
f 3439 3438 5689
f 3438 5690 5689
f 5689 5690 5686
f 5690 5691 5686
f 5686 5691 5687
f 5692 5693 5694
f 5695 5696 5697
f 5696 5698 5697
f 5697 5698 5699
f 5698 5700 5699
f 5699 5700 5701
f 5692 5694 5702
f 5694 3467 5702
f 5702 3467 3469
f 5693 5703 5694
f 5703 5704 5694
f 5694 5704 5697
f 5704 5705 5697
f 5697 5705 5695
f 5706 5707 5708
f 5707 5709 5708
f 5710 5711 5707
f 5711 5712 5707
f 5707 5712 5713
f 5714 5701 5700
f 5700 5715 5714
f 5715 5716 5714
f 5714 5716 5710
f 5716 5717 5710
f 5710 5717 5711
f 5718 5719 5720
f 5721 5722 5723
f 5722 5724 5723
f 5723 5724 5725
f 5720 5719 5726
f 5719 5727 5726
f 5727 5728 5726
f 5726 5728 5721
f 5728 5729 5721
f 5721 5729 5722
f 5718 5720 5730
f 5720 5731 5730
f 5730 5731 5732
f 5706 5708 5733
f 5706 5733 5734
f 5733 5735 5734
f 5734 5735 5736
f 5735 5737 5736
f 5736 5737 5738
f 5737 5739 5738
f 5738 5739 5732
f 5739 5740 5732
f 5732 5740 5730
f 5669 5668 5741
f 5668 5742 5741
f 5741 5742 5743
f 5743 5742 5744
f 5742 5745 5744
f 5744 5745 5746
f 5745 5747 5746
f 5746 5747 5748
f 5748 5747 5749
f 5747 5750 5749
f 5749 5750 5751
f 5750 5752 5751
f 5751 5752 5753
f 5754 5755 5756
f 5753 5752 5756
f 5752 5757 5756
f 5756 5757 5754
f 5723 5725 5758
f 5725 5759 5758
f 5758 5759 5754
f 5759 5760 5754
f 5754 5760 5755
f 5522 5761 5523
f 5761 4172 5523
f 5523 4172 3903
f 5522 5520 5761
f 5520 5762 5761
f 5761 5762 5763
f 5764 5512 5477
f 5765 5766 5477
f 5766 5767 5477
f 5477 5767 5764
f 5767 5768 5764
f 5764 5768 5769
f 5344 5770 5455
f 5770 5771 5455
f 5455 5771 5454
f 5771 5772 5454
f 5454 5772 5452
f 5773 5463 5774
f 5463 5462 5774
f 5774 5462 5775
f 5462 5460 5775
f 5460 5459 5775
f 5775 5459 5776
f 5459 5457 5776
f 5776 5457 5772
f 5457 5456 5772
f 5772 5456 5452
f 5777 5442 5778
f 5442 5441 5778
f 5778 5441 5779
f 5441 5471 5779
f 5471 5472 5779
f 5779 5472 5780
f 5472 5467 5780
f 5780 5467 5781
f 5467 5465 5781
f 5781 5465 5773
f 5465 5464 5773
f 5773 5464 5463
f 5448 5447 5782
f 5447 5445 5782
f 5782 5445 5777
f 5445 5444 5777
f 5777 5444 5442
f 5782 5783 5448
f 5783 5765 5448
f 5448 5765 5477
f 5164 5784 5296
f 5784 5785 5296
f 5296 5785 5361
f 5786 5370 5787
f 5370 5369 5787
f 5787 5369 5785
f 5369 5362 5785
f 5785 5362 5361
f 5360 5358 5788
f 5358 5357 5788
f 5788 5357 5786
f 5357 5371 5786
f 5786 5371 5370
f 5360 5788 5395
f 5788 5789 5395
f 5395 5789 5396
f 5789 5790 5396
f 5396 5790 5397
f 5791 5354 5792
f 5354 5278 5792
f 5792 5278 5790
f 5278 5277 5790
f 5790 5277 5397
f 5793 5286 5794
f 5286 5353 5794
f 5794 5353 5795
f 5353 5352 5795
f 5795 5352 5796
f 5352 5356 5796
f 5796 5356 5791
f 5356 5355 5791
f 5791 5355 5354
f 5770 5344 5343
f 5770 5343 5797
f 5343 5342 5797
f 5797 5342 5798
f 5342 5341 5798
f 5798 5341 5793
f 5341 5287 5793
f 5793 5287 5286
f 5208 5012 5799
f 5208 5799 5214
f 5799 5800 5214
f 5214 5800 5213
f 5800 5801 5213
f 5213 5801 5211
f 5801 5802 5211
f 5211 5802 5215
f 5802 5803 5215
f 5215 5803 5216
f 5216 5803 5218
f 5803 5804 5218
f 5218 5804 5219
f 5804 5805 5219
f 5219 5805 5220
f 5220 5805 5221
f 5805 5806 5221
f 5221 5806 5223
f 5806 5807 5223
f 5223 5807 5224
f 5807 5808 5224
f 5224 5808 5225
f 5809 5193 5810
f 5193 5192 5810
f 5810 5192 5808
f 5192 5226 5808
f 5808 5226 5225
f 5198 5197 5811
f 5197 5195 5811
f 5811 5195 5809
f 5195 5194 5809
f 5809 5194 5193
f 5198 5811 5199
f 5811 5812 5199
f 5199 5812 5201
f 5812 5813 5201
f 5201 5813 5168
f 5168 5813 5166
f 5813 5784 5166
f 5166 5784 5164
f 5653 5814 5093
f 5814 5094 5093
f 5815 4992 5814
f 4992 4991 5814
f 5814 4991 5094
f 5816 5001 5817
f 5001 5000 5817
f 5817 5000 5815
f 5000 5049 5815
f 5815 5049 4992
f 5818 5041 5819
f 5041 5040 5819
f 5819 5040 5820
f 5040 5039 5820
f 5820 5039 5821
f 5039 5038 5821
f 5821 5038 5816
f 5038 5037 5816
f 5816 5037 5001
f 5822 5044 5823
f 5044 5043 5823
f 5823 5043 5818
f 5043 5042 5818
f 5818 5042 5041
f 5009 5047 5824
f 5047 5046 5824
f 5824 5046 5825
f 5046 5045 5825
f 5825 5045 5822
f 5045 5028 5822
f 5822 5028 5044
f 5009 5824 5010
f 5824 5799 5010
f 5010 5799 5012
f 5826 5827 5828
f 5829 5830 5831
f 5832 5833 5834
f 5835 5836 5837
f 5838 5839 5840
f 5841 5842 5828
f 5843 5844 5845
f 5846 5843 5847
f 5848 5849 5850
f 5849 5851 5850
f 5851 5852 5850
f 5850 5852 5847
f 5852 5853 5847
f 5847 5853 5846
f 5854 5855 5856
f 5854 5856 5857
f 5858 5859 5860
f 5855 5861 5856
f 5861 5862 5856
f 5856 5862 5863
f 5848 5850 5860
f 5850 5864 5860
f 5860 5864 5858
f 5865 5866 5867
f 5866 5868 5867
f 5867 5868 5856
f 5868 5869 5856
f 5856 5869 5857
f 5859 5870 5860
f 5870 5871 5860
f 5860 5871 5872
f 5871 5873 5872
f 5872 5873 5874
f 5873 5875 5874
f 5874 5875 5865
f 5875 5876 5865
f 5865 5876 5866
f 5843 5845 5847
f 5845 5877 5847
f 5847 5877 5878
f 5877 5879 5878
f 5878 5879 5880
f 5879 5881 5880
f 5880 5881 5882
f 5882 5883 5884
f 5883 5885 5884
f 5884 5885 5886
f 5885 5887 5886
f 5886 5887 5888
f 5887 5889 5888
f 5888 5889 5890
f 5891 5892 5828
f 5893 5894 5828
f 5894 5895 5828
f 5895 5896 5828
f 5828 5896 5891
f 5892 5897 5828
f 5897 5898 5828
f 5828 5898 5841
f 5899 5900 5901
f 5900 5902 5901
f 5902 5903 5901
f 5901 5903 5904
f 5899 5901 5905
f 5901 5906 5905
f 5905 5906 5907
f 5908 5909 5910
f 5909 5911 5912
f 5913 5914 5910
f 5914 5915 5910
f 5910 5915 5916
f 5916 5917 5910
f 5917 5918 5910
f 5910 5918 5908
f 5919 5920 5921
f 5921 5922 5919
f 5922 5923 5919
f 5919 5923 5924
f 5924 5925 5919
f 5925 5926 5919
f 5919 5926 5927
f 5838 5840 5928
f 5840 5929 5928
f 5928 5929 5930
f 5929 5834 5930
f 5930 5834 5931
f 5834 5932 5931
f 5931 5932 5933
f 5933 5934 5935
f 5936 5937 5938
f 5937 5939 5938
f 5935 5940 5933
f 5940 5941 5933
f 5933 5941 5937
f 5941 5942 5937
f 5937 5942 5939
f 5943 5944 5945
f 5945 5946 5943
f 5946 5947 5943
f 5943 5947 5938
f 5947 5948 5938
f 5938 5948 5936
f 5949 5950 5951
f 5950 5952 5951
f 5951 5952 5953
f 5952 5954 5953
f 5953 5954 5943
f 5954 5955 5943
f 5943 5955 5944
f 5956 5957 5951
f 5957 5958 5951
f 5958 5959 5951
f 5959 5960 5951
f 5951 5960 5949
f 5961 5962 5963
f 5962 5964 5963
f 5963 5964 5965
f 5966 5967 5968
f 5967 5969 5968
f 5968 5969 5970
f 5956 5951 5963
f 5951 5971 5963
f 5963 5971 5961
f 5965 5972 5963
f 5972 5973 5963
f 5963 5973 5974
f 5974 5975 5963
f 5975 5976 5963
f 5963 5976 5977
f 5976 5978 5977
f 5977 5978 5969
f 5978 5979 5969
f 5969 5979 5970
f 5980 5981 5982
f 5983 5984 5985
f 5981 5980 5986
f 5980 5987 5986
f 5986 5987 5988
f 5862 5989 5863
f 5989 5985 5863
f 5863 5985 5990
f 5985 5991 5990
f 5966 5992 5967
f 5992 5993 5967
f 5967 5993 5987
f 5993 5994 5987
f 5987 5994 5988
f 5982 5995 5980
f 5995 5996 5980
f 5980 5996 5985
f 5996 5997 5985
f 5985 5997 5983
f 5984 5998 5985
f 5998 5999 5985
f 5985 5999 5991
f 6000 6001 6002
f 6001 6003 6002
f 6002 6003 6004
f 6005 6006 6007
f 6008 5932 6009
f 5932 6010 6009
f 6008 6007 5932
f 6007 6006 5932
f 5932 6006 5933
f 6006 6011 5933
f 5933 6011 5934
f 6012 6013 6004
f 6013 6009 6004
f 6004 6009 6002
f 6009 6010 6002
f 6002 6010 6014
f 6015 6016 6007
f 6016 6017 6007
f 6007 6017 6018
f 6019 6020 6007
f 6020 6021 6007
f 6007 6021 6005
f 6022 6023 6024
f 6023 6025 6024
f 6024 6025 6007
f 6025 6026 6007
f 6007 6026 6015
f 6018 6027 6007
f 6027 6028 6007
f 6007 6028 6019
f 6029 6030 6010
f 6030 6031 6010
f 6032 6033 6031
f 6032 6031 6034
f 6033 6035 6031
f 6035 6022 6031
f 6031 6022 6010
f 6022 6024 6010
f 6010 6024 6014
f 6036 6037 6038
f 6037 6039 6038
f 6038 6039 6040
f 6038 6041 6042
f 6042 6043 6038
f 6043 6044 6038
f 6038 6044 6045
f 6045 6046 6038
f 6046 6047 6038
f 6038 6047 6031
f 6047 6048 6031
f 6031 6048 6034
f 6040 6049 6038
f 6049 6050 6038
f 6038 6050 6041
f 6051 5877 6052
f 5877 5845 6052
f 6052 5845 6038
f 5845 5844 6038
f 6038 5844 6036
f 6053 6054 5837
f 6054 6055 5837
f 5837 6055 5835
f 6051 6054 5877
f 6054 6053 5877
f 5877 6053 6056
f 6053 6057 6056
f 6056 6057 6010
f 6057 6058 6010
f 6010 6058 6029
f 6059 6060 6061
f 6060 6062 6061
f 6061 6062 6063
f 6064 6065 5883
f 6065 6064 6063
f 6064 6066 6063
f 6063 6066 6061
f 6067 6068 5883
f 6069 5883 6070
f 5883 6071 6070
f 6064 6072 6073
f 6074 6064 6075
f 6064 6076 6075
f 5882 5881 5883
f 5881 6077 5883
f 5883 6077 6071
f 6078 6079 6064
f 6079 6080 6064
f 6064 6080 6072
f 6073 6081 6064
f 6081 6082 6064
f 6064 6082 6076
f 6068 6083 5883
f 6083 6084 5883
f 5883 6084 6085
f 6069 6086 5883
f 6086 6087 5883
f 5883 6087 6088
f 6088 6089 5883
f 6089 6090 5883
f 5883 6090 6067
f 6085 6091 5883
f 6091 6092 5883
f 5883 6092 6064
f 6092 6093 6064
f 6064 6093 6078
f 6094 6095 5881
f 6095 6096 5881
f 5881 6096 6077
f 6060 6097 6062
f 6097 6098 6062
f 6062 6098 6056
f 6098 6099 6056
f 6056 6099 5877
f 6099 6100 5877
f 5877 6100 5879
f 6100 6101 5879
f 5879 6101 5881
f 6101 6102 5881
f 5881 6102 6094
f 6103 6104 6105
f 6104 6106 6105
f 6105 6106 6065
f 6106 6107 6065
f 6065 6107 5883
f 6107 6108 5883
f 5883 6108 5885
f 6108 6109 5885
f 6109 6110 5885
f 5885 6110 5887
f 6110 6111 5887
f 6112 5832 6113
f 5832 5834 6113
f 6113 5834 6114
f 5834 5929 6114
f 6114 5929 6115
f 5929 6062 6115
f 6115 6062 6116
f 6062 6056 6116
f 6116 6056 6117
f 6056 6118 6117
f 6119 6120 6121
f 5833 6119 5834
f 6119 6121 5834
f 5834 6121 5932
f 6121 6122 5932
f 5932 6122 6010
f 6122 6123 6010
f 6010 6123 6056
f 6123 6124 6056
f 6056 6124 6118
f 6125 6065 6126
f 6065 6063 6126
f 6126 6063 6127
f 6063 5840 6127
f 6127 5840 6128
f 5840 5839 6128
f 6128 5839 6129
f 6130 6065 6131
f 6065 6125 6131
f 6131 6125 6132
f 6133 6105 6134
f 6105 6065 6134
f 6134 6065 6135
f 6065 6130 6135
f 6136 6129 6137
f 6129 5839 6137
f 6137 5839 6138
f 5839 6139 6138
f 6135 6140 6134
f 6140 6141 6134
f 6134 6141 6142
f 6141 6143 6142
f 6142 6143 6144
f 6145 6146 6144
f 6146 6147 6144
f 6144 6147 6142
f 6147 6148 6142
f 5838 6149 5839
f 6149 6142 5839
f 5839 6142 6139
f 6142 6148 6139
f 6139 6148 5829
f 6148 6140 5829
f 5829 6140 5830
f 6140 6135 5830
f 6150 5929 6151
f 5929 5840 6151
f 6151 5840 6152
f 5840 6063 6152
f 6152 6063 6153
f 6063 6062 6153
f 6153 6062 6150
f 6062 5929 6150
f 6149 6154 6142
f 6154 6155 6142
f 6142 6155 6134
f 6155 6156 6134
f 6157 5920 6158
f 5920 5919 6158
f 6158 5919 6159
f 5919 5827 6159
f 6160 6161 6156
f 6154 6157 6155
f 6157 6158 6155
f 6155 6158 6156
f 6158 6159 6156
f 6156 6159 6160
f 6159 6162 6160
f 6160 6162 6163
f 6133 6134 6111
f 6134 6156 6111
f 6111 6156 5887
f 6156 6161 5887
f 5887 6161 6164
f 6165 6166 6167
f 6164 6165 5887
f 6165 6167 5887
f 5887 6167 5889
f 6167 6168 5889
f 5889 6168 6159
f 6168 6169 6159
f 6159 6169 6162
f 6170 6171 6172
f 6171 6173 6172
f 5842 5890 5828
f 5890 5889 5828
f 5828 5889 6174
f 5826 6172 5827
f 6172 6173 5827
f 5827 6173 6159
f 6173 6175 6159
f 6159 6175 5889
f 6175 6176 5889
f 5889 6176 6174
f 6177 5826 6178
f 5826 5828 6178
f 6178 5828 6179
f 5828 6174 6179
f 6179 6174 6180
f 5927 5913 5919
f 5913 5910 5919
f 5919 5910 5827
f 5910 6181 5827
f 5827 6181 6182
f 6181 6183 6182
f 6183 6181 6184
f 6181 5901 6184
f 6184 5901 5828
f 5901 5904 5828
f 5828 5904 5893
f 6185 6186 6182
f 6186 6187 6182
f 6182 6187 5827
f 6187 6188 5827
f 5827 6188 5828
f 6188 6189 5828
f 5828 6189 6184
f 5909 5912 5910
f 5912 6190 5910
f 5910 6190 6181
f 6190 6191 6181
f 6181 6191 5901
f 6191 6192 5901
f 5901 6192 5906
f 5328 5329 6193
f 5329 5330 6193
f 6193 5330 6194
f 6195 5399 6196
f 5399 6197 6196
f 6195 6198 5399
f 6198 6199 5399
f 5399 6199 5400
f 5330 5382 6194
f 5382 5383 6194
f 6194 5383 6200
f 5383 5413 6200
f 6200 5413 5435
f 6201 6202 6203
f 6202 6204 6203
f 6203 6204 6205
f 6206 5399 6207
f 5399 5504 6207
f 6207 5504 6208
f 6206 6209 5399
f 6209 6210 5399
f 5399 6210 6211
f 6199 6212 5400
f 6212 6213 5400
f 5400 6213 5491
f 6213 6214 5491
f 5491 6214 5492
f 6214 6215 5492
f 5435 5434 6200
f 5434 5432 6200
f 6200 5432 5431
f 6216 6203 5504
f 6203 6205 5504
f 5504 6205 6208
f 6211 6217 5399
f 6217 6218 5399
f 5399 6218 6197
f 6219 6220 6221
f 6222 4944 6223
f 4944 6224 6223
f 6222 6225 4944
f 6225 6226 4944
f 4944 6226 6227
f 3946 6228 6229
f 3955 3954 6230
f 3954 3952 6230
f 6230 3952 6229
f 3952 3951 6229
f 6229 3951 3946
f 6231 6232 3961
f 5504 6233 6234
f 5320 6235 5318
f 6235 6236 5318
f 5318 6236 5319
f 6236 6237 5319
f 5319 6237 5315
f 6237 6238 5315
f 5315 6238 5316
f 6238 6239 5316
f 6219 6221 6240
f 6220 6241 6221
f 6241 6242 6221
f 6221 6242 6243
f 3961 3960 6231
f 3960 3958 6231
f 6231 3958 6230
f 3958 3957 6230
f 6230 3957 3955
f 6233 5504 6244
f 5504 5517 6244
f 6244 5517 6232
f 5517 5516 6232
f 6232 5516 3961
f 5431 5419 6200
f 5419 5418 6200
f 6200 5418 6245
f 5418 5415 6245
f 6245 5415 6215
f 5415 5493 6215
f 6215 5493 5492
f 6201 6203 6221
f 6203 6246 6221
f 6221 6246 6240
f 6227 6247 4944
f 6247 6248 4944
f 4944 6248 6249
f 6250 5313 6239
f 5313 5312 6239
f 6239 5312 5316
f 4855 4854 6251
f 4875 6252 6253
f 6254 6255 5322
f 6256 6257 6216
f 6257 6258 6216
f 6258 6259 6216
f 6259 6260 6216
f 6216 6260 6261
f 3946 3944 6228
f 3944 3943 6228
f 6228 3943 6262
f 3943 3888 6262
f 6262 3888 6263
f 4854 4853 6251
f 4853 4792 6251
f 6251 4792 6264
f 4792 5310 6264
f 6264 5310 6250
f 5310 5309 6250
f 6250 5309 5313
f 4846 4847 6265
f 6266 6267 6224
f 6267 6268 6224
f 6255 6269 5322
f 6269 6270 5322
f 5322 6270 5320
f 6270 6271 5320
f 5320 6271 6235
f 6234 6272 5504
f 6272 6273 5504
f 5504 6273 6274
f 6275 6261 6276
f 6261 6277 6276
f 6276 6277 6278
f 6268 6279 6224
f 6279 6280 6224
f 6224 6280 6281
f 6275 6282 6261
f 6282 6283 6261
f 6261 6283 6284
f 6285 6286 4980
f 6286 6287 4980
f 4980 6287 6288
f 6288 6289 4980
f 6289 6290 4980
f 4980 6290 6291
f 1894 6292 3890
f 6292 6293 3890
f 3890 6293 3891
f 6293 6263 3891
f 3891 6263 3887
f 6263 3888 3887
f 4847 4849 6265
f 4849 4852 6265
f 6265 4852 6251
f 4852 4851 6251
f 6251 4851 4855
f 6265 6294 4846
f 6294 6295 4846
f 4846 6295 4845
f 6295 6296 4845
f 4845 6296 4874
f 4875 4891 6252
f 4891 4890 6252
f 6252 4890 4888
f 4888 4887 6252
f 4887 4946 6252
f 6252 4946 4945
f 6297 6298 6193
f 6298 6299 6193
f 6193 6299 6300
f 6301 6302 5328
f 6274 6303 5504
f 6303 6304 5504
f 5504 6304 6216
f 6304 6305 6216
f 6216 6305 6256
f 6306 6307 4944
f 6308 6309 6224
f 6309 6310 6224
f 6224 6310 6266
f 6243 6311 6221
f 6311 6312 6221
f 6221 6312 6313
f 6314 5326 6315
f 5326 5328 6315
f 6315 5328 6316
f 5328 6302 6316
f 6314 6317 5326
f 6317 6318 5326
f 5326 6318 5325
f 6318 6319 5325
f 6319 6320 5325
f 5325 6320 5323
f 6320 6321 5323
f 5323 6321 5322
f 6321 6322 5322
f 5322 6322 6254
f 6278 6323 6276
f 6323 6324 6276
f 6276 6324 6325
f 6324 6326 6325
f 6325 6326 6327
f 6326 6224 6327
f 6327 6224 6328
f 6224 6281 6328
f 6284 6329 6261
f 6329 6330 6261
f 6261 6330 6331
f 6331 6332 6261
f 6332 6333 6261
f 6261 6333 6216
f 6334 6335 6292
f 6335 6336 6292
f 6292 6336 6337
f 6336 4980 6337
f 6337 4980 6338
f 4980 6291 6338
f 4962 4960 6339
f 6313 6340 6221
f 6340 6341 6221
f 6221 6341 6342
f 6341 6343 6342
f 6249 6344 4944
f 6344 6345 4944
f 4944 6345 4980
f 6345 6346 4980
f 4980 6346 6285
f 1899 6347 1894
f 6347 6348 1894
f 1894 6348 6292
f 6348 6349 6292
f 6292 6349 6334
f 6339 4960 6350
f 4960 4959 6350
f 6350 4959 6351
f 4959 4879 6351
f 6351 4879 4878
f 4944 6307 6224
f 6307 6352 6224
f 6224 6352 6308
f 6300 6353 6193
f 6353 6354 6193
f 6193 6354 5328
f 6354 6355 5328
f 5328 6355 6301
f 6193 6356 6297
f 6356 6351 6297
f 6297 6351 6357
f 6351 4878 6357
f 6357 4878 6253
f 4878 4876 6253
f 6253 4876 4875
f 4962 6339 4943
f 6339 6358 4943
f 4943 6358 4944
f 6358 6359 4944
f 4944 6359 6360
f 6361 6362 4944
f 6362 6363 4944
f 4944 6363 6364
f 6365 6366 6367
f 6366 6368 6367
f 6367 6368 6343
f 6368 6369 6343
f 6343 6369 6342
f 6370 6371 6367
f 6371 6372 6367
f 6367 6372 6373
f 6373 6374 6367
f 6374 6375 6367
f 6367 6375 6365
f 6364 6376 4944
f 6376 6377 4944
f 4944 6377 6378
f 6361 4944 6367
f 4944 6379 6367
f 6367 6379 6370
f 6378 6380 4944
f 6380 6381 4944
f 4944 6381 6306
f 6360 6382 4944
f 6382 6383 4944
f 4944 6383 6384
f 6384 6385 4944
f 6385 6386 4944
f 4944 6386 6379
f 6387 6388 6389
f 6388 6390 6389
f 6391 6392 6389
f 6392 6393 6389
f 6389 6393 6394
f 6395 5053 6396
f 5053 6397 6396
f 6395 6398 5053
f 6398 6399 5053
f 5053 6399 6400
f 6401 6402 6403
f 6402 6404 6403
f 6403 6404 6405
f 6390 6406 6389
f 6406 6407 6389
f 6389 6407 6391
f 6408 6409 6397
f 6409 6410 6397
f 6397 6410 6411
f 6411 6412 6397
f 6412 6413 6397
f 6397 6413 6414
f 4655 4654 6415
f 6405 6416 6403
f 6416 6417 6403
f 6403 6417 6418
f 6419 6420 6421
f 6422 6423 6403
f 6423 6424 6403
f 6403 6424 6401
f 6425 6426 6397
f 6426 6427 6397
f 6397 6427 6408
f 6387 6389 6428
f 6389 6429 6428
f 6428 6429 6421
f 6429 6430 6421
f 6421 6430 6419
f 6431 6432 6433
f 4653 6434 4645
f 6434 6435 4645
f 4645 6435 4646
f 6400 6436 5053
f 6436 6437 5053
f 5053 6437 5121
f 5139 6438 6439
f 6440 6441 6403
f 6442 5258 6443
f 5258 6444 6443
f 6442 6445 5258
f 6445 6446 5258
f 5258 6446 6403
f 6446 6447 6403
f 6403 6447 6422
f 5139 6439 5134
f 6448 5135 6449
f 5135 5134 6449
f 6449 5134 6450
f 5134 6439 6450
f 5137 6451 5138
f 6451 6452 5138
f 5171 5172 6389
f 6453 6454 6455
f 6454 6456 6455
f 6455 6456 6457
f 6458 6459 6460
f 4653 4652 6434
f 4652 4650 6434
f 6434 4650 6461
f 4650 4658 6461
f 6461 4658 6415
f 4658 4657 6415
f 6415 4657 4655
f 6438 5139 6462
f 5139 5141 6462
f 6462 5141 6463
f 5141 5144 6463
f 6463 5144 6464
f 6448 6465 5135
f 6465 6466 5135
f 5135 6466 5137
f 6466 6467 5137
f 5137 6467 6451
f 6468 6469 6455
f 6469 6470 6455
f 6455 6470 6453
f 6471 6472 6413
f 6472 6473 6413
f 6413 6473 6414
f 6457 6474 6455
f 6474 6460 6455
f 6455 6460 6475
f 6460 6459 6475
f 6432 6440 6433
f 6440 6403 6433
f 6433 6403 6476
f 6403 6418 6476
f 6437 6477 5121
f 6477 6478 5121
f 5121 6478 6479
f 5121 6480 5260
f 6480 6481 5260
f 5260 6481 5259
f 6481 6482 5259
f 5259 6482 5258
f 6482 6483 5258
f 5258 6483 6444
f 6452 6484 5138
f 6484 6485 5138
f 5138 6485 5132
f 6485 6486 5132
f 6487 6488 5053
f 6488 6489 5053
f 5053 6489 6490
f 6490 6491 5053
f 6491 6492 5053
f 5053 6492 6493
f 6431 6433 6455
f 6433 6494 6455
f 6455 6494 6468
f 6441 6495 6403
f 6495 6496 6403
f 6403 6496 6421
f 6479 6497 5121
f 6497 6498 5121
f 5121 6498 6480
f 5144 5143 6464
f 5143 5147 6464
f 6464 5147 6499
f 5147 5146 6499
f 6499 5146 6500
f 5146 5150 6500
f 6500 5150 5149
f 6486 6501 5132
f 6501 6502 5132
f 5132 6502 5130
f 6502 6503 5130
f 5130 6503 5172
f 6503 6504 5172
f 5172 6504 6389
f 5071 5066 6505
f 6471 6413 6506
f 6413 6507 6506
f 6506 6507 6460
f 6507 6508 6460
f 6460 6508 6458
f 4654 4676 6415
f 4676 4659 6415
f 6415 4659 6509
f 4659 6420 6509
f 4659 4580 6420
f 4580 4579 6420
f 6420 4579 6421
f 4579 4582 6421
f 6421 4582 6403
f 4696 6510 4697
f 6510 6511 4697
f 4697 6511 4698
f 6511 6512 4698
f 4698 6512 4699
f 6512 6513 4699
f 4699 6513 4738
f 6513 6514 4738
f 4738 6514 4739
f 5149 5153 6500
f 5153 5154 6500
f 6500 5154 6515
f 5154 4734 6515
f 6515 4734 6516
f 4734 4735 6516
f 4735 4736 6516
f 4736 4702 6516
f 6516 4702 6514
f 4702 4701 6514
f 6514 4701 4739
f 5078 5077 6505
f 6493 6517 5053
f 6517 6518 5053
f 5053 6518 6519
f 5066 5065 6505
f 5065 5063 6505
f 6505 5063 6520
f 5063 5062 6520
f 6394 6521 6389
f 6521 6522 6389
f 6389 6522 5171
f 6522 6520 5171
f 5171 6520 5061
f 6520 5062 5061
f 5077 5075 6505
f 5075 5074 6505
f 6505 5074 5070
f 5070 5073 6505
f 5073 5072 6505
f 6505 5072 5071
f 6519 6523 5053
f 6523 6524 5053
f 5053 6524 6397
f 6524 6525 6397
f 6397 6525 6425
f 6487 5053 6526
f 5053 5055 6526
f 6526 5055 6505
f 5055 5057 6505
f 6505 5057 5078
f 6527 6528 6529
f 6530 6531 6532
f 6533 6534 6535
f 6536 6537 6538
f 6539 6540 6541
f 6542 6543 6544
f 6545 6546 6547
f 6548 6549 6550
f 6547 6546 6551
f 6546 6552 6551
f 6552 6553 6551
f 6551 6553 6554
f 6555 6556 6557
f 6556 6558 6557
f 6557 6558 6548
f 6549 6559 6550
f 6559 6560 6550
f 6550 6560 6561
f 6560 6562 6561
f 6561 6562 6563
f 6563 6564 6561
f 6564 6565 6561
f 6561 6565 6566
f 6567 6568 6538
f 6568 6569 6538
f 6538 6569 6547
f 6569 6570 6547
f 6547 6570 6545
f 6571 6572 6538
f 6572 6573 6538
f 6538 6573 6567
f 6574 6575 6576
f 6575 6577 6576
f 6576 6577 6540
f 6578 6541 6579
f 6541 6540 6579
f 6579 6540 6580
f 6540 6577 6580
f 6581 6582 6583
f 6582 6584 6583
f 6583 6584 6585
f 6584 6586 6585
f 6585 6586 6587
f 6587 6588 6585
f 6588 6589 6585
f 6585 6589 6576
f 6589 6590 6576
f 6576 6590 6574
f 6578 6591 6541
f 6591 6592 6541
f 6541 6592 6528
f 6592 6593 6528
f 6593 6594 6528
f 6528 6594 6595
f 6596 6597 6529
f 6597 6598 6529
f 6529 6598 6583
f 6598 6599 6583
f 6583 6599 6581
f 6595 6600 6528
f 6600 6601 6528
f 6528 6601 6529
f 6601 6602 6529
f 6529 6602 6596
f 6603 6604 6605
f 6604 6606 6605
f 6607 6608 6605
f 6608 6609 6605
f 6605 6609 6603
f 6606 6610 6605
f 6610 6611 6605
f 6605 6611 6612
f 6542 6544 6613
f 6612 6614 6605
f 6614 6615 6605
f 6605 6615 6616
f 6617 6618 6619
f 6618 6620 6619
f 6619 6620 6621
f 6621 6622 6619
f 6622 6623 6619
f 6619 6623 6624
f 6625 6626 6627
f 6625 6627 6628
f 6626 6625 6629
f 6625 6630 6629
f 6629 6630 6631
f 6630 6632 6631
f 6631 6632 6633
f 6632 6634 6633
f 6633 6634 6635
f 6636 6637 6638
f 6639 6640 6641
f 6640 6642 6641
f 6641 6642 6643
f 6642 6644 6643
f 6643 6644 6535
f 6644 6645 6535
f 6535 6645 6646
f 6646 6647 6535
f 6647 6648 6535
f 6535 6648 6636
f 6648 6649 6636
f 6636 6649 6637
f 6557 6650 6651
f 6652 6653 6557
f 6653 6654 6557
f 6557 6654 6650
f 6651 6655 6557
f 6655 6551 6557
f 6557 6551 6555
f 6551 6554 6555
f 6656 6657 6557
f 6657 6658 6557
f 6658 6659 6557
f 6557 6659 6652
f 6543 6660 6544
f 6660 6661 6544
f 6544 6661 6662
f 6663 6664 6665
f 6538 6537 6665
f 6537 6666 6665
f 6665 6666 6663
f 6667 6643 6668
f 6643 6669 6668
f 6668 6669 6670
f 6669 6671 6670
f 6664 6672 6665
f 6672 6673 6665
f 6665 6673 6669
f 6673 6674 6669
f 6669 6674 6671
f 6675 6676 6641
f 6676 6677 6641
f 6641 6677 6678
f 6667 6679 6643
f 6679 6680 6643
f 6643 6680 6641
f 6680 6681 6641
f 6641 6681 6675
f 6655 6682 6551
f 6682 6639 6551
f 6551 6639 6547
f 6639 6641 6547
f 6547 6641 6683
f 6641 6678 6683
f 6683 6684 6547
f 6684 6685 6547
f 6547 6685 6686
f 6686 6687 6547
f 6687 6688 6547
f 6547 6688 6538
f 6688 6689 6538
f 6538 6689 6536
f 6665 6690 6538
f 6690 6691 6538
f 6538 6691 6692
f 6692 6693 6538
f 6693 6561 6538
f 6538 6561 6571
f 6561 6566 6571
f 6534 6694 6695
f 6696 6697 6535
f 6697 6698 6535
f 6535 6698 6643
f 6698 6699 6643
f 6643 6699 6700
f 6695 6701 6534
f 6701 6702 6534
f 6534 6702 6703
f 6669 6704 6705
f 6700 6706 6643
f 6706 6707 6643
f 6643 6707 6669
f 6707 6708 6669
f 6669 6708 6704
f 6705 6709 6669
f 6709 6710 6669
f 6669 6710 6534
f 6710 6711 6534
f 6534 6711 6694
f 6712 6713 6535
f 6713 6714 6535
f 6535 6714 6696
f 6703 6715 6534
f 6715 6716 6534
f 6534 6716 6535
f 6716 6717 6535
f 6535 6717 6712
f 6718 6719 6720
f 6721 6722 6723
f 6722 6724 6723
f 6725 6726 6723
f 6726 6727 6723
f 6728 6729 6730
f 6727 6731 6723
f 6731 6732 6723
f 6723 6732 6721
f 6732 6733 6721
f 6721 6733 6734
f 6734 6735 6721
f 6735 6736 6721
f 6721 6736 6527
f 6737 6528 6738
f 6528 6739 6738
f 6740 6741 6730
f 6729 6742 6730
f 6742 6743 6730
f 6730 6743 6723
f 6743 6744 6723
f 6723 6744 6725
f 6736 6745 6527
f 6745 6746 6527
f 6527 6746 6528
f 6746 6747 6528
f 6528 6747 6739
f 6741 6748 6730
f 6748 6749 6730
f 6730 6749 6728
f 6750 6751 6583
f 6751 6752 6583
f 6583 6752 6753
f 6753 6754 6583
f 6754 6755 6583
f 6583 6755 6529
f 6755 6756 6529
f 6529 6756 6527
f 6757 6605 6758
f 6605 6759 6758
f 6760 6761 6605
f 6761 6762 6605
f 6605 6762 6759
f 6757 6763 6605
f 6763 6764 6605
f 6605 6764 6765
f 6765 6766 6605
f 6766 6767 6605
f 6605 6767 6768
f 6769 6770 6771
f 6771 6770 6544
f 6770 6772 6544
f 6772 6773 6544
f 6544 6773 6774
f 6774 6775 6544
f 6775 6776 6544
f 6544 6776 6777
f 6616 6613 6605
f 6613 6544 6605
f 6605 6544 6778
f 6544 6777 6778
f 6779 6780 6771
f 6780 6781 6771
f 6771 6781 6769
f 6778 6782 6605
f 6782 6783 6605
f 6605 6783 6784
f 6784 6785 6605
f 6785 6786 6605
f 6605 6786 6760
f 6786 6787 6760
f 6787 6788 6760
f 6760 6788 6789
f 6788 6790 6789
f 6789 6790 6791
f 6790 6792 6791
f 6791 6792 6793
f 6792 6794 6793
f 6793 6794 6795
f 6794 6796 6795
f 6795 6796 6797
f 6797 6779 6795
f 6779 6771 6795
f 6795 6771 6798
f 6771 6799 6798
f 6771 6800 6801
f 6802 6803 6771
f 6803 6804 6771
f 6771 6804 6799
f 6801 6805 6771
f 6805 6806 6771
f 6771 6806 6802
f 6807 6808 6771
f 6808 6809 6771
f 6771 6809 6810
f 6810 6811 6771
f 6811 6812 6771
f 6771 6812 6813
f 6813 6814 6771
f 6814 6815 6771
f 6771 6815 6800
f 6816 6544 6557
f 6544 6662 6557
f 6557 6662 6656
f 6544 6817 6771
f 6817 6818 6771
f 6771 6818 6819
f 6820 6807 6821
f 6807 6771 6821
f 6821 6771 6822
f 6771 6819 6822
f 6816 6823 6544
f 6823 6824 6544
f 6544 6824 6825
f 6825 6826 6544
f 6826 6827 6544
f 6544 6827 6817
f 6828 6829 6830
f 6829 6831 6830
f 6830 6831 6832
f 6831 6833 6832
f 6832 6833 6834
f 6833 6835 6834
f 6834 6835 6836
f 6835 6807 6836
f 6836 6807 6837
f 6807 6820 6837
f 6838 6839 6557
f 6839 6840 6557
f 6557 6840 6841
f 6841 6842 6557
f 6842 6843 6557
f 6557 6843 6816
f 6548 6550 6557
f 6550 6844 6557
f 6557 6844 6845
f 6828 6838 6829
f 6838 6557 6829
f 6829 6557 6846
f 6557 6845 6846
f 6693 6847 6561
f 6847 6848 6561
f 6561 6848 6550
f 6848 6849 6550
f 6550 6849 6850
f 6850 6851 6550
f 6851 6852 6550
f 6550 6852 6853
f 6853 6854 6550
f 6854 6855 6550
f 6550 6855 6844
f 6767 6750 6768
f 6750 6583 6768
f 6768 6583 6605
f 6583 6585 6605
f 6605 6585 6607
f 6585 6576 6607
f 6737 6740 6528
f 6740 6730 6528
f 6528 6730 6541
f 6730 6619 6541
f 6541 6619 6539
f 6619 6624 6539
f 6638 6635 6636
f 6635 6634 6636
f 6636 6634 6535
f 6634 6718 6535
f 6535 6718 6533
f 6718 6720 6533
f 6724 6530 6723
f 6530 6532 6723
f 6723 6532 6730
f 6532 6856 6730
f 6730 6856 6619
f 6856 6628 6619
f 6619 6628 6617
f 6628 6627 6617
f 6857 6858 6859
f 6860 6861 6862
f 6861 6863 6862
f 6864 6865 6866
f 6865 6867 6866
f 6868 6869 6870
f 6869 6871 6870
f 6872 6873 6874
f 6873 6875 6874
f 6876 6877 6878
f 6877 6879 6878
f 6880 6881 6875
f 6881 6878 6875
f 6875 6878 6874
f 6878 6879 6874
f 6874 6879 6882
f 6879 6883 6882
f 6884 6885 6886
f 6887 6888 6889
f 6888 6890 6889
f 6891 6886 6892
f 6886 6885 6892
f 6892 6885 6893
f 6894 6895 6890
f 6895 6892 6890
f 6890 6892 6889
f 6892 6893 6889
f 6889 6893 6896
f 6893 6884 6896
f 6896 6884 6897
f 6884 6886 6897
f 6898 6899 6900
f 6899 6901 6900
f 6902 6903 6904
f 6903 6905 6904
f 6906 6907 6901
f 6907 6904 6901
f 6901 6904 6900
f 6904 6905 6900
f 6900 6905 6908
f 6905 6909 6908
f 6910 6911 6912
f 6913 6914 6915
f 6914 6916 6915
f 6915 6916 6917
f 6912 6911 6918
f 6911 6919 6918
f 6918 6919 6920
f 6916 6921 6917
f 6921 6922 6917
f 6917 6922 6923
f 6912 6924 6910
f 6924 6925 6910
f 6910 6925 6926
f 6925 6927 6926
f 6926 6927 6928
f 6927 6929 6928
f 6928 6929 6930
f 6919 6931 6920
f 6931 6932 6920
f 6920 6932 6933
f 6932 6934 6933
f 6933 6934 6935
f 6934 6936 6935
f 6935 6936 6937
f 6936 6938 6937
f 6937 6938 6939
f 6938 6940 6939
f 6939 6940 6941
f 6940 6942 6941
f 6941 6942 6943
f 6923 6944 6917
f 6944 6945 6917
f 6917 6945 6946
f 6945 6947 6946
f 6948 6949 6947
f 6949 6950 6947
f 6947 6950 6946
f 6930 6929 6951
f 6929 6952 6951
f 6951 6952 6953
f 6952 6954 6953
f 6953 6954 6955
f 6954 6956 6955
f 6955 6956 6957
f 6956 6958 6957
f 6957 6958 6959
f 6958 6960 6959
f 6959 6960 6961
f 6960 6962 6961
f 6961 6962 6963
f 6962 6964 6963
f 6963 6964 6948
f 6964 6965 6948
f 6948 6965 6949
f 6966 6967 6968
f 6967 6969 6968
f 6970 6971 6972
f 6971 6973 6972
f 6974 6975 6976
f 6975 6977 6976
f 6978 6979 6980
f 6979 6981 6980
f 6982 6983 6984
f 6983 6985 6984
f 6986 6987 6988
f 6987 6989 6988
f 6990 6991 6992
f 6991 6993 6992
f 6994 6995 6996
f 6995 6997 6996
f 6998 6999 7000
f 6999 7001 7000
f 7002 7003 7004
f 7003 7005 7004
f 7006 7007 7008
f 7007 7009 7008
f 7010 7011 7012
f 7011 7013 7012
f 7014 7015 7016
f 7015 7017 7016
f 7018 7019 7020
f 7019 7021 7020
f 7022 7023 7024
f 7023 7025 7024
f 7026 7027 7028
f 7027 7029 7028
f 7030 7031 7032
f 7031 7033 7032
f 7034 7035 7036
f 7035 7037 7036
f 7038 7039 7040
f 7039 7041 7040
f 7042 7043 7044
f 7043 7045 7044
f 7046 7047 7048
f 7047 7049 7048
f 7050 7051 7052
f 7051 7053 7052
f 7054 7055 7056
f 7055 7057 7056
f 7058 7059 7060
f 7059 7061 7060
f 7062 7063 7064
f 7063 7065 7064
f 7066 7067 7068
f 7067 7069 7068
f 7070 7071 7072
f 7071 7073 7072
f 7074 7075 7076
f 7075 7077 7076
f 7078 7079 7080
f 7079 7081 7080
f 7082 7083 7084
f 7083 7085 7084
f 7086 7087 7088
f 7087 7089 7088
f 7090 7091 7092
f 7091 7093 7092
f 7094 7095 7096
f 7095 7097 7096
f 7098 7099 7100
f 7099 7101 7100
f 7102 7103 7104
f 7103 7105 7104
f 7106 7107 7108
f 7106 7108 7109
f 7108 7110 7109
f 7109 7110 7111
f 7110 7112 7111
f 7111 7112 7113
f 7114 7115 7116
f 7114 7116 7117
f 7116 7118 7117
f 7117 7118 7119
f 7118 7120 7119
f 7119 7120 7121
f 7120 7122 7121
f 7121 7122 7123
f 7124 7125 7126
f 7124 7126 7127
f 7126 7128 7127
f 7127 7128 7129
f 7128 7130 7129
f 7129 7130 7131
f 7132 7133 7134
f 7133 7135 7134
f 7136 7137 7138
f 7137 7139 7138
f 7140 7141 7142
f 7141 7143 7142
f 7144 7145 7146
f 7145 7147 7146
f 7148 7149 7150
f 7149 7151 7150
f 7152 7153 7154
f 7153 7155 7154
f 7156 7157 7158
f 7156 7158 7159
f 7158 7160 7159
f 7159 7160 7161
f 7160 7162 7161
f 7161 7162 7163
f 7162 7164 7163
f 7163 7164 7165
f 7166 7167 7168
f 7166 7168 7169
f 7168 7170 7169
f 7169 7170 7171
f 7170 7172 7171
f 7171 7172 7173
f 7172 7174 7173
f 7173 7174 7175
f 7174 7176 7175
f 7175 7176 7177
f 7176 7178 7177
f 7177 7178 7179
f 7178 7180 7179
f 7179 7180 7181
f 7182 7183 7184
f 7182 7184 7185
f 7184 7186 7185
f 7185 7186 7187
f 7186 7188 7187
f 7187 7188 7189
f 7188 7190 7189
f 7189 7190 7191
f 7190 7192 7191
f 7191 7192 7193
f 7192 7194 7193
f 7193 7194 7195
f 7194 7196 7195
f 7195 7196 7197
f 7198 7199 7200
f 7198 7200 7201
f 7200 7202 7201
f 7201 7202 7203
f 7202 7204 7203
f 7203 7204 7205
f 7204 7206 7205
f 7205 7206 7207
f 7206 7208 7207
f 7207 7208 7209
f 7208 7210 7209
f 7209 7210 7211
f 7210 7212 7211
f 7211 7212 7213
f 7214 7215 7216
f 7215 7217 7216
f 7218 7219 7220
f 7218 7220 7221
f 7220 7222 7221
f 7221 7222 7223
f 7222 7224 7223
f 7223 7224 7225
f 7224 7226 7225
f 7225 7226 7227
f 7226 7228 7227
f 7227 7228 7229
f 7228 7230 7229
f 7229 7230 7231
f 7230 7232 7231
f 7231 7232 7233
f 7234 7235 7236
f 7234 7236 7237
f 7236 7238 7237
f 7237 7238 7239
f 7238 7240 7239
f 7239 7240 7241
f 7240 7242 7241
f 7241 7242 7243
f 7242 7244 7243
f 7243 7244 7245
f 7244 7246 7245
f 7245 7246 7247
f 7246 7248 7247
f 7247 7248 7249
f 7250 7251 7252
f 7253 7254 7255
f 7252 7251 7256
f 7251 7257 7256
f 7256 7257 7258
f 7257 7259 7258
f 7258 7259 7260
f 7261 7262 7263
f 7260 7264 7258
f 7264 7265 7258
f 7258 7265 7254
f 7265 7266 7254
f 7254 7266 7255
f 7267 7268 7252
f 7268 7269 7252
f 7252 7269 7250
f 7270 7263 7271
f 7263 7262 7271
f 7271 7262 7252
f 7262 7272 7252
f 7252 7272 7267
f 7273 7274 7275
f 7274 7276 7275
f 7275 7276 7277
f 7276 7278 7277
f 7277 7278 7279
f 7278 7280 7279
f 7279 7280 7281
f 7280 7282 7281
f 7281 7282 7255
f 7282 7283 7255
f 7255 7283 7253
f 7284 7285 7286
f 7287 7288 7284
f 7280 7289 7282
f 7289 7290 7282
f 7282 7290 7291
f 7290 7292 7291
f 7292 7293 7291
f 7291 7293 7294
f 7263 7294 7261
f 7294 7293 7261
f 7261 7293 7295
f 7293 7284 7295
f 7295 7284 7296
f 7284 7288 7296
f 7273 7297 7274
f 7297 7298 7274
f 7274 7298 7286
f 7298 7299 7286
f 7286 7299 7284
f 7299 7300 7284
f 7284 7300 7287
f 7301 7302 7303
f 7303 7304 7301
f 7304 7305 7301
f 7301 7305 7306
f 7307 7308 7309
f 7310 7311 7312
f 7313 7314 7315
f 7309 7308 7316
f 7308 7317 7316
f 7316 7317 7318
f 7317 7319 7318
f 7318 7319 7320
f 7321 7322 7309
f 7322 7323 7309
f 7309 7323 7307
f 7324 7325 7326
f 7320 7327 7318
f 7327 7328 7318
f 7318 7328 7306
f 7328 7329 7306
f 7306 7329 7301
f 7330 7312 7331
f 7312 7311 7331
f 7331 7311 7309
f 7311 7332 7309
f 7309 7332 7321
f 7333 7334 7335
f 7334 7336 7335
f 7337 7338 7339
f 7338 7340 7339
f 7339 7340 7341
f 7340 7342 7341
f 7342 7340 7343
f 7340 7344 7343
f 7343 7344 7345
f 7346 7347 7324
f 7347 7348 7324
f 7324 7348 7349
f 7350 7351 7352
f 7351 7353 7352
f 7326 7354 7324
f 7354 7355 7324
f 7324 7355 7356
f 7357 7358 7340
f 7358 7359 7340
f 7340 7359 7344
f 7360 7361 7362
f 7363 7364 7303
f 7364 7365 7303
f 7303 7365 7333
f 7325 7324 7352
f 7324 7366 7352
f 7352 7366 7350
f 7367 7368 7369
f 7356 7370 7324
f 7370 7371 7324
f 7324 7371 7346
f 7315 7372 7313
f 7372 7373 7313
f 7313 7373 7340
f 7373 7374 7340
f 7340 7374 7357
f 7362 7361 7375
f 7361 7376 7375
f 7375 7376 7377
f 7349 7378 7324
f 7378 7334 7324
f 7324 7334 7379
f 7334 7333 7379
f 7379 7333 7380
f 7333 7365 7380
f 7312 7335 7310
f 7335 7336 7310
f 7310 7336 7381
f 7336 7338 7381
f 7381 7338 7382
f 7338 7337 7382
f 7377 7376 7302
f 7376 7383 7302
f 7302 7383 7384
f 7353 7385 7352
f 7385 7386 7352
f 7352 7386 7387
f 7386 7388 7387
f 7387 7388 7369
f 7388 7389 7369
f 7369 7389 7367
f 7345 7390 7343
f 7390 7391 7343
f 7343 7391 7392
f 7391 7360 7392
f 7392 7360 7393
f 7360 7362 7393
f 7384 7394 7302
f 7394 7395 7302
f 7302 7395 7303
f 7395 7396 7303
f 7303 7396 7363
f 7397 7398 7399
f 7398 7400 7399
f 7397 7399 7401
f 7399 7402 7401
f 7401 7402 7403
f 7402 7404 7403
f 7403 7404 7405
f 7404 7406 7405
f 7405 7406 7407
f 7406 7408 7407
f 7407 7408 7409
f 7408 7410 7409
f 7409 7410 7411
f 7410 7412 7411
f 7413 7411 7414
f 7411 7412 7414
f 7413 7414 7415
f 7414 7416 7415
f 7415 7416 7417
f 7416 7418 7417
f 7417 7418 7419
f 7418 7420 7419
f 7419 7420 7421
f 7420 7422 7421
f 7421 7422 7423
f 7422 7424 7423
f 7423 7424 7425
f 7424 7426 7425
f 7427 7425 7428
f 7425 7426 7428
f 7427 7428 7429
f 7428 7430 7429
f 7429 7430 7431
f 7430 7432 7431
f 7431 7432 7433
f 7432 7434 7433
f 7433 7434 7435
f 7434 7436 7435
f 7435 7436 7437
f 7436 7438 7437
f 7437 7438 7439
f 7438 7440 7439
f 7441 7439 7442
f 7439 7440 7442
f 7441 7442 7443
f 7442 7444 7443
f 7443 7444 7445
f 7444 7446 7445
f 7445 7446 7447
f 7446 7448 7447
f 7447 7448 7449
f 7448 7450 7449
f 7449 7450 7451
f 7450 7452 7451
f 7451 7452 7398
f 7452 7400 7398
f 7453 7454 7455
f 7454 7456 7455
f 7453 7455 7457
f 7455 7458 7457
f 7457 7458 7459
f 7458 7460 7459
f 7459 7460 7461
f 7460 7462 7461
f 7461 7462 7463
f 7462 7464 7463
f 7463 7464 7465
f 7464 7466 7465
f 7465 7466 7467
f 7466 7468 7467
f 7469 7467 7470
f 7467 7468 7470
f 7469 7470 7471
f 7470 7472 7471
f 7471 7472 7473
f 7472 7474 7473
f 7473 7474 7475
f 7474 7476 7475
f 7475 7476 7477
f 7476 7478 7477
f 7477 7478 7479
f 7478 7480 7479
f 7479 7480 7481
f 7480 7482 7481
f 7483 7481 7484
f 7481 7482 7484
f 7483 7484 7485
f 7484 7486 7485
f 7485 7486 7487
f 7486 7488 7487
f 7487 7488 7489
f 7488 7490 7489
f 7489 7490 7491
f 7490 7492 7491
f 7491 7492 7493
f 7492 7494 7493
f 7493 7494 7495
f 7494 7496 7495
f 7497 7495 7498
f 7495 7496 7498
f 7497 7498 7499
f 7498 7500 7499
f 7499 7500 7501
f 7500 7502 7501
f 7501 7502 7503
f 7502 7504 7503
f 7503 7504 7505
f 7504 7506 7505
f 7505 7506 7507
f 7506 7508 7507
f 7507 7508 7454
f 7508 7456 7454
f 7509 7510 7511
f 7512 7513 7514
f 7515 7516 7517
f 7515 7513 7518
f 7513 7512 7518
f 7518 7512 7519
f 7520 7521 7522
f 2442 7520 7523
f 7524 7525 7526
f 7515 7517 7513
f 7517 7527 7513
f 7513 7527 7514
f 7527 7528 7514
f 7514 7528 7529
f 7530 7519 7531
f 7519 7512 7531
f 7531 7512 7532
f 7512 7514 7532
f 7532 7514 7511
f 7514 7529 7511
f 7533 7525 7534
f 7525 7524 7534
f 7534 7524 7535
f 7520 7522 7523
f 7522 7536 7523
f 7523 7536 7537
f 7536 7538 7537
f 7537 7538 7539
f 7540 7509 7541
f 7509 7511 7541
f 7541 7511 7542
f 7511 7529 7542
f 7510 7543 7511
f 7543 7535 7511
f 7511 7535 7532
f 7535 7524 7532
f 7532 7524 7531
f 7524 7526 7531
f 7531 7526 7530
f 7543 7544 7535
f 7544 7545 7535
f 7535 7545 7534
f 7545 7546 7534
f 7534 7546 7533
f 7546 7547 7533
f 7533 7547 7548
f 7548 7538 7533
f 7538 7536 7533
f 7533 7536 7525
f 7536 7522 7525
f 7525 7522 7526
f 7522 7521 7526
f 7526 7521 7530
f 7548 7549 7538
f 7549 7550 7538
f 7538 7550 7539
f 7550 7551 7539
f 7539 7551 7552
f 2442 7523 2443
f 7523 7537 2443
f 2443 7537 2451
f 7537 7539 2451
f 2451 7539 2452
f 7539 7552 2452
f 2452 7552 2448
f 7553 7516 7515
f 7520 2442 2450
f 7553 7515 7554
f 7515 7518 7554
f 7554 7518 7555
f 7518 7519 7555
f 7555 7519 7556
f 7519 7530 7556
f 7556 7530 7557
f 7530 7521 7557
f 7557 7521 7558
f 7521 7520 7558
f 7558 7520 7559
f 7520 2450 7559
f 7559 2450 2488
f 7560 7561 7562
f 7563 7564 7565
f 7566 7567 7568
f 7567 7563 7568
f 7569 7570 7571
f 7570 7566 7571
f 7572 7573 7569
f 7573 7572 7561
f 7574 7575 7576
f 7575 7560 7576
f 7577 7578 7579
f 7578 7574 7579
f 2458 2476 7577
f 7563 7565 7568
f 7565 7580 7568
f 7568 7580 7581
f 7580 7582 7581
f 7582 7583 7581
f 7581 7583 7584
f 7585 7586 7587
f 7586 7584 7587
f 7587 7584 7588
f 7584 7583 7588
f 7585 7589 7586
f 7589 7590 7586
f 7586 7590 7591
f 7590 7592 7591
f 7591 7592 7593
f 7592 7594 7593
f 7594 7595 7593
f 7593 7595 7596
f 7595 7597 7596
f 7596 7597 7598
f 7597 7599 7598
f 7599 7600 7598
f 7598 7600 7601
f 7600 7602 7601
f 7601 7602 7603
f 7602 7604 7603
f 7603 7604 7605
f 7604 7553 7605
f 7605 7553 7554
f 7566 7568 7571
f 7568 7581 7571
f 7571 7581 7606
f 7581 7584 7606
f 7606 7584 7607
f 7584 7586 7607
f 7607 7586 7608
f 7586 7591 7608
f 7608 7591 7609
f 7591 7593 7609
f 7609 7593 7610
f 7593 7596 7610
f 7610 7596 7611
f 7596 7598 7611
f 7611 7598 7612
f 7598 7601 7612
f 7612 7601 7613
f 7601 7603 7613
f 7613 7603 7614
f 7603 7605 7614
f 7614 7605 7615
f 7605 7554 7615
f 7615 7554 7555
f 7569 7571 7572
f 7571 7606 7572
f 7572 7606 7616
f 7606 7607 7616
f 7616 7607 7617
f 7607 7608 7617
f 7617 7608 7618
f 7608 7609 7618
f 7618 7609 7619
f 7609 7610 7619
f 7619 7610 7620
f 7610 7611 7620
f 7620 7611 7621
f 7611 7612 7621
f 7621 7612 7622
f 7612 7613 7622
f 7622 7613 7623
f 7613 7614 7623
f 7623 7614 7624
f 7614 7615 7624
f 7624 7615 7625
f 7615 7555 7625
f 7625 7555 7556
f 7561 7572 7562
f 7572 7616 7562
f 7562 7616 7626
f 7616 7617 7626
f 7626 7617 7627
f 7617 7618 7627
f 7627 7618 7628
f 7618 7619 7628
f 7628 7619 7629
f 7619 7620 7629
f 7629 7620 7630
f 7620 7621 7630
f 7630 7621 7631
f 7621 7622 7631
f 7631 7622 7632
f 7622 7623 7632
f 7632 7623 7633
f 7623 7624 7633
f 7633 7624 7634
f 7624 7625 7634
f 7634 7625 7635
f 7625 7556 7635
f 7635 7556 7557
f 7560 7562 7576
f 7562 7626 7576
f 7576 7626 7636
f 7626 7627 7636
f 7636 7627 7637
f 7627 7628 7637
f 7637 7628 7638
f 7628 7629 7638
f 7638 7629 7639
f 7629 7630 7639
f 7639 7630 7640
f 7630 7631 7640
f 7640 7631 7641
f 7631 7632 7641
f 7641 7632 7642
f 7632 7633 7642
f 7642 7633 7643
f 7633 7634 7643
f 7643 7634 7644
f 7634 7635 7644
f 7644 7635 7645
f 7635 7557 7645
f 7645 7557 7558
f 7574 7576 7579
f 7576 7636 7579
f 7579 7636 7646
f 7636 7637 7646
f 7646 7637 7647
f 7637 7638 7647
f 7647 7638 7648
f 7638 7639 7648
f 7648 7639 7649
f 7639 7640 7649
f 7649 7640 7650
f 7640 7641 7650
f 7650 7641 7651
f 7641 7642 7651
f 7651 7642 7652
f 7642 7643 7652
f 7652 7643 7653
f 7643 7644 7653
f 7653 7644 7654
f 7644 7645 7654
f 7654 7645 7655
f 7645 7558 7655
f 7655 7558 7559
f 7577 7579 2458
f 7579 7646 2458
f 2458 7646 2459
f 7646 7647 2459
f 2459 7647 2461
f 7647 7648 2461
f 2461 7648 2462
f 7648 7649 2462
f 2462 7649 2477
f 7649 7650 2477
f 2477 7650 2478
f 7650 7651 2478
f 2478 7651 2480
f 7651 7652 2480
f 2480 7652 2481
f 7652 7653 2481
f 2481 7653 2482
f 7653 7654 2482
f 2482 7654 2486
f 7654 7655 2486
f 2486 7655 2487
f 7655 7559 2487
f 2487 7559 2488
f 7656 7564 7657
f 7564 7563 7657
f 7657 7563 7658
f 7563 7659 7658
f 7659 7563 7660
f 7563 7567 7660
f 7660 7567 7661
f 7567 7566 7661
f 7566 7570 7661
f 7661 7570 7662
f 7570 7569 7662
f 7662 7569 7663
f 7561 7664 7573
f 7664 7665 7573
f 7573 7665 7569
f 7665 7666 7569
f 7569 7666 7663
f 7575 7667 7560
f 7667 7668 7560
f 7560 7668 7561
f 7668 7669 7561
f 7561 7669 7664
f 7578 7670 7574
f 7670 7671 7574
f 7574 7671 7575
f 7671 7672 7575
f 7575 7672 7667
f 2457 7673 2476
f 7673 7674 2476
f 2476 7674 7577
f 7674 7675 7577
f 7577 7675 7578
f 7675 7676 7578
f 7578 7676 7670
f 7677 7678 7679
f 7674 2456 2455
f 7680 7681 2455
f 7681 7682 2455
f 2455 7682 7674
f 7683 7684 7680
f 7684 7685 7680
f 7680 7685 7681
f 7680 7686 7683
f 7686 7687 7683
f 7683 7687 7688
f 7687 7689 7688
f 7690 7691 7692
f 7691 7693 7692
f 7692 7693 7694
f 7693 7695 7694
f 7695 7696 7694
f 7694 7696 7697
f 7696 7698 7697
f 7697 7698 7699
f 7698 7700 7699
f 7699 7700 7689
f 7700 7701 7689
f 7689 7701 7688
f 7677 7679 7702
f 7679 7703 7702
f 7702 7703 7704
f 7703 7705 7704
f 7704 7705 7690
f 7705 7706 7690
f 7690 7706 7691
f 7707 7708 7709
f 7710 7711 7712
f 7713 7714 7715
f 2472 7713 7716
f 7707 7709 7717
f 7709 7718 7717
f 7717 7718 7719
f 7718 7720 7719
f 7720 7721 7719
f 7719 7721 7722
f 7721 7723 7722
f 7722 7723 7724
f 7723 7725 7724
f 7725 7726 7724
f 7724 7726 7727
f 7726 7728 7727
f 7727 7728 7729
f 7728 7730 7729
f 7730 7731 7729
f 7729 7731 7732
f 7731 7733 7732
f 7732 7733 7734
f 7733 7735 7734
f 7735 7736 7734
f 7734 7736 7737
f 7710 7712 7738
f 7712 7739 7738
f 7738 7739 7740
f 7739 7741 7740
f 7740 7741 7742
f 7741 7743 7742
f 7742 7743 7744
f 7743 7745 7744
f 7744 7745 7746
f 7745 7747 7746
f 7746 7747 7748
f 7747 7749 7748
f 7748 7749 7750
f 7749 7751 7750
f 7750 7751 7752
f 7751 7753 7752
f 7752 7753 7754
f 7753 7755 7754
f 7754 7755 7756
f 7713 7715 7716
f 7715 7757 7716
f 7716 7757 7758
f 7757 7759 7758
f 7758 7759 7760
f 7759 7761 7760
f 7760 7761 7762
f 7761 7763 7762
f 7762 7763 7764
f 7763 7765 7764
f 7764 7765 7766
f 7765 7767 7766
f 7766 7767 7768
f 7767 7769 7768
f 7768 7769 7770
f 7769 7771 7770
f 7770 7771 7772
f 7771 7773 7772
f 7772 7773 7774
f 7775 7677 7702
f 7736 7776 7737
f 7776 7777 7737
f 7737 7777 7778
f 7777 7779 7778
f 7778 7779 7775
f 7775 7702 7778
f 7702 7780 7778
f 7778 7780 7690
f 7690 7755 7778
f 7755 7753 7778
f 7778 7753 7737
f 7753 7751 7737
f 7737 7751 7734
f 7751 7749 7734
f 7734 7749 7732
f 7749 7747 7732
f 7732 7747 7729
f 7747 7745 7729
f 7729 7745 7727
f 7745 7743 7727
f 7727 7743 7724
f 7743 7741 7724
f 7724 7741 7722
f 7741 7739 7722
f 7722 7739 7719
f 7739 7712 7719
f 7719 7712 7717
f 7712 7711 7717
f 7717 7711 7707
f 7690 7781 7755
f 7781 7694 7755
f 7755 7694 7756
f 7694 7697 7756
f 7756 7697 7699
f 7699 7773 7756
f 7773 7771 7756
f 7756 7771 7754
f 7771 7769 7754
f 7754 7769 7752
f 7769 7767 7752
f 7752 7767 7750
f 7767 7765 7750
f 7750 7765 7748
f 7765 7763 7748
f 7748 7763 7746
f 7763 7761 7746
f 7746 7761 7744
f 7761 7759 7744
f 7744 7759 7742
f 7759 7757 7742
f 7742 7757 7740
f 7757 7715 7740
f 7740 7715 7738
f 7715 7714 7738
f 7738 7714 7710
f 7699 7689 7773
f 7689 7687 7773
f 7773 7687 7774
f 7687 7686 7774
f 7774 7686 7680
f 2472 7716 2473
f 7716 7758 2473
f 2473 7758 2474
f 7758 7760 2474
f 2474 7760 2475
f 7760 7762 2475
f 2475 7762 2483
f 7762 7764 2483
f 2483 7764 2484
f 7764 7766 2484
f 2484 7766 2485
f 7766 7768 2485
f 2485 7768 2463
f 7768 7770 2463
f 2463 7770 2464
f 7770 7772 2464
f 2464 7772 2466
f 7772 7774 2466
f 2466 7774 2467
f 7774 7680 2467
f 2467 7680 2455
f 2471 2469 7782
f 7713 7783 7714
f 7783 7784 7714
f 7714 7784 7710
f 7784 7785 7710
f 7710 7785 7711
f 7785 7786 7711
f 7711 7786 7707
f 7786 7787 7707
f 7707 7787 7708
f 2472 2471 7713
f 2471 7782 7713
f 7713 7782 7783
f 7788 7787 7786
f 7789 7790 7791
f 7792 7793 7794
f 7795 7796 7797
f 7796 7798 7797
f 7797 7798 7799
f 7799 7798 7800
f 7798 7801 7800
f 7800 7801 7802
f 7802 7801 7803
f 7801 7804 7803
f 7803 7804 7805
f 7805 7804 7806
f 7804 7807 7806
f 7806 7807 7808
f 7808 7807 7809
f 7807 7810 7809
f 7809 7810 7811
f 7811 7810 7812
f 7810 2445 7812
f 7812 2445 2453
f 2446 2445 7813
f 2445 7810 7813
f 7813 7810 7814
f 7810 7807 7814
f 7814 7807 7815
f 7807 7804 7815
f 7815 7804 7816
f 7804 7801 7816
f 7816 7801 7794
f 7801 7798 7794
f 7794 7798 7792
f 7798 7796 7792
f 2468 2446 7817
f 2446 7813 7817
f 7817 7813 7818
f 7813 7814 7818
f 7818 7814 7819
f 7814 7815 7819
f 7819 7815 7820
f 7815 7816 7820
f 7820 7816 7791
f 7816 7794 7791
f 7791 7794 7789
f 7794 7793 7789
f 2469 2468 7782
f 2468 7817 7782
f 7782 7817 7783
f 7817 7818 7783
f 7783 7818 7784
f 7818 7819 7784
f 7784 7819 7785
f 7819 7820 7785
f 7785 7820 7786
f 7820 7791 7786
f 7786 7791 7788
f 7791 7790 7788
f 7821 7822 7795
f 2453 2454 7823
f 7821 7795 7824
f 7795 7797 7824
f 7824 7797 7825
f 7800 7826 7799
f 7826 7827 7799
f 7799 7827 7797
f 7827 7828 7797
f 7797 7828 7825
f 7809 7829 7808
f 7829 7830 7808
f 7808 7830 7806
f 7830 7831 7806
f 7831 7832 7806
f 7806 7832 7805
f 7832 7833 7805
f 7805 7833 7803
f 7833 7834 7803
f 7803 7834 7802
f 7834 7835 7802
f 7802 7835 7800
f 7835 7836 7800
f 7800 7836 7826
f 2453 7823 7812
f 7823 7837 7812
f 7812 7837 7811
f 7837 7838 7811
f 7811 7838 7809
f 7838 7839 7809
f 7809 7839 7829
f 7840 7564 7841
f 7564 7656 7841
f 7842 7516 7843
f 7516 7553 7843
f 7844 7580 7840
f 7580 7565 7840
f 7840 7565 7564
f 7587 7588 7845
f 7588 7583 7845
f 7845 7583 7844
f 7583 7582 7844
f 7844 7582 7580
f 7589 7585 7846
f 7585 7587 7846
f 7846 7587 7847
f 7587 7845 7847
f 7848 7592 7846
f 7592 7590 7846
f 7846 7590 7589
f 7849 7602 7600
f 7849 7600 7850
f 7600 7599 7850
f 7850 7599 7851
f 7599 7597 7851
f 7851 7597 7852
f 7597 7595 7852
f 7852 7595 7848
f 7595 7594 7848
f 7848 7594 7592
f 7602 7849 7604
f 7849 7843 7604
f 7604 7843 7553
f 7853 7854 7855
f 7854 7540 7855
f 7516 7842 7517
f 7842 7856 7517
f 7857 7528 7856
f 7528 7527 7856
f 7856 7527 7517
f 7541 7542 7857
f 7542 7529 7857
f 7857 7529 7528
f 7857 7858 7541
f 7858 7855 7541
f 7541 7855 7540
f 7730 7728 7859
f 7859 7728 7860
f 7708 7861 7709
f 7861 7862 7709
f 7863 7721 7864
f 7721 7720 7864
f 7864 7720 7862
f 7720 7718 7862
f 7862 7718 7709
f 7728 7726 7860
f 7726 7725 7860
f 7860 7725 7863
f 7725 7723 7863
f 7863 7723 7721
f 7730 7859 7731
f 7859 7865 7731
f 7731 7865 7733
f 7733 7865 7735
f 7865 7866 7735
f 7735 7866 7736
f 7736 7866 7776
f 7866 7867 7776
f 7776 7867 7777
f 7777 7867 7779
f 7867 7868 7779
f 7779 7868 7775
f 7868 7869 7775
f 7775 7869 7677
f 7678 7677 7870
f 7677 7869 7870
f 7870 7869 7871
f 7795 7872 7796
f 7872 7873 7796
f 7796 7873 7792
f 7792 7873 7793
f 7873 7874 7793
f 7793 7874 7789
f 7789 7874 7790
f 7874 7875 7790
f 7790 7875 7788
f 7875 7876 7788
f 7788 7876 7787
f 7861 7708 7876
f 7708 7787 7876
f 7877 7872 7878
f 7872 7795 7878
f 7878 7795 7822
f 7879 7880 7509
f 7509 7880 7510
f 2449 2448 7881
f 2448 7552 7881
f 7881 7552 7882
f 7882 7552 7883
f 7552 7551 7883
f 7883 7551 7884
f 7884 7551 7885
f 7551 7550 7885
f 7885 7550 7886
f 7550 7549 7886
f 7886 7549 7887
f 7549 7548 7887
f 7887 7548 7888
f 7889 7548 7890
f 7548 7547 7890
f 7889 7891 7548
f 7891 7892 7548
f 7548 7892 7888
f 7547 7546 7890
f 7546 7545 7890
f 7890 7545 7893
f 7545 7544 7893
f 7880 7894 7510
f 7894 7895 7510
f 7510 7895 7543
f 7895 7896 7543
f 7543 7896 7544
f 7896 7897 7544
f 7544 7897 7893
f 7879 7509 7898
f 7509 7540 7898
f 7898 7540 7854
f 7899 7900 7901
f 7900 7902 7901
f 7901 7902 7903
f 7902 7904 7903
f 7903 7904 7905
f 7904 7906 7905
f 7906 7907 7905
f 7905 7907 7908
f 7907 7909 7908
f 7908 7909 7910
f 7909 7911 7910
f 7910 7911 7912
f 7911 7913 7912
f 7912 7913 7914
f 7913 7915 7914
f 7914 7915 7916
f 7915 7917 7916
f 7916 7917 7918
f 7917 7919 7918
f 7918 7919 7920
f 7919 7921 7920
f 7920 7921 7922
f 7921 7923 7922
f 7922 7923 7924
f 7923 7925 7924
f 7924 7925 7926
f 7925 7927 7926
f 7926 7927 7928
f 7927 7929 7928
f 7928 7929 7930
f 7929 7931 7930
f 7930 7931 7932
f 7931 7933 7932
f 7932 7933 7934
f 7933 7935 7934
f 7934 7935 7936
f 7935 7937 7936
f 7936 7937 7938
f 7937 7939 7938
f 7938 7939 7940
f 7939 7941 7940
f 7940 7941 7942
f 7941 7943 7942
f 7942 7943 7944
f 7943 7945 7944
f 7944 7945 7946
f 7945 7947 7946
f 7946 7947 7899
f 7947 7948 7899
f 7899 7948 7900
f 7949 7950 7951
f 7950 7952 7951
f 7951 7952 7953
f 7952 7954 7953
f 7953 7954 7955
f 7954 7956 7955
f 7955 7956 7957
f 7956 7958 7957
f 7957 7958 7959
f 7958 7960 7959
f 7959 7960 7961
f 7960 7962 7961
f 7961 7962 7963
f 7962 7964 7963
f 7963 7964 7965
f 7964 7966 7965
f 7965 7966 7967
f 7966 7968 7967
f 7967 7968 7969
f 7968 7970 7969
f 7969 7970 7971
f 7970 7972 7971
f 7971 7972 7973
f 7972 7974 7973
f 7973 7974 7975
f 7974 7976 7975
f 7975 7976 7977
f 7976 7978 7977
f 7977 7978 7979
f 7978 7980 7979
f 7979 7980 7981
f 7980 7982 7981
f 7981 7982 7983
f 7982 7984 7983
f 7983 7984 7985
f 7984 7986 7985
f 7985 7986 7987
f 7986 7988 7987
f 7987 7988 7989
f 7988 7990 7989
f 7989 7990 7991
f 7990 7992 7991
f 7991 7992 7993
f 7992 7994 7993
f 7993 7994 7995
f 7994 7996 7995
f 7995 7996 7949
f 7996 7950 7949
f 7997 7998 7999
f 7998 8000 7999
f 7999 8000 8001
f 8001 8002 7999
f 8002 8003 7999
f 7999 8003 8004
f 8005 8006 8007
f 8006 8008 8007
f 8009 8010 8011
f 8010 8012 8011
f 8012 8013 8011
f 8013 8014 8011
f 8011 8014 8015
f 8004 8016 7999
f 8016 8017 7999
f 7999 8017 8011
f 8017 8018 8011
f 8011 8018 8009
f 8008 8019 8007
f 8019 8020 8007
f 8007 8020 7999
f 8020 8021 7999
f 7999 8021 7997
f 8022 8023 8007
f 8023 8024 8007
f 8007 8024 8005
f 8025 8026 8014
f 8026 8027 8014
f 8014 8027 8015
f 8022 8028 8023
f 8028 8029 8023
f 8023 8029 8030
f 8031 8032 8033
f 8032 8034 8033
f 8033 8034 8035
f 8036 8037 8033
f 8037 8038 8033
f 8033 8038 8031
f 8039 8040 8033
f 8040 8041 8033
f 8033 8041 8036
f 8042 8043 8033
f 8043 8044 8033
f 8033 8044 8039
f 8045 8046 8033
f 8046 8047 8033
f 8033 8047 8042
f 8048 8049 8033
f 8049 8050 8033
f 8033 8050 8045
f 8051 8052 8033
f 8052 8053 8033
f 8033 8053 8048
f 8035 8054 8033
f 8054 8055 8033
f 8033 8055 8051
f 8056 8057 8058
f 8057 8059 8058
f 8058 8059 8060
f 8061 8062 8058
f 8062 8063 8058
f 8058 8063 8056
f 8064 8065 8058
f 8065 8066 8058
f 8058 8066 8061
f 8067 8068 8058
f 8068 8069 8058
f 8058 8069 8064
f 8070 8071 8058
f 8071 8072 8058
f 8058 8072 8067
f 8073 8074 8058
f 8074 8075 8058
f 8058 8075 8070
f 8076 8077 8058
f 8077 8078 8058
f 8058 8078 8073
f 8060 8079 8058
f 8079 8080 8058
f 8058 8080 8076
f 8081 8082 8083
f 8084 8085 8086
f 8085 8087 8086
f 8083 8088 8085
f 8088 8089 8085
f 8085 8089 8087
f 8090 8091 8092
f 8093 8094 8085
f 8095 8096 8097
f 8098 8099 8100
f 8101 8102 8103
f 8102 8104 8103
f 8103 8104 8105
f 8104 8106 8105
f 8105 8106 8085
f 8106 8107 8085
f 8085 8107 8093
f 8094 8108 8085
f 8108 8109 8085
f 8085 8109 8083
f 8109 8110 8083
f 8083 8110 8081
f 8091 8111 8092
f 8111 8112 8092
f 8092 8112 8113
f 8112 8114 8113
f 8113 8114 8115
f 8114 8116 8115
f 8115 8116 8117
f 8116 8118 8117
f 8117 8118 8119
f 8118 8120 8119
f 8119 8120 8121
f 8120 8122 8121
f 8084 8123 8085
f 8123 8124 8085
f 8085 8124 8125
f 8095 8126 8096
f 8126 8127 8096
f 8096 8127 8128
f 8127 8129 8128
f 8128 8129 8130
f 8131 8132 8133
f 8132 8134 8133
f 8133 8134 8097
f 8134 8135 8097
f 8097 8135 8095
f 8136 8137 8138
f 8137 8139 8138
f 8138 8139 8140
f 8122 8141 8121
f 8141 8142 8121
f 8121 8142 8143
f 8142 8144 8143
f 8143 8144 8145
f 8144 8146 8145
f 8145 8146 8147
f 8146 8148 8147
f 8147 8148 8149
f 8148 8150 8149
f 8149 8150 8151
f 8150 8152 8151
f 8151 8152 8153
f 8152 8137 8153
f 8153 8137 8154
f 8137 8136 8154
f 8125 8155 8085
f 8155 8156 8085
f 8085 8156 8157
f 8133 8158 8131
f 8158 8159 8131
f 8131 8159 8160
f 8159 8161 8160
f 8160 8161 8162
f 8161 8163 8162
f 8162 8163 8164
f 8164 8163 8165
f 8163 8166 8165
f 8165 8166 8167
f 8166 8168 8167
f 8167 8168 8169
f 8168 8170 8169
f 8169 8170 8171
f 8170 8172 8171
f 8171 8172 8173
f 8172 8174 8173
f 8173 8174 8175
f 8174 8176 8175
f 8175 8176 8177
f 8176 8178 8177
f 8177 8178 8179
f 8178 8180 8179
f 8179 8180 8181
f 8180 8182 8181
f 8181 8182 8183
f 8182 8184 8183
f 8183 8184 8185
f 8184 8186 8185
f 8185 8186 8187
f 8186 8188 8187
f 8187 8188 8189
f 8188 8190 8189
f 8189 8190 8191
f 8190 8192 8191
f 8191 8192 8193
f 8129 8194 8130
f 8194 8195 8130
f 8130 8195 8196
f 8195 8197 8196
f 8196 8197 8198
f 8197 8199 8198
f 8198 8199 8200
f 8098 8100 8201
f 8100 8202 8201
f 8201 8202 8203
f 8202 8204 8203
f 8203 8204 8205
f 8204 8206 8205
f 8205 8206 8207
f 8092 8208 8090
f 8208 8209 8090
f 8090 8209 8210
f 8209 8211 8210
f 8210 8211 8212
f 8211 8213 8212
f 8214 8215 8216
f 8216 8215 8217
f 8218 8219 8220
f 8219 8221 8220
f 8220 8221 8222
f 8221 8223 8222
f 8222 8223 8224
f 8223 8217 8224
f 8224 8217 8225
f 8217 8215 8225
f 8101 8226 8102
f 8226 8227 8102
f 8102 8227 8228
f 8227 8229 8228
f 8228 8229 8230
f 8229 8231 8230
f 8230 8231 8232
f 8231 8233 8232
f 8232 8233 8234
f 8233 8235 8234
f 8234 8235 8218
f 8235 8236 8218
f 8218 8236 8219
f 8156 8237 8157
f 8237 8238 8157
f 8157 8238 8239
f 8238 8240 8239
f 8239 8240 8241
f 8240 8242 8241
f 8199 8243 8200
f 8243 8244 8200
f 8200 8244 8245
f 8244 8246 8245
f 8245 8246 8242
f 8246 8247 8242
f 8242 8247 8241
f 8192 8248 8193
f 8248 8249 8193
f 8193 8249 8250
f 8249 8251 8250
f 8250 8251 8252
f 8251 8253 8252
f 8252 8253 8254
f 8254 8253 8255
f 8253 8256 8255
f 8255 8256 8257
f 8216 8258 8214
f 8258 8259 8214
f 8214 8259 8260
f 8259 8261 8260
f 8260 8261 8262
f 8261 8263 8262
f 8262 8263 8264
f 8263 8265 8264
f 8264 8265 8266
f 8265 8267 8266
f 8266 8267 8268
f 8267 8269 8268
f 8268 8269 8270
f 8269 8271 8270
f 8270 8271 8213
f 8271 8272 8213
f 8213 8272 8212
f 8256 8273 8257
f 8273 8274 8257
f 8257 8274 8275
f 8274 8207 8275
f 8275 8207 8276
f 8207 8206 8276
f 8277 8278 8279
f 8278 8280 8279
f 8281 8282 8283
f 8282 8284 8283
f 8285 8286 8280
f 8286 8283 8280
f 8280 8283 8279
f 8283 8284 8279
f 8279 8284 8287
f 8284 8288 8287
f 8289 8290 8291
f 8289 8291 8292
f 8293 8294 8295
f 8294 8296 8295
f 8295 8296 8297
f 8296 8298 8297
f 8298 8299 8297
f 8297 8299 8300
f 8299 8301 8300
f 8300 8301 8302
f 8301 8303 8302
f 8302 8303 8304
f 8303 8305 8304
f 8295 8306 8293
f 8306 8307 8293
f 8293 8307 8308
f 8307 8309 8308
f 8308 8309 8310
f 8309 8311 8310
f 8312 8313 8314
f 8313 8315 8314
f 8314 8315 8311
f 8315 8316 8311
f 8311 8316 8310
f 8317 8318 8319
f 8318 8320 8319
f 8319 8320 8321
f 8320 8322 8321
f 8321 8322 8323
f 8322 8324 8323
f 8323 8324 8325
f 8324 8326 8325
f 8325 8326 8327
f 8326 8328 8327
f 8329 8330 8331
f 8330 8332 8331
f 8331 8332 8317
f 8332 8333 8317
f 8317 8333 8318
f 8334 8335 8291
f 8335 8336 8291
f 8336 8337 8291
f 8291 8337 8292
f 8338 8339 8340
f 8341 8342 8343
f 8342 8344 8343
f 8343 8344 8305
f 8344 8345 8305
f 8305 8345 8304
f 8331 8346 8329
f 8346 8347 8329
f 8329 8347 8348
f 8347 8349 8348
f 8348 8349 8350
f 8349 8351 8350
f 8350 8351 8352
f 8341 8353 8342
f 8353 8354 8342
f 8342 8354 8355
f 8354 8356 8355
f 8357 8358 8359
f 8358 8360 8359
f 8359 8360 8361
f 8360 8362 8361
f 8361 8362 8363
f 8362 8364 8363
f 8363 8364 8365
f 8364 8366 8365
f 8365 8366 8312
f 8366 8367 8312
f 8312 8367 8313
f 8352 8351 8291
f 8351 8368 8291
f 8291 8368 8334
f 8340 8369 8338
f 8369 8370 8338
f 8338 8370 8371
f 8370 8372 8371
f 8371 8372 8373
f 8372 8374 8373
f 8373 8374 8375
f 8374 8376 8375
f 8375 8376 8356
f 8376 8377 8356
f 8356 8377 8355
f 8326 8378 8328
f 8378 8379 8328
f 8328 8379 8380
f 8379 8381 8380
f 8380 8381 8382
f 8381 8383 8382
f 8382 8383 8384
f 8383 8385 8384
f 8384 8385 8357
f 8385 8386 8357
f 8357 8386 8358
f 8387 8388 8389
f 8388 8390 8389
f 8391 8392 8393
f 8392 8394 8393
f 8395 8396 8390
f 8396 8393 8390
f 8390 8393 8389
f 8393 8394 8389
f 8389 8394 8397
f 8394 8398 8397
f 8399 8400 8401
f 8401 8402 8399
f 8402 8403 8399
f 8399 8403 8404
f 8403 8405 8404
f 8402 8406 8403
f 8406 8407 8403
f 8403 8407 8408
f 8409 8410 8411
f 8411 8412 8409
f 8412 8413 8409
f 8409 8413 8414
f 8413 8415 8414
f 8414 8415 8416
f 8415 8403 8416
f 8416 8403 8417
f 8403 8408 8417
f 8418 8419 8420
f 8419 8421 8420
f 8422 8423 8424
f 8423 8425 8424
f 8426 8427 8421
f 8427 8424 8421
f 8421 8424 8420
f 8424 8425 8420
f 8420 8425 8428
f 8425 8429 8428
f 8430 8431 8432
f 8431 8433 8432
f 8432 8433 8434
f 8433 8435 8434
f 8434 8435 8436
f 8435 8437 8436
f 8436 8437 8438
f 8437 8439 8438
f 8438 8439 8440
f 8439 8441 8440
f 8440 8441 8442
f 8441 8443 8442
f 8442 8443 8444
f 8443 8445 8444
f 8444 8445 8446
f 8445 8447 8446
f 8446 8447 8448
f 8447 8449 8448
f 8448 8449 8450
f 8449 8451 8450
f 8450 8451 8452
f 8451 8453 8452
f 8452 8453 8454
f 8453 8455 8454
f 8454 8455 8456
f 8455 8457 8456
f 8456 8457 8458
f 8457 8459 8458
f 8458 8459 8460
f 8459 8461 8460
f 8460 8461 8462
f 8461 8463 8462
f 8462 8463 8464
f 8463 8465 8464
f 8466 8467 8468
f 8466 8468 8469
f 8470 8471 8472
f 8471 8473 8472
f 8472 8473 8474
f 8475 8476 8477
f 8476 8478 8477
f 8477 8478 8479
f 8478 8480 8479
f 8479 8480 8481
f 8480 8482 8481
f 8481 8482 8470
f 8482 8483 8470
f 8470 8483 8471
f 8474 8473 8484
f 8473 8485 8484
f 8484 8485 8486
f 8485 8487 8486
f 8486 8487 8488
f 8487 8489 8488
f 8488 8489 8490
f 8489 8491 8490
f 8490 8491 8492
f 8491 8493 8492
f 8492 8493 8494
f 8493 8495 8494
f 8494 8495 8496
f 8495 8497 8496
f 8496 8497 8468
f 8497 8498 8468
f 8468 8498 8469
f 8499 8500 8501
f 8502 8499 8503
f 8499 8501 8503
f 8503 8501 8504
f 8501 8505 8504
f 8504 8505 8506
f 8505 8507 8506
f 8506 8507 8508
f 8507 8509 8508
f 8508 8509 8510
f 8509 8511 8510
f 8510 8511 8512
f 8511 8513 8512
f 8512 8513 8514
f 8513 8515 8514
f 8514 8515 8516
f 8515 8517 8516
f 8516 8517 8518
f 8517 8519 8518
f 8518 8519 8520
f 8519 8521 8520
f 8522 8523 8524
f 8523 8525 8524
f 8524 8525 8526
f 8525 8527 8526
f 8526 8527 8528
f 8527 8529 8528
f 8528 8529 8530
f 8529 8531 8530
f 8530 8531 8532
f 8531 8533 8532
f 8532 8533 8534
f 8533 8535 8534
f 8534 8535 8536
f 8535 8537 8536
f 8536 8537 8538
f 8537 8539 8538
f 8538 8539 8540
f 8539 8541 8540
f 8540 8541 8542
f 8541 8543 8542
f 8542 8543 8544
f 8543 8545 8544
f 8544 8545 8546
f 8545 8547 8546
f 8546 8547 8548
f 8547 8549 8548
f 8548 8549 8550
f 8549 8551 8550
f 8550 8551 8552
f 8551 8553 8552
f 8552 8553 8554
f 8553 8555 8554
f 8554 8555 8556
f 8555 8557 8556
f 8558 8559 8560
f 8559 8561 8560
f 8560 8561 8562
f 8561 8563 8562
f 8562 8563 8564
f 8563 8565 8564
f 8564 8565 8566
f 8565 8567 8566
f 8566 8567 8568
f 8567 8569 8568
f 8568 8569 8570
f 8569 8571 8570
f 8570 8571 8572
f 8571 8573 8572
f 8572 8573 8574
f 8573 8575 8574
f 8574 8575 8576
f 8575 8577 8576
f 8576 8577 8578
f 8577 8579 8578
f 8578 8579 8580
f 8579 8581 8580
f 8580 8581 8582
f 8581 8583 8582
f 8582 8583 8584
f 8583 8585 8584
f 8584 8585 8586
f 8585 8587 8586
f 8586 8587 8588
f 8587 8589 8588
f 8588 8589 8590
f 8589 8591 8590
f 8590 8591 8592
f 8591 8593 8592
f 8594 8595 8596
f 8595 8597 8596
f 8598 8599 8600
f 8599 8601 8600
f 8600 8601 8602
f 8601 8603 8602
f 8602 8603 8604
f 8603 8605 8604
f 8604 8605 8606
f 8605 8607 8606
f 8606 8607 8608
f 8607 8609 8608
f 8608 8609 8610
f 8609 8611 8610
f 8610 8611 8612
f 8611 8613 8612
f 8612 8613 8614
f 8613 8615 8614
f 8614 8615 8616
f 8615 8617 8616
f 8616 8617 8618
f 8617 8619 8618
f 8618 8619 8620
f 8619 8621 8620
f 8620 8621 8622
f 8621 8623 8622
f 8622 8623 8624
f 8623 8625 8624
f 8624 8625 8626
f 8625 8627 8626
f 8626 8627 8628
f 8627 8629 8628
f 8628 8629 8630
f 8629 8631 8630
f 8632 8633 8634
f 8633 8635 8634
f 8634 8635 8636
f 8635 8637 8636
f 8636 8637 8638
f 8637 8639 8638
f 8638 8639 8640
f 8639 8641 8640
f 8640 8641 8642
f 8641 8643 8642
f 8642 8643 8644
f 8643 8645 8644
f 8644 8645 8646
f 8645 8647 8646
f 8646 8647 8648
f 8647 8649 8648
f 8648 8649 8650
f 8649 8651 8650
f 8650 8651 8652
f 8651 8653 8652
f 8652 8653 8654
f 8653 8655 8654
f 8654 8655 8656
f 8655 8657 8656
f 8656 8657 8658
f 8657 8659 8658
f 8658 8659 8660
f 8659 8661 8660
f 8660 8661 8662
f 8661 8663 8662
f 8662 8663 8664
f 8663 8665 8664
f 8666 8667 8668
f 8667 8669 8668
f 8668 8669 8670
f 8669 8671 8670
f 8670 8671 8672
f 8671 8673 8672
f 8672 8673 8674
f 8673 8675 8674
f 8674 8675 8676
f 8675 8677 8676
f 8676 8677 8678
f 8677 8679 8678
f 8678 8679 8680
f 8679 8681 8680
f 8680 8681 8682
f 8681 8683 8682
f 8684 8685 8686
f 8685 8687 8686
f 8686 8687 8688
f 8689 8690 8691
f 8690 8692 8691
f 8691 8692 8693
f 8692 8694 8693
f 8693 8694 8695
f 8694 8696 8695
f 8696 8697 8695
f 8695 8697 8698
f 8697 8688 8698
f 8698 8688 8699
f 8688 8687 8699
f 8700 8701 8702
f 8701 8703 8702
f 8704 8705 8706
f 8705 8707 8706
f 8706 8707 8708
f 8707 8709 8708
f 8708 8709 8710
f 8709 8711 8710
f 8710 8711 8712
f 8711 8713 8712
f 8712 8713 8714
f 8713 8715 8714
f 8716 8717 8718
f 8717 8719 8718
f 8718 8719 8720
f 8719 8721 8720
f 8720 8721 8722
f 8721 8723 8722
f 8722 8723 8724
f 8723 8725 8724
f 8724 8725 8726
f 8725 8727 8726
f 8726 8727 8728
f 8727 8729 8728
f 8728 8729 8730
f 8729 8731 8730
f 8730 8731 8732
f 8731 8733 8732
f 8732 8733 8734
f 8733 8735 8734
f 8734 8735 8736
f 8735 8737 8736
f 8736 8737 8738
f 8737 8739 8738
f 8738 8739 8740
f 8739 8741 8740
f 8740 8741 8742
f 8741 8743 8742
f 8742 8743 8744
f 8743 8745 8744
f 8744 8745 8746
f 8745 8747 8746
f 8746 8747 8748
f 8747 8749 8748
f 8750 8751 8752
f 8753 8754 8755
f 8754 8756 8755
f 8755 8756 8757
f 8756 8758 8757
f 8757 8758 8759
f 8758 8760 8759
f 8759 8760 8761
f 8760 8762 8761
f 8761 8762 8763
f 8764 8765 8766
f 8765 8763 8766
f 8766 8763 8767
f 8763 8762 8767
f 8752 8768 8750
f 8768 8769 8750
f 8750 8769 8770
f 8769 8771 8770
f 8770 8771 8772
f 8771 8773 8772
f 8772 8773 8774
f 8773 8775 8774
f 8774 8775 8776
f 8775 8777 8776
f 8776 8777 8778
f 8777 8779 8778
f 8778 8779 8780
f 8779 8781 8780
f 8780 8781 8782
f 8781 8783 8782
f 8782 8783 8764
f 8783 8784 8764
f 8764 8784 8785
f 8786 8787 8788
f 8787 8789 8788
f 8790 8791 8792
f 8791 8793 8792
f 8792 8793 8794
f 8793 8795 8794
f 8794 8795 8796
f 8795 8797 8796
f 8796 8797 8786
f 8797 8798 8786
f 8786 8798 8787
f 8799 8800 8801
f 8800 8802 8801
f 8801 8802 8803
f 8802 8804 8803
f 8803 8804 8805
f 8804 8806 8805
f 8805 8806 8807
f 8806 8808 8807
f 8807 8808 8809
f 8808 8810 8809
f 8809 8810 8811
f 8810 8812 8811
f 8811 8812 8813
f 8812 8814 8813
f 8813 8814 8815
f 8814 8816 8815
f 8815 8816 8817
f 8816 8818 8817
f 8817 8818 8789
f 8818 8819 8789
f 8789 8819 8788
f 8820 8821 8822
f 8821 8823 8822
f 8824 8825 8826
f 8825 8827 8826
f 8826 8827 8828
f 8827 8829 8828
f 8828 8829 8830
f 8829 8831 8830
f 8830 8831 8832
f 8831 8833 8832
f 8832 8833 8834
f 8833 8835 8834
f 8834 8835 8836
f 8835 8837 8836
f 8836 8837 8838
f 8837 8839 8838
f 8838 8839 8840
f 8839 8841 8840
f 8840 8841 8842
f 8841 8843 8842
f 8842 8843 8844
f 8843 8845 8844
f 8844 8845 8846
f 8845 8847 8846
f 8846 8847 8848
f 8847 8849 8848
f 8848 8849 8850
f 8849 8851 8850
f 8850 8851 8852
f 8851 8853 8852
f 8852 8853 8854
f 8853 8855 8854
f 8854 8855 8856
f 8855 8857 8856
f 8856 8857 8858
f 8857 8859 8858
f 8860 8861 8862
f 8861 8863 8862
f 8864 8865 8866
f 8865 8867 8866
f 8868 8869 8870
f 8869 8871 8870
f 8872 8873 8874
f 8873 8875 8874
f 8876 8877 8878
f 8877 8879 8878
f 8880 8881 8882
f 8881 8883 8882
f 8884 8885 8886
f 8885 8887 8886
f 8888 8889 8890
f 8889 8891 8890
f 8892 8893 8894
f 8893 8895 8894
f 8896 8897 8898
f 8897 8899 8898
f 8900 8901 8902
f 8901 8903 8902
f 8904 8905 8906
f 8905 8907 8906
f 8908 8909 8910
f 8911 8912 8913
f 8912 8914 8913
f 8913 8914 8915
f 8914 8908 8915
f 8915 8908 8916
f 8908 8910 8916
f 8912 8911 8917
f 8911 8918 8917
f 8917 8918 8919
f 8918 8920 8919
f 8919 8920 8921
f 8920 8922 8921
f 8921 8922 8923
f 8922 8924 8923
f 8923 8924 8925
f 8924 8926 8925
f 8925 8926 8927
f 8926 8928 8927
f 8927 8928 8929
f 8928 8930 8929
f 8929 8930 8931
f 8930 8932 8931
f 8931 8932 8933
f 8932 8934 8933
f 8935 8936 8937
f 8936 8938 8937
f 8937 8938 8939
f 8938 8940 8939
f 8939 8940 8941
f 8940 8942 8941
f 8941 8942 8943
f 8942 8944 8943
f 8943 8944 8945
f 8944 8946 8945
f 8944 8947 8946
f 8947 8948 8946
f 8946 8948 8949
f 8948 8950 8949
f 8949 8950 8951
f 8950 8952 8951
f 8951 8952 8953
f 8952 8954 8953
f 8953 8954 8955
f 8954 8956 8955
f 8955 8956 8957
f 8956 8958 8957
f 8957 8958 8959
f 8958 8960 8959
f 8959 8960 8961
f 8960 8962 8961
f 8961 8962 8963
f 8962 8964 8963
f 8963 8964 8965
f 8964 8966 8965
f 8965 8966 8967
f 8966 8968 8967
f 8967 8968 8969
f 8968 8970 8969
f 8969 8970 8971
f 8970 8972 8971
f 8973 8974 8975
f 8974 8976 8975
f 8975 8976 8977
f 8976 8978 8977
f 8977 8978 8979
f 8978 8980 8979
f 8979 8980 8981
f 8980 8982 8981
f 8981 8982 8983
f 8982 8984 8983
f 8983 8984 8985
f 8984 8986 8985
f 8985 8986 8987
f 8986 8988 8987
f 8987 8988 8989
f 8988 8990 8989
f 8989 8990 8991
f 8990 8992 8991
f 8991 8992 8993
f 8992 8994 8993
f 8993 8994 8995
f 8994 8996 8995
f 8995 8996 8997
f 8996 8998 8997
f 8997 8998 8999
f 8998 9000 8999
f 8999 9000 9001
f 9000 9002 9001
f 9001 9002 9003
f 9002 9004 9003
f 9003 9004 9005
f 9004 9006 9005
f 9005 9006 9007
f 9006 9008 9007
f 9009 9010 9011
f 9010 9012 9011
f 9013 9014 9015
f 9014 9016 9015
f 9015 9016 9017
f 9018 9019 9020
f 9019 9021 9020
f 9020 9021 9022
f 9021 9023 9022
f 9017 9016 9024
f 9016 9025 9024
f 9024 9025 9018
f 9025 9026 9018
f 9018 9026 9019
f 9027 9028 9029
f 9029 9028 9030
f 9031 9032 9033
f 9032 9034 9033
f 9033 9034 9035
f 9034 9036 9035
f 9035 9036 9037
f 9036 9038 9037
f 9037 9038 9039
f 9038 9040 9039
f 9039 9040 9041
f 9040 9030 9041
f 9041 9030 9042
f 9030 9028 9042
f 9021 9043 9023
f 9043 9044 9023
f 9023 9044 9045
f 9044 9027 9045
f 9045 9027 9046
f 9027 9029 9046
f 9047 9048 9049
f 9048 9050 9049
f 9049 9050 9051
f 9050 9052 9051
f 9051 9052 9053
f 9052 9054 9053
f 9053 9054 9055
f 9054 9056 9055
f 9055 9056 9057
f 9056 9058 9057
f 9057 9058 9059
f 9058 9060 9059
f 9059 9060 9061
f 9060 9062 9061
f 9061 9062 9063
f 9062 9064 9063
f 9063 9064 9065
f 9064 9066 9065
f 9065 9066 9067
f 9066 9068 9067
f 9067 9068 9069
f 9068 9070 9069
f 9069 9070 9071
f 9070 9072 9071
f 9071 9072 9073
f 9072 9074 9073
f 9073 9074 9075
f 9074 9076 9075
f 9075 9076 9077
f 9076 9078 9077
f 9079 9080 9081
f 9080 9082 9081
f 9081 9082 9083
f 9082 9084 9083
f 9083 9084 9085
f 9084 9086 9085
f 9085 9086 9087
f 9086 9088 9087
f 9087 9088 9089
f 9088 9090 9089
f 9091 9092 9093
f 9092 9094 9093
f 9093 9094 9095
f 9094 9096 9095
f 9095 9096 9097
f 9096 9098 9097
f 9097 9098 9099
f 9098 9100 9099
f 9092 9091 9101
f 9091 9102 9101
f 9101 9102 9103
f 9102 9104 9103
f 9103 9104 9105
f 9104 9106 9105
f 9105 9106 9107
f 9106 9108 9107
f 9107 9108 9109
f 9108 9110 9109
f 9109 9110 9111
f 9110 9112 9111
f 9111 9112 9113
f 9112 9114 9113
f 9115 9116 9117
f 9116 9118 9117
f 9119 9120 9121
f 9120 9122 9121
f 9123 9124 9125
f 9124 9126 9125
f 9127 9128 9129
f 9128 9130 9129
f 9131 9132 9133
f 9132 9134 9133
f 9135 9136 9137
f 9136 9138 9137
f 9139 9140 9141
f 9140 9142 9141
f 9143 9144 9145
f 9144 9146 9145
f 9147 9148 9149
f 9148 9150 9149
f 9151 9152 9153
f 9152 9154 9153
f 9155 9156 9157
f 9156 9158 9157
f 9159 9160 9161
f 9160 9162 9161
f 9163 9164 9165
f 9164 9166 9165
f 9167 9168 9169
f 9168 9170 9169
f 9171 9172 9173
f 9172 9174 9173
f 9175 9176 9177
f 9176 9178 9177
f 9179 9180 9181
f 9180 9182 9181
f 9181 9182 9183
f 9182 9184 9183
f 9183 9184 9185
f 9184 9186 9185
f 9185 9186 9187
f 9186 9188 9187
f 9187 9188 9189
f 9188 9190 9189
f 9189 9190 9191
f 9190 9192 9191
f 9191 9192 9193
f 9192 9194 9193
f 9193 9194 9195
f 9194 9196 9195
f 9195 9196 9197
f 9196 9198 9197
f 9199 9200 9201
f 9200 9202 9201
f 9203 9204 9205
f 9203 9205 9206
f 9207 9208 9209
f 9208 9210 9209
f 9209 9210 9211
f 9210 9212 9211
f 9211 9212 9213
f 9212 9214 9213
f 9213 9214 9205
f 9214 9215 9205
f 9205 9215 9206
f 9216 9217 9218
f 9217 9219 9218
f 9218 9219 9220
f 9221 9222 9223
f 9222 9224 9223
f 9225 9226 9227
f 9226 9228 9227
f 9229 9230 9231
f 9230 9232 9231
f 9233 9234 9235
f 9234 9236 9235
f 9237 9238 9239
f 9238 9240 9239
f 9241 9242 9243
f 9242 9244 9243
f 9245 9246 9247
f 9246 9248 9247
f 9249 9250 9251
f 9250 9252 9251
f 9253 9254 9255
f 9254 9256 9255
f 9257 9258 9259
f 9258 9260 9259
f 9261 9262 9263
f 9262 9264 9263
f 9265 9266 9267
f 9266 9268 9267
f 9269 9270 9271
f 9270 9272 9271
f 9273 9274 9275
f 9274 9276 9275
f 9277 9278 9279
f 9280 9281 9282
f 9283 9284 9285
f 9284 9286 9285
f 9287 9288 9289
f 9290 9291 9292
f 9291 9293 9292
f 9294 9295 9291
f 9296 9297 9298
f 9297 9285 9298
f 9298 9285 9299
f 9285 9286 9299
f 9289 9300 9301
f 9300 9302 9301
f 9301 9302 9285
f 9302 9303 9285
f 9285 9303 9283
f 9288 9304 9289
f 9304 9305 9289
f 9289 9305 9300
f 9306 9292 9307
f 9292 9293 9307
f 9307 9293 9289
f 9293 9308 9289
f 9289 9308 9287
f 9309 9310 9281
f 9311 9312 9313
f 9312 9314 9313
f 9315 9316 9317
f 9316 9279 9317
f 9318 9319 9279
f 9319 9320 9279
f 9315 9321 9316
f 9321 9322 9316
f 9316 9322 9313
f 9322 9323 9313
f 9313 9323 9311
f 9316 9324 9279
f 9324 9325 9279
f 9279 9325 9326
f 9327 9328 9279
f 9328 9329 9279
f 9279 9329 9318
f 9330 9331 9281
f 9332 9333 9334
f 9335 9336 9337
f 9338 9339 9290
f 9339 9340 9290
f 9290 9340 9341
f 9291 9342 9343
f 9344 9345 9346
f 9326 9347 9279
f 9347 9348 9279
f 9279 9348 9349
f 9350 9351 9279
f 9351 9352 9279
f 9353 9354 9281
f 9354 9355 9281
f 9281 9355 9356
f 9357 9358 9359
f 9358 9360 9359
f 9341 9361 9290
f 9361 9362 9290
f 9290 9362 9291
f 9362 9363 9291
f 9291 9363 9342
f 9343 9364 9291
f 9364 9365 9291
f 9291 9365 9294
f 9344 9346 9366
f 9345 9367 9346
f 9367 9368 9346
f 9346 9368 9369
f 9368 9370 9369
f 9370 9371 9369
f 9371 9372 9369
f 9369 9372 9373
f 9349 9374 9279
f 9374 9375 9279
f 9279 9375 9350
f 9352 9376 9279
f 9376 9377 9279
f 9279 9377 9327
f 9320 9378 9279
f 9378 9379 9279
f 9279 9379 9380
f 9380 9381 9279
f 9381 9382 9279
f 9279 9382 9383
f 9384 9279 9385
f 9279 9386 9385
f 9314 9387 9313
f 9387 9388 9313
f 9313 9388 9280
f 9388 9389 9280
f 9280 9389 9281
f 9389 9390 9281
f 9281 9390 9353
f 9356 9391 9281
f 9391 9392 9281
f 9281 9392 9330
f 9310 9393 9281
f 9393 9394 9281
f 9281 9394 9395
f 9396 9397 9281
f 9397 9398 9281
f 9281 9398 9399
f 9400 9401 9369
f 9401 9402 9369
f 9369 9402 9403
f 9337 9404 9405
f 9336 9357 9337
f 9357 9359 9337
f 9337 9359 9296
f 9359 9406 9296
f 9296 9406 9297
f 9406 9407 9297
f 9360 9408 9359
f 9408 9409 9359
f 9359 9409 9410
f 9383 9411 9279
f 9411 9412 9279
f 9279 9412 9386
f 9384 9413 9279
f 9413 9414 9279
f 9279 9414 9415
f 9416 9417 9418
f 9418 9277 9416
f 9277 9279 9416
f 9416 9279 9419
f 9279 9415 9419
f 9419 9415 9420
f 9415 9421 9420
f 9422 9423 9281
f 9423 9424 9281
f 9281 9424 9425
f 9395 9426 9281
f 9426 9427 9281
f 9281 9427 9396
f 9399 9428 9281
f 9428 9429 9281
f 9281 9429 9430
f 9430 9431 9432
f 9431 9433 9432
f 9432 9433 9434
f 9435 9436 9437
f 9334 9333 9438
f 9333 9439 9438
f 9438 9439 9440
f 9405 9441 9337
f 9441 9442 9337
f 9337 9442 9335
f 9443 9444 9445
f 9444 9280 9445
f 9280 9282 9445
f 9445 9282 9290
f 9282 9446 9290
f 9446 9447 9290
f 9447 9448 9290
f 9290 9448 9449
f 9449 9450 9290
f 9450 9451 9290
f 9290 9451 9338
f 9295 9452 9291
f 9452 9453 9291
f 9291 9453 9454
f 9453 9455 9454
f 9454 9455 9456
f 9455 9457 9456
f 9457 9458 9456
f 9456 9458 9459
f 9460 9461 9346
f 9461 9462 9346
f 9346 9462 9366
f 9331 9463 9281
f 9463 9464 9281
f 9281 9464 9422
f 9425 9465 9281
f 9465 9466 9281
f 9281 9466 9309
f 9403 9467 9369
f 9467 9468 9369
f 9369 9468 9469
f 9468 9470 9469
f 9469 9470 9471
f 9470 9472 9471
f 9471 9472 9439
f 9472 9473 9439
f 9439 9473 9440
f 9334 9474 9332
f 9474 9475 9332
f 9332 9475 9337
f 9475 9476 9337
f 9337 9476 9404
f 9458 9477 9459
f 9477 9478 9459
f 9459 9478 9479
f 9478 9480 9479
f 9480 9481 9479
f 9479 9481 9460
f 9481 9482 9460
f 9460 9482 9461
f 9369 9483 9484
f 9485 9435 9433
f 9435 9437 9433
f 9433 9437 9434
f 9432 9486 9430
f 9486 9487 9430
f 9430 9487 9488
f 9489 9490 9430
f 9490 9491 9430
f 9430 9491 9281
f 9410 9492 9359
f 9492 9493 9359
f 9359 9493 9494
f 9494 9495 9359
f 9495 9496 9359
f 9359 9496 9445
f 9496 9497 9445
f 9445 9497 9443
f 9498 9499 9500
f 9499 9501 9500
f 9500 9501 9502
f 9501 9503 9502
f 9484 9504 9369
f 9504 9505 9369
f 9369 9505 9400
f 9488 9506 9430
f 9506 9507 9430
f 9430 9507 9489
f 9498 9500 9373
f 9500 9508 9373
f 9373 9508 9509
f 9373 9510 9511
f 9373 9511 9369
f 9511 9512 9369
f 9369 9512 9483
f 9509 9513 9373
f 9513 9514 9373
f 9373 9514 9510
f 9515 9516 9517
f 9518 9519 9520
f 9519 9521 9520
f 9522 9523 9524
f 9525 9526 9527
f 9526 9528 9527
f 9524 9529 9530
f 9529 9531 9530
f 9530 9531 9520
f 9531 9532 9520
f 9520 9532 9518
f 9533 9534 9535
f 9534 9536 9535
f 9537 9538 9539
f 9540 9515 9541
f 9515 9517 9541
f 9541 9517 9542
f 9517 9520 9542
f 9542 9520 9543
f 9520 9521 9543
f 9523 9544 9524
f 9544 9545 9524
f 9524 9545 9529
f 9546 9527 9547
f 9527 9528 9547
f 9547 9528 9524
f 9528 9548 9524
f 9524 9548 9522
f 9549 9525 9550
f 9525 9551 9550
f 9536 9552 9535
f 9552 9553 9535
f 9535 9553 9554
f 9553 9555 9554
f 9554 9555 9556
f 9557 9558 9535
f 9558 9559 9535
f 9535 9559 9533
f 9538 9560 9561
f 9541 9558 9540
f 9558 9557 9540
f 9540 9557 9562
f 9557 9563 9562
f 9563 9564 9562
f 9564 9565 9562
f 9562 9565 9566
f 9551 9525 9567
f 9525 9562 9567
f 9567 9562 9568
f 9561 9569 9538
f 9569 9570 9538
f 9538 9570 9571
f 9572 9573 9574
f 9573 9575 9574
f 9538 9576 9560
f 9576 9577 9560
f 9560 9577 9578
f 9566 9579 9562
f 9579 9580 9562
f 9562 9580 9568
f 9580 9581 9568
f 9568 9581 9574
f 9581 9582 9574
f 9574 9582 9572
f 9583 9584 9526
f 9584 9585 9526
f 9526 9585 9586
f 9587 9554 9588
f 9554 9556 9588
f 9588 9556 9589
f 9556 9590 9589
f 9587 9591 9554
f 9591 9592 9554
f 9554 9592 9593
f 9571 9594 9538
f 9594 9595 9538
f 9538 9595 9596
f 9597 9598 9538
f 9598 9599 9538
f 9575 9600 9574
f 9600 9601 9574
f 9574 9601 9602
f 9601 9560 9602
f 9602 9560 9603
f 9560 9578 9603
f 9549 9604 9525
f 9604 9605 9525
f 9525 9605 9606
f 9585 9607 9586
f 9607 9608 9586
f 9586 9608 9609
f 9610 9611 9612
f 9611 9609 9612
f 9612 9609 9613
f 9609 9608 9613
f 9614 9615 9556
f 9615 9616 9556
f 9596 9617 9538
f 9617 9618 9538
f 9538 9618 9597
f 9616 9619 9556
f 9619 9620 9556
f 9556 9620 9590
f 9593 9621 9554
f 9621 9622 9554
f 9554 9622 9623
f 9599 9624 9538
f 9624 9625 9538
f 9538 9625 9626
f 9626 9627 9538
f 9627 9628 9538
f 9538 9628 9629
f 9630 9631 9526
f 9610 9632 9611
f 9632 9633 9611
f 9611 9633 9634
f 9633 9635 9634
f 9634 9635 9636
f 9635 9637 9636
f 9636 9637 9556
f 9637 9638 9556
f 9556 9638 9614
f 9606 9639 9525
f 9639 9640 9525
f 9525 9640 9641
f 9631 9642 9526
f 9642 9643 9526
f 9526 9643 9583
f 9623 9644 9554
f 9644 9645 9554
f 9554 9645 9646
f 9629 9647 9538
f 9647 9648 9538
f 9538 9648 9539
f 9539 9649 9650
f 9641 9651 9525
f 9651 9652 9525
f 9525 9652 9526
f 9652 9653 9526
f 9526 9653 9630
f 9537 9539 9654
f 9539 9650 9654
f 9654 9650 9655
f 9656 9657 9658
f 9659 9660 9661
f 9658 9657 9662
f 9657 9663 9662
f 9662 9663 9659
f 9663 9664 9659
f 9659 9664 9660
f 9665 9666 9658
f 9666 9667 9658
f 9658 9667 9656
f 9668 9669 9670
f 9671 9672 9673
f 9672 9659 9673
f 9673 9659 9674
f 9659 9661 9674
f 9675 9670 9676
f 9670 9669 9676
f 9676 9669 9658
f 9669 9677 9658
f 9658 9677 9665
f 9678 9672 9679
f 9672 9671 9679
f 9679 9671 9680
f 9671 9681 9680
f 9680 9681 9682
f 9681 9683 9682
f 9682 9683 9684
f 9685 9686 9687
f 9688 9689 9682
f 9689 9690 9682
f 9683 9691 9684
f 9691 9692 9684
f 9684 9692 9693
f 9690 9694 9682
f 9694 9695 9682
f 9682 9695 9680
f 9695 9685 9680
f 9680 9685 9696
f 9685 9687 9696
f 9670 9687 9668
f 9687 9697 9668
f 9668 9697 9698
f 9697 9699 9698
f 9698 9699 9700
f 9701 9702 9699
f 9702 9703 9699
f 9699 9703 9700
f 9693 9704 9684
f 9704 9705 9684
f 9684 9705 9699
f 9705 9706 9699
f 9699 9706 9701
f 9686 9707 9687
f 9707 9708 9687
f 9687 9708 9709
f 9709 9710 9687
f 9710 9711 9687
f 9687 9711 9712
f 9712 9713 9687
f 9713 9714 9687
f 9687 9714 9697
f 9715 9716 9717
f 9716 9718 9717
f 9715 9717 9719
f 9717 9720 9719
f 9719 9720 9721
f 9720 9722 9721
f 9721 9722 9723
f 9722 9724 9723
f 9723 9724 9725
f 9724 9726 9725
f 9725 9726 9727
f 9726 9728 9727
f 9727 9728 9729
f 9728 9730 9729
f 9731 9732 9733
f 9732 9729 9733
f 9733 9729 9730
f 9732 9731 9734
f 9731 9735 9734
f 9734 9735 9736
f 9735 9737 9736
f 9736 9737 9738
f 9737 9739 9738
f 9738 9739 9740
f 9739 9741 9740
f 9740 9741 9742
f 9741 9743 9742
f 9742 9743 9744
f 9743 9745 9744
f 9746 9744 9747
f 9744 9745 9747
f 9746 9747 9748
f 9747 9749 9748
f 9748 9749 9750
f 9749 9751 9750
f 9750 9751 9752
f 9751 9753 9752
f 9752 9753 9754
f 9753 9755 9754
f 9754 9755 9756
f 9755 9757 9756
f 9756 9757 9758
f 9757 9759 9758
f 9758 9759 9760
f 9759 9761 9760
f 9760 9761 9762
f 9760 9762 9763
f 9762 9764 9763
f 9763 9764 9765
f 9764 9766 9765
f 9765 9766 9767
f 9766 9768 9767
f 9767 9768 9769
f 9768 9770 9769
f 9769 9770 9771
f 9770 9772 9771
f 9771 9772 9773
f 9772 9774 9773
f 9773 9774 9716
f 9774 9718 9716
f 9775 9776 9777
f 9776 9778 9777
f 9775 9777 9779
f 9777 9780 9779
f 9779 9780 9781
f 9780 9782 9781
f 9781 9782 9783
f 9782 9784 9783
f 9783 9784 9785
f 9784 9786 9785
f 9785 9786 9787
f 9786 9788 9787
f 9787 9788 9789
f 9788 9790 9789
f 9789 9790 9791
f 9790 9792 9791
f 9791 9792 9793
f 9792 9794 9793
f 9793 9794 9795
f 9793 9795 9796
f 9795 9797 9796
f 9796 9797 9798
f 9797 9799 9798
f 9798 9799 9800
f 9799 9801 9800
f 9800 9801 9802
f 9801 9803 9802
f 9802 9803 9804
f 9803 9805 9804
f 9804 9805 9806
f 9805 9807 9806
f 9808 9806 9809
f 9806 9807 9809
f 9808 9809 9810
f 9809 9811 9810
f 9810 9811 9812
f 9811 9813 9812
f 9812 9813 9814
f 9813 9815 9814
f 9814 9815 9816
f 9815 9817 9816
f 9816 9817 9818
f 9817 9819 9818
f 9818 9819 9820
f 9819 9821 9820
f 9822 9823 9824
f 9823 9820 9824
f 9824 9820 9821
f 9823 9822 9825
f 9822 9826 9825
f 9825 9826 9827
f 9826 9828 9827
f 9827 9828 9829
f 9828 9830 9829
f 9829 9830 9831
f 9830 9832 9831
f 9831 9832 9833
f 9832 9834 9833
f 9833 9834 9835
f 9834 9836 9835
f 9835 9836 9776
f 9836 9778 9776
f 9837 9838 9839
f 9838 9840 9839
f 9837 9839 9841
f 9839 9842 9841
f 9841 9842 9843
f 9842 9844 9843
f 9843 9844 9845
f 9844 9846 9845
f 9845 9846 9847
f 9846 9848 9847
f 9847 9848 9849
f 9848 9850 9849
f 9849 9850 9851
f 9850 9852 9851
f 9853 9851 9854
f 9851 9852 9854
f 9853 9854 9855
f 9854 9856 9855
f 9855 9856 9857
f 9856 9858 9857
f 9857 9858 9859
f 9858 9860 9859
f 9859 9860 9861
f 9860 9862 9861
f 9861 9862 9863
f 9862 9864 9863
f 9863 9864 9865
f 9864 9866 9865
f 9867 9865 9868
f 9865 9866 9868
f 9867 9868 9869
f 9868 9870 9869
f 9869 9870 9871
f 9870 9872 9871
f 9871 9872 9873
f 9872 9874 9873
f 9873 9874 9875
f 9874 9876 9875
f 9875 9876 9877
f 9876 9878 9877
f 9877 9878 9879
f 9878 9880 9879
f 9881 9879 9882
f 9879 9880 9882
f 9881 9882 9883
f 9882 9884 9883
f 9883 9884 9885
f 9884 9886 9885
f 9885 9886 9887
f 9886 9888 9887
f 9887 9888 9889
f 9888 9890 9889
f 9889 9890 9891
f 9890 9892 9891
f 9891 9892 9838
f 9892 9840 9838
f 9893 9894 9895
f 9894 9896 9895
f 9895 9896 9897
f 9896 9898 9897
f 9897 9898 9899
f 9898 9900 9899
f 9899 9900 9901
f 9900 9902 9901
f 9901 9902 9903
f 9902 9904 9903
f 9904 9905 9903
f 9903 9905 9906
f 9905 9907 9906
f 9906 9907 9908
f 9907 9909 9908
f 9908 9909 9910
f 9909 9911 9910
f 9910 9911 9912
f 9911 9913 9912
f 9912 9913 9914
f 9913 9915 9914
f 9914 9915 9916
f 9915 9917 9916
f 9916 9917 9918
f 9917 9919 9918
f 9918 9919 9920
f 9919 9921 9920
f 9920 9921 9922
f 9921 9923 9922
f 9922 9923 9924
f 9923 9925 9924
f 9924 9925 9926
f 9925 9927 9926
f 9926 9927 9928
f 9927 9929 9928
f 9928 9929 9930
f 9929 9931 9930
f 9930 9931 9932
f 9931 9933 9932
f 9932 9933 9934
f 9933 9935 9934
f 9934 9935 9936
f 9935 9937 9936
f 9936 9937 9938
f 9937 9939 9938
f 9938 9939 9940
f 9939 9941 9940
f 9940 9941 9893
f 9941 9942 9893
f 9893 9942 9894
f 9943 9944 9945
f 9944 9946 9945
f 9945 9946 9947
f 9946 9948 9947
f 9947 9948 9949
f 9948 9950 9949
f 9949 9950 9951
f 9950 9952 9951
f 9951 9952 9953
f 9952 9954 9953
f 9953 9954 9955
f 9954 9956 9955
f 9955 9956 9957
f 9956 9958 9957
f 9957 9958 9959
f 9958 9960 9959
f 9959 9960 9961
f 9962 9963 9964
f 9963 9965 9964
f 9964 9965 9943
f 9965 9966 9943
f 9943 9966 9944
f 9967 9968 9969
f 9968 9970 9969
f 9969 9970 9971
f 9970 9972 9971
f 9971 9972 9962
f 9972 9973 9962
f 9962 9973 9963
f 9960 9974 9961
f 9974 9975 9961
f 9961 9975 9976
f 9975 9977 9976
f 9976 9977 9978
f 9977 9979 9978
f 9978 9979 9980
f 9979 9981 9980
f 9980 9981 9982
f 9981 9983 9982
f 9982 9983 9984
f 9983 9985 9984
f 9984 9985 9986
f 9985 9987 9986
f 9986 9987 9988
f 9987 9989 9988
f 9988 9989 9990
f 9989 9991 9990
f 9990 9991 9992
f 9991 9993 9992
f 9992 9993 9967
f 9993 9994 9967
f 9967 9994 9968
f 9995 9996 9997
f 9996 9998 9997
f 9997 9998 9999
f 10000 10001 10002
f 10001 10003 10002
f 10002 10003 10004
f 10003 10005 10004
f 10004 10005 10006
f 10005 10007 10006
f 10006 10007 10008
f 10007 10009 10008
f 10008 10009 10010
f 10009 10011 10010
f 10010 10011 10012
f 10011 10013 10012
f 10012 10013 10014
f 10013 10015 10014
f 10014 10015 10016
f 10015 10017 10016
f 10016 10017 9995
f 10017 10018 9995
f 9995 10018 9996
f 10019 10020 10021
f 10020 10022 10021
f 10021 10022 10023
f 10022 10024 10023
f 10023 10024 10025
f 10024 10026 10025
f 10025 10026 10027
f 10026 10028 10027
f 10027 10028 10029
f 10028 10030 10029
f 10029 10030 10031
f 10030 10032 10031
f 10031 10032 10033
f 10032 10034 10033
f 10033 10034 10035
f 10034 10036 10035
f 10035 10036 10037
f 10036 10038 10037
f 10037 10038 10000
f 10038 10039 10000
f 10000 10039 10001
f 9998 10040 9999
f 10040 10041 9999
f 9999 10041 10042
f 10041 10043 10042
f 10042 10043 10044
f 10043 10045 10044
f 10044 10045 10019
f 10045 10046 10019
f 10019 10046 10020
f 10047 10048 10049
f 10048 10050 10049
f 10049 10050 10051
f 10050 10052 10051
f 10051 10052 10053
f 10052 10054 10053
f 10053 10054 10055
f 10054 10056 10055
f 10055 10056 10057
f 10056 10058 10057
f 10057 10058 10059
f 10058 10060 10059
f 10059 10060 10061
f 10060 10062 10061
f 10061 10062 10063
f 10062 10064 10063
f 10063 10064 10065
f 10064 10066 10065
f 10065 10066 10067
f 10066 10068 10067
f 10067 10068 10069
f 10068 10070 10069
f 10069 10070 10071
f 10070 10072 10071
f 10071 10072 10073
f 10072 10074 10073
f 10073 10074 10075
f 10074 10076 10075
f 10075 10076 10077
f 10076 10078 10077
f 10077 10078 10079
f 10078 10080 10079
f 10079 10080 10081
f 10080 10082 10081
f 10081 10082 10083
f 10082 10084 10083
f 10083 10084 10085
f 10084 10086 10085
f 10086 10087 10085
f 10085 10087 10088
f 10087 10089 10088
f 10088 10089 10090
f 10089 10091 10090
f 10090 10091 10092
f 10091 10093 10092
f 10092 10093 10094
f 10093 10095 10094
f 10094 10095 10047
f 10095 10096 10047
f 10047 10096 10048
f 10097 10098 10099
f 10098 10100 10099
f 10099 10100 10101
f 10102 10103 10099
f 10103 10104 10099
f 10099 10104 10097
f 10105 10106 10099
f 10106 10107 10099
f 10099 10107 10102
f 10108 10109 10099
f 10109 10110 10099
f 10099 10110 10105
f 10111 10112 10099
f 10112 10113 10099
f 10099 10113 10108
f 10114 10115 10099
f 10115 10116 10099
f 10099 10116 10111
f 10117 10118 10099
f 10118 10119 10099
f 10099 10119 10114
f 10101 10120 10099
f 10120 10121 10099
f 10099 10121 10117
f 10122 10123 10124
f 10123 10125 10124
f 10124 10125 10126
f 10127 10128 10124
f 10128 10129 10124
f 10124 10129 10122
f 10130 10131 10124
f 10131 10132 10124
f 10124 10132 10127
f 10133 10134 10124
f 10134 10135 10124
f 10124 10135 10130
f 10136 10137 10124
f 10137 10138 10124
f 10124 10138 10133
f 10139 10140 10124
f 10140 10141 10124
f 10124 10141 10136
f 10142 10143 10124
f 10143 10144 10124
f 10124 10144 10139
f 10126 10145 10124
f 10145 10146 10124
f 10124 10146 10142
f 10147 10148 10149
f 10148 10150 10149
f 10149 10150 10151
f 10152 10153 10149
f 10153 10154 10149
f 10149 10154 10147
f 10155 10156 10149
f 10156 10157 10149
f 10149 10157 10152
f 10158 10159 10149
f 10159 10160 10149
f 10149 10160 10155
f 10161 10162 10149
f 10162 10163 10149
f 10149 10163 10158
f 10164 10165 10149
f 10165 10166 10149
f 10149 10166 10161
f 10167 10168 10149
f 10168 10169 10149
f 10149 10169 10164
f 10151 10170 10149
f 10170 10171 10149
f 10149 10171 10167
f 10172 10173 10174
f 10173 10175 10174
f 10174 10175 10176
f 10177 10178 10174
f 10178 10179 10174
f 10174 10179 10172
f 10180 10181 10174
f 10181 10182 10174
f 10174 10182 10177
f 10183 10184 10174
f 10184 10185 10174
f 10174 10185 10180
f 10186 10187 10174
f 10187 10188 10174
f 10174 10188 10183
f 10189 10190 10174
f 10190 10191 10174
f 10174 10191 10186
f 10192 10193 10174
f 10193 10194 10174
f 10174 10194 10189
f 10176 10195 10174
f 10195 10196 10174
f 10174 10196 10192
f 10197 10198 10199
f 10198 10200 10199
f 10199 10200 10201
f 10200 10202 10201
f 10201 10202 10203
f 10204 10205 10206
f 10205 10207 10206
f 10206 10207 10208
f 10209 10210 10211
f 10209 10211 10212
f 10211 10213 10212
f 10212 10213 10214
f 10215 10216 10217
f 10216 10218 10217
f 10217 10218 10219
f 10220 10221 10222
f 10221 10223 10222
f 10224 10225 10226
f 10224 10226 10227
f 10226 10228 10227
f 10227 10228 10229
f 10230 10231 10232
f 10231 10233 10232
f 10232 10233 10234
f 10235 10236 10237
f 10236 10238 10237
f 10237 10238 10239
f 10240 10241 10242
f 10241 10243 10242
f 10242 10243 10244
f 10243 10245 10244
f 10244 10245 10246
f 10247 10248 10249
f 10248 10250 10249
f 10249 10250 10251
f 10250 10252 10251
f 10253 10254 10255
f 10254 10256 10255
f 10255 10256 10257
f 10258 10259 10260
f 10258 10260 10261
f 10260 10262 10261
f 10261 10262 10263
f 10264 10265 10266
f 10265 10267 10266
f 10266 10267 10268
f 10269 10270 10271
f 10270 10272 10271
f 10273 10274 10275
f 10274 10276 10275
f 10277 10278 10279
f 10278 10280 10279
f 10281 10282 10283
f 10282 10284 10283
f 10285 10286 10287
f 10286 10288 10287
f 10287 10288 10289
f 10290 10291 10292
f 10291 10293 10292
f 10294 10295 10296
f 10295 10297 10296
f 10296 10297 10298
f 10299 10300 10301
f 10300 10302 10301
f 10303 10304 10305
f 10304 10306 10305
f 10307 10308 10309
f 10308 10310 10309
f 10311 10312 10313
f 10313 10312 10314
f 10315 10316 10317
f 10318 10319 10320
f 10321 10322 10323
f 10322 10324 10323
f 10323 10324 10325
f 10324 10326 10325
f 10325 10326 10327
f 10326 10328 10327
f 10327 10328 10314
f 10328 10329 10314
f 10314 10329 10313
f 10321 10323 10330
f 10323 10331 10330
f 10330 10331 10332
f 10333 10334 10331
f 10334 10335 10331
f 10331 10335 10332
f 10336 10337 10333
f 10337 10338 10333
f 10333 10338 10334
f 10333 10339 10340
f 10340 10341 10333
f 10341 10342 10333
f 10333 10342 10336
f 10339 10333 10343
f 10333 10344 10343
f 10343 10344 10345
f 10346 10347 10348
f 10347 10349 10348
f 10349 10350 10348
f 10350 10351 10348
f 10348 10351 10344
f 10351 10352 10344
f 10344 10352 10345
f 10353 10354 10355
f 10354 10346 10355
f 10356 10357 10358
f 10358 10359 10356
f 10359 10360 10356
f 10356 10360 10355
f 10360 10361 10355
f 10355 10361 10353
f 10357 10356 10362
f 10356 10363 10362
f 10362 10363 10364
f 10365 10366 10363
f 10366 10367 10363
f 10363 10367 10364
f 10320 10368 10363
f 10368 10369 10363
f 10363 10369 10365
f 10319 10370 10320
f 10370 10371 10320
f 10320 10371 10368
f 10372 10373 10374
f 10373 10375 10374
f 10375 10376 10374
f 10376 10377 10374
f 10374 10377 10378
f 10378 10379 10374
f 10379 10380 10374
f 10374 10380 10381
f 10382 10383 10384
f 10385 10383 10386
f 10383 10382 10386
f 10386 10382 10387
f 10388 10389 10390
f 10390 10389 10391
f 10385 10386 10392
f 10386 10393 10392
f 10392 10393 10394
f 10393 10388 10394
f 10394 10388 10395
f 10396 10397 10388
f 10397 10398 10388
f 10388 10398 10395
f 10396 10388 10399
f 10388 10390 10399
f 10399 10390 10400
f 10390 10401 10400
f 10400 10401 10402
f 10403 10404 10401
f 10404 10405 10401
f 10405 10406 10401
f 10401 10406 10402
f 10407 10408 10401
f 10408 10409 10401
f 10401 10409 10410
f 10410 10411 10401
f 10411 10412 10401
f 10401 10412 10403
f 10407 10401 10413
f 10401 10414 10413
f 10413 10414 10415
f 10416 10417 10418
f 10419 10420 10421
f 10420 10422 10421
f 10421 10422 10418
f 10417 10423 10418
f 10423 10424 10418
f 10418 10424 10414
f 10424 10425 10414
f 10414 10425 10415
f 10416 10418 10426
f 10418 10422 10426
f 10426 10422 10427
f 10422 10428 10427
f 10427 10428 10429
f 10430 10431 10428
f 10431 10432 10428
f 10428 10432 10429
f 10430 10428 10433
f 10428 10434 10433
f 10433 10434 10435
f 10434 10436 10435
f 10435 10436 10437
f 10317 10438 10436
f 10438 10439 10436
f 10440 10441 10436
f 10441 10442 10436
f 10442 10443 10436
f 10436 10443 10437
f 10439 10444 10436
f 10444 10445 10436
f 10436 10445 10440
f 10316 10446 10317
f 10446 10447 10317
f 10317 10447 10448
f 10448 10449 10317
f 10449 10450 10317
f 10317 10450 10438
f 10329 10451 10313
f 10451 10452 10313
f 10313 10452 10453
f 10454 10455 10456
f 10457 10458 10459
f 10460 10461 10462
f 10461 10457 10462
f 10462 10457 10463
f 10457 10459 10463
f 10464 10465 10466
f 10467 10468 10469
f 10468 10470 10469
f 10469 10470 10471
f 10470 10472 10471
f 10471 10472 10473
f 10472 10464 10473
f 10473 10464 10474
f 10464 10466 10474
f 10469 10344 10467
f 10344 10333 10467
f 10467 10333 10475
f 10333 10331 10475
f 10475 10331 10476
f 10331 10323 10476
f 10476 10323 10465
f 10323 10325 10465
f 10465 10325 10466
f 10477 10478 10479
f 10478 10480 10479
f 10479 10480 10481
f 10421 10414 10419
f 10414 10401 10419
f 10419 10401 10482
f 10401 10390 10482
f 10482 10390 10483
f 10483 10390 10484
f 10390 10391 10484
f 10484 10391 10485
f 10391 10486 10485
f 10485 10486 10477
f 10486 10454 10477
f 10477 10454 10478
f 10454 10456 10478
f 10478 10456 10487
f 10456 10488 10487
f 10487 10488 10473
f 10488 10489 10473
f 10473 10489 10471
f 10453 10315 10313
f 10315 10317 10313
f 10313 10317 10311
f 10317 10436 10311
f 10311 10436 10490
f 10389 10387 10391
f 10387 10382 10391
f 10391 10382 10486
f 10382 10491 10486
f 10486 10491 10454
f 10491 10492 10454
f 10454 10492 10455
f 10384 10372 10382
f 10372 10374 10382
f 10382 10374 10491
f 10374 10493 10491
f 10491 10493 10492
f 10493 10494 10492
f 10495 10496 10494
f 10496 10497 10494
f 10381 10318 10374
f 10318 10320 10374
f 10374 10320 10493
f 10320 10363 10493
f 10493 10363 10494
f 10363 10356 10494
f 10494 10356 10495
f 10356 10355 10495
f 10495 10355 10497
f 10355 10459 10497
f 10497 10459 10494
f 10459 10458 10494
f 10494 10458 10492
f 10458 10498 10492
f 10492 10498 10455
f 10420 10481 10422
f 10481 10480 10422
f 10422 10480 10428
f 10480 10478 10428
f 10428 10478 10434
f 10478 10487 10434
f 10434 10487 10436
f 10487 10473 10436
f 10436 10473 10490
f 10473 10474 10490
f 10346 10348 10355
f 10348 10344 10355
f 10355 10344 10459
f 10344 10469 10459
f 10459 10469 10463
f 10469 10471 10463
f 10463 10471 10462
f 10471 10489 10462
f 10462 10489 10460
f 10499 10500 10501
f 10500 10502 10501
f 10501 10502 10503
f 10502 10504 10503
f 10503 10504 10505
f 10504 10506 10505
f 10507 10508 10509
f 10508 10510 10509
f 10509 10510 10511
f 10510 10512 10511
f 10511 10512 10513
f 10512 10514 10513
f 10513 10514 10506
f 10514 10515 10506
f 10506 10515 10505
f 10509 10516 10507
f 10516 10517 10507
f 10507 10517 10518
f 10517 10519 10518
f 10518 10519 10520
f 10519 10521 10520
f 10520 10521 10522
f 10521 10523 10522
f 10522 10523 10524
f 10523 10525 10524
f 10524 10525 10526
f 10526 10525 10527
f 10525 10528 10527
f 10527 10528 10529
f 10528 10530 10529
f 10529 10530 10531
f 10530 10532 10531
f 10531 10532 10533
f 10532 10534 10533
f 10533 10534 10535
f 10534 10536 10535
f 10535 10536 10537
f 10536 10538 10537
f 10537 10538 10539
f 10540 10541 10542
f 10541 10543 10542
f 10542 10543 10544
f 10543 10545 10544
f 10544 10545 10546
f 10545 10547 10546
f 10546 10547 10538
f 10547 10548 10538
f 10538 10548 10539
f 10541 10540 10549
f 10540 10550 10549
f 10551 10552 10550
f 10552 10553 10550
f 10550 10553 10549
f 10550 10554 10551
f 10554 10555 10551
f 10551 10555 10556
f 10555 10557 10556
f 10556 10557 10558
f 10557 10559 10558
f 10558 10559 10560
f 10559 10561 10560
f 10560 10561 10562
f 10561 10563 10562
f 10562 10563 10564
f 10563 10565 10564
f 10564 10565 10566
f 10565 10567 10566
f 10566 10567 10568
f 10568 10567 10569
f 10567 10570 10569
f 10569 10570 10571
f 10570 10572 10571
f 10571 10572 10573
f 10572 10574 10573
f 10573 10574 10575
f 10574 10576 10575
f 10575 10576 10577
f 10576 10578 10577
f 10577 10578 10579
f 10578 10580 10579
f 10579 10580 10581
f 10580 10582 10581
f 10581 10582 10583
f 10582 10584 10583
f 10584 10585 10583
f 10583 10585 10586
f 10585 10587 10586
f 10586 10587 10588
f 10587 10589 10588
f 10588 10589 10590
f 10591 10592 10593
f 10592 10594 10593
f 10593 10594 10595
f 10594 10596 10595
f 10595 10596 10589
f 10596 10597 10589
f 10589 10597 10590
f 10598 10599 10600
f 10592 10591 10601
f 10591 10602 10601
f 10601 10602 10603
f 10602 10604 10603
f 10605 10606 10607
f 10605 10607 10608
f 10607 10609 10608
f 10608 10609 10610
f 10609 10611 10610
f 10611 10612 10610
f 10610 10612 10613
f 10612 10614 10613
f 10613 10614 10604
f 10614 10615 10604
f 10604 10615 10603
f 10600 10599 10616
f 10599 10617 10616
f 10617 10618 10616
f 10616 10618 10619
f 10618 10620 10619
f 10619 10620 10621
f 10620 10622 10621
f 10621 10622 10623
f 10622 10624 10623
f 10623 10624 10625
f 10624 10626 10625
f 10625 10626 10627
f 10626 10628 10627
f 10627 10628 10629
f 10628 10630 10629
f 10629 10630 10631
f 10630 10632 10631
f 10631 10632 10606
f 10632 10633 10606
f 10606 10633 10607
f 10598 10600 10634
f 10600 10635 10634
f 10634 10635 10636
f 10635 10637 10636
f 10636 10637 10638
f 10637 10639 10638
f 10638 10639 10640
f 10641 10642 10643
f 10642 10644 10643
f 10639 10645 10640
f 10645 10646 10640
f 10640 10646 10647
f 10646 10644 10647
f 10647 10644 10648
f 10644 10642 10648
f 10649 10650 10651
f 10641 10643 10652
f 10643 10653 10652
f 10652 10653 10654
f 10653 10655 10654
f 10654 10655 10656
f 10655 10657 10656
f 10656 10657 10658
f 10657 10659 10658
f 10658 10659 10660
f 10659 10650 10660
f 10660 10650 10661
f 10650 10649 10661
f 10662 10663 10651
f 10663 10664 10651
f 10651 10664 10649
f 10665 10666 10667
f 10666 10668 10667
f 10667 10668 10669
f 10668 10670 10669
f 10669 10670 10671
f 10670 10672 10671
f 10671 10672 10662
f 10672 10673 10662
f 10662 10673 10663
f 10674 10675 10676
f 10676 10677 10674
f 10677 10678 10674
f 10674 10678 10679
f 10678 10680 10679
f 10679 10680 10681
f 10680 10682 10681
f 10681 10682 10683
f 10682 10684 10683
f 10683 10684 10685
f 10684 10686 10685
f 10685 10686 10687
f 10686 10688 10687
f 10687 10688 10689
f 10688 10690 10689
f 10689 10690 10691
f 10690 10692 10691
f 10691 10692 10665
f 10692 10693 10665
f 10665 10693 10666
f 10500 10499 10694
f 10499 10695 10694
f 10694 10695 10675
f 10695 10696 10675
f 10675 10696 10676
f 10697 10698 10699
f 10700 10701 10702
f 10701 10703 10702
f 10704 10705 10706
f 10707 10708 10709
f 10708 10710 10709
f 10711 10712 10713
f 10714 10715 10716
f 10717 10718 10719
f 10720 10721 10722
f 10721 10723 10722
f 10724 10725 10726
f 10725 10722 10726
f 10726 10722 10727
f 10722 10723 10727
f 10727 10723 10728
f 10723 10729 10728
f 10730 10731 10732
f 10731 10733 10732
f 10732 10733 10734
f 10735 10736 10737
f 10736 10738 10737
f 10739 10740 10741
f 10740 10742 10741
f 10741 10742 10743
f 10744 10745 10746
f 10745 10747 10746
f 10748 10749 10750
f 10749 10751 10750
f 10752 10753 10754
f 10753 10755 10754
f 10756 10757 10758
f 10757 10759 10758
f 10758 10759 10760
f 10761 10762 10763
f 10762 10764 10763
f 10765 10766 10767
f 10766 10768 10767
f 10767 10768 10769
f 10770 10771 10772
f 10771 10773 10772
f 10774 10775 10776
f 10775 10777 10776
f 10777 10775 10778
f 10775 10779 10778
f 10778 10779 10780
f 10779 10781 10780
f 10780 10781 10782
f 10781 10783 10782
f 10782 10783 10784
f 10783 10785 10784
f 10784 10785 10786
f 10785 10787 10786
f 10786 10787 10788
f 10787 10789 10788
f 10788 10789 10790
f 10789 10791 10790
f 10790 10791 10792
f 10791 10793 10792
f 10792 10793 10794
f 10793 10795 10794
f 10794 10795 10796
f 10795 10797 10796
f 10796 10797 10798
f 10797 10799 10798
f 10798 10799 10800
f 10799 10801 10800
f 10800 10801 10802
f 10801 10803 10802
f 10802 10803 10804
f 10803 10805 10804
f 10804 10805 10806
f 10805 10807 10806
f 10806 10807 10808
f 10807 10809 10808
f 10808 10809 10810
f 10809 10811 10810
f 10810 10811 10812
f 10811 10813 10812
f 10812 10813 10814
f 10813 10815 10814
f 10814 10815 10816
f 10815 10817 10816
f 10816 10817 10818
f 10817 10819 10818
f 10818 10819 10820
f 10819 10821 10820
f 10820 10821 10822
f 10821 10823 10822
f 10822 10823 10824
f 10823 10825 10824
f 10824 10825 10826
f 10825 10827 10826
f 10826 10827 10828
f 10827 10829 10828
f 10828 10829 10830
f 10829 10831 10830
f 10830 10831 10832
f 10831 10833 10832
f 10832 10833 10834
f 10833 10835 10834
f 10834 10835 10836
f 10835 10837 10836
f 10836 10837 10838
f 10837 10839 10838
f 10838 10839 10840
f 10839 10841 10840
f 10840 10841 10842
f 10841 10843 10842
f 10842 10843 10844
f 10843 10845 10844
f 10844 10845 10846
f 10845 10847 10846
f 10847 10848 10846
f 10848 10849 10846
f 10850 10851 10852
f 10851 10853 10852
f 10854 10855 10856
f 10855 10857 10856
f 10858 10859 10860
f 10859 10861 10860
f 10862 10857 10863
f 10864 10865 10863
f 10865 10860 10863
f 10863 10860 10862
f 10857 10862 10856
f 10862 10866 10856
f 10856 10866 10867
f 10861 10868 10860
f 10868 10869 10860
f 10860 10869 10870
f 10866 10871 10867
f 10871 10872 10867
f 10867 10872 10873
f 10872 10874 10873
f 10873 10874 10875
f 10876 10877 10878
f 10877 10879 10878
f 10878 10879 10880
f 10879 10881 10880
f 10880 10881 10882
f 10881 10883 10882
f 10882 10883 10884
f 10883 10885 10884
f 10884 10885 10886
f 10885 10887 10886
f 10886 10887 10888
f 10887 10889 10888
f 10888 10889 10890
f 10889 10891 10890
f 10890 10891 10892
f 10891 10893 10892
f 10892 10893 10894
f 10870 10895 10860
f 10895 10896 10860
f 10860 10896 10862
f 10893 10897 10894
f 10897 10898 10894
f 10894 10898 10899
f 10898 10900 10899
f 10899 10900 10901
f 10900 10902 10901
f 10901 10902 10903
f 10858 10860 10904
f 10860 10905 10904
f 10904 10905 10906
f 10905 10907 10906
f 10906 10907 10908
f 10907 10909 10908
f 10908 10909 10910
f 10909 10911 10910
f 10910 10911 10912
f 10911 10913 10912
f 10912 10913 10876
f 10913 10914 10876
f 10876 10914 10877
f 10902 10915 10903
f 10915 10916 10903
f 10903 10916 10917
f 10916 10918 10917
f 10917 10918 10919
f 10918 10920 10919
f 10919 10920 10921
f 10920 10922 10921
f 10921 10922 10923
f 10922 10924 10923
f 10923 10924 10925
f 10924 10926 10925
f 10925 10926 10927
f 10926 10875 10927
f 10927 10875 10928
f 10875 10874 10928
f 10929 10930 10931
f 10930 10932 10931
f 10931 10932 10933
f 10934 10935 10936
f 10935 10937 10936
f 10938 10939 10940
f 10939 10941 10940
f 10942 10943 10944
f 10943 10945 10944
f 10944 10945 10946
f 10945 10947 10946
f 10946 10947 10948
f 10947 10949 10948
f 10948 10949 10950
f 10949 10951 10950
f 10950 10951 10952
f 10951 10953 10952
f 10952 10953 10954
f 10953 10955 10954
f 10954 10955 10956
f 10955 10957 10956
f 10956 10957 10958
f 10957 10959 10958
f 10958 10959 10960
f 10959 10961 10960
f 10960 10961 10962
f 10961 10963 10962
f 10962 10963 10964
f 10963 10965 10964
f 10964 10965 10966
f 10965 10967 10966
f 10966 10967 10968
f 10967 10969 10968
f 10968 10969 10970
f 10969 10971 10970
f 10970 10971 10972
f 10971 10973 10972
f 10972 10973 10974
f 10973 10975 10974
f 10974 10975 10976
f 10975 10977 10976
f 10976 10977 10978
f 10977 10979 10978
f 10978 10979 10980
f 10979 10981 10980
f 10980 10981 10982
f 10981 10983 10982
f 10982 10983 10984
f 10983 10985 10984
f 10984 10985 10986
f 10985 10987 10986
f 10986 10987 10988
f 10987 10989 10988
f 10988 10989 10990
f 10989 10991 10990
f 10990 10991 10992
f 10991 10993 10992
f 10992 10993 10994
f 10993 10995 10994
f 10995 10996 10994
f 10994 10996 10997
f 10996 10998 10997
f 10997 10998 10999
f 10998 11000 10999
f 10999 11000 11001
f 11000 11002 11001
f 11003 11004 11005
f 11004 11001 11005
f 11005 11001 11002
f 11006 11007 11008
f 11007 11009 11008
f 11010 11011 11012
f 11011 11013 11012
f 11014 11015 11016
f 11015 11017 11016
f 11018 11019 11020
f 11019 11021 11020
f 11020 11021 11022
f 11023 11024 11025
f 11026 11027 11028
f 11029 11030 11025
f 11030 11031 11025
f 11032 11033 11034
f 11033 11025 11034
f 11034 11025 11035
f 11025 11031 11035
f 11036 11037 11025
f 11037 11038 11025
f 11025 11038 11023
f 11024 11039 11025
f 11039 11040 11025
f 11025 11040 11041
f 11042 11043 11025
f 11043 11044 11025
f 11044 11045 11025
f 11045 11046 11025
f 11025 11046 11047
f 11047 11048 11025
f 11048 11049 11025
f 11025 11049 11050
f 11051 11025 11028
f 11025 11052 11028
f 11028 11052 11026
f 11053 11054 11051
f 11054 11055 11051
f 11051 11055 11025
f 11055 11056 11025
f 11025 11056 11036
f 11041 11057 11025
f 11057 11058 11025
f 11025 11058 11042
f 11050 11059 11025
f 11059 11060 11025
f 11025 11060 11029
f 11061 11062 11063
f 11062 11064 11063
f 11065 11066 11067
f 11066 11068 11067
f 11069 11070 11071
f 11070 11072 11071
f 11073 11074 11075
f 11076 11077 11074
f 11077 11078 11074
f 11074 11078 11075
f 11079 11080 11081
f 11082 11077 11083
f 11077 11076 11083
f 11083 11076 11081
f 11076 11073 11081
f 11081 11073 11079
f 11073 11075 11079
f 11084 11085 11086
f 11085 11087 11086
f 11088 11089 11090
f 11089 11091 11090
f 11092 11093 11094
f 11093 11095 11094
f 11094 11095 11096
f 11097 11098 11099
f 11098 11100 11099
f 11099 11100 11101
f 11102 11103 11104
f 11103 11105 11104
f 11106 11107 11108
f 11107 11109 11108
f 11110 11111 11112
f 11111 11113 11112
f 11114 11115 11116
f 11115 11117 11116
f 11118 11119 11120
f 11121 11122 11123
f 11122 11124 11123
f 11125 11126 11127
f 11126 11128 11127
f 11127 11128 11129
f 11129 11128 11124
f 11128 11130 11124
f 11124 11130 11123
f 11131 11132 11133
f 11132 11134 11133
f 11135 11136 11137
f 11136 11138 11137
f 11139 11140 11141
f 11140 11142 11141
f 11143 11144 11145
f 11144 11146 11145
f 11147 11148 11149
f 11148 11150 11149
f 11151 11152 11153
f 11152 11154 11153
f 11155 11156 11157
f 11156 11158 11157
f 11159 11160 11161
f 11160 11162 11161
f 11163 11164 11165
f 11164 11166 11165
f 11167 11168 11169
f 11168 11170 11169
f 11171 11172 11173
f 11174 11175 11176
f 11177 11178 11179
f 11180 11181 11182
f 11182 11174 11180
f 11174 11176 11180
f 11180 11176 11179
f 11176 11171 11179
f 11179 11171 11177
f 11171 11173 11177
f 11183 11184 11185
f 11184 11186 11185
f 11187 11188 11189
f 11188 11190 11189
f 11191 11192 11193
f 11192 11194 11193
f 11195 11196 11197
f 11196 11198 11197
f 11199 11200 11201
f 11200 11202 11201
f 11203 11204 11205
f 11204 11206 11205
f 11207 11208 11209
f 11208 11210 11209
f 11211 11212 11213
f 11212 11214 11213
f 11215 11216 11217
f 11216 11218 11217
f 11219 11220 11221
f 11220 11222 11221
f 11223 11224 11225
f 11224 11226 11225
f 11227 11228 11229
f 11228 11230 11229
f 11231 11232 11233
f 11232 11234 11233
f 11235 11236 11237
f 11236 11238 11237
f 11239 11240 11241
f 11240 11242 11241
f 11243 11244 11245
f 11246 11247 11244
f 11247 11248 11244
f 11244 11248 11245
f 11249 11250 11251
f 11252 11247 11253
f 11247 11246 11253
f 11253 11246 11251
f 11246 11243 11251
f 11251 11243 11249
f 11243 11245 11249
f 11254 11255 11256
f 11255 11257 11256
f 11258 11259 11260
f 11259 11261 11260
f 11262 11263 11264
f 11263 11265 11264
f 11266 11267 11268
f 11267 11269 11268
f 11270 11271 11272
f 11271 11273 11272
f 11274 11275 11276
f 11275 11277 11276
f 11278 11279 11280
f 11279 11281 11280
f 11282 11283 11284
f 11283 11285 11284
f 11286 11287 11288
f 11289 11290 11291
f 11291 11292 11289
f 11292 11293 11289
f 11289 11293 11294
f 11295 11296 11297
f 11296 11294 11297
f 11297 11294 11298
f 11294 11293 11298
f 11298 11293 11299
f 11293 11300 11299
f 11301 11302 11303
f 11302 11304 11303
f 11305 11306 11307
f 11306 11308 11307
f 11309 11310 11311
f 11310 11312 11311
f 11313 11314 11315
f 11314 11316 11315
f 11317 11318 11319
f 11318 11320 11319
f 11321 11322 11323
f 11322 11324 11323
f 11325 11326 11327
f 11326 11328 11327
f 11329 11330 11331
f 11330 11332 11331
f 11333 11334 11335
f 11334 11336 11335
f 11337 11338 11339
f 11338 11340 11339
f 11341 11342 11343
f 11342 11344 11343
f 11345 11346 11347
f 11346 11348 11347
f 11349 11350 11351
f 11352 11353 11354
f 11353 11355 11354
f 11354 11355 11356
f 11355 11357 11356
f 11351 11358 11349
f 11358 11359 11349
f 11349 11359 11360
f 11359 11352 11360
f 11360 11352 11361
f 11352 11354 11361
f 11362 11363 11364
f 11363 11365 11364
f 11366 11367 11368
f 11367 11369 11368
f 11370 11371 11372
f 11371 11373 11372
f 11374 11375 11376
f 11375 11377 11376
f 11378 11379 11380
f 11379 11381 11380
f 11380 11381 11382
f 11383 11384 11385
f 11384 11386 11385
f 11387 11388 11389
f 11388 11390 11389
f 11391 11392 11393
f 11392 11394 11393
f 11395 11396 11397
f 11396 11398 11397
f 11399 11400 11401
f 11400 11402 11401
f 11403 11404 11405
f 11404 11406 11405
f 11405 11406 11407
f 11408 11409 11410
f 11409 11411 11410
f 11412 11413 11414
f 11413 11415 11414
f 11416 11417 11418
f 11417 11419 11418
f 11420 11421 11422
f 11421 11423 11422
f 11424 11425 11426
f 11425 11427 11426
f 11428 11429 11430
f 11429 11431 11430
f 11432 11433 11434
f 11433 11435 11434
f 11436 11437 11438
f 11437 11439 11438
f 11439 11440 11441
f 11442 11443 11444
f 11443 11445 11444
f 11439 11441 11438
f 11441 11444 11438
f 11438 11444 11446
f 11444 11445 11446
f 11446 11445 11447
f 11448 11449 11450
f 11449 11451 11450
f 11450 11451 11452
f 11453 11454 11455
f 11454 11456 11455
f 11457 11458 11459
f 11458 11460 11459
f 11459 11460 11461
f 11462 11463 11464
f 11463 11465 11464
f 11464 11465 11466
f 11467 11468 11469
f 11468 11470 11469
f 11471 11472 11473
f 11472 11474 11473
f 11473 11474 11475
f 11476 11477 11478
f 11477 11479 11478
f 11480 11481 11482
f 11481 11483 11482
f 11484 11485 11486
f 11485 11487 11486
f 11488 11489 11490
f 11489 11491 11490
f 11492 11493 11494
f 11493 11495 11494
f 11496 11497 11498
f 11497 11499 11498
f 11500 11501 11502
f 11501 11503 11502
f 11504 11505 11506
f 11505 11507 11506
f 11508 11509 11510
f 11509 11511 11510
f 11512 11513 11514
f 11514 11513 11515
f 11513 11516 11515
f 11515 11516 11517
f 11518 11519 11520
f 11521 11517 11522
f 11517 11516 11522
f 11522 11516 11520
f 11516 11512 11520
f 11520 11512 11518
f 11512 11514 11518
f 11523 11524 11525
f 11524 11526 11525
f 11527 11528 11529
f 11528 11530 11529
f 11531 11532 11533
f 11532 11534 11533
f 11535 11536 11537
f 11536 11538 11537
f 11539 11540 11541
f 11540 11542 11541
f 11543 11544 11545
f 11544 11546 11545
f 11547 11548 11549
f 11548 11550 11549
f 11551 11552 11553
f 11552 11554 11553
f 11555 11556 11557
f 11558 11559 11560
f 11559 11561 11560
f 11560 11561 11562
f 11561 11563 11562
f 11562 11563 11564
f 11563 11565 11564
f 11564 11565 11566
f 11565 11567 11566
f 11566 11567 11568
f 11567 11569 11568
f 11568 11569 11570
f 11569 11571 11570
f 11570 11571 11572
f 11571 11573 11572
f 11573 11574 11572
f 11572 11574 11575
f 11574 11576 11575
f 11575 11576 11577
f 11576 11578 11577
f 11577 11578 11579
f 11578 11580 11579
f 11579 11580 11581
f 11580 11582 11581
f 11581 11582 11583
f 11582 11584 11583
f 11584 11585 11583
f 11583 11585 11586
f 11585 11587 11586
f 11587 11588 11586
f 11586 11588 11589
f 11588 11590 11589
f 11589 11590 11591
f 11590 11592 11591
f 11591 11592 11593
f 11592 11594 11593
f 11593 11594 11595
f 11594 11596 11595
f 11595 11596 11597
f 11596 11598 11597
f 11598 11599 11597
f 11597 11599 11600
f 11599 11601 11600
f 11601 11602 11600
f 11600 11602 11603
f 11602 11604 11603
f 11603 11604 11605
f 11604 11606 11605
f 11605 11606 11607
f 11606 11608 11607
f 11607 11608 11609
f 11608 11610 11609
f 11609 11610 11558
f 11610 11611 11558
f 11558 11611 11559
f 11612 11613 11614
f 11613 11615 11614
f 11616 11617 11618
f 11617 11619 11618
f 11620 11621 11622
f 11621 11623 11622
f 11624 11625 11626
f 11625 11627 11626
f 11628 11629 11630
f 11629 11631 11630
f 11630 11631 11632
f 11631 11633 11632
f 11632 11633 11634
f 11633 11635 11634
f 11634 11635 11636
f 11635 11637 11636
f 11636 11637 11638
f 11637 11639 11638
f 11638 11639 11640
f 11639 11641 11640
f 11640 11641 11642
f 11641 11643 11642
f 11642 11643 11644
f 11643 11645 11644
f 11644 11645 11646
f 11645 11647 11646
f 11646 11647 11648
f 11647 11649 11648
f 11648 11649 11650
f 11649 11651 11650
f 11650 11651 11652
f 11651 11653 11652
f 11652 11653 11654
f 11653 11655 11654
f 11654 11655 11656
f 11655 11657 11656
f 11656 11657 11658
f 11657 11659 11658
f 11658 11659 11660
f 11659 11661 11660
f 11660 11661 11662
f 11661 11663 11662
f 11662 11663 11664
f 11663 11665 11664
f 11664 11665 11666
f 11665 11667 11666
f 11666 11667 11668
f 11667 11669 11668
f 11668 11669 11670
f 11669 11671 11670
f 11670 11671 11672
f 11671 11673 11672
f 11672 11673 11674
f 11673 11675 11674
f 11674 11675 11628
f 11675 11629 11628
f 11676 11677 11678
f 11677 11679 11678
f 11678 11679 11680
f 11679 11681 11680
f 11680 11681 11682
f 11681 11683 11682
f 11682 11683 11684
f 11683 11685 11684
f 11684 11685 11686
f 11685 11687 11686
f 11686 11687 11688
f 11687 11689 11688
f 11688 11689 11690
f 11689 11691 11690
f 11690 11691 11692
f 11691 11693 11692
f 11692 11693 11694
f 11693 11695 11694
f 11694 11695 11696
f 11695 11697 11696
f 11696 11697 11698
f 11697 11699 11698
f 11698 11699 11700
f 11699 11701 11700
f 11700 11701 11702
f 11701 11703 11702
f 11702 11703 11704
f 11703 11705 11704
f 11704 11705 11706
f 11705 11707 11706
f 11706 11707 11708
f 11707 11709 11708
f 11708 11709 11710
f 11709 11711 11710
f 11710 11711 11712
f 11711 11713 11712
f 11712 11713 11714
f 11713 11715 11714
f 11714 11715 11716
f 11715 11717 11716
f 11716 11717 11718
f 11717 11719 11718
f 11718 11719 11720
f 11719 11721 11720
f 11720 11721 11722
f 11721 11723 11722
f 11722 11723 11676
f 11723 11677 11676
f 11724 11725 11726
f 11725 11727 11726
f 11728 11729 11730
f 11729 11731 11730
f 11730 11731 11732
f 11733 11734 11735
f 11734 11736 11735
f 11737 11738 11739
f 11740 11741 11742
f 11743 11744 11745
f 11746 11747 11748
f 11747 11746 11749
f 2264 11750 11751
f 11752 11753 11754
f 11753 11752 11755
f 1212 701 711
f 1212 11756 1208
f 11756 11757 1208
f 1208 11757 1209
f 11757 11758 1209
f 1209 11758 1210
f 11758 1211 1210
f 11759 11760 1207
f 11760 11761 1199
f 11761 11762 1199
f 1199 11762 1198
f 11762 11754 1198
f 1198 11754 1197
f 11754 11753 1197
f 1197 11753 1195
f 1195 11753 1193
f 11753 11755 1193
f 1193 11755 1191
f 11763 11764 2287
f 11764 11765 2287
f 2287 11765 2290
f 11766 11767 11768
f 2071 11769 11770
f 11769 11771 11770
f 11770 11771 11772
f 11771 11773 11772
f 11767 11766 2080
f 2336 11774 11775
f 11774 11776 11775
f 2132 2131 11777
f 2131 2130 11777
f 11777 11778 2132
f 11778 11779 2132
f 2132 11779 11780
f 11779 2128 11780
f 5588 5587 11781
f 2139 2138 11781
f 2138 2129 11781
f 5587 5586 11781
f 5586 5553 11781
f 11781 5553 2139
f 5553 5552 2139
f 2139 5552 2140
f 5546 5545 11777
f 5545 5589 11777
f 11777 5589 11778
f 5589 5588 11778
f 11778 5588 11779
f 5588 11781 11779
f 11779 11781 2128
f 11781 2129 2128
f 5583 5546 11782
f 5546 11777 11782
f 11782 11777 11774
f 11777 2130 11774
f 11774 2130 11776
f 984 954 11783
f 954 953 11783
f 11783 953 5584
f 953 11784 5584
f 5584 11784 5585
f 11784 999 5585
f 5585 999 1000
f 11742 987 985
f 11741 889 888
f 11741 888 11742
f 888 988 11742
f 11742 988 987
f 11785 725 660
f 11786 11787 11788
f 11787 723 11788
f 11788 723 11785
f 723 722 11785
f 11785 722 725
f 11789 719 11790
f 719 718 11790
f 11790 718 11791
f 718 717 11791
f 11791 717 11790
f 11792 707 705
f 705 704 11792
f 704 11793 11792
f 11792 11793 11794
f 11793 11795 11794
f 1212 711 11756
f 711 710 11756
f 11756 710 703
f 717 11786 11790
f 11786 11788 11790
f 11790 11788 11796
f 11788 11785 11796
f 11797 11798 11799
f 11798 11800 11799
f 11799 11800 11801
f 11785 11797 11796
f 11797 11799 11796
f 11796 11799 11790
f 11799 11801 11790
f 11790 11801 11748
f 11795 11789 11794
f 11789 11790 11794
f 11794 11790 11792
f 11790 11748 11792
f 11792 11748 707
f 11748 11747 707
f 707 11747 708
f 11747 11749 708
f 11798 11802 11800
f 11802 11803 11800
f 11800 11803 11801
f 11803 11804 11801
f 11801 11804 11748
f 11804 11805 11748
f 11748 11805 11746
f 11805 11806 11746
f 2071 2080 11769
f 2080 11766 11769
f 11769 11766 11743
f 11766 11768 11743
f 11743 11768 11744
f 11768 11807 11744
f 11744 11807 11808
f 11808 11809 11744
f 11809 11751 11744
f 11744 11751 11745
f 11751 11750 11745
f 11745 11750 11810
f 11811 11812 11813
f 11812 11814 11813
f 11813 11814 11815
f 11816 11815 11817
f 11815 11814 11817
f 11817 11814 11818
f 11814 11812 11818
f 1203 1211 11819
f 1211 11758 11819
f 11819 11758 11820
f 11758 11757 11820
f 11820 11757 11821
f 11757 11756 11821
f 11821 11756 11822
f 11756 703 11822
f 11822 703 11823
f 703 11824 11823
f 660 11825 11785
f 11825 889 11785
f 11785 889 11797
f 889 11741 11797
f 11797 11741 11798
f 11741 11740 11798
f 11798 11740 11802
f 11740 11826 11802
f 11802 11826 11803
f 11826 11816 11803
f 11803 11816 11804
f 11816 11817 11804
f 11804 11817 11805
f 11817 11818 11805
f 11805 11818 11806
f 11818 11812 11806
f 11806 11812 11827
f 11812 11811 11827
f 11827 11811 11828
f 11824 11749 11823
f 11749 11746 11823
f 11823 11746 11822
f 11746 11806 11822
f 11822 11806 11821
f 11806 11827 11821
f 11821 11827 11820
f 11827 11828 11820
f 11820 11828 11819
f 11828 11829 11819
f 11819 11829 1203
f 11829 1204 1203
f 1206 1205 11830
f 1205 11831 11830
f 11830 11831 11832
f 11831 11833 11832
f 11832 11833 11834
f 11833 11835 11834
f 11834 11835 11836
f 11835 11810 11836
f 11836 11810 2288
f 11810 11750 2288
f 2288 11750 2279
f 11750 2264 2279
f 2288 11837 11836
f 11837 11838 11836
f 11836 11838 11834
f 11838 11839 11834
f 11834 11839 11832
f 11838 2290 11839
f 2290 11765 11839
f 11839 11765 11832
f 11765 11759 11832
f 11832 11759 11830
f 11759 1207 11830
f 11830 1207 1206
f 11760 11759 11761
f 11759 11765 11761
f 11761 11765 11762
f 11765 11764 11762
f 11762 11764 11754
f 11764 11763 11754
f 11754 11763 11752
f 5584 5583 11783
f 5583 11782 11783
f 11783 11782 11840
f 11782 11774 11840
f 11840 11774 11771
f 11774 2336 11771
f 11771 2336 11773
f 1205 1204 11831
f 1204 11829 11831
f 11831 11829 11833
f 11829 11828 11833
f 11833 11828 11835
f 11828 11811 11835
f 11835 11811 11810
f 11811 11813 11810
f 11810 11813 11745
f 11813 11815 11745
f 11745 11815 11743
f 11815 11816 11743
f 11743 11816 11769
f 11816 11826 11769
f 11769 11826 11771
f 11826 11740 11771
f 11771 11740 11840
f 11740 11742 11840
f 11840 11742 11783
f 11742 985 11783
f 11783 985 984
f 11841 11842 11843
f 11842 11844 11843
f 11845 11846 11847
f 11846 11848 11847
f 11849 11850 11851
f 11850 11852 11851
f 11853 11854 11855
f 11854 11856 11855
f 11857 11858 11859
f 11858 11860 11859
f 11861 11862 11863
f 11862 11864 11863
f 11865 11866 11867
f 11866 11868 11867
f 11869 11870 11871
f 11870 11872 11871
f 11871 11872 11873
f 11874 11875 11876
f 11872 11877 11873
f 11877 11878 11873
f 11873 11878 11879
f 11878 11880 11879
f 11879 11880 11881
f 11880 11882 11881
f 11881 11882 11883
f 11882 11884 11883
f 11883 11884 11885
f 11884 11886 11885
f 11885 11886 11887
f 11886 11888 11887
f 11887 11888 11889
f 11888 11890 11889
f 11889 11890 11891
f 11890 11892 11891
f 11891 11892 11893
f 11892 11868 11893
f 11893 11868 11894
f 11868 11866 11894
f 11865 11867 11876
f 11867 11895 11876
f 11876 11895 11874
f 11875 11896 11876
f 11896 11897 11876
f 11876 11897 11898
f 11899 11900 11901
f 11900 11902 11901
f 11901 11902 11903
f 11902 11870 11903
f 11903 11870 11904
f 11870 11869 11904
f 11905 11906 11907
f 11906 11908 11907
f 11909 11910 11911
f 11912 11913 11914
f 11913 11915 11914
f 11905 11916 11906
f 11916 11917 11906
f 11906 11917 11918
f 11917 11919 11918
f 11911 11920 11909
f 11920 11921 11909
f 11909 11921 11922
f 11921 11923 11922
f 11922 11923 11924
f 11923 11925 11924
f 11924 11925 11926
f 11925 11927 11926
f 11926 11927 11928
f 11927 11929 11928
f 11928 11929 11919
f 11929 11930 11919
f 11919 11930 11918
f 11931 11932 11933
f 11932 11934 11933
f 11933 11934 11935
f 11934 11936 11935
f 11935 11936 11937
f 11913 11938 11915
f 11938 11939 11915
f 11915 11939 11910
f 11939 11940 11910
f 11910 11940 11911
f 11937 11941 11935
f 11941 11942 11935
f 11935 11942 11906
f 11942 11943 11906
f 11906 11943 11908
f 11944 11914 11945
f 11914 11946 11945
f 11945 11946 11947
f 11944 11948 11914
f 11948 11949 11914
f 11914 11949 11950
f 11950 11951 11914
f 11951 11952 11914
f 11914 11952 11912

