# https://github.com/mikedh/trimesh
v -0.03205345 0.05321634 0.12154610
v -0.03251620 0.05323473 0.12034350
v -0.03205345 0.05432065 0.12154610
v -0.03251620 0.05433804 0.12034350
v -0.03251620 0.05323473 0.12034350
v -0.03427587 0.05243666 0.12034350
v -0.03251620 0.05433804 0.12034350
v -0.03427587 0.05355803 0.12034350
v -0.03154397 0.05241131 0.12686851
v -0.03154397 0.05353761 0.12686851
v -0.03335969 0.05242817 0.12253171
v -0.03427587 0.05355803 0.12034350
v -0.03427587 0.05243666 0.12034350
v -0.02984911 0.05319616 0.12686851
v -0.02984911 0.05430459 0.12686851
v -0.02987521 0.05318407 0.12686851
v -0.03154397 0.05353761 0.12686851
v -0.03154397 0.05241131 0.12686851
v -0.02705239 0.05532196 0.12034350
v -0.02705239 0.05638331 0.12034350
v -0.02784799 0.05478445 0.12219971
v -0.02781172 0.05588189 0.12211510
v -0.02798129 0.05467864 0.12251070
v -0.02984911 0.05319616 0.12686851
v -0.02971636 0.05440738 0.12655871
v -0.02984911 0.05430459 0.12686851
v -0.03157170 0.05430095 0.12280450
v -0.03157170 0.05319543 0.12280450
v -0.03032135 0.05481540 0.12280450
v -0.02970109 0.05398182 0.12280450
v -0.02970109 0.05507058 0.12280450
v -0.03064559 0.05426192 0.12521860
v -0.03064559 0.05315384 0.12521860
v -0.03157170 0.05430095 0.12280450
v -0.03157170 0.05319543 0.12280450
v -0.03064559 0.05315384 0.12521860
v -0.03064559 0.05426192 0.12521860
v -0.02970109 0.05398182 0.12280450
v -0.03013996 0.05469484 0.12392631
v -0.02970109 0.05507058 0.12280450
v -0.02921965 0.05545416 0.12154610
v -0.02921965 0.05437408 0.12154610
v -0.03051241 0.05493707 0.12154610
v -0.03076734 0.05374178 0.12154610
v -0.03205345 0.05432065 0.12154610
v -0.03205345 0.05321634 0.12154610
v -0.02705239 0.05532196 0.12034350
v -0.02874724 0.05473293 0.12034350
v -0.02705239 0.05638331 0.12034350
v -0.02874724 0.05580532 0.12034350
v -0.02874724 0.05473293 0.12034350
v -0.02921965 0.05437408 0.12154610
v -0.02874724 0.05580532 0.12034350
v -0.02921965 0.05545416 0.12154610
v -0.03064559 0.05426192 0.12521860
v -0.03157170 0.05430095 0.12280450
v -0.03427587 0.05355803 0.12034350
v -0.02705239 0.05638331 0.12034350
v -0.02874724 0.05580532 0.12034350
v -0.02921965 0.05545416 0.12154610
v -0.03251620 0.05433804 0.12034350
v -0.03205345 0.05432065 0.12154610
v -0.03051241 0.05493707 0.12154610
v -0.03032135 0.05481540 0.12280450
v -0.02970109 0.05507058 0.12280450
v -0.03154397 0.05353761 0.12686851
v -0.02984911 0.05430459 0.12686851
v -0.03013996 0.05469484 0.12392631
v -0.02971636 0.05440738 0.12655871
v -0.02781172 0.05588189 0.12211510
v 0.00927494 0.05892279 0.12034350
v 0.00730243 0.05919961 0.12034350
v 0.00927494 0.05993508 0.12034350
v 0.00730243 0.06020725 0.12034350
v 0.00986763 0.05873758 0.12416540
v 0.00986763 0.05975172 0.12416540
v 0.00763664 0.05913941 0.12084151
v 0.00730243 0.06020725 0.12034350
v 0.00730243 0.05919961 0.12034350
v 0.00986763 0.05873758 0.12416540
v 0.00745980 0.05901125 0.12686851
v 0.00986763 0.05975172 0.12416540
v 0.00745980 0.06001960 0.12686851
v 0.00745980 0.05901125 0.12686851
v 0.00936749 0.05873863 0.12686851
v 0.00745980 0.06001960 0.12686851
v 0.00936749 0.05975158 0.12686851
v 0.00936749 0.05873863 0.12686851
v 0.01184948 0.05837336 0.12404400
v 0.00936749 0.05975158 0.12686851
v 0.01184948 0.05939376 0.12404400
v 0.01184948 0.05939376 0.12404400
v 0.01184948 0.05837336 0.12404400
v 0.01184948 0.05930928 0.12686851
v 0.01184948 0.05833192 0.12542570
v 0.01184948 0.05828865 0.12686851
v 0.01184948 0.05828865 0.12686851
v 0.01349791 0.05792912 0.12686851
v 0.01184948 0.05930928 0.12686851
v 0.01349791 0.05895598 0.12686851
v 0.01349791 0.05810100 0.12034350
v 0.01349791 0.05912736 0.12034350
v 0.01349791 0.05808789 0.12084141
v 0.01349791 0.05895598 0.12686851
v 0.01349791 0.05792912 0.12686851
v 0.01349791 0.05912736 0.12034350
v 0.01349791 0.05810100 0.12034350
v 0.01184948 0.05947964 0.12034350
v 0.01187437 0.05845442 0.12034350
v 0.01184948 0.05845947 0.12034350
v 0.01098818 0.05958843 0.12290700
v 0.01098818 0.05857099 0.12290700
v 0.00927494 0.05993508 0.12034350
v 0.00960771 0.05885446 0.12084151
v 0.00927494 0.05892279 0.12034350
v 0.01184948 0.05842564 0.12194691
v 0.01184948 0.05944591 0.12194691
v 0.01184948 0.05844896 0.12084141
v 0.01184948 0.05947964 0.12034350
v 0.01184948 0.05845947 0.12034350
v 0.01184948 0.05842564 0.12194691
v 0.01098818 0.05857099 0.12290700
v 0.01184948 0.05944591 0.12194691
v 0.01098818 0.05958843 0.12290700
v 0.01184948 0.05939376 0.12404400
v 0.01184948 0.05930928 0.12686851
v 0.01349791 0.05895598 0.12686851
v 0.00986763 0.05975172 0.12416540
v 0.00745980 0.06001960 0.12686851
v 0.00936749 0.05975158 0.12686851
v 0.01349791 0.05912736 0.12034350
v 0.01184948 0.05947964 0.12034350
v 0.01184948 0.05944591 0.12194691
v 0.01098818 0.05958843 0.12290700
v 0.00927494 0.05993508 0.12034350
v 0.00730243 0.06020725 0.12034350
v 0.01479452 0.05761162 0.12686851
v 0.01479452 0.05864404 0.12686851
v 0.01479452 0.05777126 0.12084141
v 0.01479452 0.05881632 0.12034350
v 0.01479452 0.05778444 0.12034350
v 0.01479452 0.05761162 0.12686851
v 0.01633201 0.05719477 0.12686851
v 0.01479452 0.05864404 0.12686851
v 0.01633201 0.05823458 0.12686851
v 0.01633201 0.05719477 0.12686851
v 0.01633201 0.05731277 0.12284180
v 0.01633201 0.05823458 0.12686851
v 0.01633201 0.05835219 0.12284180
v 0.01633201 0.05835219 0.12284180
v 0.01633201 0.05731277 0.12284180
v 0.01932318 0.05731156 0.12686851
v 0.01868920 0.05647896 0.12601501
v 0.01932318 0.05625470 0.12686851
v 0.01932318 0.05625470 0.12686851
v 0.02077717 0.05573406 0.12686851
v 0.01932318 0.05731156 0.12686851
v 0.02077717 0.05680062 0.12686851
v 0.02077717 0.05591269 0.12034350
v 0.02077717 0.05697848 0.12034350
v 0.02077717 0.05589906 0.12084141
v 0.02077717 0.05680062 0.12686851
v 0.02077717 0.05573406 0.12686851
v 0.02077717 0.05591269 0.12034350
v 0.01923063 0.05646328 0.12034350
v 0.02077717 0.05697848 0.12034350
v 0.01923063 0.05751887 0.12034350
v 0.01624851 0.05739255 0.12034350
v 0.01479452 0.05778444 0.12034350
v 0.01624851 0.05843136 0.12034350
v 0.01479452 0.05881632 0.12034350
v 0.01923063 0.05636512 0.12436111
v 0.01923063 0.05742110 0.12436111
v 0.01923063 0.05645112 0.12084141
v 0.01923063 0.05751887 0.12034350
v 0.01923063 0.05646328 0.12034350
v 0.01923063 0.05742110 0.12436111
v 0.01923063 0.05636512 0.12436111
v 0.01871104 0.05654413 0.12366111
v 0.01624851 0.05843136 0.12034350
v 0.01661812 0.05726521 0.12084151
v 0.01624851 0.05739255 0.12034350
v 0.01479452 0.05864404 0.12686851
v 0.01633201 0.05823458 0.12686851
v 0.01479452 0.05881632 0.12034350
v 0.01633201 0.05835219 0.12284180
v 0.02077717 0.05697848 0.12034350
v 0.01923063 0.05751887 0.12034350
v 0.02077717 0.05680062 0.12686851
v 0.01923063 0.05742110 0.12436111
v 0.01932318 0.05731156 0.12686851
v 0.01624851 0.05843136 0.12034350
v 0.02292247 0.05506795 0.12034350
v 0.02292247 0.05614978 0.12034350
v 0.02311407 0.05497628 0.12084141
v 0.02338523 0.05593227 0.12154610
v 0.02338523 0.05484654 0.12154610
v 0.02292247 0.05506795 0.12034350
v 0.02116280 0.05576787 0.12034350
v 0.02292247 0.05614978 0.12034350
v 0.02116280 0.05683638 0.12034350
v 0.02389471 0.05447035 0.12686851
v 0.02389471 0.05556117 0.12686851
v 0.02137127 0.05566886 0.12084141
v 0.02116280 0.05683638 0.12034350
v 0.02116280 0.05576787 0.12034350
v 0.02389471 0.05556117 0.12686851
v 0.02389471 0.05447035 0.12686851
v 0.02475910 0.05518141 0.12686851
v 0.02526741 0.05384732 0.12686851
v 0.02558957 0.05480123 0.12686851
v 0.02558957 0.05369498 0.12686851
v 0.02838629 0.05246083 0.12034350
v 0.02838629 0.05359531 0.12034350
v 0.02817288 0.05255500 0.12084141
v 0.02558957 0.05480123 0.12686851
v 0.02558957 0.05369498 0.12686851
v 0.02386697 0.05569729 0.12280450
v 0.02386697 0.05460736 0.12280450
v 0.02480583 0.05528555 0.12280450
v 0.02573759 0.05375102 0.12280450
v 0.02573759 0.05485798 0.12280450
v 0.02386697 0.05460736 0.12280450
v 0.02386697 0.05569729 0.12280450
v 0.02433280 0.05436365 0.12401880
v 0.02478001 0.05522805 0.12518461
v 0.02479309 0.05412284 0.12521860
v 0.02479309 0.05522132 0.12521860
v 0.02479309 0.05412284 0.12521860
v 0.02479309 0.05522132 0.12521860
v 0.02526251 0.05393804 0.12401880
v 0.02573759 0.05485798 0.12280450
v 0.02573759 0.05375102 0.12280450
v 0.02621903 0.05466123 0.12154610
v 0.02621903 0.05354974 0.12154610
v 0.02532817 0.05397681 0.12154610
v 0.02338523 0.05484654 0.12154610
v 0.02338523 0.05593227 0.12154610
v 0.02481753 0.05531164 0.12154610
v 0.02838629 0.05246083 0.12034350
v 0.02669143 0.05334310 0.12034350
v 0.02838629 0.05359531 0.12034350
v 0.02669143 0.05445921 0.12034350
v 0.02621903 0.05354974 0.12154610
v 0.02621903 0.05466123 0.12154610
v 0.02649585 0.05342866 0.12084141
v 0.02669143 0.05445921 0.12034350
v 0.02669143 0.05334310 0.12034350
v 0.02478001 0.05522805 0.12518461
v 0.02386697 0.05569729 0.12280450
v 0.02116280 0.05683638 0.12034350
v 0.02292247 0.05614978 0.12034350
v 0.02338523 0.05593227 0.12154610
v 0.02481753 0.05531164 0.12154610
v 0.02480583 0.05528555 0.12280450
v 0.02621903 0.05466123 0.12154610
v 0.02573759 0.05485798 0.12280450
v 0.02669143 0.05445921 0.12034350
v 0.02838629 0.05359531 0.12034350
v 0.02558957 0.05480123 0.12686851
v 0.02479309 0.05522132 0.12521860
v 0.02475910 0.05518141 0.12686851
v 0.02389471 0.05556117 0.12686851
v -0.02952831 -0.05468646 0.12549991
v -0.02952831 -0.05358760 0.12549991
v -0.02952831 -0.05445762 0.12678870
v -0.02952831 -0.05335269 0.12678870
v -0.03264759 -0.05329260 0.12549991
v -0.03264759 -0.05216159 0.12549991
v -0.02952831 -0.05468646 0.12549991
v -0.03010643 -0.05332331 0.12549991
v -0.02952831 -0.05358760 0.12549991
v -0.03264759 -0.05359321 0.12400811
v -0.03264759 -0.05247055 0.12400811
v -0.03264759 -0.05329260 0.12549991
v -0.03264759 -0.05216159 0.12549991
v -0.03264759 -0.05247055 0.12400811
v -0.03264759 -0.05359321 0.12400811
v -0.03036072 -0.05348656 0.12400811
v -0.02977517 -0.05484113 0.12400811
v -0.02977517 -0.05374671 0.12400811
v -0.02977517 -0.05505535 0.12271891
v -0.02977517 -0.05396632 0.12271891
v -0.02977517 -0.05484113 0.12400811
v -0.02977517 -0.05374671 0.12400811
v -0.03264759 -0.05384317 0.12271891
v -0.03264759 -0.05272724 0.12271891
v -0.02977517 -0.05505535 0.12271891
v -0.03057507 -0.05362126 0.12271891
v -0.02977517 -0.05396632 0.12271891
v -0.03264759 -0.05272724 0.12271891
v -0.03264759 -0.05384317 0.12271891
v -0.03264759 -0.05276337 0.12252830
v -0.03264759 -0.05428199 0.12034350
v -0.03264759 -0.05317744 0.12034350
v -0.03427588 -0.05355802 0.12034350
v -0.03427588 -0.05243666 0.12034350
v -0.03264759 -0.05428199 0.12034350
v -0.03264759 -0.05317744 0.12034350
v -0.03427588 -0.05218790 0.12678870
v -0.03427588 -0.05102787 0.12678870
v -0.03427588 -0.05355802 0.12034350
v -0.03427588 -0.05195837 0.12253171
v -0.03427588 -0.05243666 0.12034350
v -0.03427588 -0.05102787 0.12678870
v -0.03427588 -0.05218790 0.12678870
v -0.03019343 -0.05305708 0.12678870
v -0.03011533 -0.05420295 0.12678870
v -0.02988889 -0.05319243 0.12678870
v -0.02952831 -0.05445762 0.12678870
v -0.02952831 -0.05335269 0.12678870
v -0.03427588 -0.05355802 0.12034350
v -0.03264759 -0.05428199 0.12034350
v -0.03427588 -0.05218790 0.12678870
v -0.03264759 -0.05384317 0.12271891
v -0.02977517 -0.05505535 0.12271891
v -0.02977517 -0.05484113 0.12400811
v -0.03264759 -0.05384317 0.12271891
v -0.03264759 -0.05359321 0.12400811
v -0.03264759 -0.05329260 0.12549991
v -0.03011533 -0.05420295 0.12678870
v -0.02952831 -0.05468646 0.12549991
v -0.02952831 -0.05445762 0.12678870
v -0.02588730 -0.05607638 0.12549991
v -0.02588730 -0.05501848 0.12549991
v -0.02550024 -0.05515999 0.12545891
v -0.02552182 -0.05620798 0.12546380
v -0.02546130 -0.05517499 0.12544771
v -0.02546253 -0.05623081 0.12544461
v -0.02537645 -0.05520769 0.12542321
v -0.02528930 -0.05629754 0.12538861
v -0.02523494 -0.05526536 0.12535480
v -0.02523480 -0.05632030 0.12535601
v -0.02516339 -0.05529452 0.12532020
v -0.02510462 -0.05532006 0.12527830
v -0.02510244 -0.05637557 0.12527661
v -0.02506837 -0.05533707 0.12524211
v -0.02506557 -0.05639213 0.12524480
v -0.02496539 -0.05538542 0.12513930
v -0.02504559 -0.05640110 0.12522761
v -0.02494252 -0.05539761 0.12510490
v -0.02494365 -0.05645135 0.12510370
v -0.02489893 -0.05542084 0.12503940
v -0.02492086 -0.05646258 0.12507600
v -0.02485187 -0.05545164 0.12492411
v -0.02487114 -0.05649082 0.12498571
v -0.02485115 -0.05650529 0.12492490
v -0.02481478 -0.05547592 0.12483330
v -0.02479998 -0.05548869 0.12477341
v -0.02479755 -0.05654407 0.12476191
v -0.02479303 -0.05550004 0.12470411
v -0.02478879 -0.05655305 0.12471451
v -0.02478804 -0.05655456 0.12470470
v -0.02477121 -0.05553569 0.12448681
v -0.02477121 -0.05658810 0.12448681
v -0.02651139 -0.05479276 0.12549991
v -0.02712221 -0.05563165 0.12549991
v -0.02712221 -0.05456509 0.12549991
v -0.02360937 -0.05607394 0.12314231
v -0.02372891 -0.05709288 0.12298401
v -0.02372270 -0.05605755 0.12299141
v -0.02380251 -0.05707904 0.12291491
v -0.02380295 -0.05604226 0.12291530
v -0.02406690 -0.05702929 0.12266671
v -0.02405796 -0.05599364 0.12267341
v -0.02417065 -0.05700649 0.12259640
v -0.02417055 -0.05596851 0.12259620
v -0.02421225 -0.05699735 0.12256820
v -0.02420374 -0.05596110 0.12257351
v -0.02438707 -0.05695629 0.12247050
v -0.02438707 -0.05591724 0.12247050
v -0.02322541 -0.05602428 0.12454220
v -0.02322541 -0.05706190 0.12454220
v -0.02328581 -0.05607917 0.12392580
v -0.02328573 -0.05711540 0.12392621
v -0.02332024 -0.05608253 0.12380920
v -0.02332050 -0.05711857 0.12380931
v -0.02339780 -0.05609009 0.12354651
v -0.02340125 -0.05712594 0.12353781
v -0.02353529 -0.05607960 0.12328380
v -0.02353553 -0.05711547 0.12328400
v -0.02361461 -0.05710931 0.12313460
v -0.02438707 -0.05695629 0.12247050
v -0.02304228 -0.05757153 0.12034350
v -0.02438707 -0.05591724 0.12247050
v -0.02304228 -0.05653088 0.12034350
v -0.02438399 -0.05590812 0.12246560
v -0.02438499 -0.05590922 0.12246721
v -0.02438619 -0.05591165 0.12246911
v -0.02438644 -0.05591246 0.12246950
v -0.02438539 -0.05590986 0.12246780
v -0.02438586 -0.05591091 0.12246850
v -0.02438690 -0.05591471 0.12247021
v -0.02438692 -0.05591495 0.12247021
v -0.02438045 -0.05590754 0.12246000
v -0.02438165 -0.05590722 0.12246190
v -0.02438169 -0.05590721 0.12246190
v -0.02438221 -0.05590724 0.12246280
v -0.02438342 -0.05590768 0.12246470
v -0.02438393 -0.05590805 0.12246551
v -0.02489003 -0.05705393 0.12034350
v -0.02489003 -0.05600460 0.12034350
v -0.02304228 -0.05757153 0.12034350
v -0.02304228 -0.05653088 0.12034350
v -0.02489003 -0.05600460 0.12034350
v -0.02489003 -0.05705393 0.12034350
v -0.02578124 -0.05551524 0.12204271
v -0.02584144 -0.05654153 0.12215751
v -0.02584144 -0.05548218 0.12215751
v -0.02588730 -0.05652676 0.12215751
v -0.02588730 -0.05546714 0.12215751
v -0.02584144 -0.05654153 0.12215751
v -0.02584144 -0.05548218 0.12215751
v -0.02712221 -0.05611607 0.12215751
v -0.02712221 -0.05504874 0.12215751
v -0.02712221 -0.05636043 0.12034350
v -0.02712221 -0.05529866 0.12034350
v -0.02712221 -0.05611607 0.12215751
v -0.02712221 -0.05504874 0.12215751
v -0.02875049 -0.05580417 0.12034350
v -0.02875049 -0.05473174 0.12034350
v -0.02712221 -0.05636043 0.12034350
v -0.02712221 -0.05529866 0.12034350
v -0.02327288 -0.05595415 0.12500051
v -0.02340922 -0.05689447 0.12547500
v -0.02331771 -0.05694963 0.12525410
v -0.02328611 -0.05593460 0.12512831
v -0.02327684 -0.05698241 0.12508440
v -0.02326893 -0.05699462 0.12500110
v -0.02334453 -0.05589003 0.12534201
v -0.02340624 -0.05585367 0.12547581
v -0.02350335 -0.05683774 0.12570221
v -0.02353658 -0.05577688 0.12575831
v -0.02362643 -0.05677651 0.12588341
v -0.02362396 -0.05573255 0.12588501
v -0.02366909 -0.05675530 0.12594610
v -0.02364478 -0.05572199 0.12591521
v -0.02392809 -0.05664025 0.12619771
v -0.02392708 -0.05559247 0.12619890
v -0.02399568 -0.05661022 0.12626330
v -0.02412490 -0.05655633 0.12635400
v -0.02397637 -0.05556985 0.12624840
v -0.02435548 -0.05646491 0.12646490
v -0.02411160 -0.05551187 0.12634540
v -0.02435720 -0.05541235 0.12646151
v -0.02464138 -0.05635156 0.12660231
v -0.02468818 -0.05527822 0.12661800
v -0.02493635 -0.05623944 0.12668721
v -0.02493713 -0.05518190 0.12668330
v -0.02588730 -0.05482501 0.12678870
v -0.02588730 -0.05589034 0.12678870
v -0.02490472 -0.05519407 0.12667981
v -0.02493935 -0.05623830 0.12668811
v -0.02712221 -0.05593478 0.12344641
v -0.02712221 -0.05487246 0.12344641
v -0.02712221 -0.05563165 0.12549991
v -0.02712221 -0.05486995 0.12344671
v -0.02712221 -0.05456509 0.12549991
v -0.02712221 -0.05456304 0.12549971
v -0.02712221 -0.05456007 0.12549871
v -0.02712221 -0.05456050 0.12549891
v -0.02712221 -0.05456252 0.12549950
v -0.02712221 -0.05486548 0.12344890
v -0.02712221 -0.05486877 0.12344700
v -0.02712221 -0.05486550 0.12344880
v -0.02712221 -0.05486647 0.12344810
v -0.02712221 -0.05486382 0.12345061
v -0.02712221 -0.05486983 0.12344671
v -0.02712221 -0.05455447 0.12549090
v -0.02712221 -0.05455456 0.12549161
v -0.02712221 -0.05455508 0.12549321
v -0.02712221 -0.05455524 0.12549380
v -0.02712221 -0.05455566 0.12549460
v -0.02712221 -0.05455627 0.12549541
v -0.02712221 -0.05455707 0.12549650
v -0.02712221 -0.05455767 0.12549711
v -0.02712221 -0.05455974 0.12549850
v -0.02712221 -0.05486314 0.12345160
v -0.02712221 -0.05486264 0.12345270
v -0.02712221 -0.05486223 0.12345370
v -0.02712221 -0.05486193 0.12345501
v -0.02712221 -0.05455451 0.12548841
v -0.02712221 -0.05455443 0.12549061
v -0.02479932 -0.05661592 0.12419861
v -0.02479924 -0.05556397 0.12419890
v -0.02480626 -0.05661697 0.12417280
v -0.02480626 -0.05556506 0.12417280
v -0.02483235 -0.05662090 0.12407631
v -0.02483172 -0.05556904 0.12407821
v -0.02488708 -0.05661856 0.12395681
v -0.02488701 -0.05556682 0.12395681
v -0.02491600 -0.05661732 0.12389371
v -0.02491489 -0.05556570 0.12389551
v -0.02495902 -0.05661174 0.12382911
v -0.02499394 -0.05660529 0.12379171
v -0.02495759 -0.05556020 0.12383111
v -0.02499403 -0.05555349 0.12379181
v -0.02508838 -0.05658786 0.12369050
v -0.02508626 -0.05553649 0.12369230
v -0.02513855 -0.05657661 0.12365220
v -0.02513851 -0.05552474 0.12365211
v -0.02515762 -0.05657233 0.12363761
v -0.02515548 -0.05552093 0.12363910
v -0.02532564 -0.05652901 0.12355160
v -0.02532554 -0.05547687 0.12355141
v -0.02537014 -0.05651753 0.12352891
v -0.02545377 -0.05649384 0.12350161
v -0.02536694 -0.05546613 0.12353010
v -0.02556604 -0.05645903 0.12348540
v -0.02544994 -0.05544245 0.12350271
v -0.02556612 -0.05540605 0.12348561
v -0.02583135 -0.05637678 0.12344720
v -0.02582684 -0.05532437 0.12344731
v -0.02588730 -0.05635829 0.12344641
v -0.02588730 -0.05530413 0.12344641
v -0.02712221 -0.05593478 0.12344641
v -0.02651124 -0.05508931 0.12344641
v -0.02712221 -0.05487246 0.12344641
v -0.02875049 -0.05368686 0.12678870
v -0.02875049 -0.05368717 0.12679301
v -0.02875049 -0.05368645 0.12679410
v -0.02875049 -0.05369356 0.12678901
v -0.02875049 -0.05369334 0.12678901
v -0.02875049 -0.05438035 0.12251101
v -0.02875049 -0.05473174 0.12034350
v -0.02875049 -0.05580417 0.12034350
v -0.02875049 -0.05368989 0.12679050
v -0.02875049 -0.05368907 0.12679111
v -0.02875049 -0.05368885 0.12679130
v -0.02875049 -0.05368613 0.12679491
v -0.02875049 -0.05368558 0.12679621
v -0.02875049 -0.05368537 0.12679710
v -0.02875049 -0.05369225 0.12678940
v -0.02875049 -0.05369608 0.12678870
v -0.02875049 -0.05478458 0.12678870
v -0.02875049 -0.05478458 0.12678870
v -0.02733806 -0.05427236 0.12678870
v -0.02875049 -0.05369608 0.12678870
v -0.02875049 -0.05580417 0.12034350
v -0.02712221 -0.05636043 0.12034350
v -0.02875049 -0.05478458 0.12678870
v -0.02712221 -0.05611607 0.12215751
v -0.02712221 -0.05593478 0.12344641
v -0.02588730 -0.05652676 0.12215751
v -0.02489003 -0.05705393 0.12034350
v -0.02304228 -0.05757153 0.12034350
v -0.02584144 -0.05654153 0.12215751
v -0.02438707 -0.05695629 0.12247050
v -0.02712221 -0.05563165 0.12549991
v -0.02588730 -0.05589034 0.12678870
v -0.02588730 -0.05607638 0.12549991
v -0.02493935 -0.05623830 0.12668811
v -0.02552182 -0.05620798 0.12546380
v -0.02546253 -0.05623081 0.12544461
v -0.02493635 -0.05623944 0.12668721
v -0.02528930 -0.05629754 0.12538861
v -0.02464138 -0.05635156 0.12660231
v -0.02523480 -0.05632030 0.12535601
v -0.02435548 -0.05646491 0.12646490
v -0.02510244 -0.05637557 0.12527661
v -0.02412490 -0.05655633 0.12635400
v -0.02506557 -0.05639213 0.12524480
v -0.02399568 -0.05661022 0.12626330
v -0.02492086 -0.05646258 0.12507600
v -0.02392809 -0.05664025 0.12619771
v -0.02494365 -0.05645135 0.12510370
v -0.02504559 -0.05640110 0.12522761
v -0.02479755 -0.05654407 0.12476191
v -0.02331771 -0.05694963 0.12525410
v -0.02340922 -0.05689447 0.12547500
v -0.02485115 -0.05650529 0.12492490
v -0.02350335 -0.05683774 0.12570221
v -0.02487114 -0.05649082 0.12498571
v -0.02362643 -0.05677651 0.12588341
v -0.02366909 -0.05675530 0.12594610
v -0.02327684 -0.05698241 0.12508440
v -0.02478879 -0.05655305 0.12471451
v -0.02326893 -0.05699462 0.12500110
v -0.02478804 -0.05655456 0.12470470
v -0.02322541 -0.05706190 0.12454220
v -0.02477121 -0.05658810 0.12448681
v -0.02328573 -0.05711540 0.12392621
v -0.02479932 -0.05661592 0.12419861
v -0.02332050 -0.05711857 0.12380931
v -0.02480626 -0.05661697 0.12417280
v -0.02340125 -0.05712594 0.12353781
v -0.02483235 -0.05662090 0.12407631
v -0.02353553 -0.05711547 0.12328400
v -0.02488708 -0.05661856 0.12395681
v -0.02361461 -0.05710931 0.12313460
v -0.02491600 -0.05661732 0.12389371
v -0.02372891 -0.05709288 0.12298401
v -0.02495902 -0.05661174 0.12382911
v -0.02380251 -0.05707904 0.12291491
v -0.02532564 -0.05652901 0.12355160
v -0.02537014 -0.05651753 0.12352891
v -0.02406690 -0.05702929 0.12266671
v -0.02499394 -0.05660529 0.12379171
v -0.02417065 -0.05700649 0.12259640
v -0.02508838 -0.05658786 0.12369050
v -0.02421225 -0.05699735 0.12256820
v -0.02513855 -0.05657661 0.12365220
v -0.02515762 -0.05657233 0.12363761
v -0.02545377 -0.05649384 0.12350161
v -0.02556604 -0.05645903 0.12348540
v -0.02583135 -0.05637678 0.12344720
v -0.02588730 -0.05635829 0.12344641
v -0.02067281 -0.05806075 0.12153141
v -0.02067281 -0.05702742 0.12153141
v -0.01787364 -0.05868754 0.12153141
v -0.01787364 -0.05766352 0.12153141
v -0.02067281 -0.05702742 0.12153141
v -0.02067281 -0.05806075 0.12153141
v -0.02085003 -0.05702516 0.12108031
v -0.02113944 -0.05805445 0.12034350
v -0.02113944 -0.05702145 0.12034350
v -0.02281358 -0.05763220 0.12034350
v -0.02281358 -0.05659254 0.12034350
v -0.02113944 -0.05805445 0.12034350
v -0.02113944 -0.05702145 0.12034350
v -0.02189368 -0.05661968 0.12248971
v -0.02281358 -0.05659254 0.12034350
v -0.02281358 -0.05763220 0.12034350
v -0.02031748 -0.05666619 0.12616710
v -0.02005104 -0.05771492 0.12678870
v -0.02005104 -0.05667406 0.12678870
v -0.01837690 -0.05814229 0.12678870
v -0.01837690 -0.05710850 0.12678870
v -0.02005104 -0.05771492 0.12678870
v -0.02005104 -0.05667406 0.12678870
v -0.01787364 -0.05868754 0.12153141
v -0.01787364 -0.05766352 0.12153141
v -0.01741654 -0.05886307 0.12034350
v -0.01741654 -0.05784181 0.12034350
v -0.01926429 -0.05704044 0.12515911
v -0.01834950 -0.05746411 0.12277440
v -0.01926429 -0.05807479 0.12515911
v -0.01834950 -0.05849131 0.12277440
v -0.01834950 -0.05746411 0.12277440
v -0.02019725 -0.05703043 0.12277440
v -0.01834950 -0.05849131 0.12277440
v -0.02019725 -0.05806414 0.12277440
v -0.02019725 -0.05703043 0.12277440
v -0.01926429 -0.05704044 0.12515911
v -0.02019725 -0.05806414 0.12277440
v -0.01926429 -0.05807479 0.12515911
v -0.01837690 -0.05710850 0.12678870
v -0.01837690 -0.05814229 0.12678870
v -0.01656983 -0.05781674 0.12247271
v -0.01567838 -0.05918312 0.12034350
v -0.01574460 -0.05814018 0.12050171
v -0.01567838 -0.05816613 0.12034350
v -0.01567838 -0.05816613 0.12034350
v -0.01567838 -0.05918312 0.12034350
v -0.01575920 -0.05815105 0.12034350
v -0.01741654 -0.05886307 0.12034350
v -0.01741654 -0.05784181 0.12034350
v -0.01926429 -0.05807479 0.12515911
v -0.01834950 -0.05849131 0.12277440
v -0.01567838 -0.05918312 0.12034350
v -0.01741654 -0.05886307 0.12034350
v -0.01787364 -0.05868754 0.12153141
v -0.02067281 -0.05806075 0.12153141
v -0.02019725 -0.05806414 0.12277440
v -0.02113944 -0.05805445 0.12034350
v -0.02281358 -0.05763220 0.12034350
v -0.02005104 -0.05771492 0.12678870
v -0.01837690 -0.05814229 0.12678870
v -0.00938794 -0.05878558 0.12678870
v -0.00938794 -0.05979498 0.12678870
v -0.00938794 -0.05896880 0.12243831
v -0.00938794 -0.06006345 0.12034350
v -0.00938794 -0.05905702 0.12034350
v -0.00938794 -0.05905702 0.12034350
v -0.00938794 -0.06006345 0.12034350
v -0.01053644 -0.05892399 0.12034350
v -0.01082415 -0.05989892 0.12034350
v -0.01082415 -0.05889067 0.12034350
v -0.01082415 -0.05889067 0.12034350
v -0.01082415 -0.05989892 0.12034350
v -0.01239271 -0.05855431 0.12245671
v -0.01376982 -0.05927538 0.12431200
v -0.01376982 -0.05825900 0.12431200
v -0.01376982 -0.05949499 0.12034350
v -0.01376982 -0.05848194 0.12034350
v -0.01376982 -0.05927538 0.12431200
v -0.01376982 -0.05836330 0.12245540
v -0.01376982 -0.05825900 0.12431200
v -0.01529745 -0.05924862 0.12034350
v -0.01529745 -0.05823247 0.12034350
v -0.01376982 -0.05949499 0.12034350
v -0.01376982 -0.05848194 0.12034350
v -0.01529745 -0.05882644 0.12678870
v -0.01529745 -0.05780334 0.12678870
v -0.01529745 -0.05783266 0.12634830
v -0.01529745 -0.05924862 0.12034350
v -0.01529745 -0.05809149 0.12246091
v -0.01529745 -0.05823247 0.12034350
v -0.01529745 -0.05780334 0.12678870
v -0.01529745 -0.05882644 0.12678870
v -0.01526465 -0.05780973 0.12678870
v -0.01386124 -0.05910233 0.12678870
v -0.01386124 -0.05808330 0.12678870
v -0.01090663 -0.05978427 0.12281131
v -0.01090663 -0.05877457 0.12281131
v -0.01386124 -0.05910233 0.12678870
v -0.01386124 -0.05808330 0.12678870
v -0.01090663 -0.05958737 0.12678870
v -0.01090663 -0.05857518 0.12678870
v -0.01090663 -0.05978427 0.12281131
v -0.01090663 -0.05877457 0.12281131
v -0.01090663 -0.05857518 0.12678870
v -0.01090663 -0.05958737 0.12678870
v -0.01021335 -0.05867123 0.12678870
v -0.00938794 -0.05979498 0.12678870
v -0.00938794 -0.05878558 0.12678870
v -0.00938794 -0.05979498 0.12678870
v -0.01090663 -0.05958737 0.12678870
v -0.00938794 -0.06006345 0.12034350
v -0.01090663 -0.05978427 0.12281131
v -0.01529745 -0.05924862 0.12034350
v -0.01376982 -0.05949499 0.12034350
v -0.01529745 -0.05882644 0.12678870
v -0.01376982 -0.05927538 0.12431200
v -0.01386124 -0.05910233 0.12678870
v -0.01082415 -0.05989892 0.12034350
v -0.00393581 -0.06050679 0.12034350
v -0.00393581 -0.05950494 0.12034350
v -0.00198741 -0.06059959 0.12034350
v -0.00198741 -0.05959864 0.12034350
v -0.00393581 -0.05950494 0.12034350
v -0.00393581 -0.06050679 0.12034350
v -0.00522833 -0.05936710 0.12227750
v -0.00562812 -0.06032788 0.12287571
v -0.00532623 -0.05935666 0.12242401
v -0.00562812 -0.05932447 0.12287571
v -0.00647889 -0.06028914 0.12192731
v -0.00647889 -0.05928522 0.12192731
v -0.00562812 -0.06032788 0.12287571
v -0.00603167 -0.05930585 0.12242591
v -0.00562812 -0.05932447 0.12287571
v -0.00647889 -0.06033487 0.12034350
v -0.00647889 -0.05933132 0.12034350
v -0.00647889 -0.06028914 0.12192731
v -0.00647889 -0.05928522 0.12192731
v -0.00810717 -0.06019303 0.12034350
v -0.00810717 -0.05918799 0.12034350
v -0.00647889 -0.06033487 0.12034350
v -0.00647889 -0.05933132 0.12034350
v -0.00810717 -0.05994884 0.12678870
v -0.00810717 -0.05894144 0.12678870
v -0.00810717 -0.06019303 0.12034350
v -0.00810717 -0.05910805 0.12243330
v -0.00810717 -0.05918799 0.12034350
v -0.00647889 -0.06011689 0.12678870
v -0.00647889 -0.05911162 0.12678870
v -0.00810717 -0.05994884 0.12678870
v -0.00810717 -0.05894144 0.12678870
v -0.00647889 -0.06022165 0.12399881
v -0.00647889 -0.05921719 0.12399881
v -0.00647889 -0.06011689 0.12678870
v -0.00647889 -0.05911162 0.12678870
v -0.00647889 -0.05921719 0.12399881
v -0.00647889 -0.06022165 0.12399881
v -0.00515521 -0.05926735 0.12550510
v -0.00402723 -0.06031297 0.12678870
v -0.00402723 -0.05931010 0.12678870
v -0.00214286 -0.06041884 0.12678870
v -0.00214286 -0.05941723 0.12678870
v -0.00402723 -0.06031297 0.12678870
v -0.00402723 -0.05931010 0.12678870
v -0.00452126 -0.06036910 0.12411870
v -0.00452126 -0.05936632 0.12411870
v -0.00214286 -0.06041884 0.12678870
v -0.00214286 -0.05941723 0.12678870
v -0.00198741 -0.06059959 0.12034350
v -0.00198741 -0.05959864 0.12034350
v -0.00452126 -0.06036910 0.12411870
v -0.00338104 -0.05947087 0.12241990
v -0.00452126 -0.05936632 0.12411870
v -0.00647889 -0.06022165 0.12399881
v -0.00647889 -0.06011689 0.12678870
v -0.00810717 -0.05994884 0.12678870
v -0.00452126 -0.06036910 0.12411870
v -0.00214286 -0.06041884 0.12678870
v -0.00402723 -0.06031297 0.12678870
v -0.00810717 -0.06019303 0.12034350
v -0.00647889 -0.06033487 0.12034350
v -0.00647889 -0.06028914 0.12192731
v -0.00562812 -0.06032788 0.12287571
v -0.00393581 -0.06050679 0.12034350
v -0.00198741 -0.06059959 0.12034350
v 0.00018075 -0.06062420 0.12153141
v 0.00018075 -0.05962396 0.12153141
v 0.00297992 -0.06055119 0.12153141
v 0.00297992 -0.05954973 0.12153141
v 0.00018075 -0.05962396 0.12153141
v 0.00018075 -0.06062420 0.12153141
v -0.00000000 -0.05963448 0.12107130
v -0.00000966 -0.06063489 0.12104671
v -0.00028588 -0.05964569 0.12034350
v -0.00028588 -0.06064599 0.12034350
v -0.00196002 -0.06060063 0.12034350
v -0.00196002 -0.05959969 0.12034350
v -0.00028588 -0.06064599 0.12034350
v -0.00028588 -0.05964569 0.12034350
v 0.00080252 -0.06047864 0.12678870
v 0.00080252 -0.05947804 0.12678870
v -0.00001214 -0.06054139 0.12488811
v -0.00000000 -0.05954045 0.12491640
v -0.00196002 -0.06060063 0.12034350
v -0.00107470 -0.05957294 0.12240900
v -0.00196002 -0.05959969 0.12034350
v 0.00247666 -0.06043324 0.12678870
v 0.00247666 -0.05943187 0.12678870
v 0.00080252 -0.06047864 0.12678870
v 0.00080252 -0.05947804 0.12678870
v 0.00343702 -0.05954919 0.12034350
v 0.00343702 -0.06055101 0.12034350
v 0.00324543 -0.05954941 0.12084141
v 0.00297992 -0.06055119 0.12153141
v 0.00297992 -0.05954973 0.12153141
v 0.00250406 -0.05954336 0.12277440
v 0.00250406 -0.06054452 0.12277440
v 0.00204393 -0.05952750 0.12397391
v 0.00158927 -0.06051259 0.12515911
v 0.00158927 -0.05951183 0.12515911
v 0.00250406 -0.05954336 0.12277440
v 0.00065631 -0.05959238 0.12277440
v 0.00250406 -0.06054452 0.12277440
v 0.00065631 -0.06059272 0.12277440
v 0.00065631 -0.06059272 0.12277440
v 0.00065631 -0.05959238 0.12277440
v 0.00158927 -0.06051259 0.12515911
v 0.00112558 -0.05955186 0.12397391
v 0.00158927 -0.05951183 0.12515911
v 0.00247666 -0.05943187 0.12678870
v 0.00247666 -0.06043324 0.12678870
v 0.00483970 -0.05942443 0.12114480
v 0.00517518 -0.06042727 0.12034350
v 0.00496672 -0.05942403 0.12084141
v 0.00517518 -0.05942337 0.12034350
v 0.00343702 -0.06055101 0.12034350
v 0.00343702 -0.05954919 0.12034350
v 0.00517518 -0.06042727 0.12034350
v 0.00484098 -0.05945153 0.12034350
v 0.00517518 -0.05942337 0.12034350
v -0.00000966 -0.06063489 0.12104671
v -0.00001214 -0.06054139 0.12488811
v -0.00028588 -0.06064599 0.12034350
v -0.00196002 -0.06060063 0.12034350
v 0.00297992 -0.06055119 0.12153141
v 0.00343702 -0.06055101 0.12034350
v 0.00517518 -0.06042727 0.12034350
v 0.00250406 -0.06054452 0.12277440
v 0.00065631 -0.06059272 0.12277440
v 0.00018075 -0.06062420 0.12153141
v -0.00000966 -0.06063489 0.12104671
v 0.00158927 -0.06051259 0.12515911
v 0.00080252 -0.06047864 0.12678870
v -0.00001214 -0.06054139 0.12488811
v 0.00247666 -0.06043324 0.12678870
v 0.01002914 -0.05968682 0.12549991
v 0.01002914 -0.05867212 0.12549991
v 0.01341375 -0.05901840 0.12549991
v 0.01184945 -0.05833174 0.12549991
v 0.01341375 -0.05799201 0.12549991
v 0.01002914 -0.05972334 0.12422001
v 0.01002914 -0.05870873 0.12422001
v 0.01002914 -0.05968682 0.12549991
v 0.01002914 -0.05867212 0.12549991
v 0.01002914 -0.05870873 0.12422001
v 0.01002914 -0.05972334 0.12422001
v 0.01185663 -0.05836710 0.12422001
v 0.01308440 -0.05912917 0.12422001
v 0.01308440 -0.05810419 0.12422001
v 0.01308440 -0.05916291 0.12293091
v 0.01308440 -0.05813803 0.12293091
v 0.01308440 -0.05912917 0.12422001
v 0.01308440 -0.05810419 0.12422001
v 0.01002914 -0.05975674 0.12293091
v 0.01002914 -0.05874223 0.12293091
v 0.01308440 -0.05916291 0.12293091
v 0.01186320 -0.05839945 0.12293091
v 0.01308440 -0.05813803 0.12293091
v 0.01002914 -0.05978694 0.12163270
v 0.01002914 -0.05877249 0.12163270
v 0.01002914 -0.05975674 0.12293091
v 0.01002914 -0.05874223 0.12293091
v 0.01002914 -0.05877249 0.12163270
v 0.01002914 -0.05978694 0.12163270
v 0.01186914 -0.05842870 0.12163270
v 0.01351440 -0.05909673 0.12163270
v 0.01351440 -0.05807022 0.12163270
v 0.01351440 -0.05807022 0.12163270
v 0.01351440 -0.05909673 0.12163270
v 0.01351440 -0.05808676 0.12084141
v 0.01351440 -0.05912360 0.12034350
v 0.01351440 -0.05809716 0.12034350
v 0.00840085 -0.06006383 0.12034350
v 0.00840085 -0.05905375 0.12034350
v 0.01351440 -0.05912360 0.12034350
v 0.01187437 -0.05845442 0.12034350
v 0.01351440 -0.05809716 0.12034350
v 0.01341375 -0.05901840 0.12549991
v 0.01341375 -0.05799201 0.12549991
v 0.01341375 -0.05897781 0.12678870
v 0.01341375 -0.05795130 0.12678870
v 0.00840085 -0.05905375 0.12034350
v 0.00840085 -0.06006383 0.12034350
v 0.00840085 -0.05904089 0.12084141
v 0.00840085 -0.05989771 0.12678870
v 0.00840085 -0.05888724 0.12678870
v 0.00840085 -0.05888724 0.12678870
v 0.00840085 -0.05989771 0.12678870
v 0.01184155 -0.05829287 0.12678870
v 0.01341375 -0.05897781 0.12678870
v 0.01341375 -0.05795130 0.12678870
v 0.01351440 -0.05912360 0.12034350
v 0.01351440 -0.05909673 0.12163270
v 0.00840085 -0.06006383 0.12034350
v 0.01002914 -0.05978694 0.12163270
v 0.01308440 -0.05916291 0.12293091
v 0.01308440 -0.05912917 0.12422001
v 0.01002914 -0.05975674 0.12293091
v 0.01002914 -0.05972334 0.12422001
v 0.01341375 -0.05901840 0.12549991
v 0.01341375 -0.05897781 0.12678870
v 0.01002914 -0.05968682 0.12549991
v 0.00840085 -0.05989771 0.12678870
v 0.02289101 -0.05616262 0.12034350
v 0.02289101 -0.05508104 0.12034350
v 0.02451930 -0.05547109 0.12034350
v 0.02451930 -0.05437576 0.12034350
v 0.02451930 -0.05419489 0.12678870
v 0.02451930 -0.05529118 0.12678870
v 0.02451930 -0.05436179 0.12084141
v 0.02451930 -0.05547109 0.12034350
v 0.02451930 -0.05437576 0.12034350
v 0.02289101 -0.05508104 0.12034350
v 0.02289101 -0.05616262 0.12034350
v 0.02289101 -0.05506725 0.12084141
v 0.02289101 -0.05598492 0.12678870
v 0.02289101 -0.05490248 0.12678870
v 0.02451930 -0.05529118 0.12678870
v 0.02451930 -0.05419489 0.12678870
v 0.02289101 -0.05598492 0.12678870
v 0.02289101 -0.05490248 0.12678870
v 0.02451930 -0.05547109 0.12034350
v 0.02451930 -0.05529118 0.12678870
v 0.02289101 -0.05616262 0.12034350
v 0.02289101 -0.05598492 0.12678870
v 0.02997142 -0.05157163 0.12034350
v 0.02997142 -0.05272525 0.12034350
v 0.02963864 -0.05174563 0.12084151
v 0.02827911 -0.05359016 0.12287571
v 0.02827911 -0.05245648 0.12287571
v 0.02742835 -0.05405520 0.12192731
v 0.02742835 -0.05293113 0.12192731
v 0.02827911 -0.05359016 0.12287571
v 0.02827911 -0.05245648 0.12287571
v 0.02742835 -0.05293113 0.12192731
v 0.02742835 -0.05405520 0.12192731
v 0.02742835 -0.05295638 0.12084141
v 0.02742835 -0.05409181 0.12034350
v 0.02742835 -0.05296796 0.12034350
v 0.02580006 -0.05488712 0.12034350
v 0.02580006 -0.05377989 0.12034350
v 0.02742835 -0.05409181 0.12034350
v 0.02742835 -0.05296796 0.12034350
v 0.02580006 -0.05377989 0.12034350
v 0.02580006 -0.05488712 0.12034350
v 0.02580006 -0.05376576 0.12084141
v 0.02580006 -0.05470527 0.12678870
v 0.02580006 -0.05359700 0.12678870
v 0.02742835 -0.05390730 0.12678870
v 0.02742835 -0.05278226 0.12678870
v 0.02580006 -0.05470527 0.12678870
v 0.02580006 -0.05359700 0.12678870
v 0.02742835 -0.05399871 0.12399881
v 0.02742835 -0.05287426 0.12399881
v 0.02742835 -0.05390730 0.12678870
v 0.02742835 -0.05278226 0.12678870
v 0.02988000 -0.05258798 0.12678870
v 0.02988000 -0.05143410 0.12678870
v 0.02742835 -0.05399871 0.12399881
v 0.02742835 -0.05287426 0.12399881
v 0.02988000 -0.05143410 0.12678870
v 0.02988000 -0.05258798 0.12678870
v 0.03149106 -0.05046379 0.12678870
v 0.03176438 -0.05147169 0.12678870
v 0.03176438 -0.05029220 0.12678870
v 0.02997142 -0.05272525 0.12034350
v 0.02997142 -0.05157163 0.12034350
v 0.03191982 -0.05156902 0.12034350
v 0.03157833 -0.05060365 0.12034350
v 0.03191982 -0.05038894 0.12034350
v 0.03176438 -0.05029220 0.12678870
v 0.03176438 -0.05147169 0.12678870
v 0.03149207 -0.05046577 0.12648301
v 0.02938598 -0.05295520 0.12411870
v 0.02938598 -0.05180817 0.12411870
v 0.02938598 -0.05180817 0.12411870
v 0.02938598 -0.05295520 0.12411870
v 0.03156800 -0.05058599 0.12086770
v 0.03191982 -0.05156902 0.12034350
v 0.03158560 -0.05057613 0.12084151
v 0.03191982 -0.05038894 0.12034350
v 0.02742835 -0.05399871 0.12399881
v 0.02742835 -0.05390730 0.12678870
v 0.02580006 -0.05470527 0.12678870
v 0.02938598 -0.05295520 0.12411870
v 0.03176438 -0.05147169 0.12678870
v 0.02988000 -0.05258798 0.12678870
v 0.02580006 -0.05488712 0.12034350
v 0.02742835 -0.05409181 0.12034350
v 0.02742835 -0.05405520 0.12192731
v 0.02827911 -0.05359016 0.12287571
v 0.02997142 -0.05272525 0.12034350
v 0.03191982 -0.05156902 0.12034350
v 0.03688745 -0.04684406 0.12153141
v 0.03688745 -0.04811073 0.12153141
v 0.03408828 -0.04891870 0.12153141
v 0.03559516 -0.04907454 0.12153141
v 0.03408828 -0.05013298 0.12153141
v 0.03408828 -0.04891870 0.12153141
v 0.03408828 -0.05013298 0.12153141
v 0.03381724 -0.04912259 0.12084141
v 0.03362165 -0.05047596 0.12034350
v 0.03362165 -0.04926971 0.12034350
v 0.03194751 -0.05155186 0.12034350
v 0.03194751 -0.05037138 0.12034350
v 0.03362165 -0.05047596 0.12034350
v 0.03362165 -0.04926971 0.12034350
v 0.03471005 -0.04953304 0.12678870
v 0.03471005 -0.04830626 0.12678870
v 0.03194751 -0.05155186 0.12034350
v 0.03216093 -0.05021185 0.12084151
v 0.03194751 -0.05037138 0.12034350
v 0.03638419 -0.04831667 0.12678870
v 0.03638419 -0.04705819 0.12678870
v 0.03551267 -0.04896082 0.12678870
v 0.03471005 -0.04830626 0.12678870
v 0.03471005 -0.04953304 0.12678870
v 0.03734455 -0.04651134 0.12034350
v 0.03734455 -0.04778727 0.12034350
v 0.03715296 -0.04665080 0.12084141
v 0.03688745 -0.04811073 0.12153141
v 0.03688745 -0.04684406 0.12153141
v 0.03595145 -0.04748789 0.12397391
v 0.03641159 -0.04717921 0.12277440
v 0.03641159 -0.04843662 0.12277440
v 0.03549679 -0.04779290 0.12515911
v 0.03554336 -0.04900304 0.12503770
v 0.03549679 -0.04903343 0.12515911
v 0.03641159 -0.04843662 0.12277440
v 0.03641159 -0.04717921 0.12277440
v 0.03557861 -0.04905172 0.12277440
v 0.03456384 -0.04854918 0.12277440
v 0.03456384 -0.04977198 0.12277440
v 0.03456384 -0.04977198 0.12277440
v 0.03456384 -0.04854918 0.12277440
v 0.03549679 -0.04903343 0.12515911
v 0.03503312 -0.04816876 0.12397391
v 0.03549679 -0.04779290 0.12515911
v 0.03908271 -0.04637650 0.12034350
v 0.03908271 -0.04506064 0.12034350
v 0.03887424 -0.04521496 0.12084151
v 0.03638419 -0.04831667 0.12678870
v 0.03728991 -0.04638773 0.12462551
v 0.03638419 -0.04705819 0.12678870
v 0.03908271 -0.04506064 0.12034350
v 0.03908271 -0.04637650 0.12034350
v 0.03737026 -0.04649068 0.12034350
v 0.03734455 -0.04778727 0.12034350
v 0.03734455 -0.04651134 0.12034350
v 0.03194751 -0.05155186 0.12034350
v 0.03362165 -0.05047596 0.12034350
v 0.03408828 -0.05013298 0.12153141
v 0.03554336 -0.04900304 0.12503770
v 0.03641159 -0.04843662 0.12277440
v 0.03908271 -0.04637650 0.12034350
v 0.03638419 -0.04831667 0.12678870
v 0.03551267 -0.04896082 0.12678870
v 0.03549679 -0.04903343 0.12515911
v 0.03471005 -0.04953304 0.12678870
v 0.03456384 -0.04977198 0.12277440
v 0.03734455 -0.04778727 0.12034350
v 0.03688745 -0.04811073 0.12153141
v 0.03559516 -0.04907454 0.12153141
v 0.03557861 -0.04905172 0.12277440
v 0.02016480 -0.05719807 0.12034350
v 0.02016480 -0.05613644 0.12034350
v 0.02160101 -0.05667128 0.12034350
v 0.02160101 -0.05559961 0.12034350
v 0.02016480 -0.05613644 0.12034350
v 0.02016480 -0.05719807 0.12034350
v 0.02016371 -0.05612452 0.12084141
v 0.02015557 -0.05709802 0.12453290
v 0.02015557 -0.05603603 0.12453290
v 0.02015557 -0.05603603 0.12453290
v 0.02015557 -0.05709802 0.12453290
v 0.01873272 -0.05660877 0.12125030
v 0.01861901 -0.05770644 0.12098800
v 0.01861901 -0.05665454 0.12098800
v 0.01755771 -0.05803816 0.12098800
v 0.01755771 -0.05699238 0.12098800
v 0.01814349 -0.05785772 0.12098800
v 0.01861901 -0.05665454 0.12098800
v 0.01861901 -0.05770644 0.12098800
v 0.01602114 -0.05839310 0.12453290
v 0.01602114 -0.05735509 0.12453290
v 0.01755771 -0.05803816 0.12098800
v 0.01755771 -0.05699238 0.12098800
v 0.01602114 -0.05735509 0.12453290
v 0.01602114 -0.05839310 0.12453290
v 0.01602114 -0.05744440 0.12084141
v 0.01602114 -0.05849411 0.12034350
v 0.01602114 -0.05745644 0.12034350
v 0.01456647 -0.05887322 0.12034350
v 0.01456647 -0.05784235 0.12034350
v 0.01602114 -0.05849411 0.12034350
v 0.01602114 -0.05745644 0.12034350
v 0.01456647 -0.05784235 0.12034350
v 0.01456647 -0.05887322 0.12034350
v 0.01456647 -0.05782921 0.12084141
v 0.01456647 -0.05870343 0.12679800
v 0.01456647 -0.05767204 0.12679800
v 0.01635019 -0.05823183 0.12679800
v 0.01635019 -0.05719193 0.12679800
v 0.01456647 -0.05870343 0.12679800
v 0.01456647 -0.05767204 0.12679800
v 0.01808836 -0.05782890 0.12295840
v 0.01808836 -0.05677995 0.12295840
v 0.01635019 -0.05823183 0.12679800
v 0.01635019 -0.05719193 0.12679800
v 0.02160101 -0.05542241 0.12679800
v 0.02160101 -0.05649487 0.12679800
v 0.02160101 -0.05558594 0.12084141
v 0.02160101 -0.05667128 0.12034350
v 0.02160101 -0.05559961 0.12034350
v 0.01808836 -0.05677995 0.12295840
v 0.01808836 -0.05782890 0.12295840
v 0.01812930 -0.05781272 0.12304890
v 0.01982652 -0.05714178 0.12679800
v 0.01982652 -0.05608168 0.12679800
v 0.01870652 -0.05653162 0.12432390
v 0.02160101 -0.05649487 0.12679800
v 0.02160101 -0.05542241 0.12679800
v 0.01982652 -0.05714178 0.12679800
v 0.01982652 -0.05608168 0.12679800
v 0.02015557 -0.05709802 0.12453290
v 0.01982652 -0.05714178 0.12679800
v 0.01812930 -0.05781272 0.12304890
v 0.02016480 -0.05719807 0.12034350
v 0.02160101 -0.05667128 0.12034350
v 0.02160101 -0.05649487 0.12679800
v 0.01456647 -0.05887322 0.12034350
v 0.01602114 -0.05849411 0.12034350
v 0.01456647 -0.05870343 0.12679800
v 0.01602114 -0.05839310 0.12453290
v 0.01635019 -0.05823183 0.12679800
v 0.01755771 -0.05803816 0.12098800
v 0.01814349 -0.05785772 0.12098800
v 0.01808836 -0.05782890 0.12295840
v 0.01861901 -0.05770644 0.12098800
v 0.06057950 -0.00329643 0.10317161
v 0.06031671 -0.00631509 0.10418171
v 0.06025885 -0.00630834 0.09932547
v 0.06018419 -0.00783736 0.10469111
v 0.05927458 -0.01254782 0.09932547
v 0.06027324 -0.00727137 0.10617490
v 0.06040122 -0.00632325 0.10896601
v 0.05972852 -0.01093663 0.10740130
v 0.05941463 -0.01257746 0.10896601
v 0.05944681 -0.01216291 0.10373651
v 0.06068947 -0.00000146 0.10671760
v 0.06056651 0.00278027 0.10113810
v 0.06025891 0.00630775 0.09932547
v 0.06057132 0.00115126 0.09932550
v 0.06059671 0.00154686 0.10050811
v 0.06058815 -0.00000030 0.09932547
v 0.06061457 0.00000003 0.10206850
v 0.06033943 0.00355228 0.12799541
v 0.06041314 0.00160170 0.12827050
v 0.06060014 0.00100109 0.12225641
v 0.06066588 0.00217967 0.11662401
v 0.06065265 0.00111639 0.11875621
v 0.06067608 -0.00000030 0.11875611
v 0.06064020 0.00011508 0.12076410
v 0.06044536 0.00425557 0.12282841
v 0.06034873 0.00628608 0.11875611
v 0.06034636 0.00631690 0.11875611
v 0.06034726 0.00631700 0.11869411
v 0.05936073 0.01256544 0.11875611
v 0.06034734 0.00631701 0.11868670
v 0.06012133 0.00849424 0.11528480
v 0.06034711 0.00631995 0.11868821
v 0.05942777 0.01249977 0.11394471
v 0.06024794 0.00763306 0.11368801
v 0.06036856 0.00663355 0.11318970
v 0.05941476 0.01257688 0.10896601
v 0.06040129 0.00632265 0.10896601
v 0.05927471 0.01254723 0.09932547
v 0.06018944 0.00439340 0.09211319
v 0.06003801 0.00628482 0.09271901
v 0.06034820 0.00398588 0.09561641
v 0.06053662 0.00213658 0.09932541
v 0.06062791 0.00125416 0.10164881
v 0.06032184 0.00089308 0.09160502
v 0.06026037 0.00291637 0.09183873
v 0.06051802 0.00032082 0.09684288
v 0.06024713 0.00335230 0.09188907
v 0.06031735 -0.00000024 0.09162308
v 0.06007234 -0.00597130 0.09257798
v 0.06022703 -0.00370656 0.09197110
v 0.06023687 -0.00356252 0.09193249
v 0.06030930 -0.00160183 0.09165545
v 0.05929863 -0.01195303 0.09600988
v 0.05938276 -0.01146281 0.09559559
v 0.05969319 -0.00940245 0.09416771
v 0.05984909 -0.00809577 0.09350477
v 0.05995778 -0.00718473 0.09304258
v 0.06004265 -0.00628574 0.09269836
v 0.05858979 -0.01550607 0.10009630
v 0.05871231 -0.01493653 0.09932541
v 0.05876982 -0.01466920 0.09896357
v 0.05891458 -0.01399628 0.09805269
v 0.05919382 -0.01253087 0.09655165
v 0.05925061 -0.01223284 0.09624637
v 0.05794906 -0.01812548 0.10704680
v 0.05796142 -0.01807627 0.10661941
v 0.05801869 -0.01785413 0.10558420
v 0.05821225 -0.01709176 0.10319710
v 0.05825721 -0.01690580 0.10280810
v 0.05847307 -0.01601301 0.10094060
v 0.06035839 -0.00631861 0.10544820
v 0.06047992 -0.00525907 0.10597651
v 0.05829144 -0.01692531 0.11713720
v 0.05816877 -0.01738976 0.11592200
v 0.05800288 -0.01799116 0.11367251
v 0.05799130 -0.01803314 0.11351541
v 0.05791098 -0.01830831 0.11156460
v 0.05789041 -0.01835893 0.10907410
v 0.05789354 -0.01834648 0.10896601
v 0.05903512 -0.01372712 0.12218390
v 0.05898767 -0.01395144 0.12191810
v 0.05936061 -0.01256603 0.11875611
v 0.05889783 -0.01437610 0.12141491
v 0.05857210 -0.01580212 0.11935431
v 0.05849638 -0.01610515 0.11875611
v 0.05840842 -0.01645717 0.11806131
v 0.06005041 -0.00715587 0.12686800
v 0.05983199 -0.00902921 0.12597140
v 0.06034630 -0.00631750 0.11875611
v 0.05971292 -0.00987972 0.12546010
v 0.05953120 -0.01100059 0.12463071
v 0.05938186 -0.01192173 0.12394910
v 0.05926208 -0.01254538 0.12333931
v 0.06036670 -0.00569943 0.12102031
v 0.06056859 -0.00317314 0.12017501
v 0.06059257 -0.00000019 0.12175711
v 0.06036305 -0.00291659 0.12808730
v 0.06034962 -0.00334881 0.12803741
v 0.06056914 -0.00152521 0.12310141
v 0.06029075 -0.00438629 0.12781441
v 0.06013418 -0.00629547 0.12720380
v 0.06009497 -0.00677367 0.12705091
v 0.06058785 -0.00000013 0.12259131
v 0.06042142 -0.00000036 0.12830291
v 0.06042602 -0.00089144 0.12832091
v 0.05937522 0.01195272 0.12391611
v 0.05946267 0.01145770 0.12433420
v 0.05978160 0.00939805 0.12576070
v 0.05994111 0.00809537 0.12642121
v 0.06005303 0.00718133 0.12688460
v 0.06013876 0.00629519 0.12722351
v 0.06017120 0.00595986 0.12735171
v 0.06032870 0.00370584 0.12795431
v 0.05864294 0.01550453 0.11983181
v 0.05882907 0.01466923 0.12096210
v 0.05852157 0.01601132 0.11898800
v 0.05897947 0.01399434 0.12187530
v 0.05926430 0.01254515 0.12335930
v 0.05932610 0.01223080 0.12368120
v 0.05790083 0.01832046 0.10896601
v 0.05789509 0.01835879 0.11085241
v 0.05796436 0.01812535 0.11287900
v 0.05797898 0.01807604 0.11330720
v 0.05804185 0.01785341 0.11434421
v 0.05824828 0.01709058 0.11673150
v 0.05829506 0.01690590 0.11711761
v 0.05849348 0.01612223 0.11875611
v 0.05836541 0.01645716 0.10186520
v 0.05825138 0.01693395 0.10280931
v 0.05813572 0.01739640 0.10402370
v 0.05798375 0.01799004 0.10625441
v 0.05797173 0.01803698 0.10643081
v 0.05790266 0.01830818 0.10836130
v 0.05930296 0.01193428 0.09598746
v 0.05919190 0.01252997 0.09657094
v 0.05896669 0.01373791 0.09775412
v 0.05892285 0.01395192 0.09800827
v 0.05883304 0.01439032 0.09852887
v 0.05871186 0.01494010 0.09932541
v 0.05851930 0.01581364 0.10059101
v 0.05999823 0.00678173 0.09287819
v 0.05995570 0.00715577 0.09305742
v 0.05974175 0.00903774 0.09395922
v 0.05962503 0.00989337 0.09447448
v 0.05945037 0.01100015 0.09529496
v 0.06039142 0.00632194 0.11303431
v 0.06069884 0.00213154 0.11094500
v 0.06073130 -0.00000030 0.10896601
v 0.06069139 -0.00000015 0.10988221
v 0.06068496 -0.00183793 0.10896590
v 0.06072266 -0.00075218 0.10822330
v 0.06068304 -0.00238684 0.10869220
v 0.06068401 -0.00229524 0.10896601
v 0.06070822 -0.00000031 0.11582451
v 0.05993376 0.00982694 0.11261200
v 0.06036148 0.00631912 0.11412771
v 0.06064025 0.00309321 0.11520701
v 0.06070954 0.00012531 0.11620000
v 0.05934543 0.00398588 0.09561641
v 0.06034820 0.00398588 0.09561641
v 0.05947077 0.00276641 0.09806221
v 0.06053662 0.00213658 0.09932541
v 0.05959612 0.00154686 0.10050811
v 0.06059671 0.00154686 0.10050811
v 0.06034820 0.00398588 0.09561641
v 0.05934543 0.00398588 0.09561641
v 0.06051802 0.00032082 0.09684288
v 0.05951754 0.00032082 0.09684288
v 0.05842561 -0.01216291 0.10373651
v 0.05944681 -0.01216291 0.10373651
v 0.05905702 -0.00848692 0.10556891
v 0.06027324 -0.00727137 0.10617490
v 0.05926581 -0.00727137 0.10617490
v 0.05871158 -0.01093663 0.10740130
v 0.05972852 -0.01093663 0.10740130
v 0.05856859 -0.01154977 0.10556891
v 0.05944681 -0.01216291 0.10373651
v 0.05842561 -0.01216291 0.10373651
v 0.05964000 0.00011508 0.12076410
v 0.06064020 0.00011508 0.12076410
v 0.05964631 0.00063270 0.11972610
v 0.06065265 0.00111639 0.11875621
v 0.05966516 0.00217967 0.11662401
v 0.06066588 0.00217967 0.11662401
v 0.06064020 0.00011508 0.12076410
v 0.05964000 0.00011508 0.12076410
v 0.06044536 0.00425557 0.12282841
v 0.05944255 0.00425557 0.12282841
v 0.05906520 -0.00598643 0.09258316
v 0.05922445 -0.00370683 0.09197008
v 0.06022703 -0.00370656 0.09197110
v 0.06023687 -0.00356252 0.09193249
v 0.05930805 -0.00160183 0.09165545
v 0.06030930 -0.00160183 0.09165545
v 0.05923508 -0.00353354 0.09192932
v 0.05923335 -0.00357938 0.09193581
v 0.06007234 -0.00597130 0.09257798
v 0.06004265 -0.00628574 0.09269836
v 0.05894779 -0.00720327 0.09305047
v 0.05995778 -0.00718473 0.09304258
v 0.05883898 -0.00809586 0.09350451
v 0.05984909 -0.00809577 0.09350477
v 0.05867768 -0.00941901 0.09417759
v 0.05969319 -0.00940245 0.09416771
v 0.05850059 -0.01056986 0.09497692
v 0.05938276 -0.01146281 0.09559559
v 0.05836097 -0.01147724 0.09560712
v 0.05827761 -0.01195299 0.09600992
v 0.05929863 -0.01195303 0.09600988
v 0.05822673 -0.01224336 0.09625577
v 0.05925061 -0.01223284 0.09624637
v 0.05919382 -0.01253087 0.09655165
v 0.05788396 -0.01400544 0.09806346
v 0.05891458 -0.01399628 0.09805269
v 0.05773816 -0.01466928 0.09896348
v 0.05801869 -0.01785413 0.10558420
v 0.05697111 -0.01785566 0.10559050
v 0.05705821 -0.01751969 0.10453711
v 0.05821225 -0.01709176 0.10319710
v 0.05876982 -0.01466920 0.09896357
v 0.05871231 -0.01493653 0.09932541
v 0.05755272 -0.01551360 0.10010820
v 0.05858979 -0.01550607 0.10009630
v 0.05743439 -0.01601706 0.10094780
v 0.05847307 -0.01601301 0.10094060
v 0.05721509 -0.01690550 0.10280820
v 0.05825721 -0.01690580 0.10280810
v 0.05716843 -0.01709452 0.10320411
v 0.05711754 -0.01729082 0.10381951
v 0.05691286 -0.01807687 0.10662271
v 0.05796142 -0.01807627 0.10661941
v 0.05690033 -0.01812564 0.10704670
v 0.05791098 -0.01830831 0.11156460
v 0.05686132 -0.01830831 0.11156460
v 0.05789041 -0.01835893 0.10907410
v 0.05684041 -0.01835901 0.10907570
v 0.05789354 -0.01834648 0.10896601
v 0.05794906 -0.01812548 0.10704680
v 0.05694412 -0.01803000 0.11353141
v 0.05799130 -0.01803314 0.11351541
v 0.05695477 -0.01799211 0.11367270
v 0.05800288 -0.01799116 0.11367251
v 0.05708531 -0.01752793 0.11540301
v 0.05816877 -0.01738976 0.11592200
v 0.05712553 -0.01738491 0.11593610
v 0.05725127 -0.01691796 0.11715451
v 0.05829144 -0.01692531 0.11713720
v 0.05736857 -0.01645742 0.11806141
v 0.05840842 -0.01645717 0.11806131
v 0.05849638 -0.01610515 0.11875611
v 0.05753781 -0.01579294 0.11936970
v 0.05857210 -0.01580212 0.11935431
v 0.05777538 -0.01477232 0.12084151
v 0.05889783 -0.01437610 0.12141491
v 0.05787009 -0.01436540 0.12142830
v 0.05795932 -0.01395140 0.12191801
v 0.05898767 -0.01395144 0.12191810
v 0.05800949 -0.01371867 0.12219330
v 0.05903512 -0.01372712 0.12218390
v 0.05836296 -0.01191203 0.12395730
v 0.05926208 -0.01254538 0.12333931
v 0.05938186 -0.01192173 0.12394910
v 0.05851342 -0.01100067 0.12463071
v 0.05953120 -0.01100059 0.12463071
v 0.05858213 -0.01058448 0.12493831
v 0.05971292 -0.00987972 0.12546010
v 0.05870024 -0.00986912 0.12546680
v 0.05908863 -0.00676740 0.12705330
v 0.06013418 -0.00629547 0.12720380
v 0.05928785 -0.00438070 0.12781581
v 0.06029075 -0.00438629 0.12781441
v 0.05933642 -0.00353957 0.12799641
v 0.06034962 -0.00334881 0.12803741
v 0.05934760 -0.00334598 0.12803791
v 0.05882090 -0.00902264 0.12597510
v 0.05983199 -0.00902921 0.12597140
v 0.05904253 -0.00715575 0.12686770
v 0.06005041 -0.00715587 0.12686800
v 0.06009497 -0.00677367 0.12705091
v 0.06041314 0.00160170 0.12827050
v 0.05941217 0.00160170 0.12827050
v 0.06042142 -0.00000036 0.12830291
v 0.05942532 -0.00089004 0.12832101
v 0.05936119 -0.00291660 0.12808741
v 0.06036305 -0.00291659 0.12808730
v 0.06042602 -0.00089144 0.12832091
v 0.05685297 0.01830818 0.10836130
v 0.05790266 0.01830818 0.10836130
v 0.05692434 0.01803394 0.10641520
v 0.05797173 0.01803698 0.10643081
v 0.05693558 0.01799095 0.10625421
v 0.05798375 0.01799004 0.10625441
v 0.05705873 0.01751979 0.10448961
v 0.05813572 0.01739640 0.10402370
v 0.05709222 0.01739171 0.10400991
v 0.05711077 0.01731900 0.10381951
v 0.05825138 0.01693395 0.10280931
v 0.05721090 0.01692678 0.10279240
v 0.05732542 0.01645737 0.10186520
v 0.05836541 0.01645716 0.10186520
v 0.05748465 0.01580469 0.10057600
v 0.05851930 0.01581364 0.10059101
v 0.05780490 0.01437991 0.09851581
v 0.05871186 0.01494010 0.09932541
v 0.05883304 0.01439032 0.09852887
v 0.05789430 0.01395187 0.09800831
v 0.05892285 0.01395192 0.09800827
v 0.05794071 0.01372966 0.09774485
v 0.05896669 0.01373791 0.09775412
v 0.05828370 0.01192480 0.09597937
v 0.05919190 0.01252997 0.09657094
v 0.05930296 0.01193428 0.09598746
v 0.05843235 0.01100022 0.09529491
v 0.05945037 0.01100015 0.09529496
v 0.05850152 0.01056995 0.09497639
v 0.05962503 0.00989337 0.09447448
v 0.05861197 0.00988300 0.09446785
v 0.05899158 0.00677561 0.09287574
v 0.06003801 0.00628482 0.09271901
v 0.05918624 0.00438794 0.09211184
v 0.06018944 0.00439340 0.09211319
v 0.05923445 0.00353349 0.09192811
v 0.06024713 0.00335230 0.09188907
v 0.05924483 0.00334953 0.09188856
v 0.05873034 0.00903133 0.09395559
v 0.05974175 0.00903774 0.09395922
v 0.05894757 0.00715565 0.09305768
v 0.05995570 0.00715577 0.09305742
v 0.05999823 0.00678173 0.09287819
v 0.06031735 -0.00000024 0.09162308
v 0.05932085 0.00089172 0.09160496
v 0.05925822 0.00291638 0.09183858
v 0.06026037 0.00291637 0.09183873
v 0.06032184 0.00089308 0.09160502
v 0.06056859 -0.00317314 0.12017501
v 0.05956702 -0.00317314 0.12017501
v 0.06036670 -0.00569943 0.12102031
v 0.05936196 -0.00569943 0.12102031
v 0.05956851 -0.00152521 0.12310141
v 0.06056914 -0.00152521 0.12310141
v 0.05942330 -0.00445997 0.12163830
v 0.06036670 -0.00569943 0.12102031
v 0.05936196 -0.00569943 0.12102031
v 0.05956521 0.00278027 0.10113810
v 0.06056651 0.00278027 0.10113810
v 0.05964388 0.00101410 0.10468061
v 0.06068947 -0.00000146 0.10671760
v 0.05972256 -0.00075218 0.10822330
v 0.06072266 -0.00075218 0.10822330
v 0.06056651 0.00278027 0.10113810
v 0.05956521 0.00278027 0.10113810
v 0.06062791 0.00125416 0.10164881
v 0.05962952 0.00117916 0.10167390
v 0.06061457 0.00000003 0.10206850
v 0.06057950 -0.00329643 0.10317161
v 0.05917551 -0.00783736 0.10469111
v 0.06018419 -0.00783736 0.10469111
v 0.05917825 -0.00780655 0.10468081
v 0.06031671 -0.00631509 0.10418171
v 0.05957597 -0.00333405 0.10318420
v 0.05958545 -0.00253569 0.10291700
v 0.06070954 0.00012531 0.11620000
v 0.05970948 0.00012531 0.11620000
v 0.05964907 0.00263163 0.11536140
v 0.06064025 0.00309321 0.11520701
v 0.05963703 0.00313095 0.11519440
v 0.06036148 0.00631912 0.11412771
v 0.05923980 0.00763306 0.11368801
v 0.06024794 0.00763306 0.11368801
v 0.05968225 -0.00238684 0.10869220
v 0.06068304 -0.00238684 0.10869220
v 0.06068496 -0.00183793 0.10896590
v 0.05969949 0.00209522 0.11092691
v 0.06069139 -0.00000015 0.10988221
v 0.06069884 0.00213154 0.11094500
v 0.06024794 0.00763306 0.11368801
v 0.05923980 0.00763306 0.11368801
v 0.06036856 0.00663355 0.11318970
v 0.05937069 0.00656065 0.11315330
v 0.06039142 0.00632194 0.11303431
v 0.05947514 0.00514211 0.11244610
v 0.05966001 0.00263140 0.11119430
v 0.05840549 0.01249977 0.11394471
v 0.05942777 0.01249977 0.11394471
v 0.05840743 0.01248877 0.11394841
v 0.06012133 0.00849424 0.11528480
v 0.05911120 0.00849424 0.11528480
v 0.05942777 0.01249977 0.11394471
v 0.05840549 0.01249977 0.11394471
v 0.05993376 0.00982694 0.11261200
v 0.05892018 0.00982694 0.11261200
v 0.05911120 0.00849424 0.11528480
v 0.06012133 0.00849424 0.11528480
v 0.05901568 0.00916059 0.11394841
v 0.05993376 0.00982694 0.11261200
v 0.05892018 0.00982694 0.11261200
v 0.06068304 -0.00238684 0.10869220
v 0.05968225 -0.00238684 0.10869220
v 0.06068401 -0.00229524 0.10896601
v 0.05969586 -0.00113080 0.11244600
v 0.06070822 -0.00000031 0.11582451
v 0.05970948 0.00012531 0.11620000
v 0.06070954 0.00012531 0.11620000
v 0.06018419 -0.00783736 0.10469111
v 0.05917551 -0.00783736 0.10469111
v 0.06035839 -0.00631861 0.10544820
v 0.05947944 -0.00522257 0.10599470
v 0.06047992 -0.00525907 0.10597651
v 0.06072266 -0.00075218 0.10822330
v 0.05962554 -0.00253613 0.10733400
v 0.05972256 -0.00075218 0.10822330
v 0.06060014 0.00100109 0.12225641
v 0.05959973 0.00100109 0.12225641
v 0.06059257 -0.00000019 0.12175711
v 0.05959002 -0.00023832 0.12163840
v 0.06056859 -0.00317314 0.12017501
v 0.05956702 -0.00317314 0.12017501
v 0.06034711 0.00631995 0.11868821
v 0.05934143 0.00631995 0.11868821
v 0.06034734 0.00631701 0.11868670
v 0.05966516 0.00217967 0.11662401
v 0.06066588 0.00217967 0.11662401
v 0.05972852 -0.01093663 0.10740130
v 0.05871158 -0.01093663 0.10740130
v 0.06027324 -0.00727137 0.10617490
v 0.05926581 -0.00727137 0.10617490
v 0.06051802 0.00032082 0.09684288
v 0.05951754 0.00032082 0.09684288
v 0.05954368 0.00072874 0.09806237
v 0.06057132 0.00115126 0.09932550
v 0.05959612 0.00154686 0.10050811
v 0.06059671 0.00154686 0.10050811
v 0.06056914 -0.00152521 0.12310141
v 0.05956851 -0.00152521 0.12310141
v 0.06058785 -0.00000013 0.12259131
v 0.05959973 0.00100109 0.12225641
v 0.06060014 0.00100109 0.12225641
v 0.05916434 0.00597468 0.12734671
v 0.05932640 0.00370610 0.12795531
v 0.06032870 0.00370584 0.12795431
v 0.06033943 0.00355228 0.12799541
v 0.05933732 0.00353963 0.12799631
v 0.05933620 0.00356885 0.12799211
v 0.06017120 0.00595986 0.12735171
v 0.06013876 0.00629519 0.12722351
v 0.05904327 0.00719975 0.12687681
v 0.06005303 0.00718133 0.12688460
v 0.05893127 0.00809546 0.12642151
v 0.05994111 0.00809537 0.12642121
v 0.05876632 0.00941447 0.12575091
v 0.05978160 0.00939805 0.12576070
v 0.05858139 0.01058441 0.12493891
v 0.05946267 0.01145770 0.12433420
v 0.05844109 0.01147199 0.12432281
v 0.05835444 0.01195268 0.12391601
v 0.05937522 0.01195272 0.12391611
v 0.05830241 0.01224126 0.12367180
v 0.05932610 0.01223080 0.12368120
v 0.05926430 0.01254515 0.12335930
v 0.05794900 0.01400345 0.12186461
v 0.05897947 0.01399434 0.12187530
v 0.05779762 0.01466930 0.12096220
v 0.05882907 0.01466923 0.12096210
v 0.05777737 0.01475833 0.12084151
v 0.05864294 0.01550453 0.11983181
v 0.05760603 0.01551201 0.11982001
v 0.05748303 0.01601533 0.11898091
v 0.05852157 0.01601132 0.11898800
v 0.05849348 0.01612223 0.11875611
v 0.05725306 0.01690560 0.11711751
v 0.05829506 0.01690590 0.11711761
v 0.05720457 0.01709331 0.11672461
v 0.05824828 0.01709058 0.11673150
v 0.05708464 0.01752777 0.11536320
v 0.05804185 0.01785341 0.11434421
v 0.05699433 0.01785492 0.11433800
v 0.05693047 0.01807663 0.11330391
v 0.05797898 0.01807604 0.11330720
v 0.05691568 0.01812552 0.11287900
v 0.05796436 0.01812535 0.11287900
v 0.05684512 0.01835886 0.11085080
v 0.05790083 0.01832046 0.10896601
v 0.05789509 0.01835879 0.11085241
v 0.06044536 0.00425557 0.12282841
v 0.05944255 0.00425557 0.12282841
v 0.06034873 0.00628608 0.11875611
v 0.05936678 0.00580243 0.11972610
v 0.06034726 0.00631700 0.11869411
v 0.05934143 0.00631995 0.11868821
v 0.06034711 0.00631995 0.11868821
v 0.03999041 0.04559611 0.12034350
v 0.03834198 0.04699075 0.12034350
v 0.03999041 0.04537365 0.12686851
v 0.03834198 0.04692416 0.12274830
v 0.03518410 0.04924380 0.12556370
v 0.03518410 0.04919431 0.12686851
v 0.03834198 0.04682696 0.12556370
v 0.03834198 0.04688167 0.12405340
v 0.03543402 0.04911649 0.12405340
v 0.03543402 0.04915704 0.12274830
v 0.03834198 0.04558203 0.12405340
v 0.03834198 0.04552658 0.12556370
v 0.03834198 0.04688167 0.12405340
v 0.03834198 0.04682696 0.12556370
v 0.03543402 0.04911649 0.12405340
v 0.03543402 0.04787755 0.12405340
v 0.03834198 0.04688167 0.12405340
v 0.03731723 0.04642471 0.12405340
v 0.03834198 0.04558203 0.12405340
v 0.03518410 0.04800892 0.12556370
v 0.03518410 0.04924380 0.12556370
v 0.03729065 0.04639164 0.12556370
v 0.03834198 0.04682696 0.12556370
v 0.03834198 0.04552658 0.12556370
v 0.03543402 0.04791854 0.12274830
v 0.03543402 0.04787755 0.12405340
v 0.03543402 0.04915704 0.12274830
v 0.03543402 0.04911649 0.12405340
v 0.03543402 0.04791854 0.12274830
v 0.03543402 0.04915704 0.12274830
v 0.03733788 0.04645040 0.12274830
v 0.03834198 0.04692416 0.12274830
v 0.03834198 0.04562509 0.12274830
v 0.03834198 0.04562509 0.12274830
v 0.03834198 0.04692416 0.12274830
v 0.03834198 0.04567861 0.12084141
v 0.03834198 0.04699075 0.12034350
v 0.03834198 0.04569258 0.12034350
v 0.03999041 0.04425705 0.12034350
v 0.03834198 0.04569258 0.12034350
v 0.03999041 0.04559611 0.12034350
v 0.03834198 0.04699075 0.12034350
v 0.03999041 0.04425705 0.12034350
v 0.03999041 0.04559611 0.12034350
v 0.03999041 0.04423982 0.12084141
v 0.03999041 0.04537365 0.12686851
v 0.03999041 0.04403116 0.12686851
v 0.03999041 0.04403116 0.12686851
v 0.03999041 0.04537365 0.12686851
v 0.03726538 0.04636020 0.12686851
v 0.03518410 0.04919431 0.12686851
v 0.03518410 0.04795890 0.12686851
v 0.03518410 0.04800892 0.12556370
v 0.03518410 0.04795890 0.12686851
v 0.03518410 0.04924380 0.12556370
v 0.03518410 0.04919431 0.12686851
v 0.03439666 0.04995105 0.12034350
v 0.03274823 0.05104695 0.12034350
v 0.03439666 0.04974807 0.12686851
v 0.03274823 0.05100140 0.12218001
v 0.03274823 0.05096410 0.12348481
v 0.03149805 0.05178284 0.12218001
v 0.03048843 0.05242799 0.12034350
v 0.02861782 0.05347204 0.12034350
v 0.03145162 0.05181106 0.12218001
v 0.02997925 0.05266830 0.12249681
v 0.03274823 0.05089622 0.12556370
v 0.03149805 0.05163210 0.12686851
v 0.03149805 0.05167926 0.12556370
v 0.03120584 0.05185689 0.12553041
v 0.03086235 0.05201401 0.12679441
v 0.03108122 0.05193265 0.12551610
v 0.03046275 0.05225408 0.12674791
v 0.03099386 0.05198571 0.12549051
v 0.03091475 0.05203394 0.12545180
v 0.03025695 0.05237577 0.12668661
v 0.03074685 0.05213630 0.12536951
v 0.03011757 0.05245772 0.12661821
v 0.03072790 0.05214794 0.12535541
v 0.03069585 0.05216762 0.12533160
v 0.02966499 0.05272381 0.12639590
v 0.03058539 0.05223624 0.12521780
v 0.02965931 0.05272715 0.12639171
v 0.03055696 0.05225389 0.12518851
v 0.03042931 0.05233641 0.12494420
v 0.02907365 0.05307475 0.12574901
v 0.03048114 0.05230252 0.12505601
v 0.02923340 0.05297857 0.12599151
v 0.03051138 0.05228276 0.12512131
v 0.02931437 0.05293070 0.12607241
v 0.02956408 0.05278310 0.12632191
v 0.02880322 0.05325975 0.12459421
v 0.02885588 0.05321356 0.12514601
v 0.03039172 0.05236290 0.12480111
v 0.02888574 0.05319337 0.12526691
v 0.03040326 0.05235476 0.12484501
v 0.02890317 0.05318159 0.12533751
v 0.02906029 0.05308311 0.12571670
v 0.03036814 0.05238502 0.12453801
v 0.03036860 0.05238599 0.12449901
v 0.02883300 0.05325734 0.12415060
v 0.03038620 0.05238030 0.12435490
v 0.02885270 0.05325025 0.12403171
v 0.02885601 0.05324907 0.12401181
v 0.03040295 0.05237488 0.12421780
v 0.02900535 0.05318243 0.12351890
v 0.03042407 0.05236500 0.12414081
v 0.02900605 0.05318209 0.12351751
v 0.02914034 0.05311611 0.12325711
v 0.03043648 0.05235865 0.12411240
v 0.02926403 0.05305230 0.12309810
v 0.03050686 0.05232264 0.12395090
v 0.02941456 0.05297464 0.12290461
v 0.03052886 0.05231076 0.12391881
v 0.02955107 0.05290211 0.12277781
v 0.03058109 0.05228257 0.12384270
v 0.02957933 0.05288668 0.12275931
v 0.03066920 0.05223348 0.12375641
v 0.03071813 0.05220622 0.12370851
v 0.03076736 0.05217829 0.12367290
v 0.03084973 0.05213071 0.12363180
v 0.03098404 0.05205313 0.12356480
v 0.03107918 0.05199723 0.12353570
v 0.03109323 0.05198897 0.12353151
v 0.03149805 0.05174611 0.12348481
v 0.03149805 0.05051610 0.12556370
v 0.03120615 0.05069652 0.12552961
v 0.03149805 0.05167926 0.12556370
v 0.03120584 0.05185689 0.12553041
v 0.03107319 0.05077870 0.12551411
v 0.03097594 0.05083861 0.12548440
v 0.03108122 0.05193265 0.12551610
v 0.03091373 0.05087700 0.12545350
v 0.03099386 0.05198571 0.12549051
v 0.03091475 0.05203394 0.12545180
v 0.03075414 0.05097548 0.12537450
v 0.03074685 0.05213630 0.12536951
v 0.03072786 0.05099177 0.12535551
v 0.03072790 0.05214794 0.12535541
v 0.03070690 0.05100477 0.12534031
v 0.03069585 0.05216762 0.12533160
v 0.03058395 0.05108172 0.12521911
v 0.03058539 0.05223624 0.12521780
v 0.03057014 0.05109036 0.12520550
v 0.03052302 0.05112036 0.12513991
v 0.03055696 0.05225389 0.12518851
v 0.03048165 0.05114751 0.12505561
v 0.03051138 0.05228276 0.12512131
v 0.03048114 0.05230252 0.12505601
v 0.03043530 0.05117792 0.12496131
v 0.03040909 0.05119609 0.12487720
v 0.03042931 0.05233641 0.12494420
v 0.03040436 0.05119991 0.12484511
v 0.03036814 0.05123112 0.12453801
v 0.03036814 0.05238502 0.12453801
v 0.03036973 0.05122789 0.12460971
v 0.03039172 0.05236290 0.12480111
v 0.03040326 0.05235476 0.12484501
v 0.03036860 0.05238599 0.12449901
v 0.03038434 0.05122735 0.12435451
v 0.03038620 0.05238030 0.12435490
v 0.03040295 0.05237488 0.12421780
v 0.03039176 0.05122563 0.12427051
v 0.03042407 0.05236500 0.12414081
v 0.03043004 0.05120769 0.12412250
v 0.03043648 0.05235865 0.12411240
v 0.03043494 0.05120513 0.12411171
v 0.03050686 0.05232264 0.12395090
v 0.03051128 0.05116530 0.12394340
v 0.03052886 0.05231076 0.12391881
v 0.03052787 0.05115628 0.12391810
v 0.03058109 0.05228257 0.12384270
v 0.03055588 0.05114104 0.12387551
v 0.03066920 0.05223348 0.12375641
v 0.03066800 0.05107827 0.12375500
v 0.03071813 0.05220622 0.12370851
v 0.03076736 0.05217829 0.12367290
v 0.03069022 0.05106583 0.12373111
v 0.03084973 0.05213071 0.12363180
v 0.03074384 0.05103519 0.12368931
v 0.03085077 0.05097276 0.12363331
v 0.03098404 0.05205313 0.12356480
v 0.03097693 0.05089911 0.12356740
v 0.03107918 0.05199723 0.12353570
v 0.03107974 0.05083768 0.12353770
v 0.03149805 0.05058285 0.12348481
v 0.03149805 0.05174611 0.12348481
v 0.03106132 0.05084889 0.12354011
v 0.03109323 0.05198897 0.12353151
v 0.03149805 0.05060842 0.12218001
v 0.03145162 0.05063729 0.12218001
v 0.03149805 0.05178284 0.12218001
v 0.03145162 0.05181106 0.12218001
v 0.03274823 0.05100140 0.12218001
v 0.03274823 0.04980855 0.12218001
v 0.03155800 0.05057105 0.12218001
v 0.03145162 0.05181106 0.12218001
v 0.03145162 0.05063729 0.12218001
v 0.03048843 0.05242799 0.12034350
v 0.03074957 0.05109677 0.12084141
v 0.03048843 0.05126768 0.12034350
v 0.03274823 0.04971475 0.12556370
v 0.03274823 0.05089622 0.12556370
v 0.03274823 0.04970302 0.12555561
v 0.03274823 0.04970319 0.12555630
v 0.03274823 0.04970390 0.12555781
v 0.03274823 0.04978258 0.12348481
v 0.03274823 0.04977954 0.12348511
v 0.03274823 0.04977114 0.12349200
v 0.03274823 0.04977929 0.12348520
v 0.03274823 0.04977758 0.12348571
v 0.03274823 0.04977673 0.12348611
v 0.03274823 0.04977504 0.12348701
v 0.03274823 0.04977425 0.12348761
v 0.03274823 0.04973670 0.12452391
v 0.03274823 0.05089622 0.12556370
v 0.03274823 0.04977061 0.12349451
v 0.03274823 0.05096410 0.12348481
v 0.03274823 0.04977065 0.12349401
v 0.03274823 0.04970278 0.12555340
v 0.03274823 0.04970295 0.12555540
v 0.03274823 0.04970983 0.12556280
v 0.03274823 0.04971206 0.12556331
v 0.03274823 0.04977359 0.12348820
v 0.03274823 0.04977235 0.12348971
v 0.03274823 0.04977160 0.12349080
v 0.03274823 0.04977207 0.12349000
v 0.03274823 0.04977087 0.12349270
v 0.03274823 0.04970670 0.12556110
v 0.03274823 0.04970720 0.12556141
v 0.03274823 0.04970453 0.12555890
v 0.03274823 0.04970532 0.12555971
v 0.03274823 0.04970411 0.12555820
v 0.03274823 0.04970923 0.12556251
v 0.03274823 0.04970946 0.12556261
v 0.03274823 0.04971301 0.12556360
v 0.03274823 0.04971475 0.12556370
v 0.03274823 0.04970624 0.12556071
v 0.03274823 0.04978258 0.12348481
v 0.03274823 0.05096410 0.12348481
v 0.03274823 0.04980855 0.12218001
v 0.03274823 0.05100140 0.12218001
v 0.03274823 0.04984206 0.12084141
v 0.03274823 0.05104695 0.12034350
v 0.03274823 0.04985451 0.12034350
v 0.03439666 0.04873181 0.12034350
v 0.03274823 0.04985451 0.12034350
v 0.03439666 0.04995105 0.12034350
v 0.03274823 0.05104695 0.12034350
v 0.03439666 0.04852648 0.12687710
v 0.03439666 0.04852637 0.12687810
v 0.03439666 0.04852676 0.12686851
v 0.03439666 0.04873181 0.12034350
v 0.03439666 0.04995105 0.12034350
v 0.03439666 0.04871616 0.12084141
v 0.03439666 0.04974807 0.12686851
v 0.03439666 0.04853862 0.12686851
v 0.03439666 0.04853552 0.12686880
v 0.03439666 0.04853519 0.12686890
v 0.03439666 0.04853362 0.12686931
v 0.03439666 0.04853266 0.12686980
v 0.03439666 0.04853095 0.12687070
v 0.03439666 0.04853010 0.12687131
v 0.03439666 0.04852999 0.12687140
v 0.03439666 0.04852827 0.12687311
v 0.03439666 0.04852815 0.12687330
v 0.03439666 0.04852771 0.12687391
v 0.03439666 0.04852689 0.12687561
v 0.03439666 0.04852681 0.12687581
v 0.03439666 0.04853862 0.12686851
v 0.03439666 0.04974807 0.12686851
v 0.03149805 0.05046783 0.12686851
v 0.03149805 0.05163210 0.12686851
v 0.02880322 0.05325975 0.12459421
v 0.02880322 0.05213660 0.12459421
v 0.02885588 0.05321356 0.12514601
v 0.02885547 0.05208980 0.12514400
v 0.02888574 0.05319337 0.12526691
v 0.02888573 0.05206886 0.12526691
v 0.02890317 0.05318159 0.12533751
v 0.02890274 0.05205709 0.12533600
v 0.02906029 0.05308311 0.12571670
v 0.02906008 0.05195602 0.12571680
v 0.02907365 0.05307475 0.12574901
v 0.02907252 0.05194803 0.12574701
v 0.02923340 0.05297857 0.12599151
v 0.02931437 0.05293070 0.12607241
v 0.02923039 0.05185053 0.12598761
v 0.02931461 0.05179943 0.12607220
v 0.02956408 0.05278310 0.12632191
v 0.02955980 0.05165069 0.12631861
v 0.02965931 0.05272715 0.12639171
v 0.02965906 0.05159083 0.12639181
v 0.02965919 0.05159076 0.12639181
v 0.02966499 0.05272381 0.12639590
v 0.03011738 0.05131441 0.12661870
v 0.03011757 0.05245772 0.12661821
v 0.03045511 0.05111007 0.12674591
v 0.03086235 0.05201401 0.12679441
v 0.03024981 0.05123453 0.12668420
v 0.03046275 0.05225408 0.12674791
v 0.03025695 0.05237577 0.12668661
v 0.03086281 0.05085900 0.12679381
v 0.02997925 0.05266830 0.12249681
v 0.02997925 0.05152861 0.12249681
v 0.02960745 0.05173764 0.12273180
v 0.02957933 0.05288668 0.12275931
v 0.02957792 0.05175387 0.12275711
v 0.02948018 0.05180758 0.12284070
v 0.02955107 0.05290211 0.12277781
v 0.02926220 0.05192415 0.12309720
v 0.02941456 0.05297464 0.12290461
v 0.02926403 0.05305230 0.12309810
v 0.02918230 0.05196688 0.12319121
v 0.02908455 0.05201722 0.12335451
v 0.02914034 0.05311611 0.12325711
v 0.02901676 0.05205021 0.12352201
v 0.02900605 0.05318209 0.12351751
v 0.02900535 0.05318243 0.12351890
v 0.02891051 0.05210192 0.12378441
v 0.02885601 0.05324907 0.12401181
v 0.02885929 0.05212407 0.12399501
v 0.02885270 0.05325025 0.12403171
v 0.02885583 0.05212484 0.12403200
v 0.02883300 0.05325734 0.12415060
v 0.02997805 0.05152165 0.12249491
v 0.02997826 0.05152222 0.12249521
v 0.02997867 0.05152377 0.12249591
v 0.02997900 0.05152527 0.12249640
v 0.02997907 0.05152611 0.12249650
v 0.02861782 0.05347204 0.12034350
v 0.02997416 0.05151788 0.12248871
v 0.02997497 0.05151808 0.12249000
v 0.02997528 0.05151816 0.12249051
v 0.02997680 0.05151944 0.12249290
v 0.02997716 0.05151993 0.12249351
v 0.02997803 0.05152162 0.12249491
v 0.02997924 0.05152809 0.12249681
v 0.02997925 0.05152861 0.12249681
v 0.02997925 0.05266830 0.12249681
v 0.02861782 0.05233488 0.12034350
v 0.02893264 0.05214514 0.12084151
v 0.02997255 0.05151836 0.12248620
v 0.02997577 0.05151844 0.12249131
v 0.02997612 0.05151878 0.12249180
v 0.02997888 0.05152457 0.12249621
v 0.02997369 0.05151792 0.12248800
v 0.02997376 0.05151791 0.12248810
v 0.03048843 0.05126768 0.12034350
v 0.02861782 0.05233488 0.12034350
v 0.03048843 0.05242799 0.12034350
v 0.02861782 0.05347204 0.12034350
v 0.00366248 0.06042201 0.12516910
v 0.00275538 0.06053288 0.12280450
v 0.00005121 0.06064846 0.12034350
v 0.00181088 0.06062144 0.12034350
v 0.00227364 0.06058150 0.12154610
v 0.00366802 0.06051309 0.12154610
v 0.00366629 0.06048454 0.12280450
v 0.00510744 0.06040863 0.12154610
v 0.00462599 0.06041872 0.12280450
v 0.00557984 0.06039125 0.12034350
v 0.00727470 0.06021060 0.12034350
v 0.00447797 0.06031541 0.12686851
v 0.00368149 0.06041969 0.12521860
v 0.00365938 0.06037060 0.12686851
v 0.00278312 0.06041734 0.12686851
v 0.00510744 0.05940477 0.12154610
v 0.00510744 0.06040863 0.12154610
v 0.00538426 0.05939420 0.12084141
v 0.00557984 0.06039125 0.12034350
v 0.00557984 0.05938674 0.12034350
v 0.00727470 0.05920303 0.12034350
v 0.00557984 0.05938674 0.12034350
v 0.00727470 0.06021060 0.12034350
v 0.00557984 0.06039125 0.12034350
v 0.00510744 0.06040863 0.12154610
v 0.00510744 0.05940477 0.12154610
v 0.00483900 0.05942723 0.12154610
v 0.00227364 0.05958056 0.12154610
v 0.00227364 0.06058150 0.12154610
v 0.00366802 0.06051309 0.12154610
v 0.00462599 0.06041872 0.12280450
v 0.00462599 0.05941545 0.12280450
v 0.00368149 0.06041969 0.12521860
v 0.00415092 0.05941642 0.12401880
v 0.00368149 0.05941738 0.12521860
v 0.00275538 0.05953153 0.12280450
v 0.00275538 0.06053288 0.12280450
v 0.00322121 0.05947412 0.12401880
v 0.00366248 0.06042201 0.12516910
v 0.00368149 0.05941738 0.12521860
v 0.00368149 0.06041969 0.12521860
v 0.00462599 0.05941545 0.12280450
v 0.00462599 0.06041872 0.12280450
v 0.00275538 0.05953153 0.12280450
v 0.00366629 0.06048454 0.12280450
v 0.00275538 0.06053288 0.12280450
v 0.00706129 0.05921135 0.12084141
v 0.00727470 0.05920303 0.12034350
v 0.00727470 0.06021060 0.12034350
v 0.00482929 0.05929839 0.12604880
v 0.00447797 0.06031541 0.12686851
v 0.00447797 0.05931209 0.12686851
v 0.00447797 0.05931209 0.12686851
v 0.00447797 0.06031541 0.12686851
v 0.00278312 0.05941574 0.12686851
v 0.00365938 0.06037060 0.12686851
v 0.00278312 0.06041734 0.12686851
v 0.00278312 0.05941574 0.12686851
v 0.00278312 0.06041734 0.12686851
v 0.00025967 0.05963053 0.12084141
v 0.00005121 0.06064846 0.12034350
v 0.00005121 0.05964828 0.12034350
v 0.00181088 0.05962080 0.12034350
v 0.00005121 0.05964828 0.12034350
v 0.00181088 0.06062144 0.12034350
v 0.00005121 0.06064846 0.12034350
v 0.00181088 0.05962080 0.12034350
v 0.00181088 0.06062144 0.12034350
v 0.00200247 0.05960414 0.12084141
v 0.00227364 0.06058150 0.12154610
v 0.00227364 0.05958056 0.12154610
v -0.00839119 0.06016567 0.12034350
v -0.00839119 0.06012220 0.12164860
v -0.00321437 0.06054514 0.12034350
v -0.00486280 0.06041769 0.12164860
v -0.00795587 0.06011955 0.12296290
v -0.00795587 0.06007054 0.12426800
v -0.00486280 0.06038079 0.12296290
v -0.00486280 0.06034073 0.12426800
v -0.00828929 0.05998190 0.12556370
v -0.00828929 0.05992452 0.12686851
v -0.00486280 0.06029757 0.12556370
v -0.00321437 0.06036063 0.12686851
v -0.00486280 0.05933766 0.12426800
v -0.00486280 0.05929425 0.12556370
v -0.00486280 0.06034073 0.12426800
v -0.00486280 0.06029757 0.12556370
v -0.00486280 0.05933766 0.12426800
v -0.00486280 0.06034073 0.12426800
v -0.00518184 0.05930947 0.12426800
v -0.00795587 0.06007054 0.12426800
v -0.00795587 0.05906433 0.12426800
v -0.00828929 0.05897475 0.12556370
v -0.00828929 0.05998190 0.12556370
v -0.00514917 0.05926755 0.12556370
v -0.00486280 0.06029757 0.12556370
v -0.00486280 0.05929425 0.12556370
v -0.00795587 0.05911381 0.12296290
v -0.00795587 0.05906433 0.12426800
v -0.00795587 0.06011955 0.12296290
v -0.00795587 0.06007054 0.12426800
v -0.00795587 0.05911381 0.12296290
v -0.00795587 0.06011955 0.12296290
v -0.00521411 0.05934796 0.12296290
v -0.00486280 0.06038079 0.12296290
v -0.00486280 0.05937797 0.12296290
v -0.00486280 0.05937797 0.12296290
v -0.00486280 0.06038079 0.12296290
v -0.00486280 0.05939328 0.12242081
v -0.00486280 0.06041769 0.12164860
v -0.00486280 0.05941509 0.12164860
v -0.00486280 0.05941509 0.12164860
v -0.00486280 0.06041769 0.12164860
v -0.00524593 0.05938265 0.12164860
v -0.00839119 0.06012220 0.12164860
v -0.00839119 0.05911643 0.12164860
v -0.00839119 0.05916034 0.12034350
v -0.00839119 0.05911643 0.12164860
v -0.00839119 0.06016567 0.12034350
v -0.00839119 0.06012220 0.12164860
v -0.00839119 0.05916034 0.12034350
v -0.00839119 0.06016567 0.12034350
v -0.00527534 0.05939104 0.12034350
v -0.00321437 0.06054514 0.12034350
v -0.00321437 0.05954364 0.12034350
v -0.00321437 0.06036063 0.12686851
v -0.00321437 0.05935833 0.12686851
v -0.00321437 0.06054514 0.12034350
v -0.00321437 0.05948484 0.12241401
v -0.00321437 0.05954364 0.12034350
v -0.00828929 0.05992452 0.12686851
v -0.00828929 0.05891682 0.12686851
v -0.00321437 0.06036063 0.12686851
v -0.00511320 0.05919313 0.12686851
v -0.00321437 0.05935833 0.12686851
v -0.00828929 0.05897475 0.12556370
v -0.00828929 0.05891682 0.12686851
v -0.00828929 0.05998190 0.12556370
v -0.00828929 0.05992452 0.12686851
v -0.01511454 0.05901735 0.12458481
v -0.01512388 0.05927793 0.12034350
v -0.01657787 0.05902188 0.12034350
v -0.00945628 0.06005609 0.12034350
v -0.01092895 0.05988610 0.12034350
v -0.00945628 0.05978188 0.12687791
v -0.01092895 0.05969781 0.12458481
v -0.01126207 0.05952980 0.12687791
v -0.01302175 0.05947228 0.12299080
v -0.01248453 0.05965236 0.12099601
v -0.01355896 0.05949397 0.12099601
v -0.01478142 0.05892230 0.12687791
v -0.01657787 0.05855039 0.12687791
v -0.01512388 0.05826215 0.12034350
v -0.01512388 0.05927793 0.12034350
v -0.01511922 0.05812997 0.12246061
v -0.01511454 0.05901735 0.12458481
v -0.01511454 0.05799734 0.12458481
v -0.01511454 0.05799734 0.12458481
v -0.01511454 0.05901735 0.12458481
v -0.01419340 0.05828365 0.12245961
v -0.01355896 0.05949397 0.12099601
v -0.01355896 0.05848083 0.12099601
v -0.01512388 0.05927793 0.12034350
v -0.01512388 0.05826215 0.12034350
v -0.01657787 0.05902188 0.12034350
v -0.01575882 0.05814888 0.12034350
v -0.01657787 0.05800277 0.12034350
v -0.01248453 0.05864116 0.12099601
v -0.01355896 0.05848083 0.12099601
v -0.01248453 0.05965236 0.12099601
v -0.01355896 0.05949397 0.12099601
v -0.01092895 0.05969781 0.12458481
v -0.01092895 0.05868701 0.12458481
v -0.01248453 0.05965236 0.12099601
v -0.01185437 0.05865974 0.12244980
v -0.01248453 0.05864116 0.12099601
v -0.01092895 0.05988610 0.12034350
v -0.01092895 0.05887771 0.12034350
v -0.01092895 0.05969781 0.12458481
v -0.01092895 0.05878325 0.12244451
v -0.01092895 0.05868701 0.12458481
v -0.01092895 0.05887771 0.12034350
v -0.01092895 0.05988610 0.12034350
v -0.01053639 0.05892352 0.12034350
v -0.00945628 0.06005609 0.12034350
v -0.00945628 0.05904958 0.12034350
v -0.00945628 0.05978188 0.12687791
v -0.00945628 0.05877230 0.12687791
v -0.00945628 0.06005609 0.12034350
v -0.00945628 0.05896068 0.12243851
v -0.00945628 0.05904958 0.12034350
v -0.01126207 0.05952980 0.12687791
v -0.01126207 0.05851683 0.12687791
v -0.00945628 0.05978188 0.12687791
v -0.01020848 0.05866588 0.12687791
v -0.00945628 0.05877230 0.12687791
v -0.01302175 0.05845864 0.12299080
v -0.01126207 0.05851683 0.12687791
v -0.01302175 0.05947228 0.12299080
v -0.01126207 0.05952980 0.12687791
v -0.01478142 0.05790062 0.12687791
v -0.01302175 0.05845864 0.12299080
v -0.01478142 0.05892230 0.12687791
v -0.01302175 0.05947228 0.12299080
v -0.01657787 0.05855039 0.12687791
v -0.01657787 0.05752305 0.12687791
v -0.01478142 0.05892230 0.12687791
v -0.01525671 0.05780072 0.12687791
v -0.01478142 0.05790062 0.12687791
v -0.01657787 0.05752305 0.12687791
v -0.01657787 0.05855039 0.12687791
v -0.01657787 0.05784697 0.12246570
v -0.01657787 0.05902188 0.12034350
v -0.01657787 0.05800277 0.12034350
v -0.01953226 0.05842486 0.12034350
v -0.01953226 0.05784377 0.12686851
v -0.01788383 0.05877097 0.12034350
v -0.01788383 0.05825351 0.12686851
v -0.01788383 0.05825351 0.12686851
v -0.01788383 0.05722149 0.12686851
v -0.01788383 0.05877097 0.12034350
v -0.01788383 0.05757666 0.12247060
v -0.01788383 0.05774844 0.12034350
v -0.01953226 0.05680505 0.12686851
v -0.01788383 0.05722149 0.12686851
v -0.01953226 0.05784377 0.12686851
v -0.01788383 0.05825351 0.12686851
v -0.01788383 0.05774844 0.12034350
v -0.01953226 0.05739741 0.12034350
v -0.01788383 0.05877097 0.12034350
v -0.01953226 0.05842486 0.12034350
v -0.01953226 0.05680505 0.12686851
v -0.01953226 0.05784377 0.12686851
v -0.01953226 0.05720375 0.12247680
v -0.01953226 0.05842486 0.12034350
v -0.01953226 0.05739741 0.12034350
v -0.02247730 0.05733648 0.12404400
v -0.02247730 0.05701243 0.12686851
v -0.02082887 0.05749386 0.12686851
v -0.02445916 0.05672836 0.12416540
v -0.02686699 0.05551632 0.12686851
v -0.02495929 0.05620633 0.12686851
v -0.02082887 0.05812864 0.12034350
v -0.02247730 0.05772009 0.12034350
v -0.02247730 0.05755922 0.12194691
v -0.02333860 0.05721564 0.12290700
v -0.02505184 0.05700623 0.12034350
v -0.02702435 0.05639248 0.12034350
v -0.02333860 0.05616792 0.12290700
v -0.02333860 0.05721564 0.12290700
v -0.02296568 0.05631937 0.12249131
v -0.02247730 0.05755922 0.12194691
v -0.02247730 0.05651770 0.12194691
v -0.02247730 0.05668185 0.12034350
v -0.02247730 0.05651770 0.12194691
v -0.02247730 0.05772009 0.12034350
v -0.02247730 0.05755922 0.12194691
v -0.02505184 0.05595606 0.12034350
v -0.02505184 0.05700623 0.12034350
v -0.02361455 0.05613379 0.12249411
v -0.02333860 0.05721564 0.12290700
v -0.02333860 0.05616792 0.12290700
v -0.02247730 0.05668185 0.12034350
v -0.02247730 0.05772009 0.12034350
v -0.02092419 0.05707279 0.12034350
v -0.02082887 0.05812864 0.12034350
v -0.02082887 0.05709678 0.12034350
v -0.02082887 0.05812864 0.12034350
v -0.02082887 0.05749386 0.12686851
v -0.02082887 0.05644917 0.12686851
v -0.02082887 0.05688457 0.12248160
v -0.02082887 0.05700955 0.12122240
v -0.02082887 0.05709678 0.12034350
v -0.02247730 0.05595919 0.12686851
v -0.02082887 0.05644917 0.12686851
v -0.02247730 0.05701243 0.12686851
v -0.02082887 0.05749386 0.12686851
v -0.02247730 0.05629033 0.12404400
v -0.02247730 0.05595919 0.12686851
v -0.02247730 0.05733648 0.12404400
v -0.02247730 0.05701243 0.12686851
v -0.02495929 0.05513792 0.12686851
v -0.02247730 0.05629033 0.12404400
v -0.02495929 0.05620633 0.12686851
v -0.02247730 0.05733648 0.12404400
v -0.02495929 0.05513792 0.12686851
v -0.02495929 0.05620633 0.12686851
v -0.02512028 0.05507853 0.12686851
v -0.02686699 0.05551632 0.12686851
v -0.02686699 0.05443407 0.12686851
v -0.02686699 0.05443407 0.12686851
v -0.02686699 0.05551632 0.12686851
v -0.02534533 0.05521600 0.12516021
v -0.02445916 0.05672836 0.12416540
v -0.02445916 0.05567138 0.12416540
v -0.02702435 0.05639248 0.12034350
v -0.02702435 0.05533130 0.12034350
v -0.02576240 0.05549860 0.12222371
v -0.02445916 0.05672836 0.12416540
v -0.02557448 0.05552351 0.12250371
v -0.02445916 0.05567138 0.12416540
v -0.02505184 0.05700623 0.12034350
v -0.02505184 0.05595606 0.12034350
v -0.02702435 0.05639248 0.12034350
v -0.02600330 0.05565471 0.12034350
v -0.02702435 0.05533130 0.12034350
f 1 2 3
f 2 4 3
f 5 6 7
f 6 8 7
f 9 10 11
f 10 12 11
f 11 12 13
f 14 15 16
f 15 17 16
f 16 17 18
f 19 20 21
f 20 22 21
f 21 22 23
f 23 22 24
f 22 25 24
f 24 25 26
f 27 28 29
f 28 30 29
f 29 30 31
f 32 33 34
f 33 35 34
f 36 37 38
f 37 39 38
f 38 39 40
f 41 42 43
f 42 44 43
f 43 44 45
f 44 46 45
f 47 48 49
f 48 50 49
f 51 52 53
f 52 54 53
f 55 56 57
f 58 59 60
f 61 57 62
f 57 56 62
f 62 56 63
f 56 64 63
f 63 64 60
f 64 65 60
f 60 65 58
f 57 66 55
f 66 67 55
f 55 67 68
f 67 69 68
f 68 69 65
f 69 70 65
f 65 70 58
f 71 72 73
f 72 74 73
f 75 76 77
f 76 78 77
f 77 78 79
f 80 81 82
f 81 83 82
f 84 85 86
f 85 87 86
f 88 89 90
f 89 91 90
f 92 93 94
f 93 95 94
f 94 95 96
f 97 98 99
f 98 100 99
f 101 102 103
f 102 104 103
f 103 104 105
f 106 107 108
f 107 109 108
f 108 109 110
f 111 112 113
f 112 114 113
f 113 114 115
f 116 117 118
f 117 119 118
f 118 119 120
f 121 122 123
f 122 124 123
f 125 126 127
f 128 129 130
f 131 132 133
f 134 135 136
f 136 128 134
f 128 130 134
f 134 130 133
f 130 125 133
f 133 125 131
f 125 127 131
f 137 138 139
f 138 140 139
f 139 140 141
f 142 143 144
f 143 145 144
f 146 147 148
f 147 149 148
f 150 151 152
f 151 153 152
f 152 153 154
f 155 156 157
f 156 158 157
f 159 160 161
f 160 162 161
f 161 162 163
f 164 165 166
f 165 167 166
f 168 169 170
f 169 171 170
f 172 173 174
f 173 175 174
f 174 175 176
f 177 178 179
f 177 179 180
f 179 181 180
f 180 181 182
f 183 184 185
f 184 186 185
f 187 188 189
f 188 190 189
f 189 190 191
f 191 190 186
f 190 192 186
f 186 192 185
f 193 194 195
f 194 196 195
f 195 196 197
f 198 199 200
f 199 201 200
f 202 203 204
f 203 205 204
f 204 205 206
f 207 208 209
f 208 210 209
f 209 210 211
f 210 212 211
f 213 214 215
f 214 216 215
f 215 216 217
f 218 219 220
f 219 221 220
f 220 221 222
f 223 224 225
f 224 226 225
f 225 226 227
f 226 228 227
f 229 230 231
f 230 232 231
f 231 232 233
f 234 235 236
f 237 238 236
f 238 239 236
f 236 239 234
f 240 241 242
f 241 243 242
f 244 245 246
f 245 247 246
f 246 247 248
f 249 250 251
f 252 251 253
f 251 250 253
f 253 250 254
f 250 255 254
f 254 255 256
f 255 257 256
f 258 256 259
f 256 257 259
f 259 257 260
f 257 261 260
f 260 261 262
f 261 249 262
f 262 249 263
f 249 251 263
f 264 265 266
f 265 267 266
f 268 269 270
f 269 271 270
f 270 271 272
f 273 274 275
f 274 276 275
f 277 278 279
f 278 280 279
f 279 280 281
f 282 283 284
f 283 285 284
f 286 287 288
f 287 289 288
f 288 289 290
f 291 292 293
f 292 294 293
f 293 294 295
f 296 297 298
f 297 299 298
f 300 301 302
f 301 303 302
f 302 303 304
f 305 306 307
f 306 308 307
f 307 308 309
f 308 310 309
f 309 310 311
f 312 313 314
f 313 315 314
f 316 317 318
f 317 319 318
f 318 319 314
f 319 320 314
f 314 320 321
f 320 322 321
f 321 322 323
f 324 325 326
f 324 326 327
f 326 328 327
f 327 328 329
f 328 330 329
f 329 330 331
f 330 332 331
f 331 332 333
f 332 334 333
f 334 335 333
f 333 335 336
f 335 337 336
f 336 337 338
f 337 339 338
f 338 339 340
f 339 341 340
f 340 341 342
f 341 343 342
f 342 343 344
f 343 345 344
f 344 345 346
f 345 347 346
f 345 348 347
f 348 349 347
f 347 349 350
f 349 351 350
f 350 351 352
f 352 351 353
f 351 354 353
f 353 354 355
f 325 324 356
f 324 357 356
f 356 357 358
f 359 360 361
f 360 362 361
f 361 362 363
f 362 364 363
f 363 364 365
f 364 366 365
f 365 366 367
f 366 368 367
f 367 368 369
f 368 370 369
f 369 370 371
f 372 373 374
f 373 375 374
f 374 375 376
f 375 377 376
f 376 377 378
f 377 379 378
f 378 379 380
f 379 381 380
f 380 381 359
f 381 382 359
f 359 382 360
f 383 384 385
f 384 386 385
f 386 387 388
f 386 389 390
f 388 391 386
f 391 392 386
f 386 392 389
f 390 393 386
f 393 394 386
f 386 394 385
f 386 395 387
f 395 396 387
f 387 396 397
f 397 398 387
f 398 399 387
f 387 399 400
f 401 402 403
f 402 404 403
f 405 406 407
f 406 408 407
f 407 408 409
f 410 411 412
f 411 413 412
f 414 415 410
f 415 411 410
f 416 417 418
f 417 419 418
f 420 421 422
f 421 423 422
f 373 372 424
f 425 426 427
f 426 428 427
f 427 428 424
f 428 429 424
f 424 429 373
f 427 430 425
f 430 431 425
f 425 431 432
f 431 433 432
f 432 433 434
f 433 435 434
f 434 435 436
f 435 437 436
f 436 437 438
f 437 439 438
f 438 439 440
f 440 439 441
f 439 442 441
f 441 442 443
f 442 444 443
f 444 445 443
f 443 445 446
f 445 447 446
f 446 447 448
f 449 450 451
f 447 452 448
f 452 449 448
f 448 449 453
f 449 451 453
f 454 455 456
f 455 457 456
f 456 457 458
f 457 459 458
f 460 461 457
f 461 462 457
f 457 462 459
f 463 464 465
f 464 466 465
f 467 457 463
f 457 468 463
f 463 468 464
f 469 470 457
f 470 471 457
f 457 471 472
f 472 473 457
f 473 474 457
f 457 474 475
f 475 476 457
f 476 477 457
f 457 477 460
f 467 478 457
f 478 479 457
f 457 479 480
f 480 481 457
f 481 482 457
f 457 482 469
f 482 483 469
f 355 354 484
f 354 485 484
f 484 485 486
f 485 487 486
f 486 487 488
f 487 489 488
f 488 489 490
f 489 491 490
f 490 491 492
f 491 493 492
f 492 493 494
f 493 495 494
f 493 496 495
f 496 497 495
f 495 497 498
f 497 499 498
f 498 499 500
f 499 501 500
f 500 501 502
f 501 503 502
f 502 503 504
f 503 505 504
f 504 505 506
f 506 505 507
f 505 508 507
f 507 508 509
f 508 510 509
f 510 511 509
f 509 511 512
f 511 513 512
f 512 513 514
f 513 515 514
f 514 515 516
f 515 517 516
f 516 517 518
f 519 520 521
f 522 523 524
f 524 525 526
f 527 528 519
f 528 529 519
f 519 529 520
f 521 530 519
f 530 531 519
f 519 531 532
f 524 523 519
f 523 533 519
f 519 533 527
f 522 524 534
f 524 526 534
f 534 526 535
f 451 450 536
f 450 537 536
f 536 537 538
f 539 540 541
f 540 542 541
f 543 542 544
f 545 546 547
f 546 548 547
f 542 543 541
f 543 549 541
f 541 549 550
f 549 551 550
f 550 551 552
f 551 553 552
f 553 554 552
f 552 554 555
f 554 556 555
f 555 556 557
f 556 558 557
f 557 558 559
f 558 560 559
f 559 560 561
f 560 562 561
f 561 562 563
f 564 565 566
f 565 563 566
f 566 563 567
f 563 562 567
f 568 569 570
f 568 570 571
f 570 572 571
f 571 572 573
f 572 574 573
f 573 574 564
f 574 575 564
f 564 575 565
f 569 568 576
f 568 577 576
f 576 577 578
f 577 579 578
f 578 579 580
f 579 581 580
f 580 581 582
f 581 583 582
f 582 583 584
f 583 585 584
f 584 585 586
f 585 587 586
f 586 587 588
f 587 589 588
f 588 589 590
f 589 591 590
f 590 591 592
f 591 593 592
f 592 593 594
f 595 596 548
f 594 593 597
f 593 598 597
f 597 598 599
f 598 600 599
f 599 600 601
f 600 602 601
f 601 602 548
f 602 603 548
f 548 603 595
f 596 604 548
f 604 605 548
f 548 605 606
f 544 547 543
f 547 548 543
f 543 548 607
f 548 606 607
f 608 609 610
f 609 611 610
f 612 613 614
f 613 615 614
f 614 615 616
f 617 618 619
f 618 620 619
f 621 622 623
f 621 623 624
f 623 625 624
f 624 625 626
f 627 628 629
f 628 630 629
f 631 632 633
f 632 634 633
f 635 636 637
f 636 638 637
f 639 640 641
f 640 642 641
f 643 644 645
f 644 646 645
f 647 648 649
f 648 650 649
f 649 650 651
f 650 652 651
f 653 654 655
f 654 656 655
f 655 656 657
f 658 659 660
f 661 660 662
f 660 659 662
f 662 659 663
f 659 664 663
f 665 663 666
f 663 664 666
f 666 664 667
f 664 658 667
f 667 658 668
f 658 660 668
f 669 670 671
f 670 672 671
f 671 672 673
f 674 675 676
f 675 677 676
f 676 677 678
f 679 680 681
f 680 682 681
f 681 682 683
f 684 685 686
f 685 687 686
f 686 687 688
f 689 690 691
f 690 692 691
f 693 694 695
f 693 695 696
f 695 697 696
f 696 697 698
f 699 700 701
f 700 702 701
f 701 702 703
f 704 705 706
f 705 707 706
f 708 709 710
f 709 711 710
f 712 713 714
f 713 715 714
f 714 715 716
f 717 718 719
f 718 720 719
f 721 722 723
f 722 724 723
f 723 724 725
f 725 724 720
f 724 726 720
f 720 726 719
f 727 728 729
f 728 730 729
f 731 732 733
f 732 734 733
f 733 734 735
f 734 736 735
f 737 738 739
f 738 740 739
f 739 740 741
f 742 743 744
f 743 745 744
f 746 747 748
f 747 749 748
f 750 751 752
f 751 753 752
f 752 753 754
f 755 756 757
f 756 758 757
f 759 760 761
f 760 762 761
f 763 764 765
f 764 766 765
f 765 766 767
f 768 769 770
f 769 771 770
f 772 773 774
f 773 775 774
f 776 777 778
f 777 779 778
f 778 779 780
f 781 782 783
f 784 785 786
f 787 788 789
f 790 791 792
f 792 784 790
f 784 786 790
f 790 786 789
f 786 781 789
f 789 781 787
f 781 783 787
f 793 794 795
f 794 796 795
f 797 798 799
f 798 800 799
f 799 800 801
f 800 802 801
f 803 804 805
f 804 806 805
f 807 808 809
f 808 810 809
f 809 810 811
f 810 812 811
f 811 812 813
f 814 815 816
f 815 817 816
f 818 819 820
f 819 821 820
f 820 821 822
f 823 824 825
f 824 826 825
f 825 826 827
f 828 829 830
f 829 831 830
f 832 833 834
f 833 835 834
f 834 835 836
f 837 838 839
f 838 840 839
f 839 840 841
f 840 842 841
f 843 844 845
f 844 846 845
f 845 846 847
f 848 849 850
f 849 851 850
f 852 853 854
f 855 856 857
f 856 858 857
f 859 860 856
f 860 861 856
f 856 861 858
f 857 852 855
f 852 854 855
f 855 854 859
f 854 862 859
f 859 862 860
f 863 864 865
f 864 866 865
f 865 866 867
f 868 869 870
f 869 871 870
f 872 873 874
f 873 875 874
f 874 875 876
f 877 878 879
f 878 880 879
f 881 882 883
f 882 884 883
f 883 884 885
f 886 887 888
f 887 889 888
f 890 891 892
f 891 893 892
f 892 893 894
f 895 896 897
f 896 898 897
f 897 898 899
f 900 901 902
f 901 903 902
f 902 903 904
f 905 906 907
f 906 908 907
f 909 910 911
f 910 912 911
f 911 912 913
f 914 915 916
f 915 917 916
f 916 917 918
f 919 920 921
f 920 922 921
f 923 924 925
f 924 926 925
f 927 928 929
f 928 930 929
f 929 930 926
f 930 921 926
f 926 921 925
f 921 922 925
f 931 932 933
f 932 934 933
f 935 936 937
f 936 938 937
f 937 938 939
f 940 941 942
f 941 943 942
f 942 943 944
f 945 946 947
f 946 948 947
f 949 950 951
f 950 952 951
f 953 954 955
f 954 956 955
f 955 956 957
f 958 959 960
f 959 961 960
f 962 963 964
f 963 965 964
f 964 965 966
f 967 968 969
f 968 970 969
f 971 972 973
f 972 974 973
f 973 974 975
f 976 977 978
f 977 979 978
f 980 981 982
f 981 983 982
f 984 985 986
f 985 987 986
f 988 989 990
f 989 991 990
f 990 991 992
f 993 994 995
f 994 996 995
f 995 996 997
f 998 999 1000
f 999 1001 1000
f 1000 1001 1002
f 1003 1004 1005
f 1004 1006 1005
f 1005 1006 1007
f 1006 1008 1007
f 1009 1010 1011
f 1012 1013 1014
f 1015 1016 1017
f 1018 1019 1020
f 1020 1012 1018
f 1012 1014 1018
f 1018 1014 1017
f 1014 1009 1017
f 1017 1009 1015
f 1009 1011 1015
f 1021 1022 1023
f 1022 1024 1023
f 1023 1024 1025
f 1026 1027 1028
f 1027 1029 1028
f 1028 1029 1030
f 1031 1032 1033
f 1032 1034 1033
f 1035 1036 1037
f 1036 1038 1037
f 1037 1038 1039
f 1040 1041 1042
f 1041 1043 1042
f 1042 1043 1044
f 1045 1046 1047
f 1046 1048 1047
f 1047 1048 1049
f 1050 1051 1052
f 1050 1052 1053
f 1052 1054 1053
f 1053 1054 1055
f 1056 1057 1058
f 1057 1059 1058
f 1058 1059 1060
f 1061 1062 1063
f 1062 1064 1063
f 1063 1064 1065
f 1066 1067 1068
f 1066 1068 1069
f 1068 1070 1069
f 1069 1070 1071
f 1072 1073 1074
f 1073 1075 1074
f 1074 1075 1076
f 1077 1078 1079
f 1080 1081 1082
f 1082 1083 1080
f 1083 1084 1080
f 1080 1084 1085
f 1084 1086 1085
f 1085 1086 1087
f 1088 1082 1089
f 1082 1081 1089
f 1089 1081 1090
f 1081 1091 1090
f 1090 1091 1079
f 1091 1087 1079
f 1079 1087 1077
f 1087 1086 1077
f 1092 1093 1094
f 1093 1095 1094
f 1096 1097 1098
f 1097 1099 1098
f 1098 1099 1100
f 1101 1102 1103
f 1102 1104 1103
f 1103 1104 1105
f 1106 1107 1108
f 1107 1109 1108
f 1108 1109 1110
f 1111 1112 1113
f 1112 1114 1113
f 1115 1116 1117
f 1116 1118 1117
f 1117 1118 1119
f 1120 1121 1122
f 1121 1123 1122
f 1124 1125 1126
f 1125 1127 1126
f 1126 1127 1128
f 1129 1130 1131
f 1130 1132 1131
f 1133 1134 1135
f 1134 1136 1135
f 1137 1138 1139
f 1138 1140 1139
f 1139 1140 1141
f 1142 1143 1144
f 1145 1146 1144
f 1146 1147 1144
f 1144 1147 1142
f 1148 1149 1150
f 1149 1151 1150
f 1152 1153 1154
f 1155 1156 1152
f 1156 1157 1152
f 1152 1157 1153
f 1158 1159 1160
f 1159 1161 1160
f 1160 1161 1162
f 1161 1163 1164
f 1162 1161 1165
f 1161 1164 1165
f 1165 1164 1154
f 1164 1166 1154
f 1154 1166 1152
f 1167 1168 1169
f 1168 1170 1169
f 1169 1170 1171
f 1172 1173 1174
f 1173 1175 1174
f 1174 1175 1176
f 1177 1178 1179
f 1180 1181 1182
f 1181 1183 1182
f 1182 1183 1167
f 1184 1185 1186
f 1187 1188 1189
f 1188 1190 1189
f 1191 1192 1193
f 1192 1194 1193
f 1193 1194 1195
f 1196 1197 1198
f 1197 1199 1198
f 1200 1201 1202
f 1201 1203 1202
f 1202 1203 1204
f 1205 1206 1207
f 1206 1179 1207
f 1207 1179 1208
f 1179 1178 1208
f 1208 1178 1181
f 1178 1209 1181
f 1181 1209 1183
f 1210 1211 1212
f 1212 1211 1207
f 1211 1213 1207
f 1207 1213 1205
f 1180 1182 1212
f 1182 1214 1212
f 1212 1214 1210
f 1167 1169 1182
f 1169 1215 1182
f 1182 1215 1216
f 1216 1217 1182
f 1217 1218 1182
f 1182 1218 1214
f 1219 1220 1169
f 1220 1221 1169
f 1169 1221 1222
f 1222 1223 1169
f 1223 1224 1169
f 1169 1224 1215
f 1225 1226 1171
f 1226 1227 1171
f 1227 1228 1171
f 1228 1229 1171
f 1171 1229 1169
f 1229 1230 1169
f 1169 1230 1219
f 1231 1232 1175
f 1232 1233 1175
f 1233 1234 1175
f 1234 1235 1175
f 1175 1235 1236
f 1236 1225 1175
f 1225 1171 1175
f 1175 1171 1176
f 1171 1170 1176
f 1176 1170 1172
f 1170 1237 1172
f 1172 1237 1173
f 1237 1238 1173
f 1175 1239 1240
f 1240 1241 1175
f 1241 1242 1175
f 1175 1242 1243
f 1243 1244 1175
f 1244 1245 1175
f 1175 1245 1231
f 1246 1247 1248
f 1247 1249 1248
f 1249 1250 1248
f 1250 1251 1248
f 1248 1251 1252
f 1253 1254 1255
f 1254 1256 1255
f 1256 1257 1255
f 1257 1258 1255
f 1255 1258 1248
f 1258 1259 1248
f 1248 1259 1246
f 1260 1255 1261
f 1255 1189 1261
f 1261 1189 1262
f 1189 1190 1262
f 1262 1190 1186
f 1190 1191 1186
f 1263 1264 1265
f 1264 1266 1265
f 1265 1266 1260
f 1266 1267 1260
f 1260 1267 1255
f 1267 1268 1255
f 1255 1268 1253
f 1186 1185 1269
f 1185 1270 1269
f 1269 1270 1265
f 1270 1271 1265
f 1265 1271 1263
f 1272 1273 1193
f 1273 1274 1193
f 1193 1274 1275
f 1275 1276 1193
f 1276 1277 1193
f 1193 1277 1191
f 1277 1278 1191
f 1191 1278 1186
f 1278 1279 1186
f 1186 1279 1184
f 1280 1281 1195
f 1280 1195 1282
f 1281 1283 1195
f 1283 1284 1195
f 1195 1284 1193
f 1284 1285 1193
f 1193 1285 1272
f 1202 1286 1287
f 1287 1288 1202
f 1288 1289 1202
f 1202 1289 1290
f 1290 1291 1202
f 1291 1292 1202
f 1202 1292 1195
f 1292 1293 1195
f 1195 1293 1282
f 1294 1295 1202
f 1295 1296 1202
f 1202 1296 1297
f 1297 1298 1202
f 1298 1299 1202
f 1202 1299 1286
f 1300 1301 1204
f 1301 1302 1204
f 1204 1302 1303
f 1303 1304 1204
f 1304 1305 1204
f 1204 1305 1202
f 1305 1306 1202
f 1202 1306 1294
f 1206 1307 1179
f 1307 1308 1179
f 1179 1308 1309
f 1309 1310 1179
f 1310 1311 1179
f 1179 1311 1300
f 1201 1312 1203
f 1312 1313 1203
f 1203 1313 1314
f 1313 1315 1314
f 1314 1315 1316
f 1317 1318 1238
f 1318 1319 1238
f 1238 1319 1173
f 1319 1320 1173
f 1194 1198 1195
f 1198 1199 1195
f 1195 1199 1202
f 1199 1321 1202
f 1202 1321 1200
f 1321 1197 1200
f 1200 1197 1322
f 1197 1196 1322
f 1322 1196 1323
f 1196 1187 1323
f 1323 1187 1324
f 1187 1189 1324
f 1324 1189 1320
f 1189 1255 1320
f 1320 1255 1173
f 1255 1248 1173
f 1173 1248 1175
f 1248 1252 1175
f 1175 1252 1239
f 1300 1204 1179
f 1204 1203 1179
f 1179 1203 1177
f 1203 1314 1177
f 1177 1314 1317
f 1314 1316 1317
f 1317 1316 1318
f 1325 1326 1327
f 1326 1328 1327
f 1327 1328 1329
f 1328 1330 1329
f 1331 1332 1333
f 1332 1334 1333
f 1335 1336 1337
f 1336 1338 1337
f 1337 1338 1339
f 1340 1341 1342
f 1341 1343 1342
f 1342 1343 1344
f 1345 1346 1347
f 1346 1348 1347
f 1347 1348 1349
f 1348 1350 1349
f 1351 1352 1353
f 1352 1354 1353
f 1355 1356 1357
f 1357 1356 1358
f 1359 1360 1361
f 1360 1358 1361
f 1361 1358 1362
f 1358 1356 1362
f 1357 1363 1355
f 1363 1364 1355
f 1355 1364 1365
f 1364 1366 1365
f 1365 1366 1367
f 1366 1368 1367
f 1367 1368 1369
f 1368 1370 1369
f 1369 1370 1371
f 1370 1372 1371
f 1371 1372 1373
f 1373 1372 1374
f 1372 1375 1374
f 1374 1375 1376
f 1375 1377 1376
f 1377 1378 1376
f 1376 1378 1379
f 1378 1380 1379
f 1379 1380 1381
f 1382 1383 1384
f 1382 1384 1385
f 1380 1386 1381
f 1386 1387 1381
f 1381 1387 1388
f 1387 1389 1388
f 1388 1389 1390
f 1389 1391 1390
f 1390 1391 1392
f 1391 1393 1392
f 1392 1393 1394
f 1393 1385 1394
f 1394 1385 1395
f 1385 1384 1395
f 1383 1382 1396
f 1382 1397 1396
f 1396 1397 1398
f 1399 1400 1401
f 1400 1402 1401
f 1401 1402 1403
f 1402 1398 1403
f 1403 1398 1404
f 1398 1397 1404
f 1400 1399 1405
f 1399 1406 1405
f 1405 1406 1407
f 1406 1408 1407
f 1407 1408 1409
f 1408 1410 1409
f 1409 1410 1411
f 1411 1410 1412
f 1410 1413 1412
f 1412 1413 1414
f 1413 1415 1414
f 1415 1416 1414
f 1414 1416 1417
f 1416 1418 1417
f 1417 1418 1419
f 1418 1420 1419
f 1419 1420 1421
f 1421 1420 1422
f 1420 1423 1422
f 1422 1423 1424
f 1423 1425 1424
f 1424 1425 1426
f 1425 1427 1426
f 1427 1428 1426
f 1426 1428 1429
f 1428 1430 1429
f 1429 1430 1431
f 1430 1432 1431
f 1431 1432 1433
f 1434 1435 1436
f 1435 1437 1436
f 1436 1437 1438
f 1437 1439 1438
f 1438 1439 1440
f 1433 1432 1441
f 1432 1442 1441
f 1441 1442 1443
f 1442 1444 1443
f 1443 1444 1434
f 1444 1445 1434
f 1434 1445 1435
f 1446 1447 1448
f 1447 1449 1448
f 1440 1439 1450
f 1439 1451 1450
f 1450 1451 1449
f 1451 1452 1449
f 1449 1452 1448
f 1453 1454 1455
f 1454 1456 1455
f 1455 1456 1457
f 1456 1458 1457
f 1457 1458 1459
f 1458 1460 1459
f 1459 1460 1461
f 1461 1460 1462
f 1460 1463 1462
f 1462 1463 1464
f 1464 1463 1465
f 1463 1466 1465
f 1465 1466 1467
f 1466 1468 1467
f 1467 1468 1469
f 1468 1470 1469
f 1470 1471 1469
f 1469 1471 1472
f 1471 1473 1472
f 1472 1473 1474
f 1473 1475 1474
f 1474 1475 1476
f 1475 1477 1476
f 1477 1478 1476
f 1476 1478 1479
f 1478 1480 1479
f 1479 1480 1481
f 1480 1482 1481
f 1481 1482 1483
f 1484 1485 1486
f 1485 1487 1486
f 1486 1487 1488
f 1487 1489 1488
f 1488 1489 1490
f 1483 1482 1491
f 1482 1492 1491
f 1491 1492 1493
f 1492 1494 1493
f 1493 1494 1484
f 1494 1495 1484
f 1484 1495 1485
f 1360 1359 1496
f 1359 1497 1496
f 1490 1489 1498
f 1489 1499 1498
f 1498 1499 1497
f 1499 1500 1497
f 1497 1500 1496
f 1501 1502 1503
f 1502 1504 1503
f 1505 1506 1507
f 1506 1508 1507
f 1507 1508 1509
f 1510 1511 1512
f 1511 1513 1512
f 1512 1513 1514
f 1513 1515 1514
f 1516 1517 1518
f 1517 1519 1518
f 1518 1519 1520
f 1519 1521 1520
f 1522 1523 1524
f 1523 1525 1524
f 1524 1525 1526
f 1525 1521 1526
f 1526 1521 1527
f 1521 1519 1527
f 1528 1529 1530
f 1528 1530 1531
f 1530 1532 1531
f 1531 1532 1533
f 1532 1534 1533
f 1533 1534 1535
f 1536 1537 1538
f 1536 1538 1539
f 1538 1540 1539
f 1539 1540 1541
f 1542 1543 1544
f 1543 1545 1544
f 1544 1545 1546
f 1545 1547 1546
f 1546 1547 1541
f 1547 1548 1541
f 1541 1548 1539
f 1549 1550 1551
f 1550 1552 1551
f 1551 1552 1553
f 1554 1555 1556
f 1555 1557 1556
f 1558 1559 1560
f 1559 1561 1560
f 1560 1561 1562
f 1563 1564 1565
f 1564 1566 1565
f 1565 1566 1567
f 1566 1568 1567
f 1567 1568 1569
f 1570 1571 1572
f 1571 1573 1572
f 1572 1573 1574
f 1574 1573 1575
f 1573 1576 1575
f 1575 1576 1577
f 1578 1579 1580
f 1579 1581 1580
f 1580 1581 1582
f 1581 1583 1582
f 1584 1585 1586
f 1585 1587 1586
f 1586 1587 1588
f 1589 1590 1591
f 1590 1592 1591
f 1593 1594 1595
f 1593 1595 1596
f 1595 1597 1596
f 1596 1597 1598
f 1599 1600 1601
f 1600 1602 1601
f 1601 1602 1603
f 1604 1605 1606
f 1606 1605 1607
f 1447 1446 1608
f 1446 1607 1608
f 1608 1607 1609
f 1607 1605 1609
f 1606 1610 1604
f 1610 1611 1604
f 1604 1611 1612
f 1611 1613 1612
f 1612 1613 1614
f 1613 1615 1614
f 1614 1615 1616
f 1615 1617 1616
f 1616 1617 1618
f 1617 1619 1618
f 1618 1619 1620
f 1620 1619 1621
f 1619 1622 1621
f 1621 1622 1623
f 1622 1624 1623
f 1624 1625 1623
f 1623 1625 1626
f 1625 1627 1626
f 1626 1627 1628
f 1627 1629 1628
f 1628 1629 1630
f 1629 1631 1630
f 1630 1631 1632
f 1631 1633 1632
f 1631 1634 1633
f 1634 1635 1633
f 1633 1635 1636
f 1635 1637 1636
f 1636 1637 1638
f 1637 1639 1638
f 1638 1639 1640
f 1639 1641 1640
f 1640 1641 1642
f 1642 1641 1643
f 1641 1644 1643
f 1643 1644 1645
f 1644 1646 1645
f 1645 1646 1647
f 1454 1453 1648
f 1453 1647 1648
f 1648 1647 1649
f 1647 1646 1649
f 1650 1651 1652
f 1651 1653 1652
f 1652 1653 1654
f 1653 1655 1654
f 1654 1655 1656
f 1657 1658 1659
f 1658 1660 1659
f 1661 1662 1663
f 1662 1659 1663
f 1663 1659 1664
f 1659 1660 1664
f 1664 1660 1665
f 1660 1666 1665
f 1667 1668 1669
f 1668 1670 1669
f 1671 1672 1673
f 1672 1674 1673
f 1673 1674 1675
f 1676 1677 1678
f 1677 1679 1678
f 1678 1679 1680
f 1681 1682 1683
f 1682 1684 1683
f 1685 1686 1687
f 1686 1688 1687
f 1687 1688 1689
f 1690 1691 1692
f 1691 1693 1692
f 1692 1693 1694
f 1695 1696 1697
f 1696 1698 1697
f 1699 1700 1701
f 1700 1702 1701
f 1701 1702 1703
f 1704 1705 1706
f 1705 1707 1706
f 1706 1707 1708
f 1709 1710 1711
f 1710 1712 1711
f 1713 1714 1715
f 1714 1716 1715
f 1717 1716 1718
f 1719 1720 1721
f 1720 1722 1721
f 1716 1717 1715
f 1717 1723 1715
f 1715 1723 1724
f 1723 1725 1724
f 1725 1726 1724
f 1724 1726 1727
f 1726 1728 1727
f 1727 1728 1729
f 1728 1730 1729
f 1730 1731 1729
f 1729 1731 1732
f 1731 1733 1732
f 1732 1733 1734
f 1733 1735 1734
f 1735 1736 1734
f 1734 1736 1737
f 1736 1738 1737
f 1737 1738 1739
f 1738 1740 1739
f 1741 1742 1743
f 1742 1744 1743
f 1743 1744 1745
f 1744 1746 1745
f 1745 1746 1740
f 1746 1747 1740
f 1740 1747 1739
f 1748 1749 1750
f 1749 1751 1750
f 1750 1751 1752
f 1751 1753 1752
f 1752 1753 1741
f 1753 1754 1741
f 1741 1754 1742
f 1750 1755 1748
f 1755 1756 1748
f 1748 1756 1757
f 1756 1758 1757
f 1757 1758 1759
f 1759 1758 1760
f 1758 1761 1760
f 1760 1761 1762
f 1761 1763 1762
f 1762 1763 1764
f 1764 1763 1765
f 1763 1766 1765
f 1765 1766 1767
f 1766 1768 1767
f 1767 1768 1769
f 1768 1770 1769
f 1769 1770 1771
f 1770 1772 1771
f 1771 1772 1773
f 1772 1774 1773
f 1773 1774 1722
f 1774 1775 1722
f 1775 1776 1722
f 1722 1776 1777
f 1777 1778 1722
f 1778 1779 1722
f 1722 1779 1780
f 1718 1721 1717
f 1721 1722 1717
f 1717 1722 1781
f 1722 1780 1781
f 1782 1783 1784
f 1783 1785 1784
f 1783 1786 1785
f 1786 1787 1785
f 1785 1787 1788
f 1787 1789 1788
f 1788 1789 1790
f 1790 1789 1791
f 1789 1792 1791
f 1791 1792 1793
f 1792 1794 1793
f 1793 1794 1795
f 1794 1796 1795
f 1795 1796 1797
f 1796 1798 1797
f 1797 1798 1799
f 1798 1800 1799
f 1800 1801 1799
f 1799 1801 1802
f 1801 1803 1802
f 1802 1803 1804
f 1803 1805 1804
f 1803 1806 1805
f 1806 1807 1805
f 1805 1807 1808
f 1807 1809 1808
f 1810 1811 1812
f 1811 1813 1812
f 1812 1813 1809
f 1813 1814 1809
f 1809 1814 1808
f 1811 1810 1815
f 1810 1816 1815
f 1815 1816 1817
f 1817 1816 1818
f 1816 1819 1818
f 1818 1819 1820
f 1819 1821 1820
f 1820 1821 1822
f 1821 1823 1822
f 1822 1823 1824
f 1823 1825 1824
f 1824 1825 1826
f 1825 1827 1826
f 1826 1827 1828
f 1827 1829 1828
f 1828 1829 1830
f 1829 1831 1830
f 1830 1831 1832
f 1832 1831 1833
f 1831 1834 1833
f 1833 1834 1835
f 1834 1836 1835
f 1836 1837 1835
f 1835 1837 1838
f 1837 1839 1838
f 1838 1839 1840
f 1841 1842 1843
f 1839 1844 1840
f 1844 1841 1840
f 1840 1841 1845
f 1841 1843 1845
f 1846 1847 1848
f 1847 1849 1848
f 1850 1851 1848
f 1851 1852 1848
f 1848 1852 1846
f 1853 1854 1855
f 1854 1856 1855
f 1855 1856 1857
f 1782 1784 1858
f 1784 1859 1858
f 1860 1861 1862
f 1863 1864 1865
f 1864 1866 1865
f 1865 1866 1867
f 1867 1868 1865
f 1868 1869 1865
f 1865 1869 1870
f 1871 1872 1873
f 1872 1874 1873
f 1873 1874 1875
f 1871 1876 1872
f 1876 1877 1872
f 1872 1877 1860
f 1878 1879 1860
f 1870 1880 1865
f 1880 1881 1865
f 1865 1881 1882
f 1881 1883 1882
f 1863 1865 1874
f 1865 1884 1874
f 1874 1884 1875
f 1885 1886 1860
f 1887 1888 1889
f 1888 1862 1889
f 1886 1890 1860
f 1890 1891 1860
f 1860 1891 1878
f 1879 1892 1860
f 1892 1893 1860
f 1860 1893 1872
f 1862 1888 1860
f 1888 1894 1860
f 1860 1894 1885
f 1895 1896 1842
f 1896 1843 1842
f 1897 1898 1899
f 1898 1900 1899
f 1899 1900 1901
f 1902 1903 1904
f 1903 1905 1904
f 1906 1907 1908
f 1909 1910 1911
f 1910 1912 1911
f 1911 1912 1913
f 1913 1914 1911
f 1914 1915 1911
f 1911 1915 1908
f 1915 1916 1908
f 1908 1916 1917
f 1917 1918 1908
f 1918 1919 1908
f 1908 1919 1920
f 1920 1921 1908
f 1921 1922 1908
f 1908 1922 1923
f 1923 1924 1908
f 1924 1925 1908
f 1908 1925 1906
f 1926 1927 1928
f 1927 1929 1928
f 1930 1931 1932
f 1931 1933 1932
f 1932 1933 1934
f 1933 1935 1934
f 1934 1935 1936
f 1935 1937 1936
f 1936 1937 1938
f 1937 1939 1938
f 1938 1939 1940
f 1939 1941 1940
f 1940 1941 1942
f 1941 1943 1942
f 1941 1944 1943
f 1944 1945 1943
f 1943 1945 1946
f 1945 1947 1946
f 1946 1947 1948
f 1947 1949 1948
f 1949 1950 1948
f 1948 1950 1951
f 1950 1952 1951
f 1951 1952 1953
f 1954 1955 1956
f 1955 1957 1956
f 1956 1957 1952
f 1957 1958 1952
f 1952 1958 1953
f 1954 1959 1955
f 1959 1928 1955
f 1955 1928 1929
f 1960 1961 1962
f 1960 1962 1963
f 1962 1964 1963
f 1964 1965 1963
f 1963 1965 1966
f 1965 1967 1966
f 1966 1967 1968
f 1967 1969 1968
f 1967 1970 1969
f 1970 1971 1969
f 1969 1971 1972
f 1971 1973 1972
f 1972 1973 1974
f 1974 1973 1975
f 1973 1976 1975
f 1975 1976 1977
f 1976 1978 1977
f 1977 1978 1979
f 1978 1980 1979
f 1979 1980 1981
f 1980 1931 1981
f 1981 1931 1930
f 1982 1983 1984
f 1985 1986 1987
f 1988 1989 1987
f 1989 1990 1987
f 1991 1992 1987
f 1992 1993 1987
f 1987 1993 1982
f 1986 1994 1987
f 1994 1995 1987
f 1987 1995 1996
f 1997 1998 1987
f 1998 1999 1987
f 1990 2000 1987
f 2000 2001 1987
f 1987 2001 1991
f 1982 1984 1987
f 1984 2002 1987
f 1987 2002 1985
f 1999 2003 1987
f 2003 2004 1987
f 1987 2004 1988
f 2005 2006 2007
f 2006 2008 2007
f 2009 2010 2011
f 2012 2011 2013
f 2011 2010 2013
f 2013 2010 2014
f 2010 2015 2014
f 2014 2015 2016
f 2015 2017 2016
f 2018 2016 2019
f 2016 2017 2019
f 2019 2017 2020
f 2017 2021 2020
f 2020 2021 2022
f 2021 2009 2022
f 2022 2009 2023
f 2009 2011 2023
f 2024 2025 2026
f 2025 2027 2026
f 2026 2027 2028
f 2029 2030 2031
f 2030 2032 2031
f 2033 2034 2035
f 2036 2037 2035
f 2037 2038 2035
f 2035 2038 2033
f 2039 2040 2041
f 2040 2042 2041
f 2041 2042 2043
f 2044 2045 2046
f 2045 2047 2046
f 2046 2047 2048
f 2047 2049 2048
f 2050 2051 2052
f 2051 2053 2052
f 2052 2053 2054
f 2055 2056 2057
f 2055 2057 2058
f 2057 2059 2058
f 2058 2059 2060
f 2061 2062 2063
f 2062 2064 2063
f 2063 2064 2065
f 2066 2067 2068
f 2067 2069 2068
f 2068 2069 2070
f 2071 2072 2073
f 2072 2074 2073
f 2075 2076 2077
f 2076 2078 2077
f 2077 2078 2079
f 2080 2081 2082
f 2081 2083 2082
f 2084 2085 2086
f 2085 2087 2086
f 2088 2089 2090
f 2089 2091 2090
f 2090 2091 2087
f 2091 2082 2087
f 2087 2082 2086
f 2082 2083 2086
f 2092 2093 2094
f 2093 2095 2094
f 2096 2097 2098
f 2097 2099 2098
f 2098 2099 2100
f 2101 2102 2103
f 2102 2104 2103
f 2103 2104 2105
f 2106 2107 2108
f 2107 2109 2108
f 2110 2111 2112
f 2111 2113 2112
f 2112 2113 2114
f 2115 2116 2117
f 2116 2118 2117
f 2117 2118 2119
f 2120 2121 2122
f 2121 2123 2122
f 2122 2123 2124
f 2125 2126 2127
f 2126 2128 2127
f 2129 2130 2131
f 2130 2132 2131
f 2131 2132 2133
f 2134 2135 2136
f 2135 2137 2136
f 2136 2137 2138
f 2139 2140 2141
f 2140 2142 2141
f 2141 2142 2143
f 2144 2145 2146
f 2145 2147 2146
f 2148 2149 2150
f 2151 2152 2153
f 2152 2154 2153
f 2153 2154 2155
f 2154 2156 2155
f 2154 2157 2156
f 2157 2158 2156
f 2156 2158 2159
f 2158 2148 2159
f 2159 2148 2160
f 2148 2150 2160
f 2161 2162 2163
f 2162 2164 2163
f 2163 2164 2165
f 2166 2167 2168
f 2167 2169 2168
f 2168 2169 2170
f 2171 2172 2173
f 2172 2174 2173
f 2173 2174 2175
f 2176 2177 2178
f 2177 2179 2178
f 2180 2181 2182
f 2181 2183 2182
f 2182 2183 2184
f 2185 2186 2187
f 2186 2188 2187
f 2187 2188 2189
f 2190 2191 2192
f 2191 2193 2192
f 2192 2193 2194
f 2195 2196 2197
f 2196 2198 2197
f 2197 2198 2199
f 2200 2201 2202
f 2201 2203 2202
f 2202 2203 2204
f 2205 2206 2207
f 2206 2208 2207
f 2209 2210 2211
f 2210 2212 2211
f 2213 2214 2215
f 2214 2216 2215
f 2215 2216 2217
f 2218 2219 2220
f 2219 2221 2220
f 2220 2221 2222
f 2223 2224 2225
f 2224 2226 2225
f 2227 2228 2229
f 2228 2230 2229
f 2229 2230 2231
f 2232 2233 2234
f 2233 2235 2234
f 2236 2237 2238
f 2237 2239 2238
f 2240 2241 2242
f 2241 2243 2242
f 2242 2243 2244
f 2245 2246 2247
f 2248 2249 2250
f 2251 2252 2253
f 2254 2255 2256
f 2256 2248 2254
f 2248 2250 2254
f 2254 2250 2253
f 2250 2245 2253
f 2253 2245 2251
f 2245 2247 2251
f 2257 2258 2259
f 2258 2260 2259
f 2259 2260 2261
f 2262 2263 2264
f 2263 2265 2264
f 2266 2267 2268
f 2267 2269 2268
f 2268 2269 2270
f 2271 2272 2273
f 2272 2274 2273
f 2273 2274 2275
f 2276 2277 2278
f 2278 2279 2276
f 2279 2280 2276
f 2276 2280 2281
f 2282 2283 2284
f 2283 2285 2284
f 2286 2287 2288
f 2287 2289 2288
f 2290 2291 2292
f 2291 2293 2292
f 2294 2295 2296
f 2295 2297 2296
f 2296 2297 2298
f 2299 2300 2301
f 2300 2302 2301
f 2301 2302 2303
f 2304 2305 2306
f 2304 2306 2307
f 2306 2308 2307
f 2307 2308 2309
f 2310 2311 2312
f 2311 2313 2312
f 2312 2313 2314

