# https://github.com/mikedh/trimesh
v 0.00196521 -0.01211744 0.05331309
v 0.00361010 -0.01266573 0.05346168
v 0.00251338 -0.01048584 0.05336388
v 0.00196523 -0.00939631 0.05331248
v 0.00141700 -0.00830662 0.05326108
v 0.00032045 -0.01156919 0.05315359
v -0.00385663 -0.00307632 0.05270489
v -0.00699949 -0.00460941 0.05232690
v -0.00230391 -0.00620010 0.05287873
v 0.00249943 -0.00782730 0.05336259
v 0.00092938 -0.00466796 0.05321384
v -0.00230225 -0.00231809 0.05287447
v -0.00064109 -0.00150777 0.05305570
v -0.00319996 0.01085089 0.05277942
v -0.00505301 0.00992447 0.05256525
v -0.00275004 0.00912928 0.05282963
v -0.00207099 0.01141532 0.05290264
v -0.00090368 0.01004565 0.05302839
v 0.00095084 0.01096608 0.05321593
v -0.00018736 0.01137751 0.05310230
v -0.00132447 0.01178854 0.05298413
v -0.00207108 0.00946626 0.05290272
v 0.00237262 0.00491181 0.05334583
v 0.00237219 0.00117682 0.05335090
v 0.00352562 0.00452434 0.05345432
v 0.00687267 0.00339952 0.05371989
v 0.00018331 0.00564756 0.05313983
v -0.00096984 0.00229814 0.05302148
v -0.00211966 -0.00104161 0.05289881
v 0.00572699 0.00784375 0.05363511
v 0.00385053 0.01152663 0.05348241
v 0.00388464 0.00690501 0.05348533
v 0.00294625 0.01106588 0.05340127
v 0.00294625 0.00642687 0.05340127
v 0.00200907 0.01058835 0.05331719
v 0.00204429 0.00596729 0.05332049
v 0.00016783 0.00965019 0.05313827
v 0.00758545 0.00482509 0.05376935
v 0.00879168 0.00238518 0.05384783
v 0.00938268 0.00269086 0.05388335
v 0.00938268 0.00422147 0.05388404
v 0.00998513 0.00300247 0.05391956
v 0.01117686 0.00361887 0.05398585
v -0.00858363 -0.00441014 0.05212041
v -0.00628670 -0.00328964 0.05241592
v -0.00801175 -0.00273320 0.05219646
v -0.00858282 -0.00254900 0.05211867
v -0.00968622 -0.00219309 0.05196841
v -0.01078277 -0.00548293 0.05180927
v 0.00196521 -0.01211744 0.05331309
v 0.00032045 -0.01156919 0.05315359
v 0.00032045 -0.01156919 0.05285358
v 0.00361010 -0.01266573 0.05316167
v 0.00361010 -0.01266573 0.05346168
v 0.00196521 -0.01211744 0.05301308
v 0.00124431 -0.01187714 0.05294318
v 0.00361010 -0.01266573 0.05346168
v 0.00361010 -0.01266573 0.05316167
v 0.00251338 -0.01048584 0.05336388
v 0.00251338 -0.01048584 0.05306386
v 0.00196523 -0.00939631 0.05331248
v 0.00141700 -0.00830662 0.05296108
v 0.00141700 -0.00830662 0.05326108
v 0.00032045 -0.01156919 0.05285358
v 0.00032045 -0.01156919 0.05315359
v 0.00124419 -0.00882079 0.05294414
v 0.00141700 -0.00830662 0.05326108
v 0.00141700 -0.00830662 0.05296108
v -0.00385663 -0.00307632 0.05240488
v -0.00699949 -0.00460941 0.05202689
v -0.00699949 -0.00460941 0.05232690
v -0.00064109 -0.00150777 0.05305570
v -0.00064109 -0.00150777 0.05275571
v -0.00230225 -0.00231809 0.05287447
v -0.00385663 -0.00307632 0.05270489
v -0.00230391 -0.00620010 0.05287873
v -0.00699949 -0.00460941 0.05232690
v -0.00699949 -0.00460941 0.05202689
v -0.00230391 -0.00620010 0.05257873
v 0.00124506 -0.00740237 0.05293622
v 0.00249943 -0.00782730 0.05336259
v 0.00249943 -0.00782730 0.05306258
v 0.00092938 -0.00466796 0.05321384
v 0.00249943 -0.00782730 0.05336259
v 0.00249943 -0.00782730 0.05306258
v -0.00064109 -0.00150777 0.05275571
v -0.00064109 -0.00150777 0.05305570
v 0.00092938 -0.00466796 0.05291384
v 0.00124420 -0.00530147 0.05294367
v -0.00505301 0.00992447 0.05226525
v -0.00505301 0.00992447 0.05256525
v -0.00319996 0.01085089 0.05247941
v -0.00319996 0.01085089 0.05277942
v -0.00132447 0.01178854 0.05268413
v -0.00207099 0.01141532 0.05290264
v -0.00132447 0.01178854 0.05298413
v -0.00505301 0.00992447 0.05226525
v -0.00275004 0.00912928 0.05252962
v -0.00505301 0.00992447 0.05256525
v -0.00275004 0.00912928 0.05282963
v 0.00095084 0.01096608 0.05291595
v 0.00095084 0.01096608 0.05321593
v -0.00090368 0.01004565 0.05272839
v -0.00090368 0.01004565 0.05302839
v -0.00275004 0.00912928 0.05252962
v -0.00207108 0.00946626 0.05290272
v -0.00275004 0.00912928 0.05282963
v -0.00132447 0.01178854 0.05268413
v -0.00132447 0.01178854 0.05298413
v -0.00018736 0.01137751 0.05280231
v -0.00018736 0.01137751 0.05310230
v 0.00095084 0.01096608 0.05291595
v 0.00095084 0.01096608 0.05321593
v 0.00687267 0.00339952 0.05341988
v 0.00687267 0.00339952 0.05371989
v 0.00237219 0.00117682 0.05305091
v 0.00237219 0.00117682 0.05335090
v 0.00124493 0.00062009 0.05293745
v -0.00211966 -0.00104161 0.05289881
v -0.00211966 -0.00104162 0.05259881
v 0.00018331 0.00564756 0.05283983
v 0.00018331 0.00564756 0.05313983
v 0.00124460 0.00529090 0.05293970
v 0.00237262 0.00491181 0.05334583
v 0.00352562 0.00452434 0.05315433
v 0.00352562 0.00452434 0.05345432
v 0.00687267 0.00339952 0.05341988
v 0.00687267 0.00339952 0.05371989
v -0.00211966 -0.00104162 0.05259881
v -0.00211966 -0.00104161 0.05289881
v -0.00096984 0.00229814 0.05272147
v -0.00096984 0.00229814 0.05302148
v 0.00018331 0.00564756 0.05283983
v 0.00018331 0.00564756 0.05313983
v 0.00016783 0.00965019 0.05283827
v 0.00016783 0.00965019 0.05313827
v 0.00124431 0.01019868 0.05294288
v 0.00200907 0.01058835 0.05331719
v 0.00200907 0.01058835 0.05301719
v 0.00294625 0.01106588 0.05340127
v 0.00385053 0.01152663 0.05318241
v 0.00385053 0.01152663 0.05348241
v 0.00204429 0.00596729 0.05302048
v 0.00204429 0.00596729 0.05332049
v 0.00124414 0.00753773 0.05294279
v 0.00016783 0.00965019 0.05313827
v 0.00016783 0.00965019 0.05283827
v 0.00388464 0.00690501 0.05318533
v 0.00572699 0.00784375 0.05333510
v 0.00572699 0.00784375 0.05363511
v 0.00204429 0.00596729 0.05332049
v 0.00204429 0.00596729 0.05302048
v 0.00294625 0.00642687 0.05340127
v 0.00388464 0.00690501 0.05348533
v 0.00572699 0.00784375 0.05333510
v 0.00385053 0.01152663 0.05318241
v 0.00572699 0.00784375 0.05363511
v 0.00385053 0.01152663 0.05348241
v 0.00758545 0.00482509 0.05346937
v 0.00758545 0.00482509 0.05376935
v 0.00938268 0.00422147 0.05358404
v 0.00938268 0.00422147 0.05388404
v 0.01117686 0.00361887 0.05368584
v 0.01117686 0.00361887 0.05398585
v 0.00758545 0.00482509 0.05346937
v 0.00879168 0.00238518 0.05354783
v 0.00758545 0.00482509 0.05376935
v 0.00879168 0.00238518 0.05384783
v 0.00998513 0.00300247 0.05361957
v 0.01117686 0.00361887 0.05368584
v 0.01117686 0.00361887 0.05398585
v 0.00879168 0.00238518 0.05384783
v 0.00879168 0.00238518 0.05354783
v 0.00938268 0.00269086 0.05388335
v 0.00998513 0.00300247 0.05391956
v -0.00628670 -0.00328964 0.05211594
v -0.00628670 -0.00328964 0.05241592
v -0.00858363 -0.00441014 0.05182041
v -0.00858363 -0.00441014 0.05212041
v -0.01078277 -0.00548293 0.05150928
v -0.01078277 -0.00548293 0.05180927
v -0.00801175 -0.00273320 0.05189644
v -0.00968622 -0.00219309 0.05166840
v -0.00968622 -0.00219309 0.05196841
v -0.00628670 -0.00328964 0.05241592
v -0.00628670 -0.00328964 0.05211594
v -0.00801175 -0.00273320 0.05219646
v -0.00858282 -0.00254900 0.05211867
v -0.00968622 -0.00219309 0.05166840
v -0.01078277 -0.00548293 0.05150928
v -0.00968622 -0.00219309 0.05196841
v -0.01078277 -0.00548293 0.05180927
v 0.00000052 -0.01644902 0.05282140
v 0.00000052 -0.01644902 0.05332140
v 0.00124442 -0.01636844 0.05294231
v 0.00215276 -0.01630959 0.05353060
v 0.00215276 -0.01630959 0.05303059
v 0.00219182 -0.01630185 0.05353406
v 0.00390019 -0.01596355 0.05318532
v 0.00390019 -0.01596355 0.05368532
v 0.00425371 -0.01589354 0.05321661
v 0.00425371 -0.01589354 0.05371661
v 0.00543182 -0.01553095 0.05331220
v 0.00543182 -0.01553095 0.05381220
v 0.00741425 -0.01468770 0.05345769
v 0.00741425 -0.01468770 0.05395769
v 0.00757826 -0.01459080 0.05346828
v 0.00757826 -0.01459080 0.05396828
v 0.00925956 -0.01359749 0.05357661
v 0.00925956 -0.01359749 0.05407661
v 0.01026366 -0.01285471 0.05363552
v 0.01026366 -0.01285471 0.05413552
v 0.01080039 -0.01236479 0.05366444
v 0.01080039 -0.01236479 0.05416444
v 0.01186500 -0.01139304 0.05372179
v 0.01186500 -0.01139304 0.05422179
v 0.01325095 -0.00974537 0.05378928
v 0.01325095 -0.00974537 0.05428928
v 0.01343687 -0.00947270 0.05379768
v 0.01343687 -0.00947270 0.05429768
v 0.01392731 -0.00875341 0.05381983
v 0.01392731 -0.00875341 0.05431983
v 0.01495558 -0.00685854 0.05386324
v 0.01495558 -0.00685854 0.05436324
v 0.01527633 -0.00601922 0.05387578
v 0.01527633 -0.00601922 0.05437578
v 0.01571601 -0.00486870 0.05389295
v 0.01571601 -0.00486870 0.05439295
v 0.01604788 -0.00362045 0.05390526
v 0.01604788 -0.00362045 0.05440527
v 0.01626599 -0.00222851 0.05391312
v 0.01626599 -0.00222851 0.05441312
v 0.01638232 -0.00148613 0.05391728
v 0.01638232 -0.00148613 0.05441728
v 0.01644954 0.00000000 0.05391965
v 0.01644954 0.00000000 0.05441965
v 0.00151627 0.01637930 0.05347059
v 0.00000052 0.01644922 0.05332139
v 0.00000052 0.01644922 0.05282139
v 0.00124427 0.01639184 0.05294382
v 0.00151627 0.01637930 0.05297059
v 0.00219199 0.01627219 0.05353220
v 0.00224671 0.01626352 0.05303718
v 0.01630935 0.00215810 0.05391469
v 0.01630935 0.00215810 0.05441469
v 0.01596348 0.00390051 0.05390214
v 0.01596348 0.00390051 0.05440214
v 0.01589174 0.00426193 0.05389953
v 0.01589174 0.00426193 0.05439953
v 0.01553103 0.00543260 0.05388592
v 0.01553103 0.00543260 0.05438592
v 0.01468591 0.00741840 0.05385222
v 0.01468591 0.00741840 0.05435222
v 0.01459145 0.00757816 0.05384814
v 0.01459145 0.00757816 0.05434814
v 0.01359380 0.00926534 0.05380498
v 0.01359380 0.00926534 0.05430498
v 0.01286276 0.01025388 0.05377103
v 0.01286276 0.01025388 0.05427103
v 0.01236507 0.01079992 0.05374608
v 0.01236507 0.01079992 0.05424608
v 0.01140188 0.01185668 0.05369778
v 0.01140188 0.01185668 0.05419778
v 0.00975626 0.01324296 0.05360623
v 0.00975626 0.01324296 0.05410623
v 0.00947350 0.01343612 0.05358910
v 0.00947350 0.01343612 0.05408910
v 0.00876830 0.01391785 0.05354636
v 0.00876830 0.01391785 0.05404636
v 0.00687594 0.01494746 0.05342013
v 0.00687594 0.01494746 0.05392013
v 0.00602541 0.01527376 0.05335544
v 0.00602541 0.01527376 0.05385542
v 0.00489091 0.01570901 0.05326912
v 0.00489091 0.01570901 0.05376912
v 0.00364948 0.01604117 0.05316508
v 0.00364948 0.01604117 0.05366508
v 0.00224671 0.01626352 0.05353718
v -0.01644850 0.00000000 0.05101601
v -0.01644850 0.00000000 0.05051601
v -0.01639229 0.00135873 0.05102759
v -0.01639229 0.00135873 0.05052760
v -0.01626371 0.00222671 0.05105379
v -0.01626371 0.00222671 0.05055379
v -0.01607899 0.00347366 0.05109144
v -0.01607899 0.00347366 0.05059142
v -0.01573760 0.00479460 0.05115958
v -0.01573760 0.00479460 0.05065958
v -0.01527991 0.00601121 0.05124793
v -0.01527991 0.00601121 0.05074793
v -0.01499163 0.00677753 0.05130358
v -0.01499163 0.00677753 0.05080358
v -0.01398174 0.00866515 0.05148853
v -0.01398174 0.00866515 0.05098853
v -0.01343709 0.00947235 0.05158346
v -0.01343709 0.00947235 0.05108346
v -0.01328446 0.00969857 0.05161008
v -0.01328446 0.00969857 0.05111008
v -0.01293336 0.01011893 0.05166780
v -0.01285421 0.01021369 0.05118081
v -0.01203717 0.01119191 0.05181516
v -0.01190399 0.01135136 0.05133706
v -0.00215909 0.01630882 0.05259453
v -0.00215909 0.01630882 0.05309453
v -0.00389692 0.01596368 0.05239918
v -0.00389692 0.01596368 0.05289918
v -0.00426313 0.01589095 0.05235801
v -0.00426313 0.01589095 0.05285801
v -0.00546598 0.01551881 0.05221589
v -0.00546598 0.01551881 0.05271589
v -0.00745103 0.01466871 0.05196932
v -0.00745103 0.01466871 0.05246932
v -0.00757520 0.01459490 0.05195275
v -0.00757520 0.01459490 0.05245275
v -0.00929683 0.01357144 0.05172294
v -0.00929683 0.01357144 0.05222294
v -0.01030711 0.01281920 0.05157935
v -0.01030711 0.01281920 0.05207935
v -0.01079855 0.01236747 0.05150478
v -0.01079855 0.01236747 0.05200478
v -0.01190399 0.01135136 0.05183706
v -0.00165293 -0.01636584 0.05314915
v -0.00165293 -0.01636584 0.05264915
v -0.00233058 -0.01625263 0.05307413
v -0.00233058 -0.01625263 0.05257413
v -0.00378304 -0.01600997 0.05291331
v -0.00378304 -0.01600997 0.05241331
v -0.00505806 -0.01565570 0.05276466
v -0.00505806 -0.01565570 0.05226466
v -0.00611916 -0.01523506 0.05263463
v -0.00611916 -0.01523506 0.05213463
v -0.00703904 -0.01487040 0.05252190
v -0.00703904 -0.01487040 0.05202190
v -0.00892134 -0.01381922 0.05227463
v -0.00892134 -0.01381922 0.05177463
v -0.00956230 -0.01337185 0.05218523
v -0.00956230 -0.01337185 0.05168523
v -0.00987751 -0.01315185 0.05214126
v -0.00987751 -0.01315185 0.05164124
v -0.01151045 -0.01175018 0.05189867
v -0.01151045 -0.01175018 0.05139867
v -0.01203382 -0.01116518 0.05181431
v -0.01243957 -0.01071166 0.05124892
v -0.01631026 -0.00214317 0.05054443
v -0.01631026 -0.00214317 0.05104442
v -0.01597190 -0.00386089 0.05061281
v -0.01597190 -0.00386089 0.05111281
v -0.01589923 -0.00422980 0.05062749
v -0.01589923 -0.00422980 0.05112749
v -0.01555208 -0.00536880 0.05069601
v -0.01555208 -0.00536880 0.05119601
v -0.01471885 -0.00735076 0.05085462
v -0.01471885 -0.00735076 0.05135464
v -0.01462833 -0.00750552 0.05087092
v -0.01462833 -0.00750552 0.05137090
v -0.01363826 -0.00919825 0.05104900
v -0.01363826 -0.00919825 0.05154900
v -0.01295727 -0.01013300 0.05116547
v -0.01295727 -0.01013300 0.05166547
v -0.01285778 -0.01024420 0.05118150
v -0.01293756 -0.01015503 0.05166865
v -0.01243957 -0.01071166 0.05174892
v 0.03944556 -0.03023363 -0.01650000
v 0.03945309 -0.03000058 -0.01650000
v 0.04327798 -0.02778499 -0.01650000
v 0.04072201 -0.03221501 -0.01650000
v 0.04026131 -0.03188568 -0.01650000
v 0.04453400 -0.03039928 -0.01650000
v 0.04446065 -0.03065909 -0.01650000
v 0.04436960 -0.03098152 -0.01650000
v 0.04373869 -0.02811433 -0.01650000
v 0.04380598 -0.02819292 -0.01650000
v 0.04413314 -0.02857502 -0.01650000
v 0.04420777 -0.02872430 -0.01650000
v 0.04441855 -0.02914592 -0.01650000
v 0.04446101 -0.02933977 -0.01650000
v 0.04455444 -0.02976637 -0.01650000
v 0.04454692 -0.02999942 -0.01650000
v 0.04420444 -0.03127292 -0.01650000
v 0.04405767 -0.03153186 -0.01650000
v 0.04379996 -0.03180052 -0.01650000
v 0.04361707 -0.03199120 -0.01650000
v 0.04327278 -0.03220575 -0.01650000
v 0.04077964 -0.03225621 -0.01650000
v 0.04133760 -0.03247379 -0.01650000
v 0.04307636 -0.03232814 -0.01650000
v 0.04265948 -0.03246411 -0.01650000
v 0.04250032 -0.03251603 -0.01650000
v 0.04200000 -0.03256484 -0.01650000
v 0.04137221 -0.03248729 -0.01650000
v 0.04019401 -0.03180708 -0.01650000
v 0.03986685 -0.03142498 -0.01650000
v 0.03979223 -0.03127570 -0.01650000
v 0.03958145 -0.03085409 -0.01650000
v 0.03953899 -0.03066023 -0.01650000
v 0.03946599 -0.02960072 -0.01650000
v 0.03953936 -0.02934091 -0.01650000
v 0.03963040 -0.02901848 -0.01650000
v 0.03979556 -0.02872709 -0.01650000
v 0.03994233 -0.02846814 -0.01650000
v 0.04020003 -0.02819948 -0.01650000
v 0.04038293 -0.02800881 -0.01650000
v 0.04072722 -0.02779426 -0.01650000
v 0.04322036 -0.02774379 -0.01650000
v 0.04266240 -0.02752621 -0.01650000
v 0.04092364 -0.02767185 -0.01650000
v 0.04134052 -0.02753588 -0.01650000
v 0.04149967 -0.02748397 -0.01650000
v 0.04200000 -0.02743516 -0.01650000
v 0.04262779 -0.02751272 -0.01650000
v 0.07126324 -0.04883098 -0.04008465
v 0.07124546 -0.04876737 -0.04007223
v 0.07214397 -0.04639115 -0.04010892
v 0.07059309 -0.04621598 -0.03942478
v 0.07220700 -0.04621589 -0.04009849
v 0.04685124 0.00067259 0.05306931
v 0.04685481 -0.00046272 0.05307094
v 0.04685831 0.00026426 0.05306966
v 0.04601596 -0.00982389 0.05321068
v 0.04610514 -0.00936947 0.05319710
v 0.04658798 0.00623449 0.05310967
v 0.04640520 -0.00784068 0.05315135
v 0.04658354 -0.00619609 0.05312253
v 0.04660483 0.00604650 0.05310644
v 0.04659270 -0.00611156 0.05312105
v 0.04586080 -0.01036549 0.05323093
v 0.04658673 0.00624835 0.05310990
v 0.04655677 0.00654486 0.05311556
v 0.04633518 0.00824477 0.05315491
v 0.04610065 0.00942718 0.05319144
v 0.04607345 0.00956430 0.05319568
v 0.04685078 -0.00129800 0.05307239
v 0.04677506 -0.00302246 0.05308756
v 0.04667118 -0.00538780 0.05310834
v 0.04672012 0.00460349 0.05308447
v 0.04676499 0.00385058 0.05307630
v 0.04681726 0.00263367 0.05306774
v 0.04665068 0.00553515 0.05309765
v -0.02225476 -0.00312059 0.04956896
v -0.02223184 -0.00336214 0.04957604
v -0.02168314 -0.00594144 0.04973485
v -0.02226407 -0.00302259 0.04956609
v -0.02223848 0.00311957 0.04957255
v -0.02225070 0.00304064 0.04956895
v -0.02237191 0.00225778 0.04953316
v -0.02248612 0.00005679 0.04949908
v -0.02247225 -0.00082936 0.04950185
v -0.02226407 -0.00302259 0.04956609
v -0.02168324 0.00591780 0.04973458
v -0.02202299 0.00451132 0.04963615
v -0.02223848 0.00311957 0.04957255
v -0.02115987 -0.00749159 0.04988470
v -0.02060733 -0.00896547 0.05003803
v -0.02159168 0.00623427 0.04976028
v 0.01755620 0.02151904 0.05445608
v 0.01716211 0.02155249 0.05444063
v 0.02162385 -0.02093470 0.05454349
v -0.01151045 -0.01175018 0.05189867
v -0.01203382 -0.01116518 0.05181431
v -0.01203560 -0.01878879 0.05181409
v -0.00987751 -0.01315185 0.05214126
v -0.01185796 -0.01889043 0.05184129
v -0.01169363 -0.01898447 0.05186646
v -0.00892134 -0.01381922 0.05227463
v -0.01022730 -0.01982351 0.05209109
v -0.00703904 -0.01487040 0.05252190
v -0.00919065 -0.02030246 0.05223766
v -0.00611916 -0.01523506 0.05263463
v -0.00694511 -0.02110282 0.05253201
v -0.00505806 -0.01565570 0.05276466
v -0.00681486 -0.02114925 0.05254909
v -0.00378304 -0.01600997 0.05291331
v -0.00445778 -0.02166834 0.05283443
v -0.00233058 -0.01625263 0.05307413
v -0.00219336 -0.02192107 0.05308850
v -0.00165293 -0.01636584 0.05314915
v -0.00177600 -0.02196765 0.05313535
v 0.00000052 -0.01644902 0.05332140
v -0.00956230 -0.01337185 0.05218523
v 0.00632957 0.02202849 0.05387023
v 0.00489091 0.01570901 0.05376912
v 0.00602541 0.01527376 0.05385542
v 0.01208594 0.02192215 0.05422141
v 0.00687594 0.01494746 0.05392013
v 0.01300820 0.02190511 0.05427769
v 0.00876830 0.01391785 0.05404636
v 0.00947350 0.01343612 0.05408910
v 0.00975626 0.01324296 0.05410623
v 0.01140188 0.01185668 0.05419778
v 0.01236507 0.01079992 0.05424608
v 0.01286276 0.01025388 0.05427103
v 0.01359380 0.00926534 0.05430498
v 0.01459145 0.00757816 0.05434814
v 0.01468591 0.00741840 0.05435222
v 0.01553103 0.00543260 0.05438592
v 0.01589174 0.00426193 0.05439953
v 0.01644954 0.00000000 0.05441965
v 0.01638232 -0.00148613 0.05441728
v 0.01716019 -0.02155841 0.05444218
v 0.01596348 0.00390051 0.05440214
v 0.01630935 0.00215810 0.05441469
v 0.01626599 -0.00222851 0.05441312
v 0.01604788 -0.00362045 0.05440527
v 0.01571601 -0.00486870 0.05439295
v 0.01527633 -0.00601922 0.05437578
v 0.01495558 -0.00685854 0.05436324
v 0.01392731 -0.00875341 0.05431983
v 0.01343687 -0.00947270 0.05429768
v 0.01325095 -0.00974537 0.05428928
v 0.01186500 -0.01139304 0.05422179
v 0.01080039 -0.01236479 0.05416444
v 0.01026366 -0.01285471 0.05413552
v 0.01410955 -0.02183678 0.05432625
v 0.00925956 -0.01359749 0.05407661
v 0.00757826 -0.01459080 0.05396828
v 0.01208590 -0.02191484 0.05422285
v 0.00741425 -0.01468770 0.05395769
v 0.00960450 -0.02201055 0.05409608
v 0.00543182 -0.01553095 0.05381220
v 0.00326827 -0.02206484 0.05361159
v 0.00425371 -0.01589354 0.05371661
v 0.00390019 -0.01596355 0.05368532
v 0.00256326 -0.02207088 0.05355769
v 0.00219182 -0.01630185 0.05353406
v 0.00219218 -0.02207406 0.05352931
v 0.00215276 -0.01630959 0.05353060
v 0.00190860 -0.02207649 0.05350762
v 0.00151408 -0.02206484 0.05346777
v -0.01190399 0.01135136 0.05183706
v -0.01079855 0.01236747 0.05200478
v -0.01203754 0.01880154 0.05181425
v -0.01030711 0.01281920 0.05207935
v -0.00929683 0.01357144 0.05222294
v 0.00000052 0.01644922 0.05332139
v 0.00151627 0.01637930 0.05347059
v 0.00219329 0.02206027 0.05352019
v 0.00219199 0.01627219 0.05353220
v 0.00256341 0.02205743 0.05355152
v 0.00224671 0.01626352 0.05353718
v 0.00364948 0.01604117 0.05366508
v 0.00089462 0.02207025 0.05341030
v -0.00219290 0.02191521 0.05308173
v -0.00215909 0.01630882 0.05309453
v -0.00255122 0.02189722 0.05304360
v -0.00389692 0.01596368 0.05289918
v -0.00540698 0.02149526 0.05272298
v -0.00426313 0.01589095 0.05285801
v -0.00694607 0.02107943 0.05253123
v -0.00546598 0.01551881 0.05271589
v -0.00767213 0.02088327 0.05244077
v -0.00745103 0.01466871 0.05246932
v -0.00998950 0.01993866 0.05212523
v -0.00757520 0.01459490 0.05245275
v -0.01167078 0.01900518 0.05186994
v -0.01169290 0.01899288 0.05186658
v -0.01616764 -0.01552809 0.05107465
v -0.01596185 -0.01571746 0.05111452
v -0.01293756 -0.01015503 0.05166865
v -0.01463162 -0.01694157 0.05137221
v -0.01293257 -0.01820398 0.05166794
v -0.01243957 -0.01071166 0.05174892
v -0.01589923 -0.00422980 0.05112749
v -0.01555208 -0.00536880 0.05119601
v -0.02055224 -0.00911244 0.05005332
v -0.01471885 -0.00735076 0.05135464
v -0.02041908 -0.00936935 0.05008755
v -0.01462833 -0.00750552 0.05137090
v -0.01935993 -0.01141297 0.05035976
v -0.01363826 -0.00919825 0.05154900
v -0.01858892 -0.01254185 0.05054224
v -0.01295727 -0.01013300 0.05166547
v -0.01789177 -0.01356259 0.05070722
v -0.01643273 -0.01522588 0.05101816
v -0.01597190 -0.00386089 0.05111281
v -0.01631026 -0.00214317 0.05104442
v -0.01644850 0.00000000 0.05101601
v -0.01639229 0.00135873 0.05102759
v -0.02061173 0.00895213 0.05003409
v -0.01626371 0.00222671 0.05105379
v -0.01607899 0.00347366 0.05109144
v -0.01573760 0.00479460 0.05115958
v -0.01527991 0.00601121 0.05124793
v -0.02057597 0.00904849 0.05004407
v -0.01499163 0.00677753 0.05130358
v -0.01469302 0.01688141 0.05135902
v -0.01582859 0.01581180 0.05113692
v -0.01293336 0.01011893 0.05166780
v -0.01426956 0.01723596 0.05143693
v -0.01203717 0.01119191 0.05181516
v -0.01222912 0.01869516 0.05178516
v -0.01293063 0.01819348 0.05166543
v -0.01643192 0.01524351 0.05101892
v -0.01650085 0.01517859 0.05100545
v -0.01328446 0.00969857 0.05161008
v -0.01817206 0.01318176 0.05063706
v -0.01343709 0.00947235 0.05158346
v -0.01854688 0.01261951 0.05054860
v -0.01398174 0.00866515 0.05148853
v -0.01938884 0.01135650 0.05034987
v -0.02038169 0.00942620 0.05009411
v -0.01251364 -0.01851526 0.05174085
v 0.01743271 -0.02153355 0.05445254
v 0.03677433 -0.01747125 0.05418397
v 0.03677989 0.01744565 0.05416327
v 0.03661087 -0.01752291 0.05419723
v 0.03382183 0.01829437 0.05436008
v 0.03151821 -0.01889112 0.05445615
v 0.03117890 0.01894649 0.05444774
v 0.03117788 -0.01898255 0.05447346
v 0.03099147 -0.01903263 0.05448295
v 0.03093650 0.01900630 0.05445579
v 0.02513912 -0.02029154 0.05455802
v 0.02808701 -0.01970694 0.05455035
v 0.02807088 0.01971337 0.05455086
v 0.02514435 0.02029246 0.05455843
v 0.02259731 -0.02079561 0.05456464
v 0.02262861 0.02079027 0.05456495
v 0.02162386 0.02093462 0.05454339
v 0.03973011 -0.01653705 0.05394443
v 0.04075848 -0.01607777 0.05384347
v 0.04555624 0.01114587 0.05327413
v 0.04156583 -0.01571720 0.05376421
v 0.04160461 -0.01569988 0.05376041
v 0.04297988 -0.01476763 0.05360938
v 0.04315547 -0.01459409 0.05358807
v 0.04404235 -0.01371759 0.05348045
v 0.04487256 -0.01254262 0.05337025
v 0.04501646 -0.01233895 0.05335114
v 0.04555615 -0.01114361 0.05327570
v 0.04586454 0.01033556 0.05322783
v 0.04574006 -0.01073629 0.05325001
v 0.04532404 0.01175618 0.05330900
v 0.04480628 0.01261833 0.05337955
v 0.04446640 0.01318428 0.05342586
v 0.04335235 0.01443333 0.05356293
v 0.04315586 0.01458496 0.05358484
v 0.04210943 0.01539248 0.05370159
v 0.04130950 0.01581202 0.05378446
v 0.04075669 0.01610195 0.05384173
v 0.04062553 0.01617074 0.05385532
v 0.03843750 0.01697006 0.05405298
v -0.02148973 0.00658664 0.04978889
v -0.02115999 0.00747501 0.04988096
v -0.02160789 -0.00619678 0.04975738
v -0.02147042 -0.00666322 0.04979851
v 0.03299995 -0.03720003 -0.01779981
v 0.03300000 -0.03850197 -0.01780001
v 0.03177307 -0.03825284 -0.01786666
v 0.03135489 -0.03859581 -0.01788677
v 0.04134052 -0.02753588 -0.01650000
v 0.04105545 -0.02761189 -0.01703540
v 0.04111994 -0.02758089 -0.01705029
v 0.04081893 -0.02772558 -0.01698082
v 0.04092364 -0.02767185 -0.01650000
v 0.04071532 -0.02777538 -0.01695691
v 0.04072722 -0.02779426 -0.01650000
v 0.04067435 -0.02779507 -0.01694745
v 0.04020003 -0.02819948 -0.01650000
v 0.04019324 -0.02817302 -0.01676508
v 0.04038293 -0.02800881 -0.01650000
v 0.04031620 -0.02807643 -0.01681169
v 0.04057382 -0.02787405 -0.01690934
v 0.03977952 -0.02871799 -0.01676082
v 0.03983188 -0.02862628 -0.01673009
v 0.03979556 -0.02872709 -0.01650000
v 0.03984959 -0.02859525 -0.01671969
v 0.03994233 -0.02846814 -0.01650000
v 0.03998322 -0.02840951 -0.01670805
v 0.04000049 -0.02839007 -0.01671274
v 0.04018377 -0.02818369 -0.01676251
v 0.03968331 -0.02888652 -0.01681729
v 0.03963040 -0.02901848 -0.01650000
v 0.03963169 -0.02903431 -0.01688187
v 0.03953936 -0.02934091 -0.01650000
v 0.03952566 -0.02933787 -0.01701450
v 0.03952400 -0.02934263 -0.01701658
v 0.03946599 -0.02960072 -0.01650000
v 0.03948175 -0.02946357 -0.01706942
v 0.03942439 -0.02999991 -0.01723013
v 0.03942311 -0.02997430 -0.01722725
v 0.03945309 -0.03000058 -0.01650000
v 0.03943402 -0.02987934 -0.01719790
v 0.03946369 -0.02962092 -0.01711805
v 0.03942975 -0.03010654 -0.01724215
v 0.03944556 -0.03023363 -0.01650000
v 0.03943957 -0.03030203 -0.01726419
v 0.03945715 -0.03042543 -0.01726494
v 0.03953899 -0.03066023 -0.01650000
v 0.03952637 -0.03066240 -0.01726393
v 0.03962786 -0.03100987 -0.01726245
v 0.03958145 -0.03085409 -0.01650000
v 0.03978454 -0.03127901 -0.01725645
v 0.03979223 -0.03127570 -0.01650000
v 0.03993743 -0.03154163 -0.01725059
v 0.03986685 -0.03142498 -0.01650000
v 0.03994966 -0.03156265 -0.01725012
v 0.04019401 -0.03180708 -0.01650000
v 0.04018959 -0.03181082 -0.01723900
v 0.04026131 -0.03188568 -0.01650000
v 0.04034292 -0.03196941 -0.01723189
v 0.04036700 -0.03199431 -0.01723078
v 0.04072201 -0.03221501 -0.01650000
v 0.04071775 -0.03222215 -0.01721311
v 0.04077964 -0.03225621 -0.01650000
v 0.04083862 -0.03230066 -0.01720702
v 0.04133760 -0.03247379 -0.01650000
v 0.04133474 -0.03248447 -0.01718110
v 0.04137794 -0.03250047 -0.01717885
v 0.04137221 -0.03248729 -0.01650000
v 0.04200000 -0.03257610 -0.01714499
v 0.04200000 -0.03256484 -0.01650000
v 0.04226279 -0.03256239 -0.01713007
v 0.04250032 -0.03251603 -0.01650000
v 0.04266283 -0.03247125 -0.01710618
v 0.04265948 -0.03246411 -0.01650000
v 0.04286804 -0.03242450 -0.01709393
v 0.04307636 -0.03232814 -0.01650000
v 0.04328093 -0.03221699 -0.01706667
v 0.04327278 -0.03220575 -0.01650000
v 0.04342288 -0.03214565 -0.01705730
v 0.04361707 -0.03199120 -0.01650000
v 0.04381961 -0.03181950 -0.01702720
v 0.04379996 -0.03180052 -0.01650000
v 0.04382575 -0.03181446 -0.01702673
v 0.04405767 -0.03153186 -0.01650000
v 0.04418987 -0.03135171 -0.01699360
v 0.04420555 -0.03131700 -0.01699162
v 0.04420444 -0.03127292 -0.01650000
v 0.04422083 -0.03128318 -0.01698969
v 0.04454692 -0.02999942 -0.01650000
v 0.04455897 -0.03000057 -0.01692738
v 0.04456647 -0.03017453 -0.01693316
v 0.04445997 -0.03075375 -0.01695955
v 0.04436960 -0.03098152 -0.01650000
v 0.04447642 -0.03066429 -0.01695547
v 0.04446065 -0.03065909 -0.01650000
v 0.04453400 -0.03039928 -0.01650000
v 0.04200001 -0.02742613 -0.01701730
v 0.04262448 -0.02750382 -0.01697362
v 0.04200000 -0.02743516 -0.01650000
v 0.04126783 -0.02753807 -0.01705438
v 0.04133522 -0.02751856 -0.01705625
v 0.04149967 -0.02748397 -0.01650000
v 0.04145732 -0.02748321 -0.01705962
v 0.04200000 -0.02742613 -0.01701731
v 0.04454204 -0.02960812 -0.01691435
v 0.04455444 -0.02976637 -0.01650000
v 0.04446559 -0.02933966 -0.01690944
v 0.04446101 -0.02933977 -0.01650000
v 0.04436755 -0.02899540 -0.01690313
v 0.04441855 -0.02914592 -0.01650000
v 0.04421503 -0.02872088 -0.01690304
v 0.04420777 -0.02872430 -0.01650000
v 0.04410369 -0.02852047 -0.01690296
v 0.04413314 -0.02857502 -0.01650000
v 0.04380744 -0.02819143 -0.01691152
v 0.04380598 -0.02819292 -0.01650000
v 0.04369032 -0.02806134 -0.01691490
v 0.04373869 -0.02811433 -0.01650000
v 0.04328144 -0.02777912 -0.01693480
v 0.04327798 -0.02778499 -0.01650000
v 0.04321024 -0.02772998 -0.01693826
v 0.04322036 -0.02774379 -0.01650000
v 0.04266420 -0.02751916 -0.01697122
v 0.04266240 -0.02752621 -0.01650000
v 0.04262779 -0.02751272 -0.01650000
v 0.04477136 -0.02166783 -0.01679630
v 0.04498655 -0.02121751 -0.01678803
v 0.04537745 -0.02566852 -0.01679258
v 0.03314507 -0.03849995 -0.01779230
v 0.03994966 -0.03156265 -0.01725012
v 0.03882099 -0.03847735 -0.01750781
v 0.03740317 -0.03848324 -0.01757490
v 0.03546884 -0.03479409 -0.01761943
v 0.03600228 -0.03848907 -0.01764118
v 0.03329032 -0.03849894 -0.01778457
v 0.04560120 -0.04118686 -0.01776483
v 0.04551847 -0.04110942 -0.01774642
v 0.04567111 -0.03913844 -0.01755166
v 0.04437641 -0.04025734 -0.01758576
v 0.04571809 -0.03776244 -0.01740848
v 0.04175160 -0.03892611 -0.01743844
v 0.04121488 -0.03877258 -0.01744044
v 0.04050983 -0.03649619 -0.01736406
v 0.04571684 -0.03628830 -0.01729940
v 0.04389717 -0.03989977 -0.01751835
v 0.04265187 -0.03933465 -0.01747197
v 0.04079231 -0.03872046 -0.01745233
v 0.04056053 -0.03869188 -0.01745886
v 0.04071775 -0.03222215 -0.01721311
v 0.04083862 -0.03230066 -0.01720702
v 0.04018959 -0.03181082 -0.01723900
v 0.04034292 -0.03196941 -0.01723189
v 0.04036700 -0.03199431 -0.01723078
v 0.04133474 -0.03248447 -0.01718110
v 0.04137794 -0.03250047 -0.01717885
v 0.04200000 -0.03257610 -0.01714499
v 0.04226279 -0.03256239 -0.01713007
v 0.04266283 -0.03247125 -0.01710618
v 0.04286804 -0.03242450 -0.01709393
v 0.04328093 -0.03221699 -0.01706667
v 0.04342288 -0.03214565 -0.01705730
v 0.04381961 -0.03181950 -0.01702720
v 0.04382575 -0.03181446 -0.01702673
v 0.04420555 -0.03131700 -0.01699162
v 0.04566829 -0.03122625 -0.01696230
v 0.04418987 -0.03135171 -0.01699360
v 0.04571343 -0.03225137 -0.01700068
v 0.04571357 -0.03242170 -0.01701329
v 0.04422083 -0.03128318 -0.01698969
v 0.04445997 -0.03075375 -0.01695955
v 0.04447642 -0.03066429 -0.01695547
v 0.04454204 -0.02960812 -0.01691435
v 0.04547000 -0.02672240 -0.01679365
v 0.04455897 -0.03000057 -0.01692738
v 0.04456647 -0.03017453 -0.01693316
v 0.04446559 -0.02933966 -0.01690944
v 0.04436755 -0.02899540 -0.01690313
v 0.04421503 -0.02872088 -0.01690304
v 0.04410369 -0.02852047 -0.01690296
v 0.04380744 -0.02819143 -0.01691152
v 0.04541981 -0.02615093 -0.01679307
v 0.04369032 -0.02806134 -0.01691490
v 0.04328144 -0.02777912 -0.01693480
v 0.04262448 -0.02750382 -0.01697362
v 0.04213625 -0.02639117 -0.01699608
v 0.04266420 -0.02751916 -0.01697122
v 0.04321024 -0.02772998 -0.01693826
v 0.04200001 -0.02742613 -0.01701730
v 0.04200000 -0.02742613 -0.01701731
v 0.04145732 -0.02748321 -0.01705962
v 0.04236489 -0.02602340 -0.01697468
v 0.04301603 -0.02497606 -0.01691375
v 0.04374994 -0.02359288 -0.01686464
v 0.03962786 -0.03100987 -0.01726245
v 0.03836070 -0.03157339 -0.01736603
v 0.03952637 -0.03066240 -0.01726393
v 0.03916427 -0.03062644 -0.01729018
v 0.03945715 -0.03042543 -0.01726494
v 0.03943957 -0.03030203 -0.01726419
v 0.03978454 -0.03127901 -0.01725645
v 0.03993743 -0.03154163 -0.01725059
v 0.03638653 -0.03389980 -0.01755238
v 0.04220781 -0.03994053 -0.01686597
v 0.04155155 -0.03965083 -0.01682145
v 0.04157111 -0.03960456 -0.01694321
v 0.03881595 -0.03889225 -0.01738808
v 0.03881628 -0.03887676 -0.01739601
v 0.03978176 -0.03891578 -0.01736354
v 0.04175160 -0.03892611 -0.01743844
v 0.04265187 -0.03933465 -0.01747197
v 0.04263811 -0.03939111 -0.01744229
v 0.04250559 -0.04007196 -0.01688616
v 0.04240346 -0.04002688 -0.01687924
v 0.04244705 -0.03992827 -0.01697999
v 0.03973864 -0.03922904 -0.01693217
v 0.03879868 -0.03917957 -0.01697682
v 0.03880540 -0.03911795 -0.01713687
v 0.04407890 -0.04093773 -0.01706544
v 0.04403329 -0.04090326 -0.01705627
v 0.04408508 -0.04082056 -0.01714084
v 0.04547731 -0.04199500 -0.01734672
v 0.04483168 -0.04137121 -0.01727866
v 0.04549298 -0.04195198 -0.01744016
v 0.04550205 -0.04192711 -0.01749420
v 0.04493800 -0.04117191 -0.01753798
v 0.04555958 -0.04182694 -0.01763510
v 0.04489370 -0.04124746 -0.01746388
v 0.04552053 -0.04189492 -0.01753946
v 0.04565715 -0.04169252 -0.01774980
v 0.04563917 -0.04171473 -0.01773764
v 0.04560310 -0.04176558 -0.01769117
v 0.04580993 -0.04151262 -0.01782243
v 0.04579159 -0.04153302 -0.01781783
v 0.04434247 -0.04032686 -0.01755779
v 0.04573777 -0.04159296 -0.01780430
v 0.04428442 -0.04042775 -0.01752827
v 0.04566877 -0.04167817 -0.01775766
v 0.04423128 -0.04052401 -0.01748045
v 0.04573497 -0.04131859 -0.01779735
v 0.04586535 -0.04145198 -0.01783257
v 0.04584695 -0.04147138 -0.01783173
v 0.04560120 -0.04118686 -0.01776483
v 0.04551847 -0.04110942 -0.01774642
v 0.04437641 -0.04025734 -0.01758576
v 0.04389717 -0.03989977 -0.01751835
v 0.03879668 -0.03918536 -0.01692921
v 0.03973425 -0.03924269 -0.01686440
v 0.03879457 -0.03919151 -0.01687862
v 0.03972301 -0.03931091 -0.01680559
v 0.03879164 -0.03920000 -0.01680886
v 0.04142660 -0.03959568 -0.01681298
v 0.04066630 -0.03936981 -0.01692952
v 0.04067977 -0.03932014 -0.01705232
v 0.03974823 -0.03918351 -0.01705972
v 0.03975881 -0.03911407 -0.01717730
v 0.04089061 -0.03944996 -0.01680149
v 0.04065264 -0.03942162 -0.01680232
v 0.04020277 -0.03936805 -0.01680390
v 0.03880673 -0.03909560 -0.01716873
v 0.03972301 -0.03931091 -0.01680559
v 0.04418408 -0.04061341 -0.01741599
v 0.04325908 -0.04040458 -0.01693727
v 0.04485803 -0.04131434 -0.01737699
v 0.04411035 -0.04076329 -0.01724438
v 0.04414356 -0.04069373 -0.01733672
v 0.04334159 -0.04020930 -0.01724935
v 0.04337755 -0.04012550 -0.01733359
v 0.04252401 -0.03971430 -0.01728478
v 0.04255865 -0.03961506 -0.01735683
v 0.04259692 -0.03950644 -0.01740990
v 0.04056053 -0.03869188 -0.01745886
v 0.03882086 -0.03856307 -0.01750489
v 0.03882086 -0.03856868 -0.01750470
v 0.04077559 -0.03880842 -0.01743589
v 0.04079231 -0.03872046 -0.01745233
v 0.04121488 -0.03877258 -0.01744044
v 0.03881894 -0.03875327 -0.01745922
v 0.03881919 -0.03874162 -0.01746518
v 0.03882038 -0.03861831 -0.01749336
v 0.03977009 -0.03902358 -0.01728043
v 0.03881131 -0.03901907 -0.01727781
v 0.03881484 -0.03892255 -0.01736173
v 0.04353456 -0.04052618 -0.01695596
v 0.04328817 -0.04033669 -0.01704322
v 0.04331160 -0.04028032 -0.01715176
v 0.04246771 -0.03987320 -0.01709327
v 0.04249353 -0.03980119 -0.01719583
v 0.04160951 -0.03947984 -0.01716902
v 0.04163394 -0.03939091 -0.01726279
v 0.04071350 -0.03915865 -0.01726331
v 0.04073301 -0.03905273 -0.01734274
v 0.04075384 -0.03893498 -0.01740084
v 0.03881766 -0.03881255 -0.01742887
v 0.04158843 -0.03955183 -0.01706135
v 0.04069562 -0.03924888 -0.01716490
v 0.07214397 -0.04639115 -0.04010892
v 0.07220700 -0.04621589 -0.04009849
v 0.07222013 -0.04620728 -0.04063756
v 0.07116093 -0.04914113 -0.04060182
v 0.07126324 -0.04883098 -0.04008465
v 0.07198420 -0.04686281 -0.04067009
v 0.07208207 -0.04659088 -0.04065659
v 0.07124546 -0.04876737 -0.04007223
v 0.07126324 -0.04883098 -0.04008465
v 0.07116093 -0.04914113 -0.04060182
v 0.07106845 -0.04881379 -0.04053996
v 0.07100307 -0.04858232 -0.04049621
v 0.07059309 -0.04621598 -0.03942478
v 0.07049790 -0.04659237 -0.03998252
v 0.07040016 -0.04620736 -0.03988313
v 0.07222013 -0.04620728 -0.04063756
v 0.07220700 -0.04621589 -0.04009849
v 0.07120339 -0.04620732 -0.04021609
v 0.07059309 -0.04621598 -0.03942478
v 0.07040016 -0.04620736 -0.03988313
v 0.03737890 -0.03920000 -0.01687225
v 0.03737042 -0.03920000 -0.01687267
v 0.03737602 -0.03918949 -0.01699232
v 0.03596647 -0.03920000 -0.01694219
v 0.03600212 -0.03856437 -0.01763817
v 0.03740292 -0.03856802 -0.01756842
v 0.03740182 -0.03869690 -0.01754356
v 0.03600160 -0.03861121 -0.01762793
v 0.03600204 -0.03857223 -0.01763645
v 0.03599667 -0.03887262 -0.01753182
v 0.03599802 -0.03881964 -0.01755818
v 0.03739959 -0.03881861 -0.01749517
v 0.03599995 -0.03874429 -0.01759568
v 0.03600023 -0.03873302 -0.01760129
v 0.03739636 -0.03892798 -0.01742588
v 0.03599451 -0.03892774 -0.01748972
v 0.03599631 -0.03888659 -0.01752486
v 0.03599196 -0.03898607 -0.01743990
v 0.03739225 -0.03902237 -0.01733799
v 0.03599060 -0.03901714 -0.01741336
v 0.03598619 -0.03907835 -0.01732733
v 0.03738738 -0.03909921 -0.01723393
v 0.03598484 -0.03909706 -0.01730103
v 0.03738189 -0.03915579 -0.01711713
v 0.03597974 -0.03914426 -0.01720136
v 0.03598347 -0.03911624 -0.01727407
v 0.03598484 -0.03909706 -0.01730103
v 0.03597251 -0.03918523 -0.01706020
v 0.03597305 -0.03918390 -0.01707074
v 0.03597515 -0.03917877 -0.01711178
v 0.03881595 -0.03889225 -0.01738808
v 0.03881484 -0.03892255 -0.01736173
v 0.03880673 -0.03909560 -0.01716873
v 0.03880540 -0.03911795 -0.01713687
v 0.03879457 -0.03919151 -0.01687862
v 0.03460976 -0.03920000 -0.01701319
v 0.03325312 -0.03920000 -0.01708556
v 0.03325799 -0.03919397 -0.01717710
v 0.03597305 -0.03918390 -0.01707074
v 0.03325989 -0.03918486 -0.01721281
v 0.03325990 -0.03918484 -0.01721290
v 0.03326648 -0.03915330 -0.01733660
v 0.03327356 -0.03908246 -0.01746960
v 0.03326689 -0.03914918 -0.01734435
v 0.03326689 -0.03914926 -0.01734418
v 0.03327357 -0.03908233 -0.01746987
v 0.03327444 -0.03907367 -0.01748612
v 0.03327946 -0.03898957 -0.01758042
v 0.03327947 -0.03898930 -0.01758072
v 0.03328094 -0.03896464 -0.01760838
v 0.03328416 -0.03887571 -0.01766874
v 0.03328417 -0.03887528 -0.01766902
v 0.03328633 -0.03881573 -0.01770944
v 0.03328759 -0.03875059 -0.01773321
v 0.03328760 -0.03875005 -0.01773341
v 0.03328932 -0.03866157 -0.01776570
v 0.03328957 -0.03862053 -0.01777046
v 0.03328958 -0.03861989 -0.01777054
v 0.03600204 -0.03857223 -0.01763645
v 0.03139282 -0.03916182 -0.01758518
v 0.03139232 -0.03914800 -0.01760080
v 0.03138644 -0.03901092 -0.01773772
v 0.03138570 -0.03899818 -0.01774670
v 0.03136995 -0.03876552 -0.01786339
v 0.03136551 -0.03871555 -0.01787028
v 0.03136283 -0.03868530 -0.01787444
v 0.03135490 -0.03859602 -0.01788674
v 0.03137567 -0.03884383 -0.01783283
v 0.03137567 -0.03884372 -0.01783287
v 0.03137044 -0.03877222 -0.01786078
v 0.03138095 -0.03891595 -0.01780468
v 0.03138211 -0.03893604 -0.01779051
v 0.03138393 -0.03896743 -0.01776838
v 0.03137656 -0.03885600 -0.01782808
v 0.03328417 -0.03887528 -0.01766902
v 0.03139056 -0.03909921 -0.01765601
v 0.03138991 -0.03908148 -0.01767608
v 0.03138982 -0.03907881 -0.01767909
v 0.03138891 -0.03905359 -0.01770763
v 0.03139278 -0.03917060 -0.01756897
v 0.03139277 -0.03917273 -0.01756505
v 0.03139248 -0.03923766 -0.01744530
v 0.03139247 -0.03923775 -0.01744494
v 0.03139248 -0.03923766 -0.01744530
v 0.03139255 -0.03922138 -0.01747530
v 0.03139262 -0.03920654 -0.01750268
v 0.03139247 -0.03923775 -0.01744494
v 0.03139103 -0.03925252 -0.01738687
v 0.03139063 -0.03925661 -0.01737081
v 0.03231489 -0.03922200 -0.01713709
v 0.03138386 -0.03928772 -0.01718795
v 0.03138435 -0.03928701 -0.01719765
v 0.03138820 -0.03928141 -0.01727336
v 0.03138920 -0.03927112 -0.01731378
v 0.03084211 -0.03870933 -0.01774645
v 0.03090460 -0.03870783 -0.01778499
v 0.03093289 -0.03880067 -0.01777211
v 0.03063720 -0.03837126 -0.01732668
v 0.03060833 -0.03848343 -0.01737043
v 0.03060932 -0.03848644 -0.01728968
v 0.03062117 -0.03869551 -0.01743787
v 0.03061450 -0.03869484 -0.01740261
v 0.03060230 -0.03859168 -0.01739456
v 0.03070889 -0.03838005 -0.01757869
v 0.03072950 -0.03838318 -0.01760847
v 0.03071352 -0.03849437 -0.01763954
v 0.03072604 -0.03889114 -0.01750746
v 0.03076197 -0.03889438 -0.01756491
v 0.03081007 -0.03898013 -0.01753597
v 0.03096482 -0.03912781 -0.01751026
v 0.03101152 -0.03912492 -0.01755934
v 0.03107395 -0.03918331 -0.01750968
v 0.03102435 -0.03922550 -0.01728708
v 0.03099625 -0.03921367 -0.01722507
v 0.03092479 -0.03916973 -0.01728803
v 0.03107677 -0.03826037 -0.01775152
v 0.03105867 -0.03830018 -0.01777324
v 0.03098948 -0.03829796 -0.01774477
v 0.03138570 -0.03899818 -0.01774670
v 0.03138644 -0.03901092 -0.01773772
v 0.03131687 -0.03904208 -0.01772754
v 0.03138982 -0.03907881 -0.01767909
v 0.03138991 -0.03908148 -0.01767608
v 0.03137171 -0.03909151 -0.01767505
v 0.03139277 -0.03917273 -0.01756505
v 0.03139262 -0.03920654 -0.01750268
v 0.03137161 -0.03921872 -0.01749698
v 0.03063096 -0.03849415 -0.01718766
v 0.03062188 -0.03849236 -0.01720425
v 0.03060858 -0.03859723 -0.01723640
v 0.03064051 -0.03841694 -0.01718766
v 0.03065507 -0.03838031 -0.01718766
v 0.03064247 -0.03837501 -0.01724175
v 0.03068962 -0.03829339 -0.01718766
v 0.03087734 -0.03804706 -0.01718780
v 0.03078576 -0.03814398 -0.01733472
v 0.03077947 -0.03814112 -0.01725200
v 0.03078567 -0.03814335 -0.01718766
v 0.03081190 -0.03810765 -0.01718766
v 0.03084210 -0.03807969 -0.01718772
v 0.03076134 -0.03817646 -0.01718766
v 0.03069419 -0.03825657 -0.01725915
v 0.03070635 -0.03825130 -0.01718766
v 0.03061863 -0.03859385 -0.01718766
v 0.03061459 -0.03869567 -0.01725156
v 0.03063228 -0.03869638 -0.01718766
v 0.03063572 -0.03878697 -0.01725247
v 0.03064215 -0.03877054 -0.01718766
v 0.03066859 -0.03887055 -0.01724114
v 0.03068018 -0.03886369 -0.01718766
v 0.03070954 -0.03893558 -0.01718766
v 0.03071068 -0.03894591 -0.01721895
v 0.03071327 -0.03894056 -0.01718766
v 0.03076494 -0.03902659 -0.01725512
v 0.03076548 -0.03901023 -0.01718766
v 0.03075506 -0.03899633 -0.01718766
v 0.03085156 -0.03910620 -0.01718766
v 0.03082010 -0.03908116 -0.01718766
v 0.03082299 -0.03908759 -0.01721202
v 0.03081642 -0.03907824 -0.01718766
v 0.03095587 -0.03918926 -0.01718766
v 0.03089765 -0.03914291 -0.01718766
v 0.03083754 -0.03910229 -0.01727747
v 0.03098479 -0.03920208 -0.01718766
v 0.03103386 -0.03922382 -0.01718766
v 0.03113569 -0.03926597 -0.01727239
v 0.03121399 -0.03927700 -0.01718766
v 0.03111884 -0.03926148 -0.01718766
v 0.03109390 -0.03925043 -0.01718766
v 0.03138386 -0.03928772 -0.01718795
v 0.03131872 -0.03929054 -0.01718754
v 0.03130064 -0.03928473 -0.01729204
v 0.03138920 -0.03927112 -0.01731378
v 0.03138820 -0.03928141 -0.01727336
v 0.03138435 -0.03928701 -0.01719765
v 0.03139255 -0.03922138 -0.01747530
v 0.03139248 -0.03923766 -0.01744530
v 0.03131590 -0.03924018 -0.01746458
v 0.03139247 -0.03923775 -0.01744494
v 0.03139056 -0.03909921 -0.01765601
v 0.03139232 -0.03914800 -0.01760080
v 0.03136481 -0.03916155 -0.01759379
v 0.03139282 -0.03916182 -0.01758518
v 0.03139278 -0.03917060 -0.01756897
v 0.03138891 -0.03905359 -0.01770763
v 0.03129680 -0.03888943 -0.01782330
v 0.03137656 -0.03885600 -0.01782808
v 0.03138095 -0.03891595 -0.01780468
v 0.03137567 -0.03884372 -0.01783287
v 0.03137567 -0.03884383 -0.01783283
v 0.03125634 -0.03881789 -0.01785052
v 0.03122214 -0.03874029 -0.01786896
v 0.03136283 -0.03868530 -0.01787444
v 0.03136551 -0.03871555 -0.01787028
v 0.03133945 -0.03878558 -0.01785986
v 0.03119580 -0.03865754 -0.01787824
v 0.03135490 -0.03859602 -0.01788674
v 0.03127709 -0.03849973 -0.01787754
v 0.03129441 -0.03852057 -0.01788361
v 0.03117906 -0.03857046 -0.01787770
v 0.03135489 -0.03859581 -0.01788677
v 0.03117372 -0.03847987 -0.01786643
v 0.03124257 -0.03845821 -0.01786544
v 0.03103273 -0.03840342 -0.01781213
v 0.03118255 -0.03838606 -0.01784219
v 0.03118284 -0.03838640 -0.01784241
v 0.03096179 -0.03840420 -0.01778557
v 0.03102270 -0.03850388 -0.01783553
v 0.03118767 -0.03839216 -0.01784619
v 0.03109206 -0.03827810 -0.01777136
v 0.03110522 -0.03829380 -0.01778167
v 0.03110894 -0.03829824 -0.01778458
v 0.03092441 -0.03829275 -0.01770869
v 0.03101370 -0.03818722 -0.01766964
v 0.03103172 -0.03820812 -0.01769303
v 0.03097469 -0.03818251 -0.01764508
v 0.03099150 -0.03816238 -0.01762811
v 0.03100845 -0.03818114 -0.01766284
v 0.03096545 -0.03813356 -0.01757475
v 0.03091935 -0.03817388 -0.01759761
v 0.03094177 -0.03810735 -0.01752622
v 0.03087155 -0.03816492 -0.01754261
v 0.03092929 -0.03809440 -0.01748147
v 0.03085090 -0.03816058 -0.01751235
v 0.03090704 -0.03807131 -0.01740171
v 0.03089130 -0.03805698 -0.01731238
v 0.03089231 -0.03805770 -0.01732140
v 0.03080370 -0.03814928 -0.01741091
v 0.03089745 -0.03806136 -0.01736732
v 0.03081684 -0.03815268 -0.01744647
v 0.03083261 -0.03815647 -0.01748029
v 0.03129478 -0.03929019 -0.01718766
v 0.03125971 -0.03928749 -0.01723926
v 0.03117366 -0.03926854 -0.01732854
v 0.03123030 -0.03927967 -0.01718766
v 0.03105815 -0.03923243 -0.01734585
v 0.03095338 -0.03917969 -0.01734881
v 0.03085950 -0.03911380 -0.01734033
v 0.03077829 -0.03903814 -0.01732085
v 0.03071319 -0.03895598 -0.01728873
v 0.03139063 -0.03925661 -0.01737081
v 0.03134580 -0.03927538 -0.01733893
v 0.03121656 -0.03926514 -0.01737978
v 0.03109740 -0.03923420 -0.01740067
v 0.03098801 -0.03918542 -0.01740637
v 0.03088836 -0.03912201 -0.01740033
v 0.03079970 -0.03904728 -0.01738371
v 0.03072502 -0.03896442 -0.01735544
v 0.03066869 -0.03887662 -0.01731283
v 0.03090976 -0.03889352 -0.01771135
v 0.03085454 -0.03889615 -0.01766715
v 0.03081514 -0.03880524 -0.01768917
v 0.03076494 -0.03880407 -0.01763994
v 0.03073448 -0.03870580 -0.01765232
v 0.03069120 -0.03870251 -0.01759719
v 0.03069393 -0.03860015 -0.01762552
v 0.03095391 -0.03905687 -0.01760173
v 0.03086426 -0.03905793 -0.01750001
v 0.03090130 -0.03898030 -0.01763770
v 0.03080505 -0.03889623 -0.01761823
v 0.03072159 -0.03880156 -0.01758588
v 0.03068595 -0.03879839 -0.01752727
v 0.03070061 -0.03825689 -0.01738251
v 0.03070862 -0.03825843 -0.01742056
v 0.03066177 -0.03837280 -0.01747974
v 0.03067490 -0.03837477 -0.01751429
v 0.03065503 -0.03848710 -0.01754941
v 0.03067221 -0.03848927 -0.01758096
v 0.03067364 -0.03859809 -0.01759651
v 0.03065557 -0.03859617 -0.01756610
v 0.03063983 -0.03859450 -0.01753435
v 0.03064033 -0.03848531 -0.01751640
v 0.03062823 -0.03848398 -0.01748195
v 0.03065136 -0.03837140 -0.01744367
v 0.03064375 -0.03837064 -0.01740611
v 0.03069550 -0.03825603 -0.01734290
v 0.03064103 -0.03879192 -0.01739744
v 0.03065884 -0.03879504 -0.01746437
v 0.03067869 -0.03888206 -0.01738122
v 0.03069804 -0.03888694 -0.01744616
v 0.03074556 -0.03897132 -0.01741899
v 0.03063040 -0.03869649 -0.01747205
v 0.03060770 -0.03859169 -0.01743135
v 0.03061581 -0.03859220 -0.01746693
v 0.03061216 -0.03848298 -0.01740893
v 0.03059982 -0.03859331 -0.01731759
v 0.03060912 -0.03869453 -0.01732901
v 0.03063316 -0.03878923 -0.01732672
v 0.03065622 -0.03869920 -0.01753701
v 0.03062655 -0.03859316 -0.01750128
v 0.03061881 -0.03848318 -0.01744612
v 0.03063901 -0.03837058 -0.01736710
v 0.03063488 -0.03846248 -0.01718766
v 0.03070297 -0.03825980 -0.01718766
v 0.03117818 -0.03884366 -0.01783463
v 0.03106943 -0.03878130 -0.01783265
v 0.03110449 -0.03886344 -0.01781248
v 0.03099906 -0.03879327 -0.01780530
v 0.03103511 -0.03887788 -0.01778434
v 0.03097175 -0.03870290 -0.01781759
v 0.03104293 -0.03869353 -0.01784408
v 0.03095507 -0.03860746 -0.01781969
v 0.03088726 -0.03860986 -0.01778739
v 0.03082420 -0.03860910 -0.01774875
v 0.03076686 -0.03860624 -0.01770393
v 0.03102673 -0.03860083 -0.01784557
v 0.03088317 -0.03850746 -0.01777714
v 0.03073740 -0.03849709 -0.01766651
v 0.03075235 -0.03838648 -0.01763661
v 0.03076323 -0.03849975 -0.01769189
v 0.03077728 -0.03838985 -0.01766309
v 0.03082017 -0.03850446 -0.01773781
v 0.03083278 -0.03839629 -0.01771092
v 0.03089472 -0.03840144 -0.01775179
v 0.03073303 -0.03826331 -0.01749186
v 0.03074922 -0.03826648 -0.01752505
v 0.03076792 -0.03827002 -0.01755655
v 0.03078899 -0.03827380 -0.01758634
v 0.03081227 -0.03827776 -0.01761439
v 0.03086487 -0.03828567 -0.01766518
v 0.03071946 -0.03826060 -0.01745702
v 0.03069065 -0.03837721 -0.01754728
v 0.03069175 -0.03849173 -0.01761102
v 0.03071632 -0.03860227 -0.01765311
v 0.03124687 -0.03906851 -0.01770566
v 0.03112729 -0.03902698 -0.01772016
v 0.03114655 -0.03893924 -0.01778440
v 0.03119432 -0.03900788 -0.01774881
v 0.03121932 -0.03891717 -0.01780703
v 0.03126588 -0.03898362 -0.01777136
v 0.03134213 -0.03895396 -0.01778744
v 0.03138211 -0.03893604 -0.01779051
v 0.03138393 -0.03896743 -0.01776838
v 0.03139103 -0.03925252 -0.01738687
v 0.03126409 -0.03925568 -0.01742534
v 0.03119107 -0.03922159 -0.01749579
v 0.03114181 -0.03923062 -0.01745086
v 0.03102832 -0.03918669 -0.01746018
v 0.03092362 -0.03912676 -0.01745710
v 0.03082856 -0.03905392 -0.01744352
v 0.03130291 -0.03918702 -0.01756767
v 0.03123972 -0.03914358 -0.01762712
v 0.03117994 -0.03916188 -0.01759365
v 0.03112001 -0.03910619 -0.01764342
v 0.03130370 -0.03912012 -0.01765437
v 0.03118123 -0.03908983 -0.01767750
v 0.03106476 -0.03904126 -0.01768580
v 0.03097010 -0.03888767 -0.01775052
v 0.03087137 -0.03880438 -0.01773332
v 0.03078510 -0.03870835 -0.01770216
v 0.03124488 -0.03920705 -0.01753488
v 0.03112459 -0.03917509 -0.01755434
v 0.03106336 -0.03911781 -0.01760388
v 0.03100688 -0.03905109 -0.01764619
v 0.13200000 -0.05120001 0.00000000
v 0.13199590 -0.05120001 -0.00060000
v 0.13197380 -0.04958852 0.00000000
v 0.13193750 -0.04958972 -0.00060000
v 0.13197271 -0.04951677 0.00000000
v 0.13190351 -0.04865213 -0.00060000
v 0.13185230 -0.04866163 0.00000000
v 0.13189090 -0.04830538 -0.00060000
v 0.13156281 -0.04660476 0.00000000
v 0.13162790 -0.04659543 -0.00060000
v 0.13134281 -0.04504188 0.00000000
v 0.13149820 -0.04575242 -0.00060000
v 0.13126160 -0.04477415 0.00000000
v 0.12953791 -0.03910001 -0.00060000
v 0.12954221 -0.03910001 0.00000000
v 0.13086071 -0.04328311 -0.00060019
v 0.13086620 -0.04346936 0.00000000
v 0.13090531 -0.04345596 -0.00060017
v 0.13124620 -0.04477637 -0.00060007
v 0.12778711 -0.03910000 0.01194753
v 0.12775130 -0.03910000 0.01204452
v 0.12907180 -0.04345431 0.01244503
v 0.12895531 -0.03910001 0.00695859
v 0.12880201 -0.03910000 0.00761316
v 0.13018750 -0.04345431 0.00787340
v 0.13184301 -0.05120001 0.00371717
v 0.13186121 -0.05120001 0.00328746
v 0.13185241 -0.04958849 0.00328629
v 0.13126160 -0.04477415 0.00000000
v 0.13086620 -0.04346936 0.00000000
v 0.13079590 -0.04345431 0.00320711
v 0.12284510 -0.04345431 0.02505189
v 0.12241730 -0.04179091 0.02474442
v 0.12199990 -0.04184912 0.02535285
v 0.12034880 -0.04129128 0.02714389
v 0.12087551 -0.04345431 0.02758581
v 0.12054680 -0.04143176 0.02697889
v 0.12116471 -0.04172313 0.02636990
v 0.12446740 -0.04004176 0.02047966
v 0.12444101 -0.04009335 0.02055809
v 0.12537841 -0.04345431 0.02108622
v 0.12409871 -0.04076264 0.02157576
v 0.12345530 -0.04138931 0.02299771
v 0.12300560 -0.04159699 0.02378508
v 0.12265860 -0.04175725 0.02439262
v 0.12746241 -0.04345431 0.01686703
v 0.12617470 -0.03910000 0.01631809
v 0.12601361 -0.03910000 0.01675471
v 0.12458400 -0.03950488 0.01992996
v 0.12459761 -0.03909997 0.01965675
v 0.12954221 -0.03910001 0.00000000
v 0.12950040 -0.03910001 0.00186379
v 0.12936831 -0.03910001 0.00309827
v 0.13134281 -0.04504188 0.00000000
v 0.13154190 -0.04659052 0.00326301
v 0.13156281 -0.04660476 0.00000000
v 0.13185230 -0.04866163 0.00000000
v 0.13197271 -0.04951677 0.00000000
v 0.13197380 -0.04958852 0.00000000
v 0.13200000 -0.05120001 0.00000000
v 0.12168700 -0.04958850 0.02826680
v 0.12170600 -0.05120001 0.02828266
v 0.12231180 -0.05120001 0.02754460
v 0.12370530 -0.04958849 0.02567036
v 0.12168700 -0.04958421 0.02826674
v 0.12345240 -0.04659052 0.02548857
v 0.12144831 -0.04659055 0.02806646
v 0.12144831 -0.04659055 0.02806646
v 0.12345240 -0.04659052 0.02548857
v 0.12144790 -0.04658602 0.02806615
v 0.13059200 -0.05120001 0.01104300
v 0.13123030 -0.05120001 0.00806739
v 0.13122901 -0.04958849 0.00806778
v 0.13137230 -0.05120001 0.00740574
v 0.12843410 -0.05120001 0.01728306
v 0.12950730 -0.05120001 0.01459952
v 0.13008580 -0.04958849 0.01275227
v 0.13007201 -0.05120001 0.01274801
v 0.12631340 -0.05120001 0.02161324
v 0.12645820 -0.05120001 0.02137696
v 0.12630120 -0.04958849 0.02160680
v 0.12812580 -0.05120001 0.01805395
v 0.12369590 -0.05120001 0.02566309
v 0.12451490 -0.05120001 0.02454971
v 0.12603000 -0.04659052 0.02145378
v 0.12815021 -0.04659052 0.01716103
v 0.12843660 -0.04958849 0.01728343
v 0.13092290 -0.04659052 0.00801064
v 0.12978780 -0.04659052 0.01266196
v 0.12259360 -0.03664900 0.02186457
v 0.12200000 -0.03657367 0.02274753
v 0.12345530 -0.04138931 0.02299771
v 0.12386300 -0.03738191 0.02005963
v 0.12337191 -0.03698132 0.02072877
v 0.12317511 -0.03689731 0.02101586
v 0.12459761 -0.03909997 0.01965675
v 0.12456560 -0.03878671 0.01952982
v 0.12450811 -0.03852141 0.01948338
v 0.12441990 -0.03825419 0.01949751
v 0.12430671 -0.03800302 0.01957077
v 0.12414770 -0.03773443 0.01972190
v 0.12036370 -0.03712145 0.02522045
v 0.11982480 -0.03767621 0.02610713
v 0.12241730 -0.04179091 0.02474442
v 0.11960411 -0.03804609 0.02651902
v 0.11939940 -0.03979442 0.02751307
v 0.11952571 -0.04019808 0.02755949
v 0.11983471 -0.04019832 0.02720303
v 0.11972551 -0.04059384 0.02752291
v 0.11938391 -0.03869848 0.02704592
v 0.11933620 -0.03909994 0.02727301
v 0.11933631 -0.03932805 0.02737291
v 0.11998771 -0.04094969 0.02739635
v 0.12034880 -0.04129128 0.02714389
v 0.12054680 -0.04143176 0.02697889
v 0.12116471 -0.04172313 0.02636990
v 0.12199990 -0.04184912 0.02535285
v 0.12300560 -0.04159699 0.02378508
v 0.12143891 -0.03666496 0.02358618
v 0.12265860 -0.04175725 0.02439262
v 0.12110051 -0.03672000 0.02409186
v 0.12037641 -0.03710835 0.02519953
v 0.04653533 -0.04644542 -0.01482637
v 0.04643976 -0.04586081 -0.01480636
v 0.04664636 -0.04585996 -0.01535696
v 0.04576637 -0.04229741 -0.01747847
v 0.04516825 -0.04228257 -0.01590587
v 0.04636868 -0.04292753 -0.01775298
v 0.04658462 -0.04315347 -0.01785141
v 0.04611531 -0.04397347 -0.01555417
v 0.04715947 -0.04388355 -0.01830116
v 0.04724157 -0.04398780 -0.01836539
v 0.04764344 -0.04449820 -0.01867982
v 0.04798767 -0.04585996 -0.01857345
v 0.04767554 -0.04454377 -0.01871831
v 0.04788585 -0.04484238 -0.01897054
v 0.04407890 -0.04093773 -0.01706544
v 0.04386258 -0.04088978 -0.01639074
v 0.04250559 -0.04007196 -0.01688616
v 0.04325908 -0.04040458 -0.01693727
v 0.04353456 -0.04052618 -0.01695596
v 0.04403329 -0.04090326 -0.01705627
v 0.03993694 -0.03938485 -0.01480016
v 0.04020277 -0.03936805 -0.01680390
v 0.04065264 -0.03942162 -0.01680232
v 0.04093645 -0.03968513 -0.01480000
v 0.04089061 -0.03944996 -0.01680149
v 0.04136677 -0.03981441 -0.01479993
v 0.03956317 -0.03934124 -0.01480012
v 0.03954752 -0.03933941 -0.01480012
v 0.03972301 -0.03931091 -0.01680559
v 0.03837826 -0.03920298 -0.01480001
v 0.03815063 -0.03920000 -0.01480000
v 0.04446023 -0.04197667 -0.01479977
v 0.04410950 -0.04156783 -0.01479984
v 0.04142660 -0.03959568 -0.01681298
v 0.04155155 -0.03965083 -0.01682145
v 0.04151949 -0.03989223 -0.01479993
v 0.04220781 -0.03994053 -0.01686597
v 0.04223145 -0.04025504 -0.01479993
v 0.04240346 -0.04002688 -0.01687924
v 0.04280332 -0.04054644 -0.01479993
v 0.04327963 -0.04091890 -0.01479989
v 0.04341568 -0.04102527 -0.01479989
v 0.04532828 -0.04309266 -0.01479967
v 0.04516354 -0.04279651 -0.01479963
v 0.04474312 -0.04230642 -0.01479971
v 0.04582361 -0.04398309 -0.01479981
v 0.04641356 -0.04570050 -0.01480087
v 0.04598987 -0.04434557 -0.01479994
v 0.04594445 -0.04420030 -0.01479984
v 0.04852812 -0.04719999 -0.01939243
v 0.04809019 -0.04720001 -0.01852586
v 0.04675232 -0.04720001 -0.01531761
v 0.04657461 -0.04720001 -0.01483026
v 0.04854211 -0.04577419 -0.01975761
v 0.04860180 -0.04586010 -0.01984445
v 0.04872052 -0.04603100 -0.02001718
v 0.04941896 -0.04719999 -0.02115526
v 0.04763201 -0.04419481 -0.01878696
v 0.04796712 -0.04469674 -0.01910688
v 0.04792395 -0.04477884 -0.01903010
v 0.04731594 -0.04363482 -0.01854490
v 0.04727490 -0.04368980 -0.01850025
v 0.04649374 -0.04270141 -0.01803202
v 0.04863626 -0.04552657 -0.01990097
v 0.04865216 -0.04555330 -0.01992331
v 0.04862247 -0.04560367 -0.01988886
v 0.04636868 -0.04292753 -0.01775298
v 0.04639355 -0.04287935 -0.01781446
v 0.04576637 -0.04229741 -0.01747847
v 0.04767554 -0.04454377 -0.01871831
v 0.04719412 -0.04384295 -0.01833034
v 0.04724157 -0.04398780 -0.01836539
v 0.04715947 -0.04388355 -0.01830116
v 0.04788585 -0.04484238 -0.01897054
v 0.04790886 -0.04481826 -0.01898782
v 0.04807095 -0.04452855 -0.01924890
v 0.04774871 -0.04405061 -0.01888853
v 0.04805789 -0.04450549 -0.01923384
v 0.04777931 -0.04401366 -0.01891251
v 0.04741416 -0.04352557 -0.01861098
v 0.04773561 -0.04393649 -0.01886209
v 0.04776895 -0.04399537 -0.01890055
v 0.04667189 -0.04249627 -0.01815326
v 0.04739849 -0.04343604 -0.01862547
v 0.04743428 -0.04348917 -0.01865060
v 0.04669495 -0.04242397 -0.01816306
v 0.04671701 -0.04244981 -0.01817184
v 0.04679836 -0.04254512 -0.01820425
v 0.04658455 -0.04229461 -0.01811908
v 0.04836178 -0.04504199 -0.01958437
v 0.04832789 -0.04511692 -0.01951276
v 0.04802611 -0.04461329 -0.01917038
v 0.04770555 -0.04409813 -0.01886039
v 0.04563917 -0.04171473 -0.01773764
v 0.04565715 -0.04169252 -0.01774980
v 0.04654664 -0.04263329 -0.01808520
v 0.04566877 -0.04167817 -0.01775766
v 0.04660673 -0.04256421 -0.01812587
v 0.04573777 -0.04159296 -0.01780430
v 0.04736272 -0.04357971 -0.01858199
v 0.04641628 -0.04282624 -0.01789425
v 0.04644990 -0.04276637 -0.01796762
v 0.04724056 -0.04374352 -0.01844883
v 0.04721350 -0.04379490 -0.01839176
v 0.04857267 -0.04568813 -0.01983110
v 0.04858676 -0.04566423 -0.01984745
v 0.04858839 -0.04566147 -0.01984933
v 0.04550205 -0.04192711 -0.01749420
v 0.04552053 -0.04189492 -0.01753946
v 0.04555958 -0.04182694 -0.01763510
v 0.04560310 -0.04176558 -0.01769117
v 0.04133522 -0.02751856 -0.01705625
v 0.04126783 -0.02753807 -0.01705438
v 0.04227533 -0.02596891 -0.01696612
v 0.03943402 -0.02987934 -0.01719790
v 0.03896953 -0.03047768 -0.01725340
v 0.03886175 -0.03039817 -0.01719069
v 0.03836070 -0.03157339 -0.01736603
v 0.03541024 -0.03473786 -0.01761967
v 0.03942975 -0.03010654 -0.01724215
v 0.03907897 -0.03056089 -0.01728551
v 0.03942439 -0.02999991 -0.01723013
v 0.03942311 -0.02997430 -0.01722725
v 0.03876354 -0.03032839 -0.01709946
v 0.03948175 -0.02946357 -0.01706942
v 0.03946369 -0.02962092 -0.01711805
v 0.03868235 -0.03027383 -0.01698425
v 0.03952566 -0.02933787 -0.01701450
v 0.03952400 -0.02934263 -0.01701658
v 0.03862249 -0.03023716 -0.01685407
v 0.03968331 -0.02888652 -0.01681729
v 0.03963169 -0.02903431 -0.01688187
v 0.04000049 -0.02839007 -0.01671274
v 0.03998322 -0.02840951 -0.01670805
v 0.04173913 -0.02567168 -0.01640105
v 0.03858184 -0.03021559 -0.01671846
v 0.03984959 -0.02859525 -0.01671969
v 0.03983188 -0.02862628 -0.01673009
v 0.03977952 -0.02871799 -0.01676082
v 0.04031620 -0.02807643 -0.01681169
v 0.04019324 -0.02817302 -0.01676508
v 0.04178468 -0.02569169 -0.01653478
v 0.04018377 -0.02818369 -0.01676251
v 0.04184792 -0.02572313 -0.01666554
v 0.04193468 -0.02576990 -0.01678110
v 0.04057382 -0.02787405 -0.01690934
v 0.04081893 -0.02772558 -0.01698082
v 0.04071532 -0.02777538 -0.01695691
v 0.04067435 -0.02779507 -0.01694745
v 0.04111994 -0.02758089 -0.01705029
v 0.04105545 -0.02761189 -0.01703540
v 0.04215677 -0.02589776 -0.01693469
v 0.04204034 -0.02582970 -0.01687234
v 0.04213625 -0.02639117 -0.01699608
v 0.04498115 -0.02109498 -0.01678275
v 0.04502945 -0.02111759 -0.01678688
v 0.04491578 -0.02106437 -0.01677715
v 0.04366951 -0.02354972 -0.01684961
v 0.04486856 -0.02104227 -0.01677311
v 0.04171029 -0.02566127 -0.01627900
v 0.04322613 -0.02307600 -0.01614752
v 0.03897864 -0.02969289 -0.01655117
v 0.04104169 -0.02674484 -0.01634017
v 0.04124681 -0.02645173 -0.01631919
v 0.03648266 -0.03271116 -0.01679550
v 0.03696100 -0.03213272 -0.01674867
v 0.03855554 -0.03020451 -0.01659259
v 0.03089130 -0.03805698 -0.01731238
v 0.03087734 -0.03804706 -0.01718780
v 0.03219101 -0.03689192 -0.01711008
v 0.03378870 -0.03548702 -0.01701557
v 0.03492515 -0.03431602 -0.01692273
v 0.03496507 -0.03434476 -0.01705279
v 0.04436072 -0.02081170 -0.01608775
v 0.04436781 -0.02081390 -0.01618766
v 0.04437429 -0.02081666 -0.01621317
v 0.04437916 -0.02081873 -0.01623235
v 0.04440887 -0.02083135 -0.01634925
v 0.04441114 -0.02083232 -0.01635822
v 0.04441786 -0.02083533 -0.01637104
v 0.03512579 -0.03447303 -0.01743221
v 0.03100845 -0.03818114 -0.01766284
v 0.03099150 -0.03816238 -0.01762811
v 0.03089130 -0.03805698 -0.01731238
v 0.03089231 -0.03805770 -0.01732140
v 0.03499810 -0.03436668 -0.01718760
v 0.03505240 -0.03440990 -0.01731728
v 0.03096545 -0.03813356 -0.01757475
v 0.03094177 -0.03810735 -0.01752622
v 0.03092929 -0.03809440 -0.01748147
v 0.03090704 -0.03807131 -0.01740171
v 0.03089745 -0.03806136 -0.01736732
v 0.03118284 -0.03838640 -0.01784241
v 0.03118255 -0.03838606 -0.01784219
v 0.03521439 -0.03455296 -0.01752354
v 0.03118284 -0.03838640 -0.01784241
v 0.03521439 -0.03455296 -0.01752354
v 0.03118767 -0.03839216 -0.01784619
v 0.03531155 -0.03464347 -0.01758672
v 0.03124257 -0.03845821 -0.01786544
v 0.04479240 -0.02100685 -0.01674476
v 0.04478672 -0.02100421 -0.01674265
v 0.04472377 -0.02097494 -0.01671922
v 0.04448247 -0.02086426 -0.01649441
v 0.04448917 -0.02086726 -0.01650720
v 0.04456299 -0.02090093 -0.01659247
v 0.04459339 -0.02091480 -0.01662758
v 0.03107677 -0.03826037 -0.01775152
v 0.03103172 -0.03820812 -0.01769303
v 0.03101370 -0.03818722 -0.01766964
v 0.03118255 -0.03838606 -0.01784219
v 0.03110894 -0.03829824 -0.01778458
v 0.03110522 -0.03829380 -0.01778167
v 0.03109206 -0.03827810 -0.01777136
v 0.04842861 -0.01848227 -0.01795672
v 0.04868313 -0.01843375 -0.01821500
v 0.04936396 -0.02525488 -0.01791684
v 0.04980265 -0.02606957 -0.01826742
v 0.04980757 -0.03210138 -0.01846406
v 0.04948436 -0.03214315 -0.01809198
v 0.04670002 -0.02555120 -0.01682921
v 0.04549203 -0.01997763 -0.01680697
v 0.04556628 -0.01977816 -0.01682132
v 0.04695534 -0.03234364 -0.01709441
v 0.04566829 -0.03122625 -0.01696230
v 0.04541981 -0.02615093 -0.01679307
v 0.04571684 -0.03628830 -0.01729940
v 0.04680372 -0.03909279 -0.01770105
v 0.04573497 -0.04131859 -0.01779735
v 0.04739849 -0.04343604 -0.01862547
v 0.04751844 -0.04238730 -0.01845934
v 0.04669495 -0.04242397 -0.01816306
v 0.04826423 -0.03902057 -0.01821053
v 0.04910558 -0.04152501 -0.01937077
v 0.04980900 -0.03385153 -0.01852111
v 0.04934310 -0.03893401 -0.01908388
v 0.04868261 -0.03899649 -0.01844799
v 0.04931883 -0.03919878 -0.01911320
v 0.04805789 -0.04450549 -0.01923384
v 0.04789377 -0.02543268 -0.01711069
v 0.04630608 -0.01878099 -0.01695613
v 0.04603568 -0.01881314 -0.01690958
v 0.04592044 -0.01882684 -0.01688975
v 0.04972940 -0.02528958 -0.01830270
v 0.04892052 -0.02531414 -0.01760068
v 0.04972102 -0.02520034 -0.01830673
v 0.04907847 -0.01835838 -0.01861616
v 0.04842948 -0.02537341 -0.01733103
v 0.04905702 -0.03218325 -0.01780998
v 0.04808237 -0.03226344 -0.01736592
v 0.04781205 -0.03904463 -0.01800623
v 0.04658455 -0.04229461 -0.01811908
v 0.04980772 -0.03228090 -0.01846991
v 0.04638217 -0.01877118 -0.01698084
v 0.04682457 -0.01871417 -0.01712452
v 0.04723881 -0.01866079 -0.01725906
v 0.04726251 -0.01865773 -0.01726675
v 0.04741616 -0.01863793 -0.01731666
v 0.04766629 -0.01860000 -0.01746935
v 0.04776613 -0.01858486 -0.01753030
v 0.04826355 -0.01850943 -0.01783396
v 0.04837417 -0.01849265 -0.01790149
v 0.12129410 -0.03668365 -0.02380308
v 0.12306791 -0.04158118 -0.02368804
v 0.12262581 -0.04175491 -0.02443397
v 0.12071090 -0.03689238 -0.02468192
v 0.12255240 -0.04178376 -0.02455787
v 0.12011970 -0.03733059 -0.02560918
v 0.12169580 -0.04183504 -0.02574825
v 0.12096390 -0.04165002 -0.02658225
v 0.12044620 -0.04136399 -0.02706502
v 0.12006740 -0.04103719 -0.02734730
v 0.11978981 -0.04069424 -0.02749838
v 0.11933631 -0.03909992 -0.02727306
v 0.11941690 -0.03855333 -0.02694685
v 0.11936310 -0.03960372 -0.02746665
v 0.11945851 -0.04001303 -0.02754808
v 0.11960080 -0.04036806 -0.02755566
v 0.11964780 -0.03796094 -0.02643268
v 0.12136320 -0.03665889 -0.02369886
v 0.12146991 -0.03662069 -0.02353802
v 0.12237360 -0.03660552 -0.02219061
v 0.12322300 -0.03689409 -0.02094127
v 0.12376690 -0.03728730 -0.02018455
v 0.12408440 -0.03764447 -0.01979178
v 0.12386531 -0.04032935 -0.02169484
v 0.12420150 -0.03782657 -0.01967202
v 0.12426790 -0.03792977 -0.01960414
v 0.12439840 -0.03819972 -0.01950836
v 0.12449431 -0.03847177 -0.01948184
v 0.12455941 -0.03874970 -0.01952051
v 0.12328720 -0.04149502 -0.02331813
v 0.12394671 -0.04095257 -0.02194739
v 0.12459540 -0.03905196 -0.01963274
v 0.12459771 -0.03909993 -0.01965682
v 0.12459990 -0.03922566 -0.01972841
v 0.12456511 -0.03964144 -0.02004995
v 0.12440661 -0.04020593 -0.02069206
v 0.12919690 -0.03910001 -0.00534533
v 0.12921511 -0.03910001 -0.00509179
v 0.13059220 -0.04345431 -0.00526118
v 0.12823070 -0.03910001 -0.01035584
v 0.12827890 -0.03910001 -0.01010591
v 0.12962590 -0.04345431 -0.01044299
v 0.12665760 -0.03910001 -0.01521010
v 0.12673620 -0.03910001 -0.01496759
v 0.12803170 -0.04345431 -0.01546727
v 0.11857690 -0.03910001 -0.02812131
v 0.11874810 -0.03909999 -0.02793017
v 0.11976680 -0.04345431 -0.02885556
v 0.11489850 -0.03910001 -0.03165796
v 0.11508340 -0.03910001 -0.03148018
v 0.11598970 -0.04345431 -0.03253230
v 0.11081430 -0.03910001 -0.03471695
v 0.11101990 -0.03910001 -0.03456294
v 0.11179040 -0.04345431 -0.03571824
v 0.10638581 -0.03910001 -0.03725212
v 0.10660910 -0.03910001 -0.03712429
v 0.10723210 -0.04345431 -0.03836535
v 0.10167990 -0.03910001 -0.03922522
v 0.10191751 -0.03910001 -0.03912558
v 0.10238380 -0.04345431 -0.04043369
v 0.09676757 -0.03910001 -0.04060649
v 0.09701603 -0.03910001 -0.04053663
v 0.09731838 -0.04345431 -0.04189205
v 0.09172298 -0.03910001 -0.04137507
v 0.09197853 -0.03910001 -0.04133614
v 0.09211242 -0.04345431 -0.04271842
v 0.08662223 -0.03910001 -0.04151938
v 0.08688099 -0.03910001 -0.04151206
v 0.08684443 -0.04345431 -0.04290035
v 0.08154224 -0.03910001 -0.04103723
v 0.08180036 -0.03910001 -0.04106173
v 0.08159387 -0.04345431 -0.04243509
v 0.06293435 -0.03910000 -0.03312809
v 0.06315165 -0.03910000 -0.03327241
v 0.06232128 -0.04345431 -0.03438574
v 0.13166811 -0.05120001 -0.00539408
v 0.13164371 -0.04958849 -0.00539107
v 0.13133460 -0.04659052 -0.00535289
v 0.13162790 -0.04659543 -0.00060000
v 0.12306791 -0.04158118 -0.02368804
v 0.12328720 -0.04149502 -0.02331813
v 0.12583361 -0.04345431 -0.02025820
v 0.12394671 -0.04095257 -0.02194739
v 0.12462001 -0.03909993 -0.01960857
v 0.11933631 -0.03909992 -0.02727306
v 0.12044620 -0.04136399 -0.02706502
v 0.12096390 -0.04165002 -0.02658225
v 0.12169580 -0.04183504 -0.02574825
v 0.12306470 -0.04345431 -0.02474352
v 0.12255240 -0.04178376 -0.02455787
v 0.12262581 -0.04175491 -0.02443397
v 0.05796110 -0.04345847 -0.03063339
v 0.05842680 -0.04214847 -0.03053645
v 0.05829953 -0.04345431 -0.03097834
v 0.05862307 -0.04147180 -0.03042734
v 0.05904885 -0.04000382 -0.03019066
v 0.05697915 -0.04596155 -0.03056000
v 0.05704127 -0.04580911 -0.03057098
v 0.05778183 -0.04659052 -0.03151832
v 0.05770072 -0.04419093 -0.03068759
v 0.05773065 -0.04410673 -0.03068136
v 0.05756630 -0.04958849 -0.03174313
v 0.05540002 -0.04924177 -0.02949171
v 0.05543920 -0.04916456 -0.02952433
v 0.05619445 -0.04767632 -0.03015326
v 0.05627386 -0.04750279 -0.03019441
v 0.05669047 -0.04659237 -0.03041037
v 0.05520521 -0.04958669 -0.02927874
v 0.05754928 -0.05120001 -0.03176088
v 0.05429404 -0.05120001 -0.02828266
v 0.07146044 -0.04345431 -0.03960074
v 0.07643996 -0.04345431 -0.04132966
v 0.07222013 -0.04620728 -0.04063756
v 0.07208207 -0.04659088 -0.04065659
v 0.07623846 -0.04659052 -0.04205007
v 0.07198420 -0.04686281 -0.04067009
v 0.07615457 -0.04958849 -0.04235000
v 0.07116093 -0.04914113 -0.04060182
v 0.07105211 -0.04958849 -0.04057839
v 0.07106845 -0.04881379 -0.04053996
v 0.07100307 -0.04858232 -0.04049621
v 0.06620533 -0.04958849 -0.03819461
v 0.07049790 -0.04659237 -0.03998252
v 0.06635968 -0.04659052 -0.03792412
v 0.07040016 -0.04620736 -0.03988313
v 0.06673043 -0.04345431 -0.03727440
v 0.07120339 -0.04620732 -0.04021609
v 0.06619314 -0.05120001 -0.03821598
v 0.06167262 -0.05120001 -0.03525435
v 0.06168734 -0.04958849 -0.03523464
v 0.07104263 -0.05120001 -0.04060108
v 0.07614794 -0.05120001 -0.04237368
v 0.08143206 -0.05120001 -0.04350704
v 0.08681524 -0.05120001 -0.04398405
v 0.08143572 -0.04958849 -0.04348271
v 0.09221631 -0.05120001 -0.04379752
v 0.08681591 -0.04958849 -0.04395946
v 0.09755377 -0.05120001 -0.04295027
v 0.09221395 -0.04958849 -0.04377304
v 0.10274710 -0.05120001 -0.04145508
v 0.09754843 -0.04958849 -0.04292626
v 0.10771801 -0.05120001 -0.03933449
v 0.10273890 -0.04958849 -0.04143190
v 0.11239130 -0.05120001 -0.03662052
v 0.10770690 -0.04958849 -0.03931251
v 0.11669680 -0.05120001 -0.03335409
v 0.11237770 -0.04958849 -0.03660005
v 0.12056930 -0.05120001 -0.02958448
v 0.11668071 -0.04958849 -0.03333544
v 0.12904290 -0.05120001 -0.01585798
v 0.12678930 -0.05120001 -0.02076994
v 0.12676760 -0.04958849 -0.02075833
v 0.13067740 -0.05120001 -0.01070679
v 0.12902001 -0.04958849 -0.01584912
v 0.13065360 -0.04958849 -0.01070081
v 0.05931100 -0.03910000 -0.03004494
v 0.06187368 -0.04659052 -0.03498512
v 0.12367591 -0.04659052 -0.02517482
v 0.12032061 -0.04659052 -0.02935854
v 0.12393040 -0.04958849 -0.02535438
v 0.12055111 -0.04958849 -0.02956794
v 0.12395050 -0.05120001 -0.02536856
v 0.12649311 -0.04659052 -0.02061132
v 0.06718503 -0.03910000 -0.03595127
v 0.06741803 -0.03910000 -0.03606769
v 0.07174977 -0.03910000 -0.03823202
v 0.07199492 -0.03910000 -0.03831886
v 0.07655970 -0.03910000 -0.03993591
v 0.07681325 -0.03910000 -0.03999195
v 0.08148221 -0.04659052 -0.04317477
v 0.08682429 -0.04659052 -0.04364815
v 0.09218411 -0.04659052 -0.04346304
v 0.09748081 -0.04659052 -0.04262226
v 0.10263450 -0.04659052 -0.04113848
v 0.10756740 -0.04659052 -0.03903410
v 0.11220510 -0.04659052 -0.03634084
v 0.11647760 -0.04659052 -0.03309936
v 0.12649311 -0.04659052 -0.02061132
v 0.12872951 -0.04659052 -0.01573687
v 0.13035151 -0.04659052 -0.01062502
v 0.05946104 -0.02692619 0.04051192
v 0.05907690 -0.02732851 0.04046815
v 0.05908883 -0.02735140 0.04010882
v 0.06313079 -0.02027159 0.04004537
v 0.06303088 -0.02020390 0.04031598
v 0.06217604 -0.02284672 0.04018272
v 0.06064985 -0.02661662 0.03873799
v 0.06147056 -0.02552799 0.03889013
v 0.06110348 -0.02537248 0.03941034
v 0.06350836 -0.02659158 0.03759825
v 0.06172323 -0.02886148 0.03707700
v 0.06388330 -0.02692207 0.03745896
v 0.06174283 -0.02887889 0.03706783
v 0.06361983 -0.02728338 0.03737369
v 0.06194679 -0.02906015 0.03697232
v 0.06256254 -0.02873334 0.03703147
v 0.06214828 -0.02930145 0.03689740
v 0.06445935 -0.02613207 0.03764542
v 0.06483780 -0.02411139 0.03798863
v 0.06299876 -0.02625666 0.03779758
v 0.06070728 -0.02813932 0.03767154
v 0.06072329 -0.02814932 0.03766127
v 0.06246083 -0.02596868 0.03808110
v 0.06430987 -0.02382823 0.03815113
v 0.06123548 -0.02846932 0.03733255
v 0.06125413 -0.02848098 0.03732057
v 0.06139197 -0.02856710 0.03723210
v 0.06376037 -0.02357539 0.03839787
v 0.06323077 -0.02335186 0.03872665
v 0.06193722 -0.02572625 0.03844617
v 0.06276254 -0.02315659 0.03913519
v 0.06087865 -0.02525835 0.04000414
v 0.06097062 -0.02531033 0.03969820
v 0.06226596 -0.02291442 0.03989272
v 0.06180760 -0.02421502 0.03952308
v 0.06217202 -0.02437776 0.03902036
v 0.06239714 -0.02298855 0.03962128
v 0.06111731 -0.02682025 0.03827217
v 0.06028044 -0.02646281 0.03927885
v 0.05922124 -0.02742583 0.03943965
v 0.05924030 -0.02743511 0.03936975
v 0.05908890 -0.02735154 0.04010670
v 0.05909577 -0.02736472 0.03989983
v 0.05913176 -0.02738225 0.03976783
v 0.05913284 -0.02738277 0.03976387
v 0.05936201 -0.02748685 0.03913570
v 0.05936575 -0.02748843 0.03912851
v 0.05951222 -0.02755070 0.03884685
v 0.06112310 -0.02474039 0.04070129
v 0.06105538 -0.02484959 0.04069357
v 0.06083289 -0.02521636 0.04032780
v 0.06125559 -0.02451979 0.04071638
v 0.06226057 -0.02242792 0.04083088
v 0.06213886 -0.02272931 0.04081702
v 0.06213255 -0.02278530 0.04049097
v 0.06207292 -0.02289259 0.04080950
v 0.06185875 -0.02337305 0.04078510
v 0.06162935 -0.02384049 0.04075896
v 0.06138413 -0.02429627 0.04073103
v 0.06098666 -0.02495807 0.04068574
v 0.06084626 -0.02517284 0.04066975
v 0.06083843 -0.02518402 0.04066885
v 0.06403985 -0.01756237 0.03977341
v 0.06344869 -0.02041473 0.03956026
v 0.06425582 -0.01760488 0.03958559
v 0.06365662 -0.02049036 0.03934622
v 0.06426371 -0.01760643 0.03957874
v 0.06385211 -0.01751974 0.03997418
v 0.06327173 -0.02034184 0.03979339
v 0.06385591 -0.01752080 0.03996885
v 0.06392276 -0.01753931 0.03987524
v 0.06369784 -0.01747701 0.04019021
v 0.06288111 -0.02169306 0.03970991
v 0.06358875 -0.01743176 0.04043723
v 0.06358995 -0.01743230 0.04043426
v 0.06367486 -0.01747064 0.04022240
v 0.06369784 -0.01747701 0.04019021
v 0.06297706 -0.02013869 0.04060501
v 0.06354287 -0.01741104 0.04055170
v 0.06314693 -0.01928587 0.04093187
v 0.06297436 -0.02007588 0.04091222
v 0.06332157 -0.01836280 0.04095177
v 0.06352288 -0.01738706 0.04069345
v 0.06352265 -0.01738678 0.04069507
v 0.06349482 -0.01735339 0.04089241
v 0.06349525 -0.01734046 0.04097156
v 0.06325418 -0.02185667 0.03924189
v 0.05973566 -0.02764966 0.03858001
v 0.06653725 -0.02015713 0.03848544
v 0.06700711 -0.01799995 0.03877918
v 0.06583081 -0.02120365 0.03834812
v 0.06651135 -0.01792978 0.03880044
v 0.06648813 -0.01792649 0.03880144
v 0.06532505 -0.01776884 0.03903450
v 0.06469737 -0.02082182 0.03868544
v 0.06534299 -0.01777123 0.03902984
v 0.06527264 -0.02100611 0.03847544
v 0.06617259 -0.01788183 0.03881497
v 0.06593872 -0.01785065 0.03887554
v 0.06591780 -0.01784786 0.03888096
v 0.06520326 -0.02438131 0.03789616
v 0.06591458 -0.02270730 0.03813589
v 0.06605252 -0.02238267 0.03818238
v 0.06626604 -0.02140230 0.03831588
v 0.06518891 -0.01775068 0.03906975
v 0.06478038 -0.01768885 0.03928001
v 0.06414527 -0.02065013 0.03897630
v 0.06476736 -0.01768688 0.03928672
v 0.06435611 -0.01762463 0.03949837
v 0.06049367 -0.02567592 0.04062957
v 0.06033404 -0.02588881 0.04061138
v 0.06016943 -0.02609989 0.04059264
v 0.05982522 -0.02651665 0.04055341
v 0.06051473 -0.02801902 0.03779512
v 0.06020083 -0.02786242 0.03806485
v 0.05974349 -0.02765312 0.03857066
v 0.06008034 -0.02780231 0.03816837
v 0.06018860 -0.02785632 0.03807535
v 0.06279273 -0.02079095 0.04089152
v 0.06259281 -0.02147271 0.04086874
v 0.06243178 -0.02195958 0.04085039
v 0.08800048 -0.04897219 0.04394064
v 0.08800051 -0.04958469 0.04395696
v 0.09135461 -0.04958421 0.04384711
v 0.09290275 -0.05120000 0.04372678
v 0.09657850 -0.05120000 0.04315574
v 0.09657914 -0.04958421 0.04313028
v 0.11041230 -0.05120001 0.03786499
v 0.11121891 -0.05120001 0.03734016
v 0.11122190 -0.04958421 0.03734388
v 0.11867530 -0.04345431 0.03001331
v 0.11920951 -0.04658602 0.03053591
v 0.11768380 -0.03910000 0.02904364
v 0.11933620 -0.03909994 0.02727301
v 0.11943251 -0.04958421 0.03075415
v 0.11352761 -0.05120001 0.03583797
v 0.11551960 -0.05120001 0.03428785
v 0.11552510 -0.04958421 0.03429562
v 0.11646580 -0.05120001 0.03355151
v 0.11944011 -0.05120001 0.03076223
v 0.11919770 -0.05120001 0.03102748
v 0.10658470 -0.04958421 0.03985511
v 0.10658680 -0.05120001 0.03985812
v 0.10713710 -0.05120001 0.03962040
v 0.10019530 -0.05120001 0.04227673
v 0.10168030 -0.04958421 0.04179321
v 0.10167610 -0.05120001 0.04178099
v 0.10371870 -0.05120001 0.04109715
v 0.09135389 -0.05120000 0.04383423
v 0.08919688 -0.05120000 0.04398386
v 0.08800058 -0.05119999 0.04400002
v 0.08800048 -0.04883843 0.04393707
v 0.09133081 -0.04658601 0.04353595
v 0.08800038 -0.04658751 0.04365144
v 0.09127381 -0.04345430 0.04279086
v 0.08800024 -0.04345607 0.04291029
v 0.08800025 -0.04372725 0.04299545
v 0.08800028 -0.04414348 0.04309457
v 0.08800038 -0.04636129 0.04362273
v 0.08800038 -0.04653696 0.04364502
v 0.09116262 -0.03910000 0.04136143
v 0.08986373 -0.03910000 0.04150040
v 0.08800016 -0.04178947 0.04238686
v 0.08800003 -0.03910001 0.04154218
v 0.11532981 -0.04658602 0.03405225
v 0.11486210 -0.04345430 0.03346946
v 0.11105710 -0.04658601 0.03707887
v 0.10645291 -0.04658601 0.03957228
v 0.11066250 -0.04345430 0.03644429
v 0.10613710 -0.04345430 0.03889502
v 0.10158320 -0.04658601 0.04149662
v 0.09651827 -0.04658601 0.04282422
v 0.10135080 -0.04345430 0.04078642
v 0.09637248 -0.04345430 0.04209129
v 0.11737481 -0.03910000 0.02937481
v 0.11398080 -0.03910000 0.03237381
v 0.11353511 -0.03910000 0.03276762
v 0.10991510 -0.03910000 0.03524560
v 0.10930690 -0.03910000 0.03566190
v 0.10553590 -0.03910000 0.03761008
v 0.10475460 -0.03910000 0.03801366
v 0.10090590 -0.03910000 0.03943352
v 0.09994747 -0.03910000 0.03978712
v 0.09609182 -0.03910000 0.04068993
v 0.09495852 -0.03910000 0.04095530
v 0.06375080 -0.01676524 0.04033879
v 0.06370650 -0.01674245 0.04046341
v 0.06363869 -0.01670755 0.04065421
v 0.06363288 -0.01669680 0.04071368
v 0.06352288 -0.01738706 0.04069345
v 0.06363272 -0.01669652 0.04071525
v 0.06360642 -0.01664792 0.04098423
v 0.06355150 -0.01699429 0.04097797
v 0.06349525 -0.01734046 0.04097156
v 0.06370546 -0.01674191 0.04046634
v 0.06707413 -0.01754788 0.03885235
v 0.06714097 -0.01709992 0.03892863
v 0.06691593 -0.01709214 0.03891133
v 0.06381799 -0.01678463 0.04023461
v 0.06382054 -0.01678537 0.04023066
v 0.06394251 -0.01682057 0.04004158
v 0.06396712 -0.01682513 0.04001779
v 0.06397173 -0.01682599 0.04001333
v 0.06416291 -0.01686145 0.03982854
v 0.06403985 -0.01756237 0.03977341
v 0.06430596 -0.01688799 0.03969026
v 0.06437631 -0.01689656 0.03964841
v 0.06438516 -0.01689764 0.03964315
v 0.06488266 -0.01695827 0.03934721
v 0.06489506 -0.01695978 0.03933983
v 0.06478038 -0.01768885 0.03928001
v 0.06493090 -0.01696415 0.03931851
v 0.06518891 -0.01775068 0.03906975
v 0.06545954 -0.01700554 0.03915145
v 0.06532505 -0.01776884 0.03903450
v 0.06547714 -0.01700691 0.03914589
v 0.06534299 -0.01777123 0.03902984
v 0.06596928 -0.01704545 0.03899036
v 0.06604280 -0.01704907 0.03898422
v 0.06606424 -0.01705013 0.03898244
v 0.06662099 -0.01707759 0.03893595
v 0.06648813 -0.01792649 0.03880144
v 0.06664421 -0.01707874 0.03893401
v 0.06651135 -0.01792978 0.03880044
v 0.06227059 -0.02238830 0.04083203
v 0.06226057 -0.02242792 0.04083088
v 0.06243178 -0.02195958 0.04085039
v 0.06127944 -0.02447729 0.04071910
v 0.06125559 -0.02451979 0.04071638
v 0.06138413 -0.02429627 0.04073103
v 0.06213886 -0.02272931 0.04081702
v 0.06208836 -0.02284555 0.04081126
v 0.06207292 -0.02289259 0.04080950
v 0.06189097 -0.02329666 0.04078878
v 0.06185875 -0.02337305 0.04078510
v 0.06167768 -0.02374133 0.04076447
v 0.06162935 -0.02384049 0.04075896
v 0.06141452 -0.02423496 0.04073449
v 0.06138413 -0.02429627 0.04073103
v 0.06136296 -0.02433167 0.04072861
v 0.06127944 -0.02447729 0.04071910
v 0.06259281 -0.02147271 0.04086874
v 0.06252040 -0.02167515 0.04086049
v 0.06243836 -0.02192520 0.04085114
v 0.06084626 -0.02517284 0.04066975
v 0.06098666 -0.02495807 0.04068574
v 0.06101716 -0.02490942 0.04068921
v 0.06105538 -0.02484959 0.04069357
v 0.06110655 -0.02476617 0.04069940
v 0.06112310 -0.02474039 0.04070129
v 0.06119398 -0.02462213 0.04070936
v 0.06125559 -0.02451979 0.04071638
v 0.06122853 -0.02456356 0.04071331
v 0.06127944 -0.02447729 0.04071910
v 0.06314767 -0.01923855 0.04093195
v 0.06311221 -0.01940397 0.04092792
v 0.06314693 -0.01928587 0.04093187
v 0.06299119 -0.01996861 0.04091413
v 0.06297436 -0.02007588 0.04091222
v 0.06287157 -0.02046528 0.04090050
v 0.06279273 -0.02079095 0.04089152
v 0.06274032 -0.02095725 0.04088554
v 0.06259622 -0.02144401 0.04086913
v 0.06384354 -0.01499907 0.04101124
v 0.06357714 -0.01675425 0.04098089
v 0.06373171 -0.01582448 0.04099850
v 0.06360642 -0.01664792 0.04098423
v 0.06318361 -0.01904929 0.04093605
v 0.06332157 -0.01836280 0.04095177
v 0.06328680 -0.01850601 0.04094781
v 0.06349525 -0.01734046 0.04097156
v 0.06355150 -0.01699429 0.04097797
v 0.04653533 -0.04644542 -0.01482637
v 0.04549370 -0.04720000 -0.01093360
v 0.04593240 -0.04644541 0.01300226
v 0.04591446 -0.04570045 0.01299116
v 0.04492628 -0.04644541 0.00908640
v 0.04521230 -0.04570050 0.01082771
v 0.04716139 -0.04570037 0.01683313
v 0.04729007 -0.04644541 0.01681038
v 0.04730887 -0.04675041 0.01680992
v 0.04733661 -0.04720005 0.01680924
v 0.04607668 -0.04720001 0.01296690
v 0.04528148 -0.04720000 0.01054183
v 0.04503145 -0.04720000 0.00907386
v 0.04428062 -0.04644541 0.00509511
v 0.04410811 -0.04570050 0.00442222
v 0.04422644 -0.04570050 0.00510863
v 0.04491288 -0.04570050 0.00909074
v 0.04535790 -0.04570050 -0.01090199
v 0.04641356 -0.04570050 -0.01480087
v 0.04471545 -0.04570050 -0.00852924
v 0.04485440 -0.04720000 -0.00862891
v 0.04452744 -0.04570050 -0.00696153
v 0.04465013 -0.04720000 -0.00699199
v 0.04404623 -0.04570050 -0.00294920
v 0.04414926 -0.04720000 -0.00297805
v 0.04394126 -0.04570050 -0.00207393
v 0.04405707 -0.04720000 -0.00223928
v 0.04402231 -0.04570050 0.00108154
v 0.04413056 -0.04720000 0.00105767
v 0.04420050 -0.04720000 0.00419512
v 0.04435225 -0.04720000 0.00508610
v 0.03607917 -0.03920000 -0.00287250
v 0.03608768 -0.03920000 -0.00296264
v 0.03745199 -0.03931579 -0.00296183
v 0.04362638 -0.04434145 -0.00295623
v 0.04406770 -0.04434145 -0.00696962
v 0.04452744 -0.04570050 -0.00696153
v 0.04527906 -0.04208614 0.01682247
v 0.04516815 -0.04198025 0.01682199
v 0.04392234 -0.04195348 0.01299850
v 0.04381334 -0.04434145 0.00510906
v 0.04422644 -0.04570050 0.00510863
v 0.04491288 -0.04570050 0.00909074
v 0.04410811 -0.04570050 0.00442222
v 0.03715102 -0.03920000 -0.01088146
v 0.03715861 -0.03920000 -0.01091122
v 0.03855037 -0.03931579 -0.01091392
v 0.04341568 -0.04102527 -0.01479989
v 0.04236180 -0.04099310 -0.01092087
v 0.03980488 -0.03928561 0.01680339
v 0.03878861 -0.03919995 0.01680008
v 0.03769220 -0.03920000 0.01315857
v 0.04670247 -0.04438031 0.01682974
v 0.04541717 -0.04434145 0.01301464
v 0.04701004 -0.04526500 0.01683201
v 0.04591446 -0.04570045 0.01299116
v 0.04716139 -0.04570037 0.01683313
v 0.04118937 -0.04022273 -0.01091870
v 0.03990669 -0.03965919 -0.01091630
v 0.04136677 -0.03981441 -0.01479993
v 0.03645952 -0.03920000 -0.00689780
v 0.03784405 -0.03931579 -0.00695966
v 0.03878437 -0.03965919 -0.00296079
v 0.03918501 -0.03965919 -0.00696133
v 0.04004398 -0.04022273 -0.00295989
v 0.04045289 -0.04022273 -0.00696304
v 0.04119388 -0.04099309 -0.00295884
v 0.04161087 -0.04099310 -0.00696454
v 0.03761777 -0.03931579 0.00506435
v 0.03625179 -0.03920000 0.00505574
v 0.03601317 -0.03920000 0.00117035
v 0.03904355 -0.03931579 0.01296412
v 0.03764693 -0.03920000 0.01295317
v 0.03682217 -0.03920000 0.00921030
v 0.04116258 -0.03958911 0.01680771
v 0.04046830 -0.03938245 0.01680553
v 0.04041063 -0.03965919 0.01297298
v 0.04027653 -0.03932537 0.01680493
v 0.04021847 -0.03932048 0.01680474
v 0.03817457 -0.03931579 0.00904251
v 0.03679710 -0.03920000 0.00903141
v 0.03626102 -0.03920000 0.00520596
v 0.04477793 -0.04160767 0.01682030
v 0.04413425 -0.04099309 0.01681751
v 0.04288624 -0.04099309 0.01298984
v 0.04335480 -0.04053545 0.01681486
v 0.04170367 -0.04022273 0.01298142
v 0.04290096 -0.04026898 0.01681332
v 0.04262786 -0.04010864 0.01681239
v 0.04233984 -0.03993954 0.01681141
v 0.04189339 -0.03980664 0.01681001
v 0.04159363 -0.03971742 0.01680907
v 0.04602648 -0.04311615 0.01682602
v 0.04602317 -0.04311106 0.01682600
v 0.04477698 -0.04307932 0.01300689
v 0.04548103 -0.04227899 0.01682334
v 0.04546432 -0.04226303 0.01682327
v 0.04298112 -0.04195348 0.00907992
v 0.04196260 -0.04099309 0.00907053
v 0.04137038 -0.04099309 0.00508713
v 0.04079775 -0.04022273 0.00906137
v 0.04021701 -0.04022273 0.00507967
v 0.03952284 -0.03965919 0.00905216
v 0.03895384 -0.03965919 0.00507220
v 0.04669405 -0.04435608 0.01682968
v 0.04659016 -0.04405725 0.01682891
v 0.04653355 -0.04389440 0.01682850
v 0.04602648 -0.04311615 0.01682602
v 0.04381806 -0.04307932 0.00908905
v 0.04237751 -0.04195348 0.00509485
v 0.04111340 -0.04099309 0.00106788
v 0.03996506 -0.04022273 0.00106348
v 0.03870703 -0.03965919 0.00105914
v 0.03737631 -0.03931579 0.00105455
v 0.03601514 -0.03920000 0.00104977
v 0.04532828 -0.04309266 -0.01479967
v 0.04582361 -0.04398309 -0.01479981
v 0.04486220 -0.04434145 -0.01092797
v 0.04594445 -0.04420030 -0.01479984
v 0.04598987 -0.04434557 -0.01479994
v 0.04535790 -0.04570050 -0.01090199
v 0.04471545 -0.04570050 -0.00852924
v 0.04402231 -0.04570050 0.00108154
v 0.04354122 -0.04434145 0.00108057
v 0.04394126 -0.04570050 -0.00207393
v 0.04404623 -0.04570050 -0.00294920
v 0.04446023 -0.04197667 -0.01479977
v 0.04474312 -0.04230642 -0.01479971
v 0.04423236 -0.04307932 -0.01092491
v 0.04410950 -0.04156783 -0.01479984
v 0.04338784 -0.04195348 -0.01092271
v 0.04262256 -0.04195348 -0.00696572
v 0.04345263 -0.04307932 -0.00696724
v 0.04219756 -0.04195348 -0.00295749
v 0.04301956 -0.04307932 -0.00295646
v 0.04211554 -0.04195348 0.00107255
v 0.04293599 -0.04307932 0.00107692
v 0.04320298 -0.04307932 0.00510228
v 0.04444015 -0.04434145 0.00909756
v 0.04521230 -0.04570050 0.01082771
v 0.00806975 -0.04287417 0.03465662
v 0.00871241 -0.04275274 0.03472984
v 0.00683733 -0.04304825 0.03451620
v -0.00191546 -0.04400877 0.03351895
v 0.00178547 -0.04374238 0.03394061
v 0.00135655 -0.04375939 0.03389175
v 0.00234662 -0.04367443 0.03400455
v 0.00292920 -0.04356921 0.03407092
v 0.00442863 -0.04342234 0.03424176
v 0.00747868 -0.04297330 0.03458928
v 0.00512731 -0.04329911 0.03432137
v 0.00496062 -0.04332357 0.03430238
v -0.00681372 -0.04387794 0.03296086
v -0.00745123 -0.04384593 0.03288823
v -0.00560602 -0.04397898 0.03309846
v -0.00063149 -0.04388971 0.03366524
v -0.00215883 -0.04398984 0.03349123
v -0.00340780 -0.04399673 0.03334892
v -0.00429232 -0.04396714 0.03324815
v -0.00565487 -0.04395264 0.03309290
v -0.00738127 -0.04382619 0.03289621
v -0.00797508 -0.04377205 0.03282854
v -0.00915465 -0.04365061 0.03269414
v -0.01112047 -0.04334645 0.03247017
v -0.00929396 -0.04363463 0.03267828
v -0.00973202 -0.04355181 0.03262836
v -0.00806973 -0.04376018 0.03281776
v -0.01984997 -0.04079737 0.03147557
v -0.01998058 -0.04076078 0.03146069
v -0.01827845 -0.04141672 0.03165462
v -0.03630887 -0.02903115 0.02960031
v -0.03655801 -0.02875224 0.02957193
v -0.03637282 -0.02897566 0.02959303
v -0.03755335 -0.02755656 0.02945852
v -0.03873086 -0.02600126 0.02932436
v -0.03973213 -0.02456277 0.02921028
v -0.03973653 -0.02456267 0.02920978
v -0.03712462 -0.02806389 0.02950737
v -0.03767312 -0.02739752 0.02944488
v -0.03825337 -0.02663828 0.02937876
v -0.03867568 -0.02608430 0.02933065
v -0.02512863 -0.03822004 0.03087414
v -0.02539315 -0.03808204 0.03084400
v -0.02369704 -0.03900945 0.03103725
v -0.02335450 -0.03920055 0.03107629
v -0.02211299 -0.03980087 0.03121773
v -0.02168843 -0.04001396 0.03126611
v -0.04716347 -0.00000371 0.02836359
v -0.04715358 -0.00093654 0.02836471
v -0.04714133 -0.00140242 0.02836611
v -0.02023894 -0.04064781 0.03143125
v -0.02523991 -0.03815868 0.03086146
v -0.02618408 -0.03758699 0.03075389
v -0.02655824 -0.03737714 0.03071126
v -0.02674087 -0.03724985 0.03069046
v -0.02810672 -0.03636021 0.03053483
v -0.02820156 -0.03628298 0.03052404
v -0.02961246 -0.03527680 0.03036328
v -0.02962018 -0.03526002 0.03036240
v -0.03016123 -0.03484552 0.03030074
v -0.03447973 -0.03101793 0.02980872
v -0.03414853 -0.03134255 0.02984645
v -0.03538232 -0.03006843 0.02970588
v 0.03097091 -0.03847965 0.03726587
v 0.03042028 -0.03860200 0.03720314
v 0.02967164 -0.03876994 0.03711784
v 0.02956403 -0.03879226 0.03710558
v 0.02881628 -0.03895702 0.03702039
v 0.02831976 -0.03906253 0.03696382
v 0.02837117 -0.03905437 0.03696968
v 0.02707449 -0.03932755 0.03682193
v 0.02601976 -0.03955401 0.03670176
v 0.02471283 -0.03981599 0.03655286
v 0.02429442 -0.03990762 0.03650520
v 0.02458117 -0.03984322 0.03653786
v 0.02362498 -0.04003136 0.03642891
v 0.00989578 -0.04255400 0.03486467
v 0.01330648 -0.04199597 0.03525327
v 0.01264968 -0.04209151 0.03517844
v 0.01377993 -0.04190996 0.03530721
v 0.01612024 -0.04147335 0.03557386
v 0.01743935 -0.04124524 0.03572416
v 0.01678388 -0.04134941 0.03564947
v 0.01894676 -0.04096077 0.03589592
v 0.01958522 -0.04082623 0.03596864
v 0.01979522 -0.04079459 0.03599258
v 0.02366489 -0.04003665 0.03643346
v -0.01492886 -0.04248242 0.03203627
v -0.01613728 -0.04210882 0.03189859
v -0.01648852 -0.04202574 0.03185857
v -0.01656173 -0.04198397 0.03185022
v -0.01821855 -0.04142340 0.03166145
v -0.02048445 -0.04052418 0.03140329
v -0.02121555 -0.04020938 0.03131998
v -0.02146245 -0.04010306 0.03129185
v -0.03107170 -0.03412998 0.03019702
v -0.03233083 -0.03304673 0.03005355
v -0.03247993 -0.03292369 0.03003657
v -0.03362248 -0.03185582 0.02990639
v -0.03383061 -0.03166434 0.02988268
v -0.03388639 -0.03160046 0.02987632
v -0.03538232 -0.03006843 0.02970588
v -0.03513115 -0.03034566 0.02973450
v -0.01146962 -0.04326183 0.03243039
v -0.01201544 -0.04314793 0.03236821
v -0.01291732 -0.04298357 0.03226545
v -0.01318732 -0.04290337 0.03223468
v -0.01479636 -0.04251543 0.03205135
v -0.01488615 -0.04247686 0.03204113
v -0.01518620 -0.04238859 0.03200694
v -0.03024654 -0.03476915 0.03029103
v -0.03039882 -0.03464982 0.03027368
v -0.03099889 -0.03417956 0.03020531
v -0.03402296 -0.03146610 0.02986076
v -0.03438433 -0.03111638 0.02981959
v -0.03978619 -0.02447806 0.02920412
v -0.04067648 -0.02308308 0.02910269
v -0.04073257 -0.02299718 0.02909630
v -0.04112781 -0.02232724 0.02905126
v -0.04129958 -0.02203661 0.02903169
v -0.04129958 -0.02203661 0.02903169
v -0.04112781 -0.02232724 0.02905126
v -0.04143458 -0.02179665 0.02901631
v -0.04156497 -0.02156115 0.02900146
v -0.04166746 -0.02138273 0.02898978
v -0.04198789 -0.02078475 0.02895327
v -0.04210855 -0.02056305 0.02893952
v -0.04198789 -0.02078475 0.02895327
v -0.04202403 -0.02071516 0.02894915
v -0.04239645 -0.01999795 0.02890672
v -0.04253150 -0.01973605 0.02889134
v -0.04255672 -0.01967845 0.02888846
v -0.04271462 -0.01935724 0.02887047
v -0.04293630 -0.01890173 0.02884521
v -0.04309592 -0.01855318 0.02882703
v -0.04332298 -0.01806011 0.02880116
v -0.04345991 -0.01774399 0.02878555
v -0.04369207 -0.01720983 0.02875910
v -0.04710219 -0.00233309 0.02837057
v -0.04708936 -0.00256554 0.02837203
v -0.04709015 -0.00255076 0.02837194
v -0.04528277 -0.01278616 0.02857787
v -0.04530904 -0.01269200 0.02857487
v -0.04552349 -0.01195781 0.02855044
v -0.04575559 -0.01109117 0.02852400
v -0.04576499 -0.01105735 0.02852293
v -0.04596689 -0.01023624 0.02849992
v -0.04598734 -0.01015319 0.02849759
v -0.04606628 -0.00980692 0.02848860
v -0.04609133 -0.00969973 0.02848574
v -0.04616148 -0.00937636 0.02847775
v -0.04619054 -0.00924536 0.02847444
v -0.04625206 -0.00894669 0.02846743
v -0.04628496 -0.00879006 0.02846368
v -0.04633848 -0.00851579 0.02845758
v -0.04637460 -0.00833384 0.02845347
v -0.04685918 -0.00518727 0.02839826
v -0.04684698 -0.00529201 0.02839964
v -0.04683767 -0.00536684 0.02840071
v -0.04681929 -0.00551845 0.02840280
v -0.04707693 -0.00277078 0.02837345
v -0.04707531 -0.00279789 0.02837363
v -0.04706261 -0.00299075 0.02837508
v -0.04706004 -0.00303015 0.02837537
v -0.04706257 -0.00299136 0.02837509
v -0.04539594 -0.01240524 0.02856497
v -0.04528277 -0.01278616 0.02857787
v -0.04526386 -0.01285085 0.02858002
v -0.04515429 -0.01320607 0.02859250
v -0.04512725 -0.01329462 0.02859558
v -0.04502159 -0.01362473 0.02860762
v -0.04498609 -0.01373657 0.02861167
v -0.04488467 -0.01404215 0.02862322
v -0.04484041 -0.01417669 0.02862827
v -0.04474352 -0.01445830 0.02863931
v -0.04469018 -0.01461497 0.02864538
v -0.04459812 -0.01487321 0.02865587
v -0.04453520 -0.01505204 0.02866304
v -0.04444846 -0.01528684 0.02867292
v -0.04437567 -0.01548726 0.02868122
v -0.04429454 -0.01569922 0.02869046
v -0.04421160 -0.01592066 0.02869991
v -0.04413635 -0.01611033 0.02870848
v -0.04404297 -0.01635222 0.02871913
v -0.04397368 -0.01652065 0.02872702
v -0.04395714 -0.01656520 0.02872890
v -0.04386515 -0.01678654 0.02873938
v -0.04386980 -0.01678194 0.02873886
v -0.04380672 -0.01692970 0.02874604
v -0.04369207 -0.01720983 0.02875910
v -0.04363546 -0.01733748 0.02876555
v -0.04345991 -0.01774399 0.02878555
v -0.04678652 -0.00577402 0.02840653
v -0.04680406 -0.00563579 0.02840454
v -0.04681929 -0.00551845 0.02840280
v -0.04681544 -0.00554619 0.02840324
v -0.04683767 -0.00536684 0.02840071
v -0.04635461 -0.00843108 0.02845574
v -0.04637460 -0.00833384 0.02845347
v -0.04642074 -0.00808366 0.02844821
v -0.04645944 -0.00787670 0.02844380
v -0.04649882 -0.00765029 0.02843932
v -0.04653951 -0.00741865 0.02843468
v -0.04657268 -0.00721567 0.02843090
v -0.04660699 -0.00700859 0.02842699
v -0.04664233 -0.00677980 0.02842296
v -0.04667066 -0.00659780 0.02841974
v -0.04670771 -0.00634267 0.02841551
v -0.04673050 -0.00618628 0.02841292
v -0.04673881 -0.00612363 0.02841197
v -0.04675899 -0.00598024 0.02840967
v -0.04676883 -0.00590427 0.02840855
v -0.04678652 -0.00577402 0.02840653
v -0.04679249 -0.00572534 0.02840586
v -0.04680406 -0.00563579 0.02840454
v -0.04706257 -0.00299136 0.02837509
v -0.04706004 -0.00303015 0.02837537
v -0.04704720 -0.00321066 0.02837683
v -0.04704356 -0.00326233 0.02837725
v -0.04703068 -0.00343051 0.02837872
v -0.04702585 -0.00349441 0.02837927
v -0.04701308 -0.00365030 0.02838072
v -0.04700692 -0.00372640 0.02838143
v -0.04699438 -0.00387004 0.02838285
v -0.04698459 -0.00398274 0.02838397
v -0.04698303 -0.00399592 0.02838415
v -0.04697458 -0.00408972 0.02838511
v -0.04696076 -0.00423897 0.02838668
v -0.04695370 -0.00430935 0.02838749
v -0.04693544 -0.00449508 0.02838957
v -0.04693171 -0.00452891 0.02838999
v -0.04690863 -0.00475109 0.02839262
v -0.04690864 -0.00474842 0.02839262
v -0.04688034 -0.00500699 0.02839585
v -0.04685056 -0.00526277 0.02839924
v -0.04709015 -0.00255076 0.02837194
v -0.04710227 -0.00233068 0.02837056
v -0.04710219 -0.00233309 0.02837057
v -0.04710792 -0.00222061 0.02836992
v -0.04710815 -0.00221684 0.02836989
v -0.04711330 -0.00211054 0.02836930
v -0.04711381 -0.00210056 0.02836925
v -0.04711588 -0.00205549 0.02836901
v -0.04711651 -0.00204241 0.02836894
v -0.04711840 -0.00200045 0.02836872
v -0.04711915 -0.00198426 0.02836864
v -0.04712084 -0.00194540 0.02836844
v -0.04712171 -0.00192610 0.02836835
v -0.04712322 -0.00189034 0.02836817
v -0.04712420 -0.00186793 0.02836806
v -0.04712554 -0.00183528 0.02836791
v -0.04712660 -0.00180976 0.02836779
v -0.04712667 -0.00180775 0.02836778
v -0.04712778 -0.00178068 0.02836765
v -0.04713337 -0.00163522 0.02836701
v -0.04713229 -0.00166432 0.02836714
v -0.04713206 -0.00167009 0.02836717
v -0.04713119 -0.00169341 0.02836727
v -0.04713101 -0.00169762 0.02836728
v -0.04713007 -0.00172250 0.02836740
v -0.04712995 -0.00172516 0.02836740
v -0.04712894 -0.00175159 0.02836753
v -0.04712888 -0.00175269 0.02836753
v -0.04712778 -0.00178068 0.02836765
v -0.04712778 -0.00178022 0.02836765
v -0.04712667 -0.00180775 0.02836778
v 0.04858854 -0.03346681 0.03927315
v 0.05019277 -0.03282962 0.03945594
v 0.04962549 -0.03306982 0.03939130
v 0.05877473 -0.02762623 0.04043372
v 0.05907690 -0.02732851 0.04046815
v 0.05902360 -0.02738733 0.04046208
v 0.05922603 -0.02718386 0.04048514
v 0.05946104 -0.02692619 0.04051192
v 0.05958862 -0.02679360 0.04052645
v 0.05982522 -0.02651665 0.04055341
v 0.05992322 -0.02640732 0.04056458
v 0.06016943 -0.02609989 0.04059264
v 0.06024464 -0.02600868 0.04060120
v 0.06033404 -0.02588881 0.04061138
v 0.06040026 -0.02580461 0.04061893
v 0.06049367 -0.02567592 0.04062957
v 0.06055244 -0.02559730 0.04063628
v 0.06083843 -0.02518402 0.04066885
v 0.06084626 -0.02517284 0.04066975
v 0.04994816 -0.03291867 0.03942807
v 0.05044707 -0.03271753 0.03948490
v 0.05115621 -0.03242168 0.03956570
v 0.05197331 -0.03203581 0.03965881
v 0.05265860 -0.03172097 0.03973688
v 0.05321050 -0.03142473 0.03979976
v 0.05329209 -0.03139279 0.03980905
v 0.05342881 -0.03131690 0.03982463
v 0.05402458 -0.03101334 0.03989251
v 0.05470072 -0.03061940 0.03996955
v 0.05535519 -0.03024011 0.04004411
v 0.05585959 -0.02990996 0.04010158
v 0.05626386 -0.02964666 0.04014765
v 0.05739614 -0.02882578 0.04027665
v 0.05639189 -0.02956304 0.04016223
v 0.04759997 -0.03384799 0.03916053
v 0.04700617 -0.03405524 0.03909286
v 0.04659710 -0.03419467 0.03904625
v 0.04555619 -0.03456133 0.03892767
v 0.05885014 -0.02756167 0.04044231
v 0.05846150 -0.02792754 0.04039804
v 0.05846087 -0.02791983 0.04039796
v 0.05816006 -0.02819408 0.04036369
v 0.05813531 -0.02820932 0.04036087
v 0.05779807 -0.02849469 0.04032244
v 0.03875465 -0.03658039 0.03815272
v 0.03979069 -0.03629238 0.03827076
v 0.04042800 -0.03612331 0.03834338
v 0.04267730 -0.03542031 0.03859965
v 0.04374909 -0.03511175 0.03872177
v 0.04555557 -0.03455076 0.03892759
v 0.04608169 -0.03437282 0.03898753
v 0.05806066 -0.02828197 0.04035236
v 0.05779807 -0.02849469 0.04032244
v 0.05629893 -0.02958921 0.04015164
v 0.05585959 -0.02990996 0.04010158
v 0.03511613 -0.03750461 0.03773816
v 0.03705521 -0.03701837 0.03795909
v 0.03539288 -0.03744107 0.03776970
v 0.03707607 -0.03701891 0.03796147
v 0.03411338 -0.03774801 0.03762391
v 0.03370554 -0.03784850 0.03757745
v 0.03342016 -0.03791276 0.03754494
v 0.03714461 -0.03700100 0.03796928
v 0.03807936 -0.03674969 0.03807578
v 0.03890573 -0.03653289 0.03816994
v 0.03308850 -0.03799160 0.03750714
v 0.03233932 -0.03816794 0.03742179
v 0.03097091 -0.03847965 0.03726587
v 0.05803068 -0.02868818 0.03889742
v 0.05661725 -0.02976946 0.03864296
v 0.05700666 -0.02995218 0.03798397
v 0.05133850 -0.03757216 0.03007352
v 0.05138648 -0.03765225 0.02999446
v 0.05311801 -0.03662157 0.03164149
v 0.05011789 -0.03299099 0.03833968
v 0.04994816 -0.03291867 0.03942807
v 0.04858854 -0.03346681 0.03927315
v 0.04659710 -0.03419467 0.03904625
v 0.04670070 -0.03421812 0.03860186
v 0.05906822 -0.03141703 0.03607469
v 0.05957945 -0.03183265 0.03585529
v 0.05968980 -0.03172746 0.03590211
v 0.06139209 -0.03010466 0.03662447
v 0.05734267 -0.03370764 0.03469776
v 0.05939041 -0.03201286 0.03577507
v 0.05946041 -0.03194614 0.03580478
v 0.05395680 -0.03608120 0.03232497
v 0.05526940 -0.03522200 0.03335670
v 0.05347625 -0.03537958 0.03297718
v 0.05530317 -0.03519734 0.03337855
v 0.05626787 -0.03357434 0.03472536
v 0.05638243 -0.03440901 0.03407666
v 0.05669071 -0.03418384 0.03427607
v 0.05320845 -0.03656774 0.03172752
v 0.05326427 -0.03653451 0.03178061
v 0.05080997 -0.03691580 0.03086306
v 0.05079795 -0.03690187 0.03088064
v 0.05125218 -0.03742804 0.03021577
v 0.05223634 -0.03418174 0.03450997
v 0.04978175 -0.03585363 0.03237945
v 0.05288229 -0.03472777 0.03370776
v 0.05004405 -0.03602858 0.03198416
v 0.05013671 -0.03613591 0.03184854
v 0.05457367 -0.03213951 0.03650787
v 0.05158767 -0.03373827 0.03537905
v 0.05515380 -0.03252734 0.03584125
v 0.05573443 -0.03300470 0.03524567
v 0.05360577 -0.03162147 0.03803725
v 0.05331341 -0.03148577 0.03889156
v 0.05011789 -0.03299099 0.03833968
v 0.05047919 -0.03314612 0.03729869
v 0.05098554 -0.03339413 0.03631023
v 0.05404176 -0.03183847 0.03724128
v 0.04690481 -0.03426432 0.03772633
v 0.04702130 -0.03429069 0.03722665
v 0.04714965 -0.03434374 0.03695284
v 0.04811850 -0.03474425 0.03488600
v 0.04738008 -0.03443900 0.03646127
v 0.04771186 -0.03457616 0.03575348
v 0.04788206 -0.03464651 0.03539041
v 0.05321050 -0.03142473 0.03979976
v 0.05197331 -0.03203581 0.03965881
v 0.05044707 -0.03271753 0.03948490
v 0.05749262 -0.03020603 0.03739396
v 0.05840761 -0.02885689 0.03828886
v 0.05631514 -0.02962379 0.03975276
v 0.05637055 -0.02965560 0.03936727
v 0.05779615 -0.02858156 0.03957457
v 0.05913176 -0.02738225 0.03976783
v 0.05877473 -0.02762623 0.04043372
v 0.05846087 -0.02791983 0.04039796
v 0.05813531 -0.02820932 0.04036087
v 0.05779807 -0.02849469 0.04032244
v 0.05629893 -0.02958921 0.04015164
v 0.05802897 -0.03053328 0.03687663
v 0.05856956 -0.03093619 0.03643565
v 0.05605021 -0.03121878 0.03698036
v 0.05660518 -0.03157621 0.03639489
v 0.05716244 -0.03201642 0.03588306
v 0.04866615 -0.03510953 0.03406068
v 0.04877193 -0.03518008 0.03390129
v 0.04940947 -0.03560531 0.03294049
v 0.05585959 -0.02990996 0.04010158
v 0.05470072 -0.03061940 0.03996955
v 0.05342881 -0.03131690 0.03982463
v 0.04797531 -0.05120001 -0.01827718
v 0.13123030 -0.05120001 0.00806739
v 0.04657461 -0.05120001 -0.01483026
v 0.13059200 -0.05120001 0.01104300
v 0.13007201 -0.05120001 0.01274801
v 0.12950730 -0.05120001 0.01459952
v 0.12843410 -0.05120001 0.01728306
v 0.04853978 -0.05120001 -0.01938643
v 0.04966164 -0.05120001 -0.02159100
v 0.05138828 -0.05120001 -0.02437523
v 0.13200000 -0.05120001 0.00000000
v 0.13186121 -0.05120001 0.00328746
v 0.12631340 -0.05120001 0.02161324
v 0.12451490 -0.05120001 0.02454971
v 0.12369590 -0.05120001 0.02566309
v 0.12231180 -0.05120001 0.02754460
v 0.11944011 -0.05120001 0.03076223
v 0.04819822 -0.05119999 0.01866968
v 0.04733739 -0.05120000 0.01680892
v 0.12812580 -0.05120001 0.01805395
v 0.12645820 -0.05120001 0.02137696
v 0.04913372 -0.05119997 0.02058721
v 0.04886388 -0.05119998 0.02010855
v 0.04885850 -0.05119998 0.02009692
v 0.13184301 -0.05120001 0.00371717
v 0.13137230 -0.05120001 0.00740574
v 0.05257778 -0.05119998 0.02610115
v 0.05345278 -0.05119998 0.02724244
v 0.11919770 -0.05120001 0.03102748
v 0.04528148 -0.05120000 0.01054183
v 0.04420050 -0.05120000 0.00419512
v 0.04405707 -0.05120000 -0.00223928
v 0.11646580 -0.05120001 0.03355151
v 0.11551960 -0.05120001 0.03428785
v 0.11352761 -0.05120001 0.03583797
v 0.05217836 -0.05119997 0.02550922
v 0.05165031 -0.05119995 0.02472665
v 0.05059989 -0.05119992 0.02316993
v 0.12170600 -0.05120001 0.02828266
v 0.04485440 -0.05120000 -0.00862891
v 0.11121891 -0.05120001 0.03734016
v 0.11041230 -0.05120001 0.03786499
v 0.10713710 -0.05120001 0.03962040
v 0.10658680 -0.05120001 0.03985812
v 0.10371870 -0.05120001 0.04109715
v 0.10167610 -0.05120001 0.04178099
v 0.06046288 -0.05120000 0.03431820
v 0.05993899 -0.05120000 0.03386007
v 0.08316244 -0.05120000 0.04369991
v 0.05053793 -0.05119992 0.02307808
v 0.05022747 -0.05119993 0.02252739
v 0.05162230 -0.05120001 -0.02475259
v 0.05371848 -0.05120001 -0.02758228
v 0.13199590 -0.05120001 -0.00060000
v 0.05429404 -0.05120001 -0.02828266
v 0.05754928 -0.05120001 -0.03176088
v 0.07697782 -0.05120000 0.04259736
v 0.07342179 -0.05120000 0.04151487
v 0.07329180 -0.05120000 0.04146294
v 0.06861328 -0.05120000 0.03945636
v 0.06663504 -0.05120000 0.03846518
v 0.07815549 -0.05120000 0.04284956
v 0.06413342 -0.05120000 0.03693335
v 0.08060291 -0.05120000 0.04337370
v 0.05766747 -0.05120000 0.03187365
v 0.05610945 -0.05120000 0.03026062
v 0.05509337 -0.05120000 0.02920868
v 0.10019530 -0.05120001 0.04227673
v 0.09657850 -0.05120000 0.04315574
v 0.09290275 -0.05120000 0.04372678
v 0.09135389 -0.05120000 0.04383423
v 0.08919688 -0.05120000 0.04398386
v 0.08800058 -0.05119999 0.04400002
v 0.05359676 -0.05119998 0.02743024
v 0.08428964 -0.05120000 0.04384357
v 0.06996865 -0.05120000 0.04013546
v 0.06346116 -0.05120000 0.03652168
v 0.12904290 -0.05120001 -0.01585798
v 0.13067740 -0.05120001 -0.01070679
v 0.13166811 -0.05120001 -0.00539408
v 0.12678930 -0.05120001 -0.02076994
v 0.06167262 -0.05120001 -0.03525435
v 0.06619314 -0.05120001 -0.03821598
v 0.07104263 -0.05120001 -0.04060108
v 0.07614794 -0.05120001 -0.04237368
v 0.08143206 -0.05120001 -0.04350704
v 0.08681524 -0.05120001 -0.04398405
v 0.09221631 -0.05120001 -0.04379752
v 0.09755377 -0.05120001 -0.04295027
v 0.11669680 -0.05120001 -0.03335409
v 0.12056930 -0.05120001 -0.02958448
v 0.11239130 -0.05120001 -0.03662052
v 0.10771801 -0.05120001 -0.03933449
v 0.10274710 -0.05120001 -0.04145508
v 0.12395050 -0.05120001 -0.02536856
v 0.04528148 -0.05120000 0.01054183
v 0.04733739 -0.05120000 0.01680892
v 0.04528148 -0.04720000 0.01054183
v 0.04733691 -0.04875942 0.01680911
v 0.04607668 -0.04720001 0.01296690
v 0.04733661 -0.04720005 0.01680924
v 0.04503145 -0.04720000 0.00907386
v 0.04435225 -0.04720000 0.00508610
v 0.04420050 -0.05120000 0.00419512
v 0.04405707 -0.04720000 -0.00223928
v 0.04405707 -0.05120000 -0.00223928
v 0.04413056 -0.04720000 0.00105767
v 0.04420050 -0.04720000 0.00419512
v 0.04414926 -0.04720000 -0.00297805
v 0.04465013 -0.04720000 -0.00699199
v 0.04485440 -0.05120000 -0.00862891
v 0.04657461 -0.05120001 -0.01483026
v 0.04549370 -0.04720000 -0.01093360
v 0.04485440 -0.04720000 -0.00862891
v 0.03162561 -0.03923305 -0.01480000
v 0.03325312 -0.03920000 -0.01480000
v 0.03162292 -0.03920000 0.01013509
v 0.03162292 -0.03920000 0.00380000
v 0.03162297 -0.03920068 0.01680010
v 0.03301551 -0.03920108 0.01680012
v 0.03784380 -0.03920026 0.01680009
v 0.03427111 -0.03920145 0.01680013
v 0.03314466 -0.03920112 0.01680012
v 0.03162561 -0.03923305 -0.01480000
v 0.03136269 -0.03926119 -0.01480000
v 0.03136269 -0.03926119 -0.01480000
v 0.03129594 -0.03925872 -0.01480000
v 0.03087741 -0.03804710 -0.01480000
v 0.03084210 -0.03807969 -0.01718772
v 0.03121399 -0.03927700 -0.01718766
v 0.03123030 -0.03927967 -0.01718766
v 0.03129478 -0.03929019 -0.01718766
v 0.03111884 -0.03926148 -0.01718766
v 0.03111919 -0.03925219 -0.01480000
v 0.03109390 -0.03925043 -0.01718766
v 0.03108650 -0.03925098 -0.01480000
v 0.03103386 -0.03922382 -0.01718766
v 0.03096929 -0.03919724 -0.01480000
v 0.03098479 -0.03920208 -0.01718766
v 0.03095587 -0.03918926 -0.01718766
v 0.03095691 -0.03918789 -0.01480000
v 0.03089765 -0.03914291 -0.01718766
v 0.03075506 -0.03899633 -0.01718766
v 0.03076548 -0.03901023 -0.01718766
v 0.03081816 -0.03907684 -0.01480000
v 0.03081642 -0.03907824 -0.01718766
v 0.03083104 -0.03909289 -0.01480000
v 0.03082010 -0.03908116 -0.01718766
v 0.03085156 -0.03910620 -0.01718766
v 0.03071327 -0.03894056 -0.01718766
v 0.03072267 -0.03895785 -0.01480000
v 0.03070954 -0.03893558 -0.01718766
v 0.03071199 -0.03893445 -0.01480000
v 0.03068018 -0.03886369 -0.01718766
v 0.03065075 -0.03880030 -0.01480000
v 0.03064215 -0.03877054 -0.01718766
v 0.03064477 -0.03877003 -0.01480000
v 0.03063228 -0.03869638 -0.01718766
v 0.03062120 -0.03865067 -0.01480000
v 0.03061863 -0.03859385 -0.01718766
v 0.03062335 -0.03859403 -0.01480000
v 0.03063096 -0.03849415 -0.01718766
v 0.03062775 -0.03847789 -0.01480000
v 0.03063488 -0.03846248 -0.01718766
v 0.03064051 -0.03841694 -0.01718766
v 0.03064528 -0.03841835 -0.01480000
v 0.03065507 -0.03838031 -0.01718766
v 0.03081520 -0.03811087 -0.01480000
v 0.03081190 -0.03810765 -0.01718766
v 0.03076226 -0.03816513 -0.01480000
v 0.03078567 -0.03814335 -0.01718766
v 0.03076134 -0.03817646 -0.01718766
v 0.03071041 -0.03825367 -0.01480000
v 0.03070635 -0.03825130 -0.01718766
v 0.03067691 -0.03831085 -0.01480000
v 0.03070297 -0.03825980 -0.01718766
v 0.03068962 -0.03829339 -0.01718766
v 0.04105241 -0.02675234 -0.01480000
v 0.03219101 -0.03689192 -0.01711008
v 0.03221609 -0.03692042 -0.01480000
v 0.03697964 -0.03214814 -0.01480000
v 0.04436072 -0.02081170 -0.01480000
v 0.04484413 -0.01974851 -0.01480000
v 0.04481110 -0.01973476 -0.01618488
v 0.04547903 -0.01813762 -0.01632893
v 0.04555902 -0.01803819 -0.01480000
v 0.04552630 -0.01802457 -0.01633913
v 0.04596963 -0.01696448 -0.01643474
v 0.04650297 -0.01544259 -0.01480000
v 0.04645269 -0.01545038 -0.01687101
v 0.04794187 -0.01012804 -0.01480000
v 0.04794187 -0.01012804 -0.01877227
v 0.04766180 -0.01137335 -0.01820639
v 0.04731022 -0.01275491 -0.01765196
v 0.04730058 -0.01279278 -0.01763677
v 0.04645908 -0.01543036 -0.01687678
v 0.12953791 -0.03910001 -0.00060000
v 0.12926490 -0.03809649 -0.00059999
v 0.12927700 -0.03784971 0.00000000
v 0.12921401 -0.03785420 -0.00059999
v 0.12875661 -0.03539594 0.00000000
v 0.12869550 -0.03538479 -0.00059995
v 0.12838811 -0.03365821 0.00000000
v 0.12851461 -0.03452323 -0.00059994
v 0.12832460 -0.03288693 -0.00059995
v 0.12833631 -0.03291765 0.00000000
v 0.12809321 -0.03089433 -0.00059996
v 0.12817060 -0.03054340 0.00000000
v 0.12808291 -0.03049761 -0.00059997
v 0.12800000 -0.02810001 0.00000000
v 0.12800721 -0.02757835 -0.00059999
v 0.12803371 -0.02761686 0.00000000
v 0.12800200 -0.02737791 -0.00060000
v 0.12817031 -0.02565659 0.00000000
v 0.12811260 -0.02557081 -0.00059997
v 0.12838680 -0.02255064 0.00000000
v 0.12821261 -0.02393872 -0.00059994
v 0.12845751 -0.02228865 -0.00059995
v 0.12843731 -0.02231248 0.00000000
v 0.12875701 -0.02080416 0.00000000
v 0.12953791 -0.01710001 -0.00060000
v 0.12954221 -0.01710001 0.00000000
v 0.12871920 -0.02052606 -0.00059995
v 0.12869660 -0.02067846 -0.00059995
v 0.12803371 -0.02761686 0.00000000
v 0.12817031 -0.02565659 0.00000000
v 0.12803481 -0.02564996 0.00179796
v 0.08800003 -0.03843626 0.04135855
v 0.08800003 -0.03910001 0.04154218
v 0.08986373 -0.03910000 0.04150040
v 0.12927700 -0.03784971 0.00000000
v 0.12863331 -0.03541340 0.00182485
v 0.12809960 -0.03541340 0.00681320
v 0.12695581 -0.03541340 0.01169790
v 0.12521940 -0.03541340 0.01640464
v 0.12259360 -0.03664900 0.02186457
v 0.12291681 -0.03541340 0.02086182
v 0.12414770 -0.03773443 0.01972190
v 0.12601361 -0.03910000 0.01675471
v 0.12450811 -0.03852141 0.01948338
v 0.12008291 -0.03541340 0.02500162
v 0.12143891 -0.03666496 0.02358618
v 0.12200000 -0.03657367 0.02274753
v 0.11938391 -0.03869848 0.02704592
v 0.11676101 -0.03541340 0.02876107
v 0.11300161 -0.03541340 0.03208297
v 0.10886180 -0.03541340 0.03491679
v 0.10440461 -0.03541340 0.03721941
v 0.09969784 -0.03541339 0.03895581
v 0.09481314 -0.03541339 0.04009958
v 0.08800000 -0.03515677 0.04062740
v 0.08800000 -0.03541120 0.04068412
v 0.08982479 -0.03541339 0.04063330
v 0.08800003 -0.03704991 0.04104946
v 0.08799993 -0.02810000 0.03999993
v 0.08799996 -0.03054857 0.04010860
v 0.08979790 -0.03055006 0.04003476
v 0.08799996 -0.03164188 0.04015712
v 0.08799997 -0.03212156 0.04022131
v 0.08979790 -0.02564995 0.04003475
v 0.08799993 -0.02564995 0.04007510
v 0.08799993 -0.02699668 0.04003378
v 0.08982479 -0.02078660 0.04063330
v 0.08799993 -0.02078660 0.04067425
v 0.08799993 -0.02171572 0.04055979
v 0.08799993 -0.01710001 0.04154228
v 0.08986373 -0.01710000 0.04150040
v 0.09096521 -0.01710000 0.04138255
v 0.09481314 -0.02078660 0.04009958
v 0.09495852 -0.01710000 0.04095529
v 0.09592768 -0.01710000 0.04072836
v 0.09969784 -0.02078660 0.03895581
v 0.09994748 -0.01710000 0.03978712
v 0.10077591 -0.01710000 0.03948152
v 0.10440461 -0.02078660 0.03721941
v 0.10475460 -0.01710000 0.03801366
v 0.10543930 -0.01710000 0.03765999
v 0.10886181 -0.02078660 0.03491679
v 0.10930690 -0.01710000 0.03566190
v 0.10985010 -0.01710000 0.03529012
v 0.11300161 -0.02078660 0.03208296
v 0.11353511 -0.01710000 0.03276761
v 0.11394410 -0.01710000 0.03240620
v 0.11676101 -0.02078660 0.02876106
v 0.11737481 -0.01710000 0.02937481
v 0.12008291 -0.02078660 0.02500162
v 0.11982320 -0.01710000 0.02670283
v 0.11766790 -0.01710000 0.02905497
v 0.11737481 -0.01710000 0.02937481
v 0.12291681 -0.02078660 0.02086181
v 0.12167360 -0.01710000 0.02421159
v 0.12076761 -0.01710000 0.02553514
v 0.12521940 -0.02078661 0.01640464
v 0.12413671 -0.01710001 0.02038788
v 0.12366191 -0.01710001 0.02130700
v 0.12778711 -0.01710001 0.01194753
v 0.12775130 -0.01710001 0.01204452
v 0.12695581 -0.02078661 0.01169790
v 0.12617470 -0.01710001 0.01631809
v 0.12601361 -0.01710001 0.01675471
v 0.12778711 -0.01710001 0.01194753
v 0.12880201 -0.01710001 0.00761316
v 0.12809960 -0.02078661 0.00681320
v 0.12895531 -0.01710001 0.00695859
v 0.12936831 -0.01710001 0.00309827
v 0.12863331 -0.02078661 0.00182485
v 0.12950040 -0.01710001 0.00186379
v 0.12838680 -0.02255064 0.00000000
v 0.12954221 -0.01710001 0.00000000
v 0.12875701 -0.02080416 0.00000000
v 0.12843731 -0.02231248 0.00000000
v 0.12800000 -0.02810001 0.00000000
v 0.12875661 -0.03539594 0.00000000
v 0.12838811 -0.03365821 0.00000000
v 0.12833631 -0.03291765 0.00000000
v 0.12803481 -0.03055007 0.00179796
v 0.12817060 -0.03054340 0.00000000
v 0.12750891 -0.03055007 0.00671284
v 0.12638201 -0.03055007 0.01152559
v 0.12467110 -0.03055007 0.01616299
v 0.12240240 -0.03055007 0.02055451
v 0.11961030 -0.03055007 0.02463333
v 0.11633741 -0.03055006 0.02833740
v 0.11263330 -0.03055006 0.03161037
v 0.10855450 -0.03055006 0.03440245
v 0.10416291 -0.03055006 0.03667115
v 0.09952552 -0.03055006 0.03838198
v 0.09471277 -0.03055006 0.03950890
v 0.12750891 -0.02564996 0.00671284
v 0.12638201 -0.02564996 0.01152559
v 0.12467110 -0.02564996 0.01616299
v 0.12240240 -0.02564996 0.02055451
v 0.11961030 -0.02564995 0.02463333
v 0.11633741 -0.02564995 0.02833740
v 0.11263331 -0.02564995 0.03161037
v 0.10855450 -0.02564995 0.03440245
v 0.10416291 -0.02564995 0.03667115
v 0.09952552 -0.02564995 0.03838198
v 0.09471277 -0.02564995 0.03950889
v 0.05475664 -0.04976840 -0.02879861
v 0.05411550 -0.05038773 -0.02801085
v 0.05658089 -0.04491287 -0.02980942
v 0.05715005 -0.04239398 -0.02936639
v 0.05776786 -0.03989412 -0.02887334
v 0.05375742 -0.04875868 -0.02746571
v 0.05357655 -0.04793585 -0.02719037
v 0.05551455 -0.04588012 -0.02897067
v 0.05341202 -0.04708909 -0.02679383
v 0.05576804 -0.04363183 -0.02842458
v 0.05328150 -0.04641744 -0.02647928
v 0.05504959 -0.04850709 -0.02902760
v 0.05530157 -0.04720476 -0.02908224
v 0.05393721 -0.04957665 -0.02773943
v 0.05292515 -0.04438883 -0.02534305
v 0.05532059 -0.04196821 -0.02720265
v 0.05307378 -0.04526497 -0.02585580
v 0.05326977 -0.04635235 -0.02644408
v 0.05759024 -0.04004466 -0.02875209
v 0.05596975 -0.04141803 -0.02764582
v 0.05805885 -0.02291682 -0.02717856
v 0.06038869 -0.02301586 -0.02938834
v 0.05823998 -0.02579826 -0.02697445
v 0.06050712 -0.02557431 -0.02931642
v 0.05831864 -0.02869239 -0.02695897
v 0.05868276 -0.01711825 -0.02943562
v 0.05931201 -0.01710035 -0.03004576
v 0.05996709 -0.02069950 -0.02964577
v 0.05742923 -0.01733269 -0.02811525
v 0.05777743 -0.02007199 -0.02756401
v 0.06030806 -0.02257287 -0.02943757
v 0.05162037 -0.02868005 -0.02012515
v 0.05599153 -0.02667785 -0.02466985
v 0.05164286 -0.03058827 -0.02016306
v 0.05606901 -0.02976041 -0.02472673
v 0.05165654 -0.03174913 -0.02018613
v 0.05165781 -0.02519906 -0.02035718
v 0.05587774 -0.02360601 -0.02489814
v 0.05161494 -0.02636215 -0.02016310
v 0.05159835 -0.02681200 -0.02008803
v 0.05604983 -0.03841649 -0.02649195
v 0.05248553 -0.04127853 -0.02346523
v 0.05271627 -0.04291098 -0.02445081
v 0.05291965 -0.04434992 -0.02531955
v 0.05609314 -0.03557755 -0.02563422
v 0.05213416 -0.03837685 -0.02198558
v 0.05192733 -0.03630919 -0.02113292
v 0.05610268 -0.03274122 -0.02505929
v 0.05227646 -0.03979937 -0.02257220
v 0.05225732 -0.03960801 -0.02249329
v 0.05218343 -0.03886944 -0.02218871
v 0.05984317 -0.03636408 -0.02972015
v 0.05793796 -0.03714871 -0.02801082
v 0.06003474 -0.03537922 -0.02960323
v 0.05816691 -0.03433859 -0.02747507
v 0.06025349 -0.03425466 -0.02946973
v 0.06062419 -0.02810346 -0.02924533
v 0.06066699 -0.02902834 -0.02921933
v 0.05829378 -0.03154574 -0.02713022
v 0.06055121 -0.03049184 -0.02928944
v 0.06030284 -0.03363080 -0.02943984
v 0.05204800 -0.01854296 -0.02209010
v 0.05557014 -0.01765072 -0.02615704
v 0.05179153 -0.02181318 -0.02096044
v 0.05573546 -0.02060093 -0.02539473
v 0.05177474 -0.02202736 -0.02088645
v 0.05177299 -0.02207452 -0.02087858
v 0.05187593 -0.03544363 -0.02095321
v 0.05183528 -0.03475918 -0.02081110
v 0.05168195 -0.03217706 -0.02027498
v 0.04946858 -0.04713057 -0.02122724
v 0.04944377 -0.04716528 -0.02119125
v 0.04858839 -0.04566147 -0.01984933
v 0.04883525 -0.04586849 -0.02018846
v 0.04857267 -0.04568813 -0.01983110
v 0.04946858 -0.04713057 -0.02122724
v 0.04949832 -0.04719808 -0.02128008
v 0.04944377 -0.04716528 -0.02119125
v 0.05004301 -0.04853383 -0.02225459
v 0.04941896 -0.04719999 -0.02115526
v 0.05009390 -0.04854944 -0.02233794
v 0.05062490 -0.04934330 -0.02321758
v 0.05067038 -0.04942565 -0.02329162
v 0.05085127 -0.04954780 -0.02357179
v 0.05124066 -0.04991620 -0.02418162
v 0.05124509 -0.04990355 -0.02418803
v 0.05137536 -0.04997685 -0.02438319
v 0.05158885 -0.05007298 -0.02470266
v 0.05138828 -0.05120001 -0.02437523
v 0.05137536 -0.04997685 -0.02438319
v 0.05158885 -0.05007298 -0.02470266
v 0.05162230 -0.05120001 -0.02475259
v 0.05166317 -0.05009921 -0.02481187
v 0.05186899 -0.05016147 -0.02511077
v 0.05423188 -0.05114324 -0.02820841
v 0.05371848 -0.05120001 -0.02758228
v 0.05412129 -0.05105168 -0.02807550
v 0.05219715 -0.05022979 -0.02557648
v 0.05232128 -0.05026550 -0.02574265
v 0.05331691 -0.05055190 -0.02707551
v 0.04853978 -0.05120001 -0.01938643
v 0.05004301 -0.04853383 -0.02225459
v 0.04966164 -0.05120001 -0.02159100
v 0.05067038 -0.04942565 -0.02329162
v 0.05124066 -0.04991620 -0.02418162
v 0.04797531 -0.05120001 -0.01827718
v 0.04917238 -0.04312717 -0.01982569
v 0.04883525 -0.04586849 -0.02018846
v 0.04952386 -0.04026928 -0.01944749
v 0.05013632 -0.03224907 -0.01870301
v 0.05001207 -0.03493002 -0.01888377
v 0.04996694 -0.03590385 -0.01894944
v 0.04964756 -0.03905053 -0.01930844
v 0.04963350 -0.03918901 -0.01932424
v 0.05016557 -0.03076447 -0.01863619
v 0.05017130 -0.03149426 -0.01865211
v 0.05002268 -0.02524056 -0.01859904
v 0.05010643 -0.02658399 -0.01856705
v 0.05013653 -0.02706705 -0.01855555
v 0.04983363 -0.02241841 -0.01867719
v 0.04921379 -0.01832807 -0.01879058
v 0.04934909 -0.01829787 -0.01896503
v 0.04986162 -0.02265645 -0.01866056
v 0.04436781 -0.02081390 -0.01618766
v 0.04481110 -0.01973476 -0.01618488
v 0.04712760 -0.01427037 -0.01769480
v 0.04715708 -0.01428965 -0.01771815
v 0.04681258 -0.01564395 -0.01738386
v 0.04636818 -0.01700023 -0.01708474
v 0.04641407 -0.01702428 -0.01710731
v 0.04596673 -0.01837850 -0.01691216
v 0.04479240 -0.02100685 -0.01674476
v 0.04534732 -0.01967189 -0.01676133
v 0.04529359 -0.01964594 -0.01673201
v 0.04798933 -0.01043981 -0.01905215
v 0.04776976 -0.01162539 -0.01859407
v 0.04774233 -0.01160068 -0.01855882
v 0.04552467 -0.01975745 -0.01681327
v 0.04652587 -0.01674336 -0.01727641
v 0.04643280 -0.01706366 -0.01721696
v 0.04642074 -0.01703888 -0.01714833
v 0.04621591 -0.01781007 -0.01707844
v 0.04600652 -0.01840439 -0.01694383
v 0.04603758 -0.01842375 -0.01696455
v 0.04682177 -0.01565798 -0.01742033
v 0.04683531 -0.01567848 -0.01747403
v 0.04720450 -0.01432475 -0.01775980
v 0.04714561 -0.01459784 -0.01767989
v 0.04718364 -0.01430964 -0.01774238
v 0.04713489 -0.01464754 -0.01766535
v 0.04684197 -0.01565556 -0.01747828
v 0.04775658 -0.01169654 -0.01856658
v 0.04763763 -0.01230355 -0.01835828
v 0.04760509 -0.01227585 -0.01832397
v 0.04761007 -0.01244415 -0.01831003
v 0.04760161 -0.01248339 -0.01829855
v 0.04540447 -0.01969947 -0.01678509
v 0.04586254 -0.01832699 -0.01686583
v 0.04576923 -0.01828041 -0.01679959
v 0.04749629 -0.01297176 -0.01815566
v 0.04748662 -0.01295700 -0.01812859
v 0.04746403 -0.01294017 -0.01810847
v 0.04742194 -0.01290710 -0.01806164
v 0.04771347 -0.01157319 -0.01851557
v 0.04645269 -0.01545038 -0.01687101
v 0.04645908 -0.01543036 -0.01687678
v 0.04650972 -0.01545530 -0.01689756
v 0.04730058 -0.01279278 -0.01763677
v 0.04730868 -0.01277246 -0.01772934
v 0.04731022 -0.01275491 -0.01765196
v 0.04766180 -0.01137335 -0.01820639
v 0.04677458 -0.01562304 -0.01736017
v 0.04673832 -0.01560279 -0.01733275
v 0.04709962 -0.01425157 -0.01766855
v 0.04667243 -0.01556493 -0.01726788
v 0.04704928 -0.01421597 -0.01760827
v 0.04661426 -0.01553011 -0.01719000
v 0.04700558 -0.01418268 -0.01753794
v 0.04656679 -0.01549976 -0.01710089
v 0.04697078 -0.01415282 -0.01745894
v 0.04735508 -0.01284590 -0.01794567
v 0.04733152 -0.01281848 -0.01787804
v 0.04765500 -0.01149638 -0.01836042
v 0.04794536 -0.01017037 -0.01886078
v 0.04738573 -0.01287570 -0.01800720
v 0.04547903 -0.01813762 -0.01632893
v 0.04552986 -0.01815533 -0.01637304
v 0.04552630 -0.01802457 -0.01633913
v 0.04596963 -0.01696448 -0.01643474
v 0.04441786 -0.02083533 -0.01637104
v 0.04441114 -0.02083232 -0.01635822
v 0.04440887 -0.02083135 -0.01634925
v 0.04507161 -0.01953826 -0.01650591
v 0.04456299 -0.02090093 -0.01659247
v 0.04514913 -0.01957600 -0.01661098
v 0.04524276 -0.01962135 -0.01669709
v 0.04472377 -0.02097494 -0.01671922
v 0.04448247 -0.02086426 -0.01649441
v 0.04556395 -0.01817476 -0.01649866
v 0.04546402 -0.01972819 -0.01680258
v 0.04591355 -0.01835226 -0.01689171
v 0.04632424 -0.01697698 -0.01705759
v 0.04624404 -0.01693380 -0.01699104
v 0.04568578 -0.01823830 -0.01671442
v 0.04617263 -0.01689438 -0.01690851
v 0.04561664 -0.01820276 -0.01661288
v 0.04611371 -0.01686046 -0.01681218
v 0.04653146 -0.01547458 -0.01700310
v 0.04731581 -0.01279386 -0.01780574
v 0.04764622 -0.01147357 -0.01830229
v 0.04794547 -0.01017162 -0.01886339
v 0.04801747 -0.01030526 -0.01911536
v 0.04799898 -0.01028524 -0.01908108
v 0.04799579 -0.01028178 -0.01907515
v 0.04798300 -0.01026045 -0.01903550
v 0.04768922 -0.01154656 -0.01846779
v 0.04797022 -0.01023911 -0.01899585
v 0.04766947 -0.01152080 -0.01841586
v 0.04795637 -0.01021599 -0.01895289
v 0.04794797 -0.01020198 -0.01892686
v 0.04831354 -0.01542534 -0.01851777
v 0.04845901 -0.01441112 -0.01894752
v 0.04907847 -0.01835838 -0.01861616
v 0.04845527 -0.01438727 -0.01894952
v 0.04793957 -0.01395203 -0.01843541
v 0.04833488 -0.01362015 -0.01901392
v 0.04763763 -0.01230355 -0.01835828
v 0.04775658 -0.01169654 -0.01856658
v 0.04776976 -0.01162539 -0.01859407
v 0.04798933 -0.01043981 -0.01905215
v 0.04761482 -0.01734791 -0.01758564
v 0.04723881 -0.01866079 -0.01725906
v 0.04728276 -0.01714564 -0.01743770
v 0.04667032 -0.01788080 -0.01711759
v 0.04630608 -0.01878099 -0.01695613
v 0.04776613 -0.01858486 -0.01753030
v 0.04793525 -0.01755127 -0.01775123
v 0.04726251 -0.01865773 -0.01726675
v 0.04853671 -0.01795839 -0.01813940
v 0.04837417 -0.01849265 -0.01790149
v 0.04826355 -0.01850943 -0.01783396
v 0.04907847 -0.01835838 -0.01861616
v 0.04862724 -0.01742069 -0.01834565
v 0.04814779 -0.01647429 -0.01811368
v 0.04765065 -0.01553117 -0.01789659
v 0.04720450 -0.01432475 -0.01775980
v 0.04749629 -0.01297176 -0.01815566
v 0.04760161 -0.01248339 -0.01829855
v 0.04761007 -0.01244415 -0.01831003
v 0.04694035 -0.01694493 -0.01730704
v 0.04718608 -0.01599039 -0.01753560
v 0.04739901 -0.01506278 -0.01778820
v 0.04714561 -0.01459784 -0.01767989
v 0.04621591 -0.01781007 -0.01707844
v 0.04643280 -0.01706366 -0.01721696
v 0.04652587 -0.01674336 -0.01727641
v 0.04683531 -0.01567848 -0.01747403
v 0.04684197 -0.01565556 -0.01747828
v 0.04713489 -0.01464754 -0.01766535
v 0.05208778 -0.01813748 -0.02226761
v 0.05212919 -0.01773225 -0.02245317
v 0.05558100 -0.01713673 -0.02635511
v 0.05742923 -0.01733269 -0.02811525
v 0.05735861 -0.01678021 -0.02825042
v 0.05913588 -0.01642376 -0.03014534
v 0.05931201 -0.01710035 -0.03004576
v 0.06381652 -0.02556853 -0.03196217
v 0.09154126 -0.01710028 -0.04137721
v 0.09164702 -0.02067752 -0.04053095
v 0.09119672 -0.01710028 -0.04141895
v 0.08665033 -0.02067752 -0.04067231
v 0.08800000 -0.01710030 -0.04154213
v 0.08155030 -0.01710052 -0.04103835
v 0.08261483 -0.01710051 -0.04115761
v 0.08167399 -0.02067751 -0.04020000
v 0.08520922 -0.01710048 -0.04144824
v 0.08662301 -0.01710038 -0.04149581
v 0.07657057 -0.01710072 -0.03989793
v 0.07734994 -0.01710066 -0.04012112
v 0.07679310 -0.02067751 -0.03912114
v 0.07831176 -0.01710058 -0.04039656
v 0.08154232 -0.01710052 -0.04103677
v 0.07483821 -0.01710088 -0.03940184
v 0.07208131 -0.02067751 -0.03745202
v 0.07229264 -0.01710100 -0.03842637
v 0.06760969 -0.02067751 -0.03521781
v 0.06720487 -0.01710107 -0.03591816
v 0.06746846 -0.01710116 -0.03607610
v 0.06828824 -0.01710144 -0.03656732
v 0.07146128 -0.01710104 -0.03810779
v 0.07175435 -0.01710101 -0.03822009
v 0.06219427 -0.01710057 -0.03255469
v 0.06295156 -0.01710050 -0.03310438
v 0.06344573 -0.02067751 -0.03245222
v 0.06300330 -0.01710050 -0.03314193
v 0.06504506 -0.01710033 -0.03462398
v 0.05996709 -0.02069950 -0.02964577
v 0.05931201 -0.01710035 -0.03004576
v 0.05972172 -0.01710116 -0.03043138
v 0.06219427 -0.01710057 -0.03255469
v 0.06382149 -0.03049800 -0.03195560
v 0.06346057 -0.03539105 -0.03243261
v 0.06762202 -0.03539105 -0.03519652
v 0.06718503 -0.03910000 -0.03595127
v 0.07209093 -0.03539105 -0.03742938
v 0.07174977 -0.03910000 -0.03823202
v 0.07679988 -0.03539105 -0.03909750
v 0.07655970 -0.03910000 -0.03993591
v 0.08167781 -0.03539105 -0.04017571
v 0.08154224 -0.03910001 -0.04103723
v 0.08665114 -0.03539105 -0.04064773
v 0.09164482 -0.03539105 -0.04050645
v 0.09172298 -0.03910001 -0.04137507
v 0.09658351 -0.03539105 -0.03975400
v 0.09676757 -0.03910001 -0.04060649
v 0.10139270 -0.03539105 -0.03840174
v 0.10167990 -0.03910001 -0.03922522
v 0.10599981 -0.03539105 -0.03647006
v 0.11033530 -0.03539105 -0.03398811
v 0.11081430 -0.03910001 -0.03471695
v 0.11433381 -0.03539105 -0.03099334
v 0.11489850 -0.03910001 -0.03165796
v 0.11793500 -0.03539105 -0.02753094
v 0.12136320 -0.03665889 -0.02369886
v 0.12129410 -0.03668365 -0.02380308
v 0.12108451 -0.03539105 -0.02365314
v 0.11933631 -0.03909992 -0.02727306
v 0.11874810 -0.03909999 -0.02793017
v 0.12373491 -0.03539105 -0.01941845
v 0.12237360 -0.03660552 -0.02219061
v 0.12146991 -0.03662069 -0.02353802
v 0.12665760 -0.03910001 -0.01521010
v 0.12459771 -0.03909993 -0.01965682
v 0.12449431 -0.03847177 -0.01948184
v 0.12584601 -0.03539105 -0.01489078
v 0.12738620 -0.03539105 -0.01013843
v 0.12833201 -0.03539105 -0.00523311
v 0.12919690 -0.03910001 -0.00534533
v 0.12773880 -0.03049801 -0.00515615
v 0.12774701 -0.02556854 -0.00515721
v 0.12835640 -0.02067752 -0.00523628
v 0.12953791 -0.01710001 -0.00060000
v 0.12932871 -0.01710003 -0.00420617
v 0.12926230 -0.01710003 -0.00466071
v 0.12916311 -0.01710003 -0.00534041
v 0.12797590 -0.01710006 -0.01129952
v 0.12820051 -0.01710006 -0.01034870
v 0.12741001 -0.02067752 -0.01014457
v 0.12859580 -0.01710005 -0.00867539
v 0.12880660 -0.01710005 -0.00778291
v 0.12916311 -0.01710003 -0.00534041
v 0.12586890 -0.02067752 -0.01489979
v 0.12664000 -0.01710008 -0.01520253
v 0.12684221 -0.01710008 -0.01473225
v 0.12754430 -0.01710007 -0.01260644
v 0.12432940 -0.01710011 -0.02007229
v 0.12446691 -0.01710011 -0.01981643
v 0.12375651 -0.02067752 -0.01943020
v 0.12541520 -0.01710010 -0.01805145
v 0.12611780 -0.01710009 -0.01641723
v 0.12370421 -0.01710011 -0.02123586
v 0.12110450 -0.02067752 -0.02366744
v 0.12219591 -0.01710013 -0.02353774
v 0.11701330 -0.01710016 -0.02973178
v 0.11854990 -0.01710015 -0.02809590
v 0.11795311 -0.02067752 -0.02754758
v 0.11948781 -0.01710015 -0.02709739
v 0.11973681 -0.01710015 -0.02678119
v 0.12172381 -0.01710013 -0.02425812
v 0.12178971 -0.01710013 -0.02415756
v 0.11390731 -0.01710018 -0.03244938
v 0.11434980 -0.02067752 -0.03101208
v 0.11142611 -0.01710019 -0.03430692
v 0.11034880 -0.02067752 -0.03400866
v 0.11080080 -0.01710020 -0.03469521
v 0.11059900 -0.01710020 -0.03482046
v 0.11432000 -0.01710018 -0.03214041
v 0.11488121 -0.01710018 -0.03163857
v 0.11697161 -0.01710016 -0.02976907
v 0.11701330 -0.01710016 -0.02973178
v 0.10835691 -0.01710021 -0.03621253
v 0.10601070 -0.02067752 -0.03649211
v 0.10707780 -0.01710022 -0.03686005
v 0.09952987 -0.01710025 -0.03987282
v 0.10167860 -0.01710024 -0.03922091
v 0.10140081 -0.02067752 -0.03842496
v 0.10177910 -0.01710024 -0.03919041
v 0.10177910 -0.01710024 -0.03919041
v 0.10337671 -0.01710023 -0.03854935
v 0.10513201 -0.01710023 -0.03784500
v 0.10636890 -0.01710022 -0.03721885
v 0.09832093 -0.01710026 -0.04023961
v 0.09658870 -0.02067752 -0.03977805
v 0.09675956 -0.01710026 -0.04056843
v 0.09172062 -0.01710028 -0.04135549
v 0.09478395 -0.01710027 -0.04098448
v 0.09557264 -0.01710027 -0.04081839
v 0.06792173 -0.03049800 -0.03467887
v 0.07232492 -0.03049800 -0.03687889
v 0.07696459 -0.03049801 -0.03852247
v 0.08177079 -0.03049801 -0.03958482
v 0.08667099 -0.03049801 -0.04004990
v 0.09159121 -0.03049801 -0.03991070
v 0.09645727 -0.03049801 -0.03916932
v 0.10119571 -0.03049801 -0.03783694
v 0.10573510 -0.03049801 -0.03593367
v 0.11000680 -0.03049801 -0.03348823
v 0.11394651 -0.03049801 -0.03053750
v 0.11749470 -0.03049801 -0.02712602
v 0.12059790 -0.03049801 -0.02330526
v 0.12320930 -0.03049801 -0.01913285
v 0.12528940 -0.03049801 -0.01467177
v 0.12680690 -0.03049801 -0.00998932
v 0.06791761 -0.02556853 -0.03468600
v 0.07232170 -0.02556853 -0.03688647
v 0.07696234 -0.02556853 -0.03853039
v 0.08176951 -0.02556854 -0.03959296
v 0.08667071 -0.02556854 -0.04005814
v 0.09159195 -0.02556854 -0.03991891
v 0.09645900 -0.02556854 -0.03917737
v 0.10119841 -0.02556854 -0.03784472
v 0.10573870 -0.02556854 -0.03594106
v 0.11001130 -0.02556854 -0.03349511
v 0.11395190 -0.02556854 -0.03054378
v 0.11750081 -0.02556854 -0.02713160
v 0.12060460 -0.02556854 -0.02331005
v 0.12321650 -0.02556854 -0.01913679
v 0.12529710 -0.02556854 -0.01467479
v 0.12681491 -0.02556854 -0.00999138
v 0.07044046 -0.03361503 0.03730278
v 0.07053431 -0.03564683 0.03729778
v 0.07535164 -0.03475716 0.03858509
v 0.08378110 -0.04459671 0.04293081
v 0.08402743 -0.04223701 0.04227227
v 0.07934609 -0.04276179 0.04151220
v 0.07832817 -0.04992047 0.04279615
v 0.07867842 -0.04746162 0.04251128
v 0.07697782 -0.05120000 0.04259736
v 0.08799993 -0.02810000 0.03999993
v 0.08799993 -0.02699668 0.04003378
v 0.08440781 -0.02812373 0.03976851
v 0.08799993 -0.02564995 0.04007510
v 0.08799993 -0.02171572 0.04055979
v 0.08404580 -0.02322875 0.04006546
v 0.06388330 -0.02692207 0.03745896
v 0.06361983 -0.02728338 0.03737369
v 0.06402916 -0.02838398 0.03720134
v 0.06256254 -0.02873334 0.03703147
v 0.05358789 -0.04798392 0.02690310
v 0.05359061 -0.04897220 0.02706509
v 0.05447942 -0.04896984 0.02805603
v 0.05359676 -0.05119998 0.02743024
v 0.05350381 -0.04565876 0.02674514
v 0.05353617 -0.04655355 0.02680593
v 0.05461782 -0.04483014 0.02794287
v 0.05332902 -0.04379650 0.02684867
v 0.05340666 -0.04462374 0.02680268
v 0.05342181 -0.04478512 0.02679372
v 0.05455172 -0.04295961 0.02820106
v 0.05317968 -0.04291149 0.02703619
v 0.05319349 -0.04299332 0.02701884
v 0.05304499 -0.04211327 0.02720529
v 0.05447915 -0.04207651 0.02842572
v 0.05302308 -0.04202787 0.02723930
v 0.05437994 -0.04122734 0.02871605
v 0.05267435 -0.04066839 0.02778044
v 0.05281187 -0.04120452 0.02756703
v 0.05333819 -0.04121027 0.02793417
v 0.05291368 -0.04160140 0.02740905
v 0.05299863 -0.03964137 0.02880120
v 0.05231631 -0.03965399 0.02838918
v 0.05257884 -0.04039783 0.02794281
v 0.05150072 -0.03785697 0.02980065
v 0.05322401 -0.03661720 0.03169268
v 0.05371846 -0.03810019 0.03049560
v 0.05156705 -0.03799729 0.02968560
v 0.05168099 -0.03823838 0.02948791
v 0.05255705 -0.03817597 0.02991096
v 0.05176966 -0.03842596 0.02933409
v 0.05221671 -0.03937180 0.02855852
v 0.05565490 -0.03629772 0.03263214
v 0.05734267 -0.03370764 0.03469776
v 0.05762549 -0.03419235 0.03444931
v 0.05968980 -0.03172746 0.03590211
v 0.06470677 -0.03055747 0.03674675
v 0.06520326 -0.02438131 0.03789616
v 0.06926491 -0.02713562 0.03779200
v 0.06653725 -0.02015713 0.03848544
v 0.06756184 -0.02235480 0.03826871
v 0.06591458 -0.02270730 0.03813589
v 0.07303575 -0.02117783 0.03900331
v 0.07136994 -0.01709993 0.03956725
v 0.08041989 -0.01709939 0.04097559
v 0.07751522 -0.01709962 0.04051947
v 0.07833564 -0.01989160 0.03998674
v 0.07352371 -0.01709993 0.03989270
v 0.07349251 -0.01709993 0.03988779
v 0.08546418 -0.01710008 0.04144894
v 0.08468103 -0.01710010 0.04142012
v 0.08340179 -0.01830659 0.04097906
v 0.08319144 -0.01709985 0.04126472
v 0.08080658 -0.01709945 0.04101593
v 0.08799993 -0.02078660 0.04067425
v 0.08635348 -0.01710006 0.04148168
v 0.08799993 -0.01710001 0.04154228
v 0.08799996 -0.03054857 0.04010860
v 0.08800000 -0.03541120 0.04068412
v 0.08800000 -0.03515677 0.04062740
v 0.08454264 -0.03292159 0.04007194
v 0.08799997 -0.03212156 0.04022131
v 0.08799996 -0.03164188 0.04015712
v 0.08441645 -0.03761099 0.04094292
v 0.08353736 -0.04702601 0.04342125
v 0.08330676 -0.04951643 0.04367851
v 0.08428964 -0.05120000 0.04384357
v 0.07815549 -0.05120000 0.04284956
v 0.08060291 -0.05120000 0.04337370
v 0.08316244 -0.05120000 0.04369991
v 0.07342179 -0.05120000 0.04151487
v 0.07386771 -0.04779919 0.04103798
v 0.07329180 -0.05120000 0.04146294
v 0.06996865 -0.05120000 0.04013546
v 0.06914994 -0.04808816 0.03902596
v 0.06861328 -0.05120000 0.03945636
v 0.06459037 -0.04837196 0.03649619
v 0.06413342 -0.05120000 0.03693335
v 0.06663504 -0.05120000 0.03846518
v 0.06027124 -0.04866067 0.03347066
v 0.06046288 -0.05120000 0.03431820
v 0.06346116 -0.05120000 0.03652168
v 0.05509337 -0.05120000 0.02920868
v 0.05610945 -0.05120000 0.03026062
v 0.05629896 -0.04890515 0.02997234
v 0.05766747 -0.05120000 0.03187365
v 0.05993899 -0.05120000 0.03386007
v 0.05410214 -0.03961962 0.02948911
v 0.05521618 -0.03957425 0.03016819
v 0.05488549 -0.03800571 0.03107439
v 0.05605893 -0.03789319 0.03164456
v 0.05809919 -0.03592597 0.03353745
v 0.05543831 -0.04121671 0.02948520
v 0.05651347 -0.04118101 0.03023919
v 0.05634136 -0.03950677 0.03083570
v 0.05862517 -0.03931259 0.03212745
v 0.05842610 -0.03761856 0.03275058
v 0.06081935 -0.03728744 0.03380003
v 0.06055741 -0.03551048 0.03439746
v 0.06302705 -0.03506175 0.03520546
v 0.05658383 -0.04294615 0.02987096
v 0.05656180 -0.04481773 0.02972483
v 0.06074407 -0.04457822 0.03300486
v 0.05870204 -0.04284304 0.03145961
v 0.06089569 -0.04267418 0.03295676
v 0.06097027 -0.04083922 0.03306794
v 0.06810123 -0.03608329 0.03653487
v 0.06566485 -0.03650782 0.03569620
v 0.06799217 -0.03997885 0.03662349
v 0.06569803 -0.03839869 0.03555307
v 0.06074407 -0.04457822 0.03300486
v 0.06521871 -0.04418933 0.03586114
v 0.06562210 -0.04029222 0.03553836
v 0.06331146 -0.03874295 0.03449433
v 0.07037654 -0.03965103 0.03760236
v 0.07514490 -0.03897425 0.03922208
v 0.08004210 -0.03385414 0.03952417
v 0.07984767 -0.03828971 0.04035179
v 0.06987075 -0.04374083 0.03825533
v 0.07460604 -0.04326419 0.04015293
v 0.07934001 -0.02466296 0.03934702
v 0.07439553 -0.02592778 0.03853901
v 0.06519055 -0.03261729 0.03631967
v 0.07020925 -0.03153204 0.03740133
v 0.07513013 -0.03044435 0.03837072
v 0.07988164 -0.02932767 0.03918684
v 0.06014405 -0.03368400 0.03511007
v 0.05530317 -0.03519734 0.03337855
v 0.05871239 -0.04104484 0.03169405
v 0.06095070 -0.03905261 0.03335035
v 0.06323466 -0.03691282 0.03478362
v 0.06550264 -0.03459077 0.03595892
v 0.05957945 -0.03183265 0.03585529
v 0.06373171 -0.01582448 0.04099850
v 0.06386383 -0.01499948 0.04087914
v 0.06384354 -0.01499907 0.04101124
v 0.06407572 -0.01499992 0.04034696
v 0.06407157 -0.01499992 0.04035293
v 0.06398802 -0.01499993 0.04047346
v 0.06395703 -0.01499994 0.04055092
v 0.06393591 -0.01499995 0.04060371
v 0.06388760 -0.01499996 0.04072442
v 0.06388574 -0.01499992 0.04073656
v 0.06388026 -0.01499981 0.04077224
v 0.06415509 -0.01499990 0.04023247
v 0.06423360 -0.01499990 0.04016133
v 0.06426748 -0.01499989 0.04013063
v 0.06438286 -0.01499989 0.04002610
v 0.06464858 -0.01499987 0.03984394
v 0.06464810 -0.01499987 0.03984420
v 0.06448662 -0.01499988 0.03993208
v 0.06442425 -0.01499988 0.03998859
v 0.06515489 -0.01499986 0.03957864
v 0.06510540 -0.01499986 0.03959532
v 0.06494858 -0.01499987 0.03968067
v 0.06464858 -0.01499987 0.03984394
v 0.06561946 -0.01499984 0.03942205
v 0.06573021 -0.01499985 0.03940336
v 0.06632958 -0.01499989 0.03930228
v 0.06656367 -0.01499991 0.03926280
v 0.06735087 -0.01562852 0.03918336
v 0.06690931 -0.01499995 0.03927437
v 0.06656858 -0.01499991 0.03926296
v 0.06702301 -0.01499996 0.03927818
v 0.06744052 -0.01500000 0.03929216
v 0.06626708 -0.00990460 0.03998444
v 0.06648580 -0.00738246 0.04017403
v 0.06586782 -0.00742450 0.04024733
v 0.06594387 -0.01245236 0.03970377
v 0.06626440 -0.00993544 0.03998212
v 0.06561083 -0.00996795 0.04008902
v 0.06482764 -0.00523943 0.04088101
v 0.06482653 -0.00524028 0.04088381
v 0.06467012 -0.00764836 0.04086442
v 0.06480249 -0.00525854 0.04094436
v 0.06396297 -0.01402775 0.04102518
v 0.06593804 -0.01249820 0.03969870
v 0.06515489 -0.01499986 0.03957864
v 0.06530055 -0.01252466 0.03989205
v 0.06510540 -0.01499986 0.03959532
v 0.06464858 -0.01499987 0.03984394
v 0.06464810 -0.01499987 0.03984420
v 0.06499877 -0.01253680 0.04001516
v 0.06472726 -0.01255018 0.04016350
v 0.06460520 -0.01255734 0.04024750
v 0.06449423 -0.01256481 0.04033880
v 0.06424523 -0.01258909 0.04066387
v 0.06431253 -0.01258068 0.04054641
v 0.06447499 -0.00911663 0.04108443
v 0.06439548 -0.01016433 0.04107543
v 0.06442663 -0.01014574 0.04095954
v 0.06432692 -0.01106789 0.04106766
v 0.06410643 -0.01286111 0.04104192
v 0.06478135 -0.00527701 0.04100535
v 0.06476374 -0.00531147 0.04111715
v 0.06475053 -0.00548535 0.04111566
v 0.06478171 -0.00527631 0.04100305
v 0.06444067 -0.01013485 0.04089546
v 0.06478339 -0.00527303 0.04099240
v 0.06446025 -0.01012423 0.04083312
v 0.06451499 -0.01010378 0.04071486
v 0.06489604 -0.00520465 0.04076980
v 0.06489386 -0.00520561 0.04077282
v 0.06473056 -0.00761774 0.04075074
v 0.06484260 -0.00522808 0.04084336
v 0.06481140 -0.00758896 0.04064975
v 0.06493856 -0.00518602 0.04071131
v 0.06498474 -0.00517194 0.04067313
v 0.06491008 -0.00756201 0.04056414
v 0.06506907 -0.00514622 0.04060341
v 0.06508625 -0.00514237 0.04059524
v 0.06502362 -0.00753688 0.04049269
v 0.06520990 -0.00511461 0.04053644
v 0.06509095 -0.00514131 0.04059301
v 0.06520990 -0.00511461 0.04053644
v 0.06521540 -0.00511338 0.04053382
v 0.06514886 -0.00751358 0.04043300
v 0.06528470 -0.00509783 0.04050086
v 0.06528266 -0.00749211 0.04038262
v 0.06548373 -0.00506749 0.04045813
v 0.06549150 -0.00506631 0.04045647
v 0.06556658 -0.00745465 0.04030276
v 0.06577259 -0.00502346 0.04039612
v 0.06585076 -0.00501155 0.04037933
v 0.06607299 -0.00499453 0.04037350
v 0.06607299 -0.00499453 0.04037350
v 0.06608445 -0.00499365 0.04037320
v 0.06669702 -0.00494674 0.04035712
v 0.06446025 -0.01012423 0.04083312
v 0.06388574 -0.01499992 0.04073656
v 0.06473056 -0.00761774 0.04075074
v 0.06458889 -0.01008440 0.04060708
v 0.06467990 -0.01006609 0.04051158
v 0.06439608 -0.01257259 0.04043818
v 0.06407157 -0.01499992 0.04035293
v 0.06530921 -0.00999064 0.04017592
v 0.06503152 -0.01001761 0.04028751
v 0.06490364 -0.01003270 0.04035338
v 0.06478562 -0.01004886 0.04042754
v 0.06689759 -0.01243874 0.03963867
v 0.06803631 -0.00953741 0.04014026
v 0.06832731 -0.00500064 0.04061788
v 0.06752585 -0.00496353 0.04047269
v 0.06648580 -0.00738246 0.04017403
v 0.06716484 -0.00988816 0.03996786
v 0.06699739 -0.00493906 0.04037695
v 0.06759928 -0.00989111 0.04001015
v 0.06749703 -0.01457320 0.03936484
v 0.06791104 -0.01070709 0.03996015
v 0.06799745 -0.00990032 0.04008438
v 0.06593804 -0.01249820 0.03969870
v -0.00866816 -0.04485447 0.02878925
v -0.00823290 -0.04592845 0.02477089
v -0.00223287 -0.04647103 0.02511042
v -0.03755335 -0.02755656 0.02945852
v -0.03825337 -0.02663828 0.02937876
v -0.03840047 -0.02761384 0.02305395
v -0.04681929 -0.00551845 0.02840280
v -0.04684698 -0.00529201 0.02839964
v -0.04715122 -0.00543370 0.02255191
v 0.01894683 -0.04350604 0.02034820
v 0.01894692 -0.04336869 0.02142179
v 0.01614207 -0.04447448 0.02135878
v 0.01894664 -0.04367517 0.01680000
v 0.01894676 -0.04357044 0.01899722
v 0.01630469 -0.04465090 0.01898052
v 0.01894680 -0.04367565 0.01670008
v 0.01635606 -0.04470302 0.01670008
v 0.01612705 -0.04479383 0.01670008
v 0.01044006 -0.04636409 0.01891441
v 0.01045800 -0.04631697 0.01670008
v 0.00849399 -0.04684465 0.01670008
v 0.00442162 -0.04723791 0.01670008
v 0.00439367 -0.04732322 0.01883683
v 0.00136782 -0.04753281 0.01670008
v 0.00121366 -0.04728236 0.02097348
v 0.00062682 -0.04760437 0.01670008
v -0.00276472 -0.04752816 0.01670008
v -0.00199998 -0.04756653 0.01670008
v -0.00184223 -0.04728078 0.02088702
v -0.00169856 -0.04757287 0.01670008
v -0.00000000 -0.04760862 0.01670008
v -0.00725762 -0.04705206 0.01670007
v -0.00792641 -0.04668468 0.02071474
v -0.00781138 -0.04694960 0.01670008
v -0.01005845 -0.04653382 0.01670008
v -0.01388700 -0.04530796 0.02054568
v -0.01379076 -0.04551668 0.01670008
v -0.01962224 -0.04317108 0.02038253
v -0.01526488 -0.04509492 0.01670007
v -0.01494202 -0.04520293 0.01670008
v -0.02166254 -0.04239461 0.01670008
v -0.02036777 -0.04303153 0.01670008
v -0.01954952 -0.04336240 0.01670008
v -0.03473944 -0.03255365 0.01670007
v -0.03451477 -0.03275665 0.01670007
v -0.03452698 -0.03262739 0.01995694
v -0.02995214 -0.03687915 0.01670007
v -0.03003056 -0.03677581 0.02008563
v -0.02887495 -0.03785243 0.01670007
v -0.02503441 -0.04031127 0.02022834
v -0.02491607 -0.04038190 0.01670007
v -0.02221462 -0.04210796 0.01670007
v -0.03963588 -0.02635030 0.01670002
v -0.03845700 -0.02804983 0.01670004
v -0.03844690 -0.02793620 0.01984448
v -0.03827245 -0.02831588 0.01670004
v -0.03584746 -0.03132936 0.01670007
v -0.04434294 -0.01732366 0.01670003
v -0.04431664 -0.01739553 0.01670003
v -0.04431183 -0.01726043 0.01967607
v -0.04342559 -0.01941969 0.01670005
v -0.04172657 -0.02278446 0.01975044
v -0.04275822 -0.02093572 0.01670006
v -0.04190152 -0.02260158 0.01670005
v -0.04174300 -0.02286889 0.01670005
v -0.03992844 -0.02592853 0.01670002
v -0.04619643 -0.01149826 0.01670005
v -0.04617091 -0.01161104 0.01670005
v -0.04616338 -0.01145969 0.01962282
v -0.04606402 -0.01197317 0.01670004
v -0.04507594 -0.01532085 0.01670002
v -0.04725234 -0.00548079 0.01959163
v -0.04728571 -0.00549781 0.01672389
v -0.04727812 -0.00559535 0.01672424
v -0.04667169 -0.00939799 0.01670006
v -0.04753865 -0.00000094 0.01958152
v -0.04760850 0.00000000 0.01670006
v -0.04760844 -0.00007833 0.01670006
v -0.04760824 -0.00015666 0.01670006
v -0.04757505 -0.00177952 0.01671049
v -0.04738779 -0.00418606 0.01671916
v -0.04685056 -0.00526277 0.02839924
v -0.04688034 -0.00500699 0.02839585
v -0.04690863 -0.00475109 0.02839262
v -0.04693544 -0.00449508 0.02838957
v -0.04696076 -0.00423897 0.02838668
v -0.04698459 -0.00398274 0.02838397
v -0.04700692 -0.00372640 0.02838143
v -0.04702585 -0.00349441 0.02837927
v -0.04704356 -0.00326233 0.02837725
v -0.04706004 -0.00303015 0.02837537
v -0.04707531 -0.00279789 0.02837363
v -0.04746709 -0.00000190 0.02253335
v -0.04708936 -0.00256554 0.02837203
v -0.04710219 -0.00233309 0.02837057
v -0.04710815 -0.00221684 0.02836989
v -0.04711381 -0.00210056 0.02836925
v -0.04711651 -0.00204241 0.02836894
v -0.04711915 -0.00198426 0.02836864
v -0.04712171 -0.00192610 0.02836835
v -0.04712420 -0.00186793 0.02836806
v -0.04712660 -0.00180976 0.02836779
v -0.04712778 -0.00178068 0.02836765
v -0.04712894 -0.00175159 0.02836753
v -0.04713007 -0.00172250 0.02836740
v -0.04713119 -0.00169341 0.02836727
v -0.04713229 -0.00166432 0.02836714
v -0.04713337 -0.00163522 0.02836701
v -0.04714133 -0.00140242 0.02836611
v -0.04715358 -0.00093654 0.02836471
v -0.04746409 -0.00000194 0.02265687
v -0.04716347 -0.00000371 0.02836359
v -0.04576499 -0.01105735 0.02852293
v -0.04598734 -0.01015319 0.02849759
v -0.04606563 -0.01135297 0.02261424
v -0.04609133 -0.00969973 0.02848574
v -0.04619054 -0.00924536 0.02847444
v -0.04628496 -0.00879006 0.02846368
v -0.04637460 -0.00833384 0.02845347
v -0.04645944 -0.00787670 0.02844380
v -0.04653951 -0.00741865 0.02843468
v -0.04660699 -0.00700859 0.02842699
v -0.04667066 -0.00659780 0.02841974
v -0.04673050 -0.00618628 0.02841292
v -0.04675899 -0.00598024 0.02840967
v -0.04678652 -0.00577402 0.02840653
v -0.04404297 -0.01635222 0.02871913
v -0.04421160 -0.01592066 0.02869991
v -0.04422339 -0.01708701 0.02272012
v -0.04437567 -0.01548726 0.02868122
v -0.04453520 -0.01505204 0.02866304
v -0.04469018 -0.01461497 0.02864538
v -0.04484041 -0.01417669 0.02862827
v -0.04498609 -0.01373657 0.02861167
v -0.04512725 -0.01329462 0.02859558
v -0.04526386 -0.01285085 0.02858002
v -0.04539594 -0.01240524 0.02856497
v -0.04552349 -0.01195781 0.02855044
v -0.04129958 -0.02203661 0.02903169
v -0.04143458 -0.02179665 0.02901631
v -0.04165405 -0.02253821 0.02286768
v -0.04166746 -0.02138273 0.02898978
v -0.04210855 -0.02056305 0.02893952
v -0.04253150 -0.01973605 0.02889134
v -0.04293630 -0.01890173 0.02884521
v -0.04332298 -0.01806011 0.02880116
v -0.04369207 -0.01720983 0.02875910
v -0.04386980 -0.01678194 0.02873886
v -0.04395714 -0.01656520 0.02872890
v -0.03867568 -0.02608430 0.02933065
v -0.03973653 -0.02456267 0.02920978
v -0.04073257 -0.02299718 0.02909630
v -0.03451545 -0.03222613 0.02327629
v -0.03513115 -0.03034566 0.02973450
v -0.03637282 -0.02897566 0.02959303
v -0.02961246 -0.03527680 0.03036328
v -0.03016123 -0.03484552 0.03030074
v -0.03006456 -0.03629607 0.02353042
v -0.03107170 -0.03412998 0.03019702
v -0.03247993 -0.03292369 0.03003657
v -0.03383061 -0.03166434 0.02988268
v -0.03438433 -0.03111638 0.02981959
v -0.03447973 -0.03101793 0.02980872
v -0.02512390 -0.03975514 0.02381198
v -0.02539315 -0.03808204 0.03084400
v -0.02655824 -0.03737714 0.03071126
v -0.02810672 -0.03636021 0.03053483
v -0.01998058 -0.04076078 0.03146069
v -0.02023894 -0.04064781 0.03143125
v -0.01977660 -0.04254276 0.02411608
v -0.02168843 -0.04001396 0.03126611
v -0.02335450 -0.03920055 0.03107629
v -0.01479636 -0.04251543 0.03205135
v -0.01492886 -0.04248242 0.03203627
v -0.01411404 -0.04461201 0.02443766
v -0.01648852 -0.04202574 0.03185857
v -0.01827845 -0.04141672 0.03165462
v -0.00929396 -0.04363463 0.03267828
v -0.01112047 -0.04334645 0.03247017
v -0.01291732 -0.04298357 0.03226545
v -0.00278764 -0.04532107 0.02928979
v -0.00340780 -0.04399673 0.03334892
v -0.00560602 -0.04397898 0.03309846
v -0.00745123 -0.04384593 0.03288823
v -0.00915465 -0.04365061 0.03269414
v 0.00442863 -0.04342234 0.03424176
v 0.00234662 -0.04367443 0.03400455
v 0.00310603 -0.04503160 0.02979052
v 0.00178547 -0.04374238 0.03394061
v -0.00191546 -0.04400877 0.03351895
v 0.00747868 -0.04297330 0.03458928
v 0.00894898 -0.04417109 0.03028038
v 0.00806975 -0.04287417 0.03465662
v 0.01424410 -0.04241536 0.03308797
v 0.01377993 -0.04190996 0.03530721
v 0.01330648 -0.04199597 0.03525327
v 0.01894630 -0.04117721 0.03455692
v 0.01894676 -0.04096077 0.03589592
v 0.01743935 -0.04124524 0.03572416
v 0.01894639 -0.04135689 0.03355589
v 0.01471615 -0.04292750 0.03075595
v 0.01894647 -0.04151439 0.03267837
v 0.01839327 -0.04288891 0.02622143
v 0.01894683 -0.04223223 0.02867903
v 0.01515763 -0.04340646 0.02841935
v 0.01894678 -0.04213348 0.02922918
v 0.01894661 -0.04179520 0.03111389
v 0.01894700 -0.04325319 0.02232449
v 0.01894719 -0.04295635 0.02464468
v 0.01894709 -0.04275683 0.02575630
v 0.01894705 -0.04266778 0.02625243
v 0.00973438 -0.04532622 0.02577369
v 0.00378428 -0.04623867 0.02544950
v 0.00426186 -0.04708863 0.02105873
v 0.01028742 -0.04613960 0.02121818
v 0.01266390 -0.04464899 0.02592726
v 0.01324167 -0.04539421 0.02129064
v 0.01555288 -0.04383527 0.02607585
v 0.01894692 -0.04336249 0.02147020
v 0.05020067 -0.04740982 0.02264141
v 0.04948564 -0.04580515 0.02192202
v 0.04933480 -0.04808931 0.02109302
v 0.04727309 -0.04112625 0.02261237
v 0.04705969 -0.04057519 0.02326397
v 0.04587531 -0.04002548 0.02302148
v 0.04283950 -0.03883640 0.02412428
v 0.04412179 -0.03900758 0.02429636
v 0.04359196 -0.03848575 0.02586705
v 0.04650889 -0.04138326 0.02100411
v 0.04631723 -0.04090066 0.02166083
v 0.04507788 -0.04023698 0.02137439
v 0.04332207 -0.03926302 0.02258901
v 0.04199631 -0.03905362 0.02237112
v 0.04241876 -0.03937367 0.02083721
v 0.04107053 -0.03916395 0.02055569
v 0.04067098 -0.03894773 0.02214057
v 0.03936615 -0.03892428 0.02189605
v 0.04745416 -0.04592828 0.01744514
v 0.04777331 -0.04696221 0.01786830
v 0.04787260 -0.04608250 0.01845711
v 0.04469716 -0.04126219 0.01741236
v 0.04453242 -0.04089363 0.01817220
v 0.04316693 -0.04015536 0.01778369
v 0.03851194 -0.03855835 0.02523059
v 0.04105921 -0.03843819 0.02556604
v 0.04010448 -0.03784819 0.02890691
v 0.05004405 -0.03602858 0.03198416
v 0.04866458 -0.03604337 0.03202064
v 0.04821147 -0.03524672 0.03369901
v 0.02837117 -0.03905437 0.03696968
v 0.02601976 -0.03955401 0.03670176
v 0.02753111 -0.03960628 0.03073969
v 0.02107257 -0.04261112 0.01920327
v 0.02336610 -0.04144545 0.01941810
v 0.02263813 -0.04162412 0.02288073
v 0.02538460 -0.04056482 0.01672719
v 0.02617897 -0.04030249 0.01673650
v 0.02558444 -0.04047524 0.01961796
v 0.04043565 -0.03934008 0.01699879
v 0.04010227 -0.03920205 0.01863356
v 0.04602317 -0.04311106 0.01682600
v 0.04603765 -0.04284218 0.01714796
v 0.04653355 -0.04389440 0.01682850
v 0.04659016 -0.04405725 0.01682891
v 0.04657712 -0.04352825 0.01743151
v 0.04701004 -0.04526500 0.01683201
v 0.04716139 -0.04570037 0.01683313
v 0.04729007 -0.04644541 0.01681038
v 0.04706795 -0.04429328 0.01774022
v 0.04669405 -0.04435608 0.01682968
v 0.04706446 -0.04498650 0.01706425
v 0.04670247 -0.04438031 0.01682974
v 0.04545744 -0.04222370 0.01688386
v 0.04593919 -0.04232946 0.01787430
v 0.04603765 -0.04284218 0.01714796
v 0.04334532 -0.04041912 0.01698967
v 0.04189339 -0.03980664 0.01681001
v 0.04247184 -0.03987166 0.01759112
v 0.03427111 -0.03920145 0.01680013
v 0.03761289 -0.03919019 0.01791982
v 0.03784380 -0.03920026 0.01680009
v 0.03878861 -0.03919995 0.01680008
v 0.03162297 -0.03920068 0.01680010
v 0.03132995 -0.03921054 0.02410968
v 0.03685797 -0.03900749 0.02138259
v 0.02733684 -0.03992012 0.01675006
v 0.02752532 -0.03985787 0.01675227
v 0.02778136 -0.03979376 0.01983574
v 0.02846735 -0.03966421 0.01676298
v 0.02909877 -0.03953456 0.02377639
v 0.02989478 -0.03937078 0.01677922
v 0.03072375 -0.03928918 0.01678923
v 0.02383306 -0.04127287 0.01670685
v 0.02331584 -0.04150890 0.01670007
v 0.02135461 -0.04248154 0.01670007
v 0.01894664 -0.04367517 0.01680000
v 0.01894680 -0.04367565 0.01670008
v 0.02183269 -0.04161334 0.02628709
v 0.02105245 -0.04142160 0.02964095
v 0.01979522 -0.04079459 0.03599258
v 0.02035739 -0.04112035 0.03293882
v 0.02533117 -0.04014301 0.03038784
v 0.02429442 -0.03990762 0.03650520
v 0.02366489 -0.04003665 0.03643346
v 0.02978085 -0.03912604 0.03108057
v 0.02881628 -0.03895702 0.03702039
v 0.03380854 -0.03800849 0.03502969
v 0.03308850 -0.03799160 0.03750714
v 0.03097091 -0.03847965 0.03726587
v 0.03852074 -0.03689746 0.03560078
v 0.03807936 -0.03674969 0.03807578
v 0.03705521 -0.03701837 0.03795909
v 0.03511613 -0.03750461 0.03773816
v 0.03411338 -0.03774801 0.03762391
v 0.03342016 -0.03791276 0.03754494
v 0.04555557 -0.03455076 0.03892759
v 0.04267730 -0.03542031 0.03859965
v 0.04282596 -0.03548247 0.03781572
v 0.03979069 -0.03629238 0.03827076
v 0.04608169 -0.03437282 0.03898753
v 0.04315543 -0.03564044 0.03616882
v 0.04702130 -0.03429069 0.03722665
v 0.04352981 -0.03592923 0.03451077
v 0.04779946 -0.03463066 0.03535875
v 0.04917499 -0.03702523 0.03032138
v 0.05133850 -0.03757216 0.03007352
v 0.04945782 -0.03759730 0.02947338
v 0.05170165 -0.03841901 0.02930935
v 0.05228766 -0.04029029 0.02779134
v 0.05201828 -0.03930136 0.02850753
v 0.05250692 -0.04138315 0.02716346
v 0.05266054 -0.04259730 0.02663898
v 0.05273358 -0.04394594 0.02622799
v 0.05271774 -0.04543619 0.02593124
v 0.05306736 -0.05028049 0.02658908
v 0.05347013 -0.04643210 0.02668608
v 0.05217836 -0.05119997 0.02550922
v 0.05257778 -0.05119998 0.02610115
v 0.05345278 -0.05119998 0.02724244
v 0.05244418 -0.04884179 0.02561855
v 0.05165031 -0.05119995 0.02472665
v 0.05142578 -0.05090196 0.02442911
v 0.05059989 -0.05119992 0.02316993
v 0.05022747 -0.05119993 0.02252739
v 0.05053793 -0.05119992 0.02307808
v 0.05084190 -0.04911483 0.02347509
v 0.04991409 -0.05017301 0.02199800
v 0.04913372 -0.05119997 0.02058721
v 0.04897186 -0.05057739 0.02028986
v 0.04886388 -0.05119998 0.02010855
v 0.04846397 -0.04819786 0.01931712
v 0.04819822 -0.05119999 0.01866968
v 0.04755142 -0.04790131 0.01730040
v 0.04733661 -0.04720005 0.01680924
v 0.04732129 -0.04676844 0.01681380
v 0.04730887 -0.04675041 0.01680992
v 0.02692108 -0.04002870 0.02347260
v 0.02608179 -0.04016006 0.02698878
v 0.03602738 -0.03876137 0.02485850
v 0.04482142 -0.03858586 0.02601631
v 0.04572626 -0.03835429 0.02697338
v 0.04305994 -0.03801140 0.02750095
v 0.04544297 -0.03800034 0.02779171
v 0.04254894 -0.03757762 0.02917384
v 0.04601200 -0.03873547 0.02617525
v 0.04715832 -0.03892951 0.02635282
v 0.04796773 -0.03860102 0.02734081
v 0.05006099 -0.03893719 0.02783688
v 0.04975887 -0.03823475 0.02864000
v 0.04490233 -0.03736351 0.02946476
v 0.04738384 -0.03761564 0.02898667
v 0.04711156 -0.03718764 0.02983131
v 0.04660773 -0.03643614 0.03152838
v 0.04440389 -0.03680604 0.03115432
v 0.03519523 -0.03849959 0.02831931
v 0.03924187 -0.03730732 0.03228035
v 0.03443866 -0.03823254 0.03172107
v 0.03890573 -0.03653289 0.03816994
v 0.04394641 -0.03632442 0.03283912
v 0.04885850 -0.05119998 0.02009692
v 0.04413425 -0.04099309 0.01681751
v 0.04790936 -0.04525429 0.01904357
v 0.04749468 -0.04440983 0.01870871
v 0.04750021 -0.04514490 0.01808095
v 0.04609277 -0.04141385 0.02016382
v 0.04667887 -0.04189797 0.02035570
v 0.04625618 -0.04189303 0.01949179
v 0.04682480 -0.04244591 0.01970965
v 0.04639597 -0.04240541 0.01881457
v 0.04694271 -0.04302718 0.01906060
v 0.04650469 -0.04295090 0.01812880
v 0.04702533 -0.04364247 0.01840519
v 0.04298814 -0.03992979 0.01855920
v 0.04435559 -0.04056066 0.01891627
v 0.04178021 -0.03964349 0.01739672
v 0.04211753 -0.03952656 0.01915521
v 0.04280510 -0.03972595 0.01932202
v 0.04143460 -0.03937334 0.01898480
v 0.04109960 -0.03946768 0.01719934
v 0.04116258 -0.03958911 0.01680771
v 0.04416927 -0.04026022 0.01964915
v 0.04397313 -0.03998403 0.02037704
v 0.04376671 -0.03972882 0.02110632
v 0.04580835 -0.04184598 0.01858731
v 0.04565150 -0.04139564 0.01928948
v 0.04547587 -0.04097967 0.01998440
v 0.04528432 -0.04059520 0.02067742
v 0.04485726 -0.03990170 0.02208090
v 0.04610551 -0.04044861 0.02233164
v 0.04462334 -0.03958656 0.02280152
v 0.04690179 -0.04129029 0.02181752
v 0.04746038 -0.04171701 0.02198655
v 0.04707936 -0.04184378 0.02118492
v 0.04153885 -0.03874330 0.02394566
v 0.02967164 -0.03876994 0.03711784
v 0.04789732 -0.04446992 0.01962567
v 0.04744362 -0.04371501 0.01932987
v 0.04784162 -0.04372470 0.02020634
v 0.04735377 -0.04305630 0.01994678
v 0.04774742 -0.04301710 0.02078973
v 0.04723094 -0.04243250 0.02056336
v 0.04867641 -0.04432904 0.02130777
v 0.04870132 -0.04522774 0.02080086
v 0.04867773 -0.04617107 0.02030246
v 0.04860105 -0.04715980 0.01980838
v 0.04849794 -0.04267370 0.02237045
v 0.04835056 -0.04192258 0.02294005
v 0.04816767 -0.04122452 0.02354380
v 0.04682291 -0.04006273 0.02394517
v 0.04795222 -0.04057891 0.02418622
v 0.04656622 -0.03958698 0.02465789
v 0.04770831 -0.03998356 0.02486940
v 0.04744139 -0.03943507 0.02559267
v 0.04562871 -0.03962954 0.02373386
v 0.04536841 -0.03925894 0.02447065
v 0.04943571 -0.04374847 0.02282720
v 0.05028668 -0.04491724 0.02336946
v 0.04934026 -0.04281802 0.02332901
v 0.05025134 -0.04379209 0.02379181
v 0.04919960 -0.04195666 0.02387440
v 0.05016194 -0.04275392 0.02426764
v 0.04901619 -0.04116402 0.02446910
v 0.05001933 -0.04180277 0.02480474
v 0.04879409 -0.04043730 0.02511583
v 0.04982708 -0.04093514 0.02540680
v 0.04853962 -0.03977169 0.02581353
v 0.04959175 -0.04014477 0.02607296
v 0.04826093 -0.03916134 0.02655754
v 0.04932278 -0.03942291 0.02679716
v 0.04767150 -0.03808664 0.02815399
v 0.04761929 -0.04234752 0.02138108
v 0.04860744 -0.04347673 0.02182872
v 0.04948465 -0.04474567 0.02236110
v 0.05026926 -0.04612539 0.02298976
v 0.05106410 -0.04616173 0.02400953
v 0.05178009 -0.04747082 0.02475735
v 0.05109492 -0.04482963 0.02434037
v 0.05188111 -0.04592218 0.02498543
v 0.05106406 -0.04360274 0.02473425
v 0.05191458 -0.04449621 0.02528489
v 0.05187282 -0.04319575 0.02567293
v 0.05096916 -0.04248229 0.02520269
v 0.05175595 -0.04201858 0.02615837
v 0.05081261 -0.04146481 0.02575124
v 0.05157209 -0.04095613 0.02673952
v 0.05060139 -0.04054257 0.02637892
v 0.05133449 -0.03999509 0.02740718
v 0.05034658 -0.03970401 0.02707825
v 0.05105682 -0.03912023 0.02814794
v 0.02738911 -0.04000961 0.00380000
v 0.02617897 -0.04030249 0.01673650
v 0.02342590 -0.04170476 0.00380000
v 0.02331584 -0.04150890 0.01670007
v 0.03162292 -0.03920000 0.01013509
v 0.03162297 -0.03920068 0.01680010
v 0.03072375 -0.03928918 0.01678923
v 0.03162292 -0.03920000 0.00380000
v 0.02846735 -0.03966421 0.01676298
v 0.04865581 -0.00579745 -0.01480000
v 0.04864655 -0.00579640 -0.02003674
v 0.04858750 -0.00634465 -0.01997235
v 0.04829274 -0.00829521 -0.01949929
v 0.04837978 -0.00771923 -0.01963898
v 0.04899999 -0.00002047 -0.01480000
v 0.04899998 -0.00003879 -0.02011940
v 0.04896849 -0.00175649 -0.02024812
v 0.04891770 -0.00259787 -0.02024188
v 0.04882413 -0.00414779 -0.02023039
v 0.04871159 -0.00519262 -0.02010766
v 0.03111919 -0.03925219 -0.01480000
v 0.03129594 -0.03925872 -0.01480000
v 0.02342590 -0.04170476 0.00380000
v 0.02342590 -0.04170476 -0.01480000
v 0.02738911 -0.04000961 0.00380000
v 0.02738911 -0.04000961 -0.01480000
v 0.03108650 -0.03925098 -0.01480000
v -0.04410664 -0.01851119 -0.01480000
v -0.04658661 -0.01085115 -0.01480000
v -0.00772935 -0.04720505 -0.01480000
v -0.00546129 0.04752088 -0.01480000
v -0.04690000 0.00650000 -0.01480000
v -0.04738998 0.00650000 -0.01480000
v -0.02962393 -0.03755640 -0.01480000
v -0.04037702 -0.02564675 -0.01480000
v -0.03550342 -0.03205568 -0.01480000
v 0.03071041 -0.03825367 -0.01480000
v 0.03067691 -0.03831085 -0.01480000
v 0.00029763 -0.04783274 -0.01480000
v 0.01609910 -0.04504307 -0.01480000
v 0.00831617 -0.04710522 -0.01480000
v -0.04601390 0.01306832 -0.01480000
v -0.04317017 0.02060089 -0.01480000
v -0.03910332 0.02754978 -0.01480000
v -0.01553733 -0.04523993 -0.01480000
v -0.02290511 -0.04199305 -0.01480000
v 0.04783367 -0.00000000 -0.01480000
v 0.04715605 0.00802292 -0.01480000
v -0.04690000 -0.00650000 -0.01480000
v -0.04738998 -0.00650000 -0.01480000
v 0.03081816 -0.03907684 -0.01480000
v 0.03083104 -0.03909289 -0.01480000
v 0.02738911 -0.04000961 -0.01480000
v -0.03392858 0.03371812 -0.01480000
v -0.02779256 0.03893114 -0.01480000
v -0.01335438 0.04593170 -0.01480000
v -0.02086910 0.04304115 -0.01480000
v 0.01056107 0.04665323 -0.01480000
v 0.01823639 0.04422097 -0.01480000
v 0.03221609 -0.03692042 -0.01480000
v 0.03087741 -0.03804710 -0.01480000
v 0.00258654 0.04776369 -0.01480000
v 0.02539502 0.04053582 -0.01480000
v 0.03183415 0.03570219 -0.01480000
v 0.03737134 0.02985704 -0.01480000
v 0.04184971 0.02316596 -0.01480000
v 0.04514238 0.01581853 -0.01480000
v 0.03081520 -0.03811087 -0.01480000
v 0.03076226 -0.03816513 -0.01480000
v 0.03064528 -0.03841835 -0.01480000
v 0.03062775 -0.03847789 -0.01480000
v 0.03062335 -0.03859403 -0.01480000
v 0.03062120 -0.03865067 -0.01480000
v 0.03064477 -0.03877003 -0.01480000
v 0.03065075 -0.03880030 -0.01480000
v 0.03095691 -0.03918789 -0.01480000
v 0.03096929 -0.03919724 -0.01480000
v 0.03108650 -0.03925098 -0.01480000
v 0.04484413 -0.01974851 -0.01480000
v 0.04436072 -0.02081170 -0.01480000
v 0.03071199 -0.03893445 -0.01480000
v 0.03072267 -0.03895785 -0.01480000
v 0.02342590 -0.04170476 -0.01480000
v 0.04794187 -0.01012804 -0.01480000
v 0.04650297 -0.01544259 -0.01480000
v 0.04555902 -0.01803819 -0.01480000
v 0.04105241 -0.02675234 -0.01480000
v 0.03697964 -0.03214814 -0.01480000
v 0.04899999 -0.00002047 -0.01480000
v 0.04865581 -0.00579745 -0.01480000
v 0.13074851 -0.01309479 0.00000000
v 0.13077491 -0.01310297 -0.00060000
v 0.13118351 -0.01144837 -0.00060000
v 0.13066091 -0.01356450 -0.00060000
v 0.13046781 -0.01418250 0.00000000
v 0.13029970 -0.01469393 0.00000000
v 0.13005761 -0.01543091 0.00000000
v 0.12954221 -0.01710001 0.00000000
v 0.13199480 -0.00500001 -0.00060000
v 0.13200001 -0.00500001 0.00000000
v 0.13177320 -0.00822782 -0.00060000
v 0.13179041 -0.00803069 0.00000000
v 0.13175841 -0.00844278 -0.00060000
v 0.13176191 -0.00844300 0.00000000
v 0.13169401 -0.00938115 -0.00060000
v 0.13169321 -0.00943548 0.00000000
v 0.13126531 -0.01111710 -0.00060000
v 0.13127041 -0.01107320 0.00000000
v 0.13117470 -0.01144413 0.00000000
v 0.12484201 -0.01469400 0.02078359
v 0.12617470 -0.01710001 0.01631809
v 0.12689601 -0.01469401 0.01662495
v 0.12234501 -0.01469400 0.02469234
v 0.13176191 -0.00844300 0.00000000
v 0.13179041 -0.00803069 0.00000000
v 0.13175841 -0.00803696 0.00327924
v 0.13200001 -0.00500001 0.00000000
v 0.13169321 -0.00943548 0.00000000
v 0.13123621 -0.01109567 0.00324011
v 0.13127041 -0.01107320 0.00000000
v 0.13029970 -0.01469393 0.00000000
v 0.13046781 -0.01418250 0.00000000
v 0.13018171 -0.01469401 0.00316108
v 0.13074851 -0.01309479 0.00000000
v 0.13117470 -0.01144413 0.00000000
v 0.12950040 -0.01710001 0.00186379
v 0.13005761 -0.01543091 0.00000000
v 0.12040371 -0.01469400 0.02718990
v 0.11982320 -0.01710000 0.02670283
v 0.12362871 -0.00803696 0.02561530
v 0.12362990 -0.00500000 0.02561594
v 0.12351951 -0.00500000 0.02576903
v 0.12076761 -0.01710000 0.02553514
v 0.12320360 -0.01109566 0.02530966
v 0.12121380 -0.01109566 0.02786965
v 0.12161490 -0.00803696 0.02820622
v 0.12170601 -0.00500000 0.02828266
v 0.12958201 -0.01469401 0.00776040
v 0.12848241 -0.01469401 0.01226642
v 0.12167360 -0.01710000 0.02421159
v 0.12949441 -0.01109567 0.01257308
v 0.12786841 -0.01109566 0.01704058
v 0.12999561 -0.00803696 0.01272492
v 0.12834991 -0.00803696 0.01724636
v 0.13181420 -0.00500001 0.00328457
v 0.13173960 -0.00500001 0.00460156
v 0.13171920 -0.00500001 0.00496305
v 0.13113631 -0.00803696 0.00805048
v 0.13062160 -0.01109567 0.00795442
v 0.13113741 -0.00500000 0.00805047
v 0.13093610 -0.00500000 0.00911869
v 0.13052711 -0.00500000 0.01128930
v 0.13002880 -0.00500000 0.01273157
v 0.12975220 -0.00500000 0.01353204
v 0.12842620 -0.00500000 0.01737012
v 0.12818441 -0.00500000 0.01783599
v 0.12621911 -0.00803696 0.02156045
v 0.12576301 -0.01109566 0.02130319
v 0.12624221 -0.00500000 0.02157710
v 0.12606511 -0.00500000 0.02191819
v 0.12546811 -0.00500000 0.02306819
v 0.09186577 -0.00500000 0.04371708
v 0.09113813 -0.00500000 0.04377032
v 0.09113820 -0.00803695 0.04376872
v 0.10665140 -0.00500000 0.03985127
v 0.10648620 -0.00500000 0.03991435
v 0.10644070 -0.00803696 0.03981822
v 0.09592768 -0.01710000 0.04072836
v 0.09608377 -0.01469400 0.04152036
v 0.10102481 -0.01469400 0.04024479
v 0.10577620 -0.01469400 0.03838350
v 0.10930690 -0.01710000 0.03566190
v 0.10985010 -0.01710000 0.03529012
v 0.11026900 -0.01469400 0.03596359
v 0.11353511 -0.01710000 0.03276761
v 0.11443760 -0.01469400 0.03302028
v 0.08799993 -0.00752846 0.04391573
v 0.08799993 -0.00803333 0.04385226
v 0.09096521 -0.01710000 0.04138255
v 0.09102511 -0.01469400 0.04219166
v 0.12066961 -0.00500000 0.02942554
v 0.11943610 -0.00500000 0.03078588
v 0.11935120 -0.00803696 0.03070268
v 0.11897710 -0.01109566 0.03033633
v 0.11822150 -0.01469400 0.02959641
v 0.08986373 -0.01710000 0.04150040
v 0.08799998 -0.01548244 0.04204976
v 0.08800000 -0.01469319 0.04229737
v 0.08800007 -0.01239709 0.04301771
v 0.09110074 -0.01109566 0.04324647
v 0.08800006 -0.01200750 0.04310965
v 0.08799994 -0.00846384 0.04379815
v 0.08799994 -0.00980365 0.04362973
v 0.08800000 -0.01108836 0.04332655
v 0.08799993 -0.00732731 0.04394101
v 0.08799984 -0.00500000 0.04399998
v 0.11394410 -0.01710000 0.03240620
v 0.10543930 -0.01710000 0.03765999
v 0.10077591 -0.01710000 0.03948152
v 0.11082570 -0.01109566 0.03686270
v 0.10622071 -0.01109566 0.03934310
v 0.11110141 -0.00803696 0.03730786
v 0.11509861 -0.01109566 0.03384580
v 0.11542580 -0.00803696 0.03425453
v 0.11742521 -0.00500000 0.03271328
v 0.11543001 -0.00500000 0.03425661
v 0.11421631 -0.00500000 0.03519540
v 0.11226851 -0.00500000 0.03670207
v 0.11112661 -0.00500000 0.03734227
v 0.11088830 -0.00500000 0.03747585
v 0.10736181 -0.00500000 0.03945296
v 0.10135041 -0.01109566 0.04125092
v 0.10151160 -0.00803696 0.04174908
v 0.10363981 -0.00500000 0.04100112
v 0.10152740 -0.00500000 0.04180768
v 0.10065461 -0.00500000 0.04214094
v 0.09983017 -0.00500000 0.04232436
v 0.09638594 -0.00803696 0.04307233
v 0.09628588 -0.01109566 0.04255839
v 0.09638673 -0.00500000 0.04309049
v 0.09587796 -0.00500000 0.04320368
v 0.09440594 -0.00500000 0.04353119
v 0.00000568 0.04900018 -0.00205074
v 0.00017001 0.04899990 -0.00091166
v -0.00016276 0.04899971 -0.00091168
v 0.05124509 -0.04990355 -0.02418803
v 0.05085127 -0.04954780 -0.02357179
v 0.05098812 -0.04714810 -0.02347767
v 0.04946858 -0.04713057 -0.02122724
v 0.05331691 -0.05055190 -0.02707551
v 0.05232128 -0.05026550 -0.02574265
v 0.05375742 -0.04875868 -0.02746571
v 0.05250189 -0.04710819 -0.02563162
v 0.05160220 -0.04297907 -0.02300534
v 0.05067635 -0.01801506 -0.02067427
v 0.04949832 -0.04719808 -0.02128008
v 0.05062490 -0.04934330 -0.02321758
v 0.05009390 -0.04854944 -0.02233794
v 0.05219715 -0.05022979 -0.02557648
v 0.05186899 -0.05016147 -0.02511077
v 0.05166317 -0.05009921 -0.02481187
v 0.05158885 -0.05007298 -0.02470266
v 0.05816822 -0.01336703 -0.03050417
v 0.05845586 -0.01415263 -0.03047542
v 0.05259375 -0.01432819 -0.02430585
v 0.05600326 -0.00812916 -0.02996329
v 0.05656798 -0.00937753 -0.03023664
v 0.05328935 -0.00986866 -0.02653573
v 0.05727416 -0.01093860 -0.03057846
v 0.05320584 -0.01030424 -0.02635324
v 0.05594470 -0.00802182 -0.02990560
v 0.05376026 -0.00741275 -0.02756466
v 0.05378897 -0.00726303 -0.02762739
v 0.05381840 -0.00710954 -0.02769169
v 0.05383726 -0.00702190 -0.02771921
v 0.05504449 -0.00637171 -0.02901885
v 0.05405672 -0.00605391 -0.02798825
v 0.05429581 -0.00499935 -0.02828136
v 0.05850268 -0.01428051 -0.03047074
v 0.05220692 -0.01716273 -0.02276314
v 0.05294498 -0.01175450 -0.02570659
v 0.05298751 -0.01144288 -0.02587620
v 0.05787706 -0.01257180 -0.03053327
v 0.05812463 -0.01324797 -0.03050853
v 0.05283824 -0.01253669 -0.02528088
v 0.05289631 -0.01211112 -0.02551250
v 0.05729999 -0.01099567 -0.03059095
v 0.04838679 -0.00777649 -0.01974825
v 0.04873609 -0.00519631 -0.02023810
v 0.04875925 -0.00520103 -0.02033787
v 0.04842045 -0.00788949 -0.01991234
v 0.04845154 -0.00794149 -0.01997838
v 0.04838264 -0.00835627 -0.01986267
v 0.04799898 -0.01028524 -0.01908108
v 0.04817222 -0.00951713 -0.01945095
v 0.04798300 -0.01026045 -0.01903550
v 0.04829776 -0.00882452 -0.01969659
v 0.04854625 -0.00737136 -0.02013743
v 0.04839790 -0.00783215 -0.01983175
v 0.04880036 -0.00519593 -0.02043782
v 0.04901614 -0.00260501 -0.02060608
v 0.04899197 -0.00355559 -0.02066431
v 0.04897012 -0.00259585 -0.02047765
v 0.04892514 -0.00412771 -0.02058532
v 0.04908060 -0.00007064 -0.02045083
v 0.04905157 -0.00000593 -0.02037167
v 0.04908222 -0.00000637 -0.02044690
v 0.04908239 0.00000001 -0.02044650
v 0.04907732 -0.00019940 -0.02045872
v 0.04902365 -0.00001456 -0.02028722
v 0.04902894 -0.00001030 -0.02031670
v 0.04907075 -0.00045759 -0.02047454
v 0.04905756 -0.00097614 -0.02050630
v 0.04903107 -0.00201807 -0.02057013
v 0.04900137 -0.00003254 -0.02016299
v 0.04900843 -0.00002684 -0.02020234
v 0.04894515 -0.00259657 -0.02037322
v 0.04900858 -0.00002672 -0.02020318
v 0.04871159 -0.00519262 -0.02010766
v 0.04882413 -0.00414779 -0.02023039
v 0.04896849 -0.00175649 -0.02024812
v 0.04891770 -0.00259787 -0.02024188
v 0.04837978 -0.00771923 -0.01963898
v 0.04858750 -0.00634465 -0.01997235
v 0.04864655 -0.00579640 -0.02003674
v 0.04829274 -0.00829521 -0.01949929
v 0.04794547 -0.01017162 -0.01886339
v 0.04797022 -0.01023911 -0.01899585
v 0.04795637 -0.01021599 -0.01895289
v 0.04794797 -0.01020198 -0.01892686
v 0.04863613 -0.01390097 -0.01938364
v 0.04863894 -0.01392760 -0.01938323
v 0.04860387 -0.01359618 -0.01938832
v 0.04835254 -0.01122115 -0.01942479
v 0.07931334 -0.00499991 -0.04311467
v 0.07960466 -0.00499991 -0.04317925
v 0.07962815 -0.00938468 -0.04287572
v 0.08236757 -0.00938476 -0.04333043
v 0.08247744 -0.01336702 -0.04232884
v 0.07419471 -0.00938450 -0.04141042
v 0.07690268 -0.00938459 -0.04223495
v 0.07709766 -0.01336834 -0.04126009
v 0.06067628 -0.00500019 -0.03441278
v 0.06166456 -0.00500021 -0.03522036
v 0.06180142 -0.00938419 -0.03492446
v 0.05429581 -0.00499935 -0.02828136
v 0.05497354 -0.00499966 -0.02901241
v 0.05728886 -0.00500029 -0.03139971
v 0.05684792 -0.00500032 -0.03098251
v 0.05647890 -0.00500034 -0.03063335
v 0.05645753 -0.00500034 -0.03061313
v 0.05746934 -0.00938408 -0.03119783
v 0.06233404 -0.01337232 -0.03411085
v 0.06219427 -0.01710057 -0.03255469
v 0.06295156 -0.01710050 -0.03310438
v 0.06300330 -0.01710050 -0.03314193
v 0.05972172 -0.01710116 -0.03043138
v 0.06828824 -0.01710144 -0.03656732
v 0.06746846 -0.01710116 -0.03607610
v 0.06688961 -0.01337097 -0.03709718
v 0.06720487 -0.01710107 -0.03591816
v 0.06504506 -0.01710033 -0.03462398
v 0.07483821 -0.01710088 -0.03940184
v 0.07229264 -0.01710100 -0.03842637
v 0.07186417 -0.01336963 -0.03949915
v 0.07175435 -0.01710101 -0.03822009
v 0.07146128 -0.01710104 -0.03810779
v 0.07657057 -0.01710072 -0.03989793
v 0.07734994 -0.01710066 -0.04012112
v 0.08155030 -0.01710052 -0.04103835
v 0.08154232 -0.01710052 -0.04103677
v 0.07831176 -0.01710058 -0.04039656
v 0.08662301 -0.01710038 -0.04149581
v 0.08520922 -0.01710048 -0.04144824
v 0.08261483 -0.01710051 -0.04115761
v 0.06042658 -0.00500019 -0.03420875
v 0.05959416 -0.00938416 -0.03313819
v 0.05943700 -0.00500018 -0.03340012
v 0.06564997 -0.00500000 -0.03788491
v 0.06642061 -0.00938427 -0.03795815
v 0.06485145 -0.00500003 -0.03743640
v 0.06406576 -0.00938422 -0.03652371
v 0.06890618 -0.00938433 -0.03925369
v 0.06876729 -0.00499991 -0.03953126
v 0.07030124 -0.00499987 -0.04023090
v 0.08040487 -0.00499991 -0.04335663
v 0.08080722 -0.00499990 -0.04340815
v 0.08513598 -0.00499984 -0.04387702
v 0.08800000 -0.00499995 -0.04399109
v 0.08516044 -0.00938485 -0.04360753
v 0.08800000 -0.00728620 -0.04393926
v 0.08800000 -0.00739690 -0.04393206
v 0.08800000 -0.00816169 -0.04385702
v 0.08800000 -0.00875147 -0.04379915
v 0.08800000 -0.00882444 -0.04378969
v 0.05918844 -0.00500018 -0.03319702
v 0.06193587 -0.00500021 -0.03544205
v 0.06382382 -0.00500009 -0.03673346
v 0.06393322 -0.00500009 -0.03680830
v 0.07151615 -0.00938441 -0.04041131
v 0.06627624 -0.00499998 -0.03823669
v 0.06710789 -0.00499995 -0.03870382
v 0.06777629 -0.00499993 -0.03907926
v 0.07131900 -0.00499984 -0.04069510
v 0.07201731 -0.00499986 -0.04094805
v 0.07338997 -0.00499989 -0.04144528
v 0.07413324 -0.00499991 -0.04171452
v 0.07494905 -0.00499993 -0.04201004
v 0.07513974 -0.00499993 -0.04207006
v 0.07686480 -0.00499989 -0.04257075
v 0.07688176 -0.00499989 -0.04257567
v 0.08799994 -0.00938176 -0.04369084
v 0.08799977 -0.01051680 -0.04348952
v 0.08799981 -0.01115972 -0.04330992
v 0.08799993 -0.01336533 -0.04269378
v 0.08799993 -0.01340072 -0.04268389
v 0.08800000 -0.01710030 -0.04154213
v 0.08234111 -0.00499986 -0.04360457
v 0.08416742 -0.00499980 -0.04383844
v 0.08495807 -0.00499983 -0.04386993
v 0.11742360 -0.00500001 -0.03271467
v 0.11871390 -0.00499992 -0.03147424
v 0.11862350 -0.00819769 -0.03140676
v 0.11487790 -0.00499979 -0.03481642
v 0.11552381 -0.00499985 -0.03428322
v 0.11543660 -0.00819325 -0.03422688
v 0.13160801 -0.00500001 -0.00582928
v 0.13171491 -0.00500001 -0.00489125
v 0.13158550 -0.00822885 -0.00488309
v 0.12618621 -0.00500001 -0.02185898
v 0.12650071 -0.00500001 -0.02120244
v 0.12641520 -0.00821102 -0.02117008
v 0.10513201 -0.01710023 -0.03784500
v 0.10337671 -0.01710023 -0.03854935
v 0.10414970 -0.01115852 -0.04021567
v 0.09180803 -0.01116410 -0.04316630
v 0.09119672 -0.01710028 -0.04141895
v 0.09557264 -0.01710027 -0.04081839
v 0.09478395 -0.01710027 -0.04098448
v 0.09603582 -0.01116224 -0.04258854
v 0.09172062 -0.01710028 -0.04135549
v 0.09154126 -0.01710028 -0.04137721
v 0.09675956 -0.01710026 -0.04056843
v 0.10015361 -0.01116038 -0.04160031
v 0.09832093 -0.01710026 -0.04023961
v 0.10177910 -0.01710024 -0.03919041
v 0.10167860 -0.01710024 -0.03922091
v 0.09952987 -0.01710025 -0.03987282
v 0.10636890 -0.01710022 -0.03721885
v 0.10799910 -0.01115665 -0.03844780
v 0.10707780 -0.01710022 -0.03686005
v 0.11509450 -0.01115293 -0.03382504
v 0.11390731 -0.01710018 -0.03244938
v 0.11166150 -0.01115479 -0.03630925
v 0.11142611 -0.01710019 -0.03430692
v 0.11080080 -0.01710020 -0.03469521
v 0.11059900 -0.01710020 -0.03482046
v 0.10835691 -0.01710021 -0.03621253
v 0.11825590 -0.01115107 -0.03103108
v 0.11488121 -0.01710018 -0.03163857
v 0.11432000 -0.01710018 -0.03214041
v 0.11854990 -0.01710015 -0.02809590
v 0.11701330 -0.01710016 -0.02973178
v 0.11697161 -0.01710016 -0.02976907
v 0.12372761 -0.01114736 -0.02453685
v 0.12172381 -0.01710013 -0.02425812
v 0.12114580 -0.01114921 -0.02792464
v 0.11973681 -0.01710015 -0.02678119
v 0.11948781 -0.01710015 -0.02709739
v 0.12595840 -0.01114550 -0.02092293
v 0.12432940 -0.01710011 -0.02007229
v 0.12446691 -0.01710011 -0.01981643
v 0.12782551 -0.01114366 -0.01710607
v 0.12541520 -0.01710010 -0.01805145
v 0.12754430 -0.01710007 -0.01260644
v 0.12664000 -0.01710008 -0.01520253
v 0.12797590 -0.01710006 -0.01129952
v 0.12930980 -0.01114181 -0.01312515
v 0.13039640 -0.01113998 -0.00902153
v 0.12859580 -0.01710005 -0.00867539
v 0.12926230 -0.01710003 -0.00466071
v 0.13107621 -0.01113815 -0.00483327
v 0.09034772 -0.00499993 -0.04392589
v 0.09189821 -0.00816663 -0.04369623
v 0.12154500 -0.00820213 -0.02826335
v 0.12164331 -0.00499981 -0.02832786
v 0.11953030 -0.00499987 -0.03068938
v 0.11945701 -0.00499987 -0.03075981
v 0.12421051 -0.00499996 -0.02499605
v 0.12427801 -0.00499996 -0.02488876
v 0.12415970 -0.00820657 -0.02482873
v 0.12480581 -0.00499997 -0.02405072
v 0.12587471 -0.00500000 -0.02235356
v 0.12166571 -0.00499981 -0.02830280
v 0.12199270 -0.00499980 -0.02793733
v 0.12381460 -0.00499993 -0.02552110
v 0.12771300 -0.00500001 -0.01867171
v 0.12836431 -0.00500001 -0.01731203
v 0.12830300 -0.00821547 -0.01730515
v 0.12896461 -0.00500001 -0.01605893
v 0.12980311 -0.00821992 -0.01327434
v 0.12947240 -0.00500001 -0.01453382
v 0.12988770 -0.00500001 -0.01328648
v 0.13159151 -0.00500001 -0.00597407
v 0.13090021 -0.00822438 -0.00912107
v 0.13094471 -0.00500001 -0.00912075
v 0.13041210 -0.00500001 -0.01171161
v 0.13045501 -0.00500001 -0.01150319
v 0.13083240 -0.00500001 -0.00966701
v 0.10043181 -0.00499995 -0.04217955
v 0.10034540 -0.00817551 -0.04210259
v 0.09780391 -0.00499994 -0.04290270
v 0.09618580 -0.00817107 -0.04310746
v 0.09626947 -0.00499994 -0.04318337
v 0.09551995 -0.00499994 -0.04332046
v 0.09046724 -0.00499993 -0.04392257
v 0.09196432 -0.00499993 -0.04378003
v 0.09414003 -0.00499993 -0.04357287
v 0.10491601 -0.00499996 -0.04061872
v 0.10540631 -0.00499997 -0.04039007
v 0.10437910 -0.00817994 -0.04069809
v 0.10826590 -0.00499998 -0.03905643
v 0.10826761 -0.00818438 -0.03890738
v 0.11456341 -0.00499977 -0.03507613
v 0.11196901 -0.00818882 -0.03674117
v 0.11206160 -0.00499994 -0.03681136
v 0.10836531 -0.00499998 -0.03899936
v 0.11017881 -0.00499998 -0.03795802
v 0.11151211 -0.00499998 -0.03719248
v 0.10052671 -0.00499995 -0.04215344
v 0.10142390 -0.00499995 -0.04190655
v 0.10446891 -0.00499996 -0.04078360
v 0.10437910 -0.00817994 -0.04069809
v 0.13182230 -0.00500001 -0.00390014
v 0.13181760 -0.00500001 -0.00399025
v -0.00016277 0.04899979 0.00320000
v -0.00023078 0.04900324 0.00320000
v -0.00023297 0.04900846 -0.00091670
v -0.00023362 0.04900338 0.00320000
v -0.00027385 0.04901355 -0.00091962
v -0.00023711 0.04900356 0.00320000
v -0.00033782 0.04902153 -0.00092419
v -0.00040856 0.04904925 -0.00092909
v -0.00038462 0.04903748 0.00320001
v -0.00040492 0.04904215 0.00320001
v -0.00056891 0.04913267 0.00320007
v -0.00056747 0.04913420 -0.00094011
v -0.00051490 0.04909952 0.00320005
v -0.00049766 0.04908417 -0.00093527
v -0.00045463 0.04906254 0.00320003
v -0.00041045 0.04904442 0.00320002
v -0.00057327 0.04913534 0.00320008
v -0.00060187 0.04915290 0.00320008
v -0.00063638 0.04918360 -0.00094489
v -0.00070168 0.04925525 0.00320013
v -0.00069879 0.04925737 -0.00094920
v -0.00072283 0.04927693 0.00320015
v -0.00074784 0.04931535 -0.00095258
v -0.00074226 0.04931101 0.00320015
v -0.00079594 0.04940513 0.00320016
v -0.00079389 0.04941001 -0.00095574
v -0.00079779 0.04940837 0.00320016
v -0.00081307 0.04943516 0.00320016
v -0.00082408 0.04947208 -0.00095781
v -0.00085188 0.04958084 0.00320008
v -0.00084681 0.04958172 -0.00095933
v -0.00085475 0.04959163 0.00320008
v -0.00085893 0.04960732 0.00320007
v -0.00085904 0.04964071 -0.00096015
v -0.00086233 0.04976154 0.00320000
v -0.00085395 0.04976118 -0.00095972
v -0.00085671 0.04978686 0.00320000
v -0.00085173 0.04981379 -0.00095953
v -0.00083322 0.04989262 0.00320000
v -0.00081515 0.04993650 -0.00095693
v -0.00082297 0.04993882 0.00320000
v -0.00080212 0.04998022 -0.00095600
v -0.00079052 0.05000135 0.00320000
v -0.00073440 0.05009718 -0.00095123
v -0.00073931 0.05010002 0.00320000
v -0.00072230 0.05011809 -0.00095038
v -0.00063021 0.05021979 0.00320000
v -0.00061399 0.05023139 -0.00094279
v -0.00061701 0.05023428 0.00320000
v -0.00060213 0.05024380 -0.00094196
v -0.00049951 0.05030989 0.00320000
v -0.00040497 0.05035741 0.00320000
v -0.00039866 0.05035961 -0.00092747
v -0.00042354 0.05034963 0.00320000
v -0.00045346 0.05033691 -0.00093147
v -0.00046428 0.05033255 0.00320000
v -0.00046319 0.05033081 -0.00093216
v -0.00050816 0.05030265 -0.00093533
v 0.07996312 -0.00500045 0.04333675
v 0.07885109 -0.00500040 0.04312498
v 0.08117596 -0.00683939 0.04341022
v 0.07043251 -0.00500019 0.04121858
v 0.06979010 -0.00500032 0.04103527
v 0.07324019 -0.00777181 0.04167040
v 0.06803631 -0.00953741 0.04014026
v 0.07739560 -0.00500034 0.04284780
v 0.07946411 -0.00909503 0.04284187
v 0.07545356 -0.00500025 0.04247796
v 0.07493695 -0.00552059 0.04231899
v 0.07533242 -0.00500025 0.04244757
v 0.07215567 -0.00500021 0.04165078
v 0.08753392 -0.00812345 0.04386980
v 0.08348648 -0.00500023 0.04376035
v 0.08579338 -0.01038746 0.04345368
v 0.08271103 -0.00500028 0.04366711
v 0.08260103 -0.00500029 0.04365389
v 0.08412931 -0.00500019 0.04383763
v 0.08799993 -0.00752846 0.04391573
v 0.08799993 -0.00803333 0.04385226
v 0.08410620 -0.01263589 0.04275426
v 0.08244900 -0.01487555 0.04189567
v 0.08041989 -0.01709939 0.04097559
v 0.07778849 -0.01134008 0.04208101
v 0.07447367 -0.01581953 0.04036600
v 0.06988099 -0.01226423 0.04019107
v 0.06799745 -0.00990032 0.04008438
v 0.06791104 -0.01070709 0.03996015
v 0.06735087 -0.01562852 0.03918336
v 0.06682482 -0.00242133 0.04043926
v 0.06691307 -0.00000003 0.04045019
v 0.06632714 -0.00000005 0.04041928
v 0.06562606 -0.00250505 0.04045098
v 0.06549150 -0.00506631 0.04045647
v 0.06577259 -0.00502346 0.04039612
v 0.06622586 -0.00245431 0.04040423
v 0.06549150 -0.00506631 0.04045647
v 0.06548373 -0.00506749 0.04045813
v 0.06533882 -0.00253693 0.04052276
v 0.06528470 -0.00509783 0.04050086
v 0.06529113 -0.00000009 0.04053781
v 0.06532946 -0.00000009 0.04052411
v 0.06539970 -0.00000009 0.04049900
v 0.06521540 -0.00511338 0.04053382
v 0.06520990 -0.00511461 0.04053644
v 0.06528416 -0.00000009 0.04054241
v 0.06516083 -0.00000010 0.04062396
v 0.06520494 -0.00000009 0.04059479
v 0.06520089 -0.00000009 0.04059748
v 0.06493856 -0.00518602 0.04071131
v 0.06515667 -0.00000010 0.04062671
v 0.06514630 -0.00000010 0.04063805
v 0.06501229 -0.00000011 0.04080959
v 0.06498345 -0.00000011 0.04086284
v 0.06509758 -0.00000010 0.04069134
v 0.06505939 -0.00000010 0.04073313
v 0.06489604 -0.00520465 0.04076980
v 0.06489386 -0.00520561 0.04077282
v 0.06504719 -0.00000010 0.04074647
v 0.06489386 -0.00520561 0.04077282
v 0.06504545 -0.00000010 0.04074838
v 0.06502553 -0.00000011 0.04078514
v 0.06497674 -0.00000011 0.04087523
v 0.06496115 -0.00000011 0.04090402
v 0.06495148 -0.00000011 0.04094195
v 0.06478171 -0.00527631 0.04100305
v 0.06493541 -0.00000011 0.04100508
v 0.06493357 -0.00000012 0.04101237
v 0.06492073 -0.00000012 0.04106278
v 0.06491838 -0.00000012 0.04107199
v 0.06491761 -0.00000012 0.04108243
v 0.06482238 -0.00398377 0.04112488
v 0.06491375 -0.00000012 0.04113383
v 0.06572409 -0.00000007 0.04042494
v 0.06562426 -0.00000008 0.04043951
v 0.06552613 -0.00000008 0.04045382
v 0.06542448 -0.00000008 0.04049014
v 0.06632218 -0.00000005 0.04041902
v 0.06601599 -0.00000006 0.04040287
v 0.06591276 -0.00000007 0.04039742
v 0.06583071 -0.00000007 0.04040939
v 0.06151651 0.02405134 0.04074611
v 0.06141485 0.02423906 0.04073453
v 0.06165046 0.02379532 0.04076137
v 0.06225999 0.02241616 0.04083082
v 0.06251732 0.02169070 0.04086013
v 0.06244996 0.02190235 0.04085246
v 0.06274253 0.02094941 0.04088579
v 0.06284366 0.02059506 0.04089732
v 0.06274860 0.02093069 0.04088648
v 0.06282615 0.02066807 0.04089532
v 0.06235765 0.02216971 0.04084194
v 0.06225999 0.02241616 0.04083082
v 0.06228263 0.02236516 0.04083339
v 0.06224595 0.02246072 0.04082922
v 0.06274860 0.02093069 0.04088648
v 0.06273869 0.02096421 0.04088536
v 0.06274253 0.02094941 0.04088579
v 0.06262959 0.02133374 0.04087293
v 0.06252712 0.02165843 0.04086125
v 0.06253098 0.02166772 0.04086169
v 0.06251938 0.02170129 0.04086037
v 0.06306961 0.01965364 0.04092306
v 0.06300937 0.01990460 0.04091620
v 0.06307254 0.01960118 0.04092340
v 0.06292973 0.02023651 0.04090712
v 0.06274253 0.02094941 0.04088579
v 0.06288445 0.02042512 0.04090196
v 0.06284366 0.02059506 0.04089732
v 0.06216689 0.02266670 0.04082021
v 0.06210437 0.02281338 0.04081309
v 0.06207245 0.02288358 0.04080945
v 0.06491375 -0.00000012 0.04113383
v 0.06489041 0.00000002 0.04113051
v 0.06482238 -0.00398377 0.04112488
v 0.06478817 -0.00428649 0.04111973
v 0.06476374 -0.00531147 0.04111715
v 0.06309655 0.01951691 0.04092613
v 0.06311044 0.01940403 0.04092771
v 0.06312547 0.01937018 0.04092943
v 0.06316568 0.01916617 0.04093400
v 0.06318097 0.01903703 0.04093575
v 0.06323348 0.01882213 0.04094173
v 0.06386958 0.01479534 0.04101420
v 0.06382271 0.01512442 0.04100887
v 0.06396587 0.01401251 0.04102518
v 0.06485876 0.00255564 0.04112691
v 0.06484944 0.00285771 0.04112585
v 0.06477053 0.00428321 0.04111685
v 0.06484928 0.00286283 0.04112583
v 0.06483985 0.00316917 0.04112475
v 0.06464532 0.00723591 0.04110259
v 0.06463140 0.00747192 0.04110100
v 0.06463344 0.00739522 0.04110124
v 0.06487778 0.00193867 0.04112908
v 0.06487336 0.00194889 0.04112857
v 0.06488733 0.00162888 0.04113016
v 0.06488778 0.00161447 0.04113021
v 0.06172970 0.02364029 0.04077040
v 0.06172784 0.02364425 0.04077019
v 0.06171621 0.02366702 0.04076886
v 0.06210437 0.02281338 0.04081309
v 0.06195734 0.02315833 0.04079634
v 0.06207245 0.02288358 0.04080945
v 0.06191866 0.02324024 0.04079193
v 0.06186947 0.02334340 0.04078633
v 0.06172970 0.02364029 0.04077040
v 0.06176201 0.02357037 0.04077408
v 0.06165046 0.02379532 0.04076137
v 0.06362667 0.01650111 0.04098653
v 0.06362345 0.01652371 0.04098616
v 0.06358615 0.01675631 0.04098191
v 0.06343456 0.01768658 0.04096464
v 0.06336050 0.01811907 0.04095621
v 0.06333318 0.01824508 0.04095309
v 0.06456637 0.00837248 0.04109359
v 0.06456341 0.00840602 0.04109326
v 0.06447213 0.00910452 0.04108286
v 0.06453534 0.00872391 0.04109006
v 0.06453386 0.00874070 0.04108989
v 0.06491201 0.00010999 0.04113358
v 0.06490956 0.00026274 0.04113324
v 0.06490844 0.00033415 0.04113309
v 0.06172970 0.02364029 0.04077040
v 0.06171621 0.02366702 0.04076886
v 0.06157476 0.02394378 0.04075274
v 0.06151651 0.02405134 0.04074611
v 0.06333627 0.01826067 0.04095344
v 0.06328416 0.01856499 0.04094751
v 0.06323534 0.01881268 0.04094195
v 0.06323348 0.01882213 0.04094173
v 0.06462262 0.00762073 0.04110000
v 0.06461341 0.00777700 0.04109896
v 0.06442398 0.00998470 0.04107738
v 0.06439640 0.01029710 0.04107423
v 0.06430659 0.01127213 0.04106400
v 0.06427311 0.01155791 0.04106018
v 0.06423508 0.01188234 0.04105585
v 0.06422618 0.01195839 0.04105483
v 0.06419722 0.01220542 0.04105153
v 0.06487495 0.00203045 0.04112875
v 0.06486825 0.00224759 0.04112799
v 0.06486217 0.00244486 0.04112729
v 0.06485876 0.00255564 0.04112691
v 0.06483985 0.00316917 0.04112475
v 0.06483676 0.00326903 0.04112440
v 0.06483042 0.00347467 0.04112368
v 0.06482412 0.00367883 0.04112296
v 0.06472061 0.00541646 0.04111117
v 0.06473703 0.00568191 0.04111304
v 0.06472223 0.00593252 0.04111135
v 0.06464532 0.00723591 0.04110259
v 0.06464946 0.00716590 0.04110306
v 0.06466758 0.00685894 0.04110512
v 0.06490844 0.00033415 0.04113309
v 0.06490715 0.00041527 0.04113290
v 0.06490502 0.00054864 0.04113261
v 0.06490230 0.00071969 0.04113223
v 0.06490230 0.00071969 0.04113223
v 0.06490161 0.00076271 0.04113213
v 0.06489822 0.00097636 0.04113166
v 0.06489747 0.00102327 0.04113156
v 0.06489267 0.00132600 0.04113088
v 0.06489026 0.00147706 0.04113054
v 0.06488840 0.00159446 0.04113029
v 0.06488778 0.00161447 0.04113021
v 0.06380459 0.01525166 0.04100680
v 0.06377610 0.01545177 0.04100356
v 0.06375636 0.01558206 0.04100131
v 0.06372973 0.01577735 0.04099827
v 0.06371515 0.01587977 0.04099661
v 0.06353203 0.01709362 0.04097575
v 0.06368364 0.01610111 0.04099302
v 0.06358615 0.01675631 0.04098191
v 0.06363779 0.01642303 0.04098779
v 0.06362667 0.01650111 0.04098653
v 0.06353111 0.01709939 0.04097565
v 0.06347825 0.01742887 0.04096962
v 0.06343456 0.01768658 0.04096464
v 0.06347187 0.01746866 0.04096889
v 0.06456637 0.00837248 0.04109359
v 0.06459157 0.00808708 0.04109646
v 0.06460219 0.00796690 0.04109768
v 0.06439640 0.01029710 0.04107423
v 0.06437320 0.01055985 0.04107158
v 0.06436892 0.01060833 0.04107110
v 0.06434153 0.01091838 0.04106798
v 0.06431128 0.01123212 0.04106453
v 0.06432158 0.01114418 0.04106571
v 0.06482103 0.00377932 0.04112261
v 0.06481166 0.00408315 0.04112154
v 0.06481153 0.00408711 0.04112153
v 0.06476017 0.00528979 0.04111567
v 0.06477739 0.00499789 0.04111764
v 0.06471396 0.00607260 0.04111041
v 0.06470396 0.00624225 0.04110927
v 0.06469101 0.00646183 0.04110779
v 0.06489508 0.00117474 0.04113122
v 0.06489483 0.00118960 0.04113119
v 0.06489267 0.00132600 0.04113088
v 0.06415953 0.01252714 0.04104724
v 0.06414647 0.01263859 0.04104575
v 0.06411467 0.01289229 0.04104213
v 0.06412197 0.01284751 0.04104296
v 0.06411284 0.01291148 0.04104193
v 0.06408458 0.01316655 0.04103870
v 0.06396401 0.01413218 0.04102497
v 0.06391668 0.01446458 0.04101957
v 0.06389496 0.01461707 0.04101710
v 0.06450735 0.00904074 0.04108687
v 0.06450146 0.00910750 0.04108620
v 0.06447947 0.00935650 0.04108369
v 0.06445169 0.00967116 0.04108053
v 0.06443706 0.00983671 0.04107886
v 0.06475894 0.00531034 0.04111553
v 0.06474057 0.00562188 0.04111344
v 0.06468573 0.00655105 0.04110719
v 0.06466812 0.00684960 0.04110519
v 0.06481153 0.00408711 0.04112153
v 0.06480233 0.00438614 0.04112048
v 0.06479899 0.00449390 0.04112010
v 0.06479299 0.00468830 0.04111942
v 0.06406744 0.01331279 0.04103675
v 0.06404735 0.01348422 0.04103446
v 0.06401030 0.01380050 0.04103024
v 0.06479010 0.00478259 0.04111909
v 0.06478338 0.00489623 0.04111832
v 0.06400584 0.01383848 0.04102973
v 0.06398620 0.01397631 0.04102749
v 0.05436198 0.03081184 0.03993095
v 0.05161106 0.03221704 0.03961753
v 0.05328228 0.03138048 0.03980794
v 0.06141425 0.02424012 0.04073446
v 0.06141485 0.02423906 0.04073453
v 0.06128263 0.02445851 0.04071946
v 0.05411613 0.03096309 0.03990294
v 0.05625964 0.02964561 0.04014716
v 0.05618245 0.02965810 0.04013837
v 0.05637544 0.02957444 0.04016036
v 0.05672327 0.02931535 0.04019999
v 0.05723480 0.02895060 0.04025827
v 0.05899141 0.02741492 0.04045841
v 0.05866597 0.02771704 0.04042133
v 0.05881364 0.02759709 0.04043815
v 0.05058941 0.03263785 0.03950112
v 0.05018260 0.03281798 0.03945477
v 0.05127871 0.03235439 0.03957966
v 0.05347129 0.03125745 0.03982947
v 0.05818481 0.02816890 0.04036651
v 0.05818102 0.02816726 0.04036608
v 0.05809970 0.02823380 0.04035681
v 0.05805640 0.02828567 0.04035188
v 0.05746030 0.02875701 0.04028396
v 0.05732320 0.02886920 0.04026834
v 0.06141425 0.02424012 0.04073446
v 0.06128263 0.02445851 0.04071946
v 0.06123755 0.02454543 0.04071432
v 0.06100974 0.02491141 0.04068837
v 0.06117077 0.02466080 0.04070671
v 0.06092435 0.02505313 0.04067864
v 0.06091092 0.02507477 0.04067711
v 0.04760420 0.03382405 0.03916100
v 0.04699763 0.03404872 0.03909189
v 0.04841409 0.03353242 0.03925327
v 0.04888840 0.03336243 0.03930732
v 0.04910429 0.03324858 0.03933191
v 0.05050208 0.03267377 0.03949117
v 0.04595975 0.03442543 0.03897364
v 0.04475454 0.03480576 0.03883632
v 0.04440248 0.03493807 0.03879621
v 0.04457497 0.03486415 0.03881586
v 0.04375484 0.03513904 0.03872242
v 0.04361446 0.03517644 0.03870643
v 0.04283414 0.03542477 0.03861752
v 0.03842225 0.03665065 0.03811485
v 0.03787018 0.03680739 0.03805195
v 0.03786738 0.03681454 0.03805163
v 0.03720789 0.03697926 0.03797649
v 0.03713722 0.03700141 0.03796844
v 0.03386332 0.03779334 0.03759542
v 0.03278281 0.03805311 0.03747232
v 0.03474423 0.03759951 0.03769579
v 0.03231655 0.03816521 0.03741919
v 0.03160888 0.03833534 0.03733856
v 0.05952752 0.02686135 0.04051949
v 0.05994534 0.02638084 0.04056709
v 0.05971019 0.02665073 0.04054030
v 0.05971019 0.02665073 0.04054030
v 0.05949413 0.02688840 0.04051568
v 0.05952752 0.02686135 0.04051949
v 0.05935692 0.02703933 0.04050006
v 0.05917627 0.02723540 0.04047947
v 0.05902153 0.02738973 0.04046184
v 0.05881364 0.02759709 0.04043815
v 0.04730547 0.03393163 0.03912696
v 0.04609361 0.03436800 0.03898889
v 0.04602571 0.03439245 0.03898115
v 0.03654486 0.03714866 0.03790095
v 0.03630748 0.03721377 0.03787390
v 0.03687646 0.03706426 0.03793873
v 0.03694466 0.03704677 0.03794650
v 0.04305352 0.03533571 0.03864252
v 0.04254140 0.03548111 0.03858417
v 0.04152805 0.03576883 0.03846871
v 0.06032452 0.02590213 0.04061030
v 0.06029738 0.02593768 0.04060721
v 0.06034393 0.02587942 0.04061251
v 0.06021602 0.02604223 0.04059794
v 0.06014709 0.02613281 0.04059008
v 0.06005074 0.02624859 0.04057910
v 0.05994534 0.02638084 0.04056709
v 0.05979631 0.02654903 0.04055012
v 0.04048232 0.03606574 0.03834956
v 0.04000197 0.03620212 0.03829484
v 0.03847543 0.03663555 0.03812091
v 0.06092435 0.02505313 0.04067864
v 0.06082103 0.02520611 0.04066687
v 0.06091092 0.02507477 0.04067711
v 0.06065825 0.02544713 0.04064832
v 0.06063532 0.02548099 0.04064571
v 0.06037787 0.02583221 0.04061638
v 0.06037651 0.02583398 0.04061622
v 0.03647116 0.03716638 0.03789255
v 0.03540615 0.03742242 0.03777121
v 0.03462970 0.03760909 0.03768274
v 0.00846167 0.04280109 0.03470127
v 0.00845232 0.04280259 0.03470020
v 0.00396489 0.04345811 0.03418893
v 0.00677409 0.04307010 0.03450900
v 0.00592215 0.04320591 0.03441193
v 0.00108212 0.04381223 0.03386048
v -0.00039970 0.04390527 0.03369164
v 0.00128206 0.04378771 0.03388326
v 0.00291379 0.04356580 0.03406917
v 0.00335018 0.04353417 0.03411889
v -0.04276045 0.01926841 0.02886525
v -0.04278303 0.01921607 0.02886267
v -0.04239422 0.02000239 0.02890698
v -0.02140544 0.04012898 0.03129835
v -0.02148036 0.04010840 0.03128981
v -0.02219773 0.03976058 0.03120808
v -0.02250698 0.03961770 0.03117284
v -0.02376295 0.03897481 0.03102974
v -0.02293343 0.03941388 0.03112425
v -0.02435838 0.03866758 0.03096190
v -0.01155192 0.04324635 0.03242101
v -0.01114182 0.04334181 0.03246774
v -0.01285737 0.04299796 0.03227227
v 0.00514909 0.04327647 0.03432385
v 0.00988161 0.04255055 0.03486305
v 0.01010999 0.04253833 0.03488907
v 0.01068846 0.04242679 0.03495498
v 0.01089788 0.04241274 0.03497884
v -0.02123160 0.04020562 0.03131815
v -0.02060583 0.04048153 0.03138945
v -0.02018669 0.04067568 0.03143720
v -0.02050231 0.04052350 0.03140125
v -0.01924517 0.04104942 0.03154448
v -0.01898453 0.04113886 0.03157417
v -0.01887235 0.04119742 0.03158695
v -0.01616256 0.04208938 0.03189569
v -0.01619245 0.04211788 0.03189229
v -0.01566753 0.04225612 0.03195210
v 0.00360174 0.04350333 0.03414755
v 0.00507352 0.04332290 0.03431524
v 0.00557072 0.04326193 0.03437189
v 0.01326610 0.04200378 0.03524867
v 0.01175021 0.04226555 0.03507595
v 0.01095917 0.04240216 0.03498583
v -0.03825808 0.02663987 0.02937823
v -0.03771755 0.02734121 0.02943981
v -0.03759237 0.02750734 0.02945408
v -0.03744253 0.02768698 0.02947115
v -0.03716006 0.02804315 0.02950333
v -0.02974851 0.03517399 0.03034777
v -0.02887007 0.03581167 0.03044785
v -0.02860925 0.03600538 0.03047757
v -0.02828032 0.03622846 0.03051505
v -0.02844992 0.03612166 0.03049573
v -0.02754627 0.03672722 0.03059868
v -0.02711611 0.03702157 0.03064770
v -0.02680458 0.03720947 0.03068319
v -0.02575314 0.03786968 0.03080299
v -0.02619298 0.03758117 0.03075287
v -0.02563650 0.03793641 0.03081627
v -0.02529849 0.03812478 0.03085479
v -0.02515305 0.03820530 0.03087136
v -0.01520846 0.04238648 0.03200440
v -0.01499621 0.04244674 0.03202859
v -0.01426305 0.04265970 0.03211212
v -0.01417017 0.04268205 0.03212270
v -0.01327762 0.04288257 0.03222439
v -0.01203310 0.04314491 0.03236619
v -0.00015446 0.04390881 0.03371959
v -0.00068647 0.04395038 0.03365897
v -0.00063305 0.04391924 0.03366506
v -0.00086707 0.04395786 0.03363840
v -0.00105438 0.04394447 0.03361706
v -0.00245025 0.04402359 0.03345801
v -0.00282327 0.04400427 0.03341552
v 0.01511745 0.04166481 0.03545960
v 0.01499189 0.04168779 0.03544530
v 0.01580702 0.04153046 0.03553817
v 0.01367834 0.04192830 0.03529564
v 0.01337634 0.04198359 0.03526123
v -0.04558231 0.01174736 0.02854374
v -0.04578836 0.01096804 0.02852026
v -0.04588607 0.01057692 0.02850913
v -0.03223439 0.03314129 0.03006454
v -0.03163051 0.03365386 0.03013335
v -0.03140890 0.03384187 0.03015859
v -0.03041164 0.03464670 0.03027222
v -0.03101044 0.03418004 0.03020400
v -0.03027483 0.03475813 0.03028781
v -0.03026780 0.03476341 0.03028861
v 0.01947167 0.04085605 0.03595570
v 0.01677233 0.04134905 0.03564815
v 0.01977847 0.04079615 0.03599066
v 0.02091496 0.04057053 0.03612015
v 0.01852252 0.04104136 0.03584756
v 0.01818992 0.04110226 0.03580966
v 0.01654743 0.04140299 0.03562253
v 0.01659583 0.04139413 0.03562804
v 0.03160888 0.03833534 0.03733856
v 0.03095804 0.03848152 0.03726441
v 0.03041095 0.03860088 0.03720208
v 0.03076430 0.03852503 0.03724233
v 0.02965274 0.03877469 0.03711569
v -0.04632125 0.00860795 0.02845955
v -0.04639757 0.00821171 0.02845085
v -0.04636257 0.00839168 0.02845484
v -0.04297220 0.01881872 0.02884112
v -0.04310295 0.01854277 0.02882623
v -0.04315745 0.01841943 0.02882002
v -0.04343287 0.01780958 0.02878864
v -0.04351617 0.01761497 0.02877915
v -0.01014258 0.04350230 0.03258158
v -0.00982010 0.04353888 0.03261833
v -0.00942127 0.04361816 0.03266377
v -0.00808542 0.04376032 0.03281597
v -0.00768892 0.04382377 0.03286115
v -0.00808132 0.04376085 0.03281644
v -0.00739710 0.04382031 0.03289439
v 0.01796953 0.04114261 0.03578456
v 0.02920680 0.03887153 0.03706488
v 0.02918932 0.03887533 0.03706289
v 0.02862230 0.03899737 0.03699829
v 0.02769353 0.03920016 0.03689247
v -0.04022424 0.02380795 0.02915421
v -0.03998684 0.02417634 0.02918126
v -0.04000405 0.02415653 0.02917930
v -0.03716437 0.02802949 0.02950284
v -0.03713678 0.02806243 0.02950598
v -0.03671924 0.02857209 0.02955356
v -0.03659865 0.02870483 0.02956730
v -0.03643858 0.02889128 0.02958554
v -0.03634614 0.02898835 0.02959606
v -0.03566210 0.02977438 0.02967401
v -0.03542797 0.03001931 0.02970068
v -0.03456108 0.03093750 0.02979945
v -0.03420828 0.03128320 0.02983964
v -0.03402354 0.03146549 0.02986069
v -0.03402453 0.03145908 0.02986058
v -0.03341801 0.03206025 0.02992969
v -0.03294367 0.03249362 0.02998373
v -0.03223439 0.03314129 0.03006454
v -0.03229320 0.03308006 0.03005784
v -0.03163051 0.03365386 0.03013335
v 0.02477205 0.03980443 0.03655961
v 0.02451089 0.03986260 0.03652985
v 0.02464624 0.03982942 0.03654527
v 0.02413818 0.03994017 0.03648738
v 0.02361605 0.04003404 0.03642789
v 0.02376761 0.04001730 0.03644517
v 0.02293834 0.04017921 0.03635068
v 0.02764504 0.03921025 0.03688694
v 0.02746282 0.03924818 0.03686618
v 0.02669813 0.03940666 0.03677905
v 0.02607981 0.03953604 0.03670860
v 0.02580262 0.03959374 0.03667702
v -0.04644374 0.00795854 0.02844559
v -0.04647031 0.00781472 0.02844256
v -0.04648271 0.00774175 0.02844115
v -0.04434332 0.01556995 0.02868490
v -0.04448173 0.01519788 0.02866913
v -0.04449651 0.01515551 0.02866745
v -0.04461793 0.01481936 0.02865362
v -0.04464566 0.01473906 0.02865046
v -0.04475067 0.01443957 0.02863849
v -0.04479076 0.01432060 0.02863392
v -0.04487995 0.01405854 0.02862376
v -0.04493180 0.01390011 0.02861785
v -0.04500575 0.01367629 0.02860943
v -0.04506877 0.01347759 0.02860225
v -0.04512805 0.01329286 0.02859549
v -0.04520166 0.01305304 0.02858711
v -0.04524685 0.01290826 0.02858196
v -0.04526657 0.01284000 0.02857971
v -0.04043544 0.02348029 0.02913015
v -0.04060385 0.02320542 0.02911096
v -0.04068732 0.02306535 0.02910145
v -0.04085449 0.02279633 0.02908241
v -0.04113494 0.02231505 0.02905045
v -0.04126108 0.02210487 0.02903608
v -0.04157016 0.02155188 0.02900086
v -0.04165509 0.02140613 0.02899119
v -0.04198992 0.02078097 0.02895304
v -0.04203641 0.02070032 0.02894774
v -0.04202609 0.02071131 0.02894892
v -0.04233122 0.02013019 0.02891416
v -0.04239422 0.02000239 0.02890698
v -0.04240490 0.01998768 0.02890576
v -0.04276045 0.01926841 0.02886525
v -0.00288849 0.04402440 0.03340808
v -0.00367700 0.04402583 0.03331825
v -0.00429496 0.04399569 0.03324784
v -0.00420344 0.04402678 0.03325826
v -0.00458525 0.04399400 0.03321477
v -0.00595143 0.04395992 0.03305911
v -0.00633674 0.04391248 0.03301520
v -0.00665297 0.04390495 0.03297918
v -0.00719315 0.04386261 0.03291763
v -0.04648271 0.00774175 0.02844115
v -0.04652061 0.00752481 0.02843683
v -0.04653945 0.00741702 0.02843469
v -0.04659315 0.00709047 0.02842857
v -0.04660500 0.00701865 0.02842722
v -0.04662780 0.00687308 0.02842462
v -0.04635510 0.00842948 0.02845569
v -0.04627709 0.00882420 0.02846458
v -0.04624135 0.00900342 0.02846865
v -0.04618728 0.00925613 0.02847481
v -0.04615788 0.00939809 0.02847816
v -0.04618728 0.00925613 0.02847481
v -0.04614076 0.00947187 0.02848011
v -0.04615788 0.00939809 0.02847816
v -0.04609315 0.00968745 0.02848554
v -0.04607083 0.00979192 0.02848808
v -0.04600908 0.01005640 0.02849511
v -0.04598023 0.01018487 0.02849840
v -0.04592182 0.01042490 0.02850506
v -0.04588607 0.01057692 0.02850913
v -0.03979061 0.02447426 0.02920362
v -0.03974550 0.02454275 0.02920876
v -0.03962414 0.02473045 0.02922259
v -0.03925088 0.02526963 0.02926512
v -0.03923533 0.02529839 0.02926689
v -0.03902006 0.02559833 0.02929141
v -0.03883766 0.02586019 0.02931219
v -0.03878588 0.02592537 0.02931809
v -0.03863779 0.02613340 0.02933497
v -0.03843124 0.02641572 0.02935850
v 0.02256891 0.04025134 0.03630859
v 0.02136124 0.04048712 0.03617099
v 0.02102306 0.04055316 0.03613246
v -0.04672529 0.00621999 0.02841351
v -0.04669387 0.00643784 0.02841709
v -0.04669656 0.00641988 0.02841679
v -0.04667776 0.00654670 0.02841893
v -0.04666694 0.00661963 0.02842016
v -0.04666137 0.00665553 0.02842079
v -0.04664977 0.00673192 0.02842212
v -0.04662780 0.00687308 0.02842462
v -0.04663642 0.00681922 0.02842364
v -0.04660500 0.00701865 0.02842722
v -0.04343287 0.01780958 0.02878864
v -0.04374944 0.01707044 0.02875257
v -0.04351617 0.01761497 0.02877915
v -0.04380894 0.01692609 0.02874579
v -0.04385911 0.01680266 0.02874007
v -0.04390269 0.01669870 0.02873511
v -0.04386685 0.01678351 0.02873919
v -0.04526657 0.01284000 0.02857971
v -0.04524685 0.01290826 0.02858196
v -0.04531138 0.01269021 0.02857461
v -0.04536214 0.01252255 0.02856882
v -0.04533045 0.01262645 0.02857244
v -0.04547399 0.01213548 0.02855608
v -0.04543716 0.01226066 0.02856027
v -0.04536214 0.01252255 0.02856882
v -0.04538422 0.01244361 0.02856631
v -0.04533045 0.01262645 0.02857244
v -0.04386685 0.01678351 0.02873919
v -0.04402461 0.01639352 0.02872122
v -0.04405255 0.01632553 0.02871803
v -0.04418611 0.01598237 0.02870281
v -0.04419902 0.01595099 0.02870134
v -0.04434332 0.01556995 0.02868490
v -0.04434209 0.01557510 0.02868505
v -0.04448173 0.01519788 0.02866913
v -0.04592182 0.01042490 0.02850506
v -0.04573766 0.01116056 0.02852604
v -0.04554059 0.01189441 0.02854849
v -0.04588607 0.01057692 0.02850913
v -0.04547399 0.01213548 0.02855608
v -0.04548929 0.01207759 0.02855434
v -0.04543716 0.01226066 0.02856027
v -0.04240490 0.01998768 0.02890576
v -0.04233122 0.02013019 0.02891416
v -0.04256077 0.02081354 0.02281544
v -0.02018669 0.04067568 0.03143720
v -0.01924517 0.04104942 0.03154448
v -0.01913669 0.04281445 0.02416340
v -0.01622285 0.04380195 0.02496387
v -0.01623104 0.04390696 0.02432839
v -0.04760823 0.00015882 0.01670006
v -0.04746844 0.00333643 0.01671684
v -0.04735227 0.00329731 0.02254134
v -0.04695135 0.00692694 0.02256332
v -0.04706164 0.00701221 0.01671750
v -0.04743864 0.00401381 0.01672041
v -0.04745182 0.00371427 0.01671883
v -0.04626764 0.01051628 0.02260225
v -0.04661965 0.00965287 0.01670006
v -0.04695553 0.00785621 0.01671668
v -0.04441833 0.01713419 0.01670006
v -0.04534288 0.01421011 0.01670006
v -0.04530423 0.01404217 0.02265791
v -0.04619469 0.01151606 0.01670006
v -0.04639111 0.01065486 0.01670006
v -0.04416240 0.01772562 0.01670777
v -0.04406556 0.01748167 0.02272912
v -0.04361755 0.01898467 0.01672417
v -0.04290442 0.02063261 0.01674565
v -0.04080031 0.02401708 0.02291648
v -0.04121446 0.02383085 0.01671697
v -0.04264915 0.02111571 0.01674132
v -0.03661504 0.03042873 0.01670004
v -0.03880686 0.02745430 0.01670005
v -0.03884606 0.02738039 0.01987110
v -0.03990788 0.02596018 0.01670005
v -0.03879471 0.02707151 0.02303157
v -0.04078511 0.02455899 0.01670005
v -0.04088776 0.02438490 0.01670409
v -0.03503606 0.03218060 0.01672030
v -0.03660600 0.03043877 0.01670016
v -0.03659235 0.03030644 0.01993658
v -0.03406547 0.03325747 0.01673276
v -0.03412553 0.03319082 0.01673199
v -0.03411956 0.03304514 0.02000853
v -0.02925174 0.03756202 0.01670006
v -0.03144107 0.03573457 0.01670006
v -0.03144530 0.03558030 0.02008638
v -0.03172891 0.03549431 0.01670006
v -0.02858698 0.03789558 0.02016962
v -0.02856872 0.03805071 0.01670006
v -0.02293960 0.04171636 0.01675371
v -0.02554497 0.04014990 0.01670958
v -0.02556278 0.03997622 0.02025780
v -0.02610726 0.03981181 0.01670006
v -0.01960635 0.04338318 0.01673698
v -0.02237335 0.04199952 0.01675087
v -0.02239342 0.04181208 0.02035054
v -0.02262831 0.04187203 0.01675215
v -0.01910031 0.04339451 0.02044719
v -0.01907995 0.04359845 0.01673092
v -0.01628306 0.04473734 0.01670003
v -0.01639675 0.04469582 0.01670003
v -0.01626863 0.04473555 0.01698673
v -0.01620704 0.04472796 0.01821066
v -0.01626320 0.04450366 0.02052951
v -0.01624362 0.04406825 0.02335225
v -0.01627226 0.04443557 0.02112911
v -0.01627416 0.04445990 0.02098184
v -0.01887235 0.04119742 0.03158695
v -0.01619245 0.04211788 0.03189229
v -0.01626551 0.04267648 0.02966647
v -0.01625422 0.04296251 0.02847859
v -0.01622168 0.04378695 0.02505475
v -0.04716347 0.00000006 0.02836359
v -0.04705557 0.00305465 0.02837588
v -0.04705325 0.00312036 0.02837615
v -0.03883766 0.02586019 0.02931219
v -0.03863779 0.02613340 0.02933497
v -0.03843124 0.02641572 0.02935850
v -0.03759237 0.02750734 0.02945408
v -0.03655530 0.02995662 0.02316002
v -0.03716006 0.02804315 0.02950333
v -0.03456108 0.03093750 0.02979945
v -0.03402354 0.03146549 0.02986069
v -0.03409701 0.03265489 0.02330120
v -0.03341801 0.03206025 0.02992969
v -0.03143730 0.03515064 0.02345402
v -0.03671924 0.02857209 0.02955356
v -0.03643858 0.02889128 0.02958554
v -0.03566210 0.02977438 0.02967401
v -0.02974851 0.03517399 0.03034777
v -0.02860925 0.03600538 0.03047757
v -0.02859296 0.03742772 0.02361756
v -0.02844992 0.03612166 0.03049573
v -0.02711611 0.03702157 0.03064770
v -0.02558133 0.03947112 0.02379094
v -0.02293343 0.03941388 0.03112425
v -0.02250698 0.03961770 0.03117284
v -0.02242220 0.04126951 0.02397330
v -0.02148036 0.04010840 0.03128981
v -0.02575314 0.03786968 0.03080299
v -0.02563650 0.03793641 0.03081627
v -0.02435838 0.03866758 0.03096190
v -0.03223439 0.03314129 0.03006454
v -0.03140890 0.03384187 0.03015859
v -0.03101044 0.03418004 0.03020400
v -0.04624135 0.00900342 0.02846865
v -0.04615788 0.00939809 0.02847816
v -0.04660500 0.00701865 0.02842722
v -0.04653945 0.00741702 0.02843469
v -0.04663642 0.00681922 0.02842364
v -0.04647031 0.00781472 0.02844256
v -0.04639757 0.00821171 0.02845085
v -0.04632125 0.00860795 0.02845955
v -0.04669656 0.00641988 0.02841679
v -0.04666694 0.00661963 0.02842016
v -0.04664977 0.00673192 0.02842212
v -0.04704390 0.00320874 0.02837721
v -0.04696162 0.00398639 0.02838658
v -0.04672529 0.00621999 0.02841351
v -0.04500575 0.01367629 0.02860943
v -0.04487995 0.01405854 0.02862376
v -0.04475067 0.01443957 0.02863849
v -0.04461793 0.01481936 0.02865362
v -0.04448173 0.01519788 0.02866913
v -0.04434209 0.01557510 0.02868505
v -0.04419902 0.01595099 0.02870134
v -0.04405255 0.01632553 0.02871803
v -0.04126108 0.02210487 0.02903608
v -0.04165509 0.02140613 0.02899119
v -0.04203641 0.02070032 0.02894774
v -0.04390269 0.01669870 0.02873511
v -0.04380894 0.01692609 0.02874579
v -0.04374944 0.01707044 0.02875257
v -0.04343287 0.01780958 0.02878864
v -0.04310295 0.01854277 0.02882623
v -0.04276045 0.01926841 0.02886525
v -0.04607083 0.00979192 0.02848808
v -0.04598023 0.01018487 0.02849840
v -0.04588607 0.01057692 0.02850913
v -0.04536214 0.01252255 0.02856882
v -0.04524685 0.01290826 0.02858196
v -0.04512805 0.01329286 0.02859549
v -0.04578836 0.01096804 0.02852026
v -0.04558231 0.01174736 0.02854374
v -0.04547399 0.01213548 0.02855608
v -0.04085449 0.02279633 0.02908241
v -0.04060385 0.02320542 0.02911096
v -0.04043544 0.02348029 0.02913015
v -0.04000405 0.02415653 0.02917930
v -0.03962414 0.02473045 0.02922259
v -0.03923533 0.02529839 0.02926689
v 0.06769104 -0.00000006 0.04059764
v 0.06844436 -0.00089031 0.04079976
v 0.06845510 -0.00000009 0.04080733
v 0.06731137 -0.00000005 0.04052567
v 0.06769104 -0.00000006 0.04059764
v 0.06769101 -0.00000006 0.04059763
v -0.04416240 0.01772562 0.01670777
v -0.04361755 0.01898467 0.01672417
v -0.04385931 0.01908981 0.00380000
v -0.03660600 0.03043877 0.01670016
v -0.03503606 0.03218060 0.01672030
v -0.03522883 0.03235721 0.00380000
v -0.02082498 0.04294294 0.00380000
v -0.02274132 0.04208197 0.00380000
v -0.02237335 0.04199952 0.01675087
v -0.01628306 0.04473734 0.01670003
v -0.01629970 0.04478280 0.01392696
v -0.01639675 0.04469582 0.01670003
v -0.01632139 0.04484208 0.01030940
v -0.01960635 0.04338318 0.01673698
v -0.01907995 0.04359845 0.01673092
v -0.01636044 0.04494876 0.00380000
v -0.01633081 0.04486779 0.00874048
v -0.02610726 0.03981181 0.01670006
v -0.02772474 0.03882731 0.00380000
v -0.02856872 0.03805071 0.01670006
v -0.02939010 0.03773967 0.00380000
v -0.02554497 0.04014990 0.01670958
v -0.02293960 0.04171636 0.01675371
v -0.02262831 0.04187203 0.01675215
v -0.03384771 0.03363041 0.00380000
v -0.03412553 0.03319082 0.01673199
v -0.03406547 0.03325747 0.01673276
v -0.03172891 0.03549431 0.01670006
v -0.03144107 0.03573457 0.01670006
v -0.02925174 0.03756202 0.01670006
v -0.04088776 0.02438490 0.01670409
v -0.04078511 0.02455899 0.01670005
v -0.04009663 0.02608295 0.00380000
v -0.03990788 0.02596018 0.01670005
v -0.03901298 0.02747970 0.00380000
v -0.03880686 0.02745430 0.01670005
v -0.03661504 0.03042873 0.01670004
v -0.04121446 0.02383085 0.01671697
v -0.04307408 0.02054919 0.00380000
v -0.04264915 0.02111571 0.01674132
v -0.04290442 0.02063261 0.01674565
v -0.04661965 0.00965287 0.01670006
v -0.04641318 0.01157053 0.00380000
v -0.04695553 0.00785621 0.01671668
v -0.04745733 0.00514979 0.00380000
v -0.04706164 0.00701221 0.01671750
v -0.04639111 0.01065486 0.01670006
v -0.04619469 0.01151606 0.01670006
v -0.04591578 0.01303500 0.00380000
v -0.04534288 0.01421011 0.01670006
v -0.04441833 0.01713419 0.01670006
v -0.04764816 -0.00420869 0.00380000
v -0.04738779 -0.00418606 0.01671916
v -0.04757505 -0.00177952 0.01671049
v -0.04760844 -0.00007833 0.01670006
v -0.04760850 0.00000000 0.01670006
v -0.04765478 -0.00288322 0.00380000
v -0.04760824 -0.00015666 0.01670006
v -0.04760823 0.00015882 0.01670006
v -0.04746844 0.00333643 0.01671684
v -0.04768783 0.00373236 0.00380000
v -0.04745182 0.00371427 0.01671883
v -0.04743864 0.00401381 0.01672041
v -0.04629524 -0.01203374 0.00380000
v -0.04617091 -0.01161104 0.01670005
v -0.04619643 -0.01149826 0.01670005
v -0.04650222 -0.01083656 0.00380000
v -0.04667169 -0.00939799 0.01670006
v -0.04727812 -0.00559535 0.01672424
v -0.04728571 -0.00549781 0.01672389
v -0.04366637 -0.01952712 0.00380000
v -0.04342559 -0.01941969 0.01670005
v -0.04403197 -0.01848499 0.00380000
v -0.04431664 -0.01739553 0.01670003
v -0.04434294 -0.01732366 0.01670003
v -0.04507594 -0.01532085 0.01670002
v -0.04606402 -0.01197317 0.01670004
v -0.03992844 -0.02592853 0.01670002
v -0.04031364 -0.02561183 0.00380000
v -0.03963588 -0.02635030 0.01670002
v -0.03983399 -0.02648231 0.00380000
v -0.03845700 -0.02804983 0.01670004
v -0.04174300 -0.02286889 0.01670005
v -0.04190152 -0.02260158 0.01670005
v -0.04275822 -0.02093572 0.01670006
v -0.02958499 -0.03751330 0.00380000
v -0.03451477 -0.03275665 0.01670007
v -0.03490375 -0.03270762 0.00380000
v -0.03473944 -0.03255365 0.01670007
v -0.03545219 -0.03201511 0.00380000
v -0.03584746 -0.03132936 0.01670007
v -0.03827245 -0.02831588 0.01670004
v -0.02036777 -0.04303153 0.01670008
v -0.02231968 -0.04230711 0.00380000
v -0.01954952 -0.04336240 0.01670008
v -0.01552059 -0.04520058 0.00380000
v -0.02166254 -0.04239461 0.01670008
v -0.02221462 -0.04210796 0.01670007
v -0.02287789 -0.04195045 0.00380000
v -0.02491607 -0.04038190 0.01670007
v -0.02901151 -0.03803146 0.00380000
v -0.02887495 -0.03785243 0.01670007
v -0.02995214 -0.03687915 0.01670007
v -0.00781138 -0.04694960 0.01670008
v -0.00772123 -0.04717130 0.00380000
v -0.00729194 -0.04727460 0.00380000
v -0.01005845 -0.04653382 0.01670008
v -0.01379076 -0.04551668 0.01670008
v -0.01501270 -0.04541673 0.00380000
v -0.01494202 -0.04520293 0.01670008
v -0.01526488 -0.04509492 0.01670007
v -0.00169856 -0.04757287 0.01670008
v -0.00199998 -0.04756653 0.01670008
v 0.00029947 -0.04780638 0.00380000
v -0.00276472 -0.04752816 0.01670008
v -0.00725762 -0.04705206 0.01670007
v 0.00849399 -0.04684465 0.01670008
v 0.00442162 -0.04723791 0.01670008
v 0.00062979 -0.04782952 0.00380000
v 0.00136782 -0.04753281 0.01670008
v 0.00062682 -0.04760437 0.01670008
v -0.00000000 -0.04760862 0.01670008
v 0.01894680 -0.04367565 0.01670008
v 0.01620333 -0.04500569 0.00380000
v 0.02331584 -0.04150890 0.01670007
v 0.00831446 -0.04708743 0.00380000
v 0.00853416 -0.04706621 0.00380000
v 0.01045800 -0.04631697 0.01670008
v 0.01609675 -0.04503433 0.00380000
v 0.01612705 -0.04479383 0.01670008
v 0.01635606 -0.04470302 0.01670008
v 0.04899999 -0.00001940 0.00380000
v 0.04879468 0.00448090 -0.01916846
v 0.04885647 0.00348275 -0.01938351
v 0.04897243 0.00160946 -0.01978711
v 0.04897481 0.00157108 -0.01979538
v 0.04898113 0.00136217 0.00380000
v 0.04871506 0.00527765 0.00380000
v 0.04854727 0.00638274 -0.01891411
v 0.04855034 0.00638253 0.00380000
v 0.04843727 0.00722835 -0.01880102
v 0.04813598 0.00916187 0.00380000
v 0.04831703 0.00815259 -0.01867741
v 0.04773822 0.01092815 -0.01826863
v 0.04754822 0.01183924 -0.01813445
v 0.04724312 0.01300377 0.00380000
v 0.04719094 0.01307160 -0.01789597
v 0.04721892 0.01307962 0.00380000
v 0.04676143 0.01455307 -0.01760928
v 0.04401201 0.02147699 -0.01599280
v 0.04492770 0.01950113 -0.01647931
v 0.04492156 0.01949969 0.00380000
v 0.04522684 0.01885565 -0.01663825
v 0.04604430 0.01676116 0.00380000
v 0.04551530 0.01808382 -0.01681879
v 0.04650754 0.01542883 -0.01743981
v 0.03827490 0.03057634 0.00380000
v 0.03827197 0.03057500 -0.01434621
v 0.03847968 0.03033705 0.00380000
v 0.04013833 0.02810556 -0.01462931
v 0.04077285 0.02717699 0.00380000
v 0.04187361 0.02537566 0.00380000
v 0.04025319 0.02792912 -0.01466014
v 0.04190354 0.02539387 -0.01510326
v 0.04278745 0.02388023 0.00380000
v 0.04194493 0.02533028 -0.01511437
v 0.04455941 0.02038302 0.00380000
v 0.04226506 0.02475549 -0.01524246
v 0.04362054 0.02232170 -0.01578481
v 0.03368647 0.03554985 0.00380000
v 0.03542409 0.03383581 -0.01414137
v 0.03592133 0.03332655 0.00380000
v 0.03569628 0.03356746 -0.01415110
v 0.03799477 0.03094178 -0.01430416
v 0.03313605 0.03609741 0.00380000
v 0.03015572 0.03862174 0.00380000
v 0.03005723 0.03869843 -0.01396701
v 0.03269162 0.03647755 -0.01404581
v 0.03305708 0.03616946 -0.01405674
v 0.03368610 0.03554930 -0.01407923
v 0.02358193 0.04295221 0.00380000
v 0.02662766 0.04112240 -0.01385861
v 0.02696992 0.04091024 0.00380000
v 0.02684091 0.04099461 -0.01386706
v 0.02845682 0.03984214 0.00380000
v 0.02845637 0.03984131 -0.01391726
v 0.02976048 0.03891028 -0.01395779
v 0.02263468 0.04342396 0.00380000
v 0.02334660 0.04307363 -0.01372648
v 0.02349064 0.04300220 -0.01373429
v 0.02006587 0.04470327 0.00380000
v 0.01642314 0.04616579 0.00380000
v 0.01642314 0.04616579 -0.01326470
v 0.01994430 0.04475418 -0.01354035
v 0.02001550 0.04472564 -0.01354592
v 0.02263582 0.04342614 -0.01368795
v -0.00016273 0.04899970 0.00380002
v -0.00016276 0.04899975 0.00343705
v 0.00375160 0.04885629 0.00380000
v -0.00016277 0.04899979 0.00325706
v 0.00382029 0.04884888 0.00380000
v 0.00000568 0.04900018 -0.00205074
v 0.00004392 0.04900000 -0.00228605
v 0.00037660 0.04899786 -0.00383661
v 0.00058208 0.04899654 -0.00479432
v 0.00114975 0.04898651 -0.00640309
v 0.00128666 0.04898224 -0.00665678
v 0.00190400 0.04896300 -0.00780072
v 0.00201788 0.04895735 -0.00793945
v 0.01620682 0.04623703 0.00380000
v 0.01620596 0.04623411 -0.01323928
v 0.01365864 0.04703535 -0.01294116
v 0.01420138 0.04689741 0.00380000
v 0.01296378 0.04725391 -0.01285983
v 0.00295718 0.04891069 -0.00908365
v 0.00382998 0.04884593 -0.00978725
v 0.00675244 0.04853270 0.00380000
v 0.00410040 0.04882587 -0.01000524
v 0.00773418 0.04838576 -0.01172902
v 0.00806165 0.04832509 -0.01181505
v 0.00965264 0.04801716 0.00380000
v 0.00965502 0.04802993 -0.01223365
v 0.01041003 0.04788252 0.00380000
v 0.01011339 0.04794501 -0.01235407
v 0.01085686 0.04776475 -0.01248599
v 0.00429237 0.04881163 -0.01016000
v 0.00536319 0.04870046 -0.01074781
v 0.00582559 0.04865246 -0.01100164
v 0.04783367 -0.00000000 -0.01480000
v 0.04783367 -0.00000000 0.00380000
v 0.04899999 -0.00002047 -0.01480000
v 0.04899999 -0.00001940 0.00380000
v 0.12376081 0.04570609 -0.02025181
v 0.12327901 0.04539584 -0.02126430
v 0.12245551 0.04809451 -0.02179212
v 0.12486330 0.04800137 -0.01695880
v 0.12484361 0.04765036 -0.01716232
v 0.12480221 0.04858215 -0.01683967
v 0.12480231 0.04858209 -0.01683966
v 0.12484661 0.04829865 -0.01686349
v 0.12475031 0.04718489 -0.01758276
v 0.12440511 0.04641925 -0.01866782
v 0.12204430 0.05090200 -0.02142169
v 0.12297021 0.05072011 -0.01981505
v 0.12345431 0.05048652 -0.01896107
v 0.12408900 0.04996922 -0.01784545
v 0.12443451 0.04951233 -0.01727476
v 0.12461841 0.04915919 -0.01700934
v 0.12473151 0.04885589 -0.01688220
v 0.12473640 0.04883695 -0.01687925
v 0.12480221 0.04858215 -0.01683967
v 0.11989690 0.04756226 -0.02580291
v 0.11946631 0.04945991 -0.02578246
v 0.11966441 0.04975087 -0.02543058
v 0.12118441 0.05079903 -0.02287699
v 0.12133681 0.05081728 -0.02261901
v 0.12183831 0.05087734 -0.02177021
v 0.11977911 0.04991937 -0.02522679
v 0.12040031 0.05045024 -0.02418295
v 0.11906351 0.04772777 -0.02680253
v 0.11905691 0.04817778 -0.02668291
v 0.11914451 0.04872290 -0.02641691
v 0.11937080 0.04931961 -0.02595215
v 0.12022931 0.04565919 -0.02590790
v 0.12018551 0.04568460 -0.02595995
v 0.11975201 0.04609637 -0.02640499
v 0.11944851 0.04652372 -0.02666678
v 0.11926601 0.04689371 -0.02678881
v 0.11912691 0.04733270 -0.02683632
v 0.11911610 0.04739979 -0.02683058
v 0.12300251 0.04530408 -0.02177336
v 0.12245000 0.04512065 -0.02279093
v 0.12218741 0.04511185 -0.02320916
v 0.12166421 0.04509430 -0.02404229
v 0.12084011 0.04530411 -0.02518054
v 0.12031281 0.04561062 -0.02580839
v 0.12738431 0.00149583 -0.01944099
v 0.12618420 0.00149571 -0.02180856
v 0.12610390 0.00925176 -0.02170929
v 0.12782500 0.00149588 -0.01857157
v 0.12905750 0.00150190 -0.01553896
v 0.12856351 0.00149949 -0.01675448
v 0.12845611 0.00925307 -0.01668246
v 0.12815391 0.00149749 -0.01776238
v 0.13043851 0.00925158 -0.01076831
v 0.13056431 0.00149871 -0.01082932
v 0.13051311 0.00149888 -0.01104994
v 0.13043070 0.00149914 -0.01140500
v 0.13021120 0.00149992 -0.01209332
v 0.12931191 0.00150314 -0.01491298
v 0.13191901 0.00149601 -0.00172822
v 0.13184171 0.00149637 -0.00307196
v 0.13176331 0.00925233 -0.00305196
v 0.13177451 0.00149668 -0.00424283
v 0.13156040 0.00149662 -0.00573223
v 0.13125681 0.00149653 -0.00784465
v 0.13100501 0.00924998 -0.00840581
v 0.13111490 0.00149698 -0.00845625
v 0.13192150 0.00589451 -0.00060000
v 0.13198380 0.00149571 -0.00060000
v 0.13187391 0.00925217 -0.00060000
v 0.13187331 0.00929918 -0.00060000
v 0.13149030 0.01710041 -0.00302139
v 0.13163840 0.01710000 -0.00060000
v 0.13072750 0.01709723 -0.00832412
v 0.13091750 0.01709721 -0.00752034
v 0.13115200 0.01709880 -0.00595891
v 0.13141961 0.01710061 -0.00417750
v 0.13016851 0.01709725 -0.01068821
v 0.12816981 0.01710090 -0.01652089
v 0.12880550 0.01711030 -0.01490510
v 0.12997021 0.01709915 -0.01130179
v 0.12610051 0.00957880 -0.02170510
v 0.12599271 0.01397815 -0.02161759
v 0.12816241 0.01710079 -0.01653968
v 0.12739300 0.01708939 -0.01849555
v 0.12591630 0.01710000 -0.02155549
v 0.13192681 0.00661667 0.00000000
v 0.13192940 0.00620866 0.00000000
v 0.13192150 0.00589451 -0.00060000
v 0.13189510 0.00778891 0.00000000
v 0.13163840 0.01710000 -0.00060000
v 0.13164281 0.01710000 0.00000000
v 0.13187331 0.00929918 -0.00060000
v 0.13187391 0.00925217 -0.00060000
v 0.13199480 -0.00500001 -0.00060000
v 0.13199451 -0.00472283 -0.00060000
v 0.13199140 -0.00123773 -0.00060000
v 0.13199030 -0.00000001 -0.00060000
v 0.13198380 0.00149571 -0.00060000
v 0.13137650 0.01709623 0.00434031
v 0.13136301 0.01709622 0.00450133
v 0.13165470 0.00776263 0.00455007
v 0.12937900 0.01710036 0.01315052
v 0.12936170 0.01710036 0.01320155
v 0.12969611 0.00755807 0.01338694
v 0.11723571 0.01710000 0.03254595
v 0.11739641 0.00656070 0.03272758
v 0.11963961 0.01710433 0.03031124
v 0.12070421 0.00663822 0.02947453
v 0.12041830 0.01710275 0.02943728
v 0.12052971 0.01710253 0.02931225
v 0.12361320 0.00681110 0.02580923
v 0.12335981 0.01709909 0.02573914
v 0.12163351 0.01710029 0.02807335
v 0.12541431 0.01710001 0.02248004
v 0.12364151 0.01709889 0.02535826
v 0.12342670 0.01709904 0.02564866
v 0.12810451 0.00733319 0.01767338
v 0.12704610 0.01710086 0.01927529
v 0.12608691 0.00705922 0.02184023
v 0.12584151 0.01710023 0.02164104
v 0.12581611 0.01710022 0.02169092
v 0.12849500 0.01710031 0.01576458
v 0.12779721 0.01710058 0.01745521
v 0.13131731 0.01709617 0.00504813
v 0.13074871 0.01710025 0.00834559
v 0.13091091 0.00768514 0.00902116
v 0.13062900 0.01710027 0.00880327
v 0.13060181 0.01710027 0.00890701
v 0.12987791 0.01710039 0.01167519
v 0.13164281 0.01710000 0.00000000
v 0.13161750 0.01709649 0.00145897
v 0.12842620 -0.00500000 0.01737012
v 0.12975220 -0.00500000 0.01353204
v 0.13002880 -0.00500000 0.01273157
v 0.13052711 -0.00500000 0.01128930
v 0.11742521 -0.00500000 0.03271328
v 0.11943610 -0.00500000 0.03078588
v 0.11739760 0.00648230 0.03272893
v 0.11739660 0.00654862 0.03272779
v 0.12066961 -0.00500000 0.02942554
v 0.12170601 -0.00500000 0.02828266
v 0.12818441 -0.00500000 0.01783599
v 0.11078750 0.01709994 0.03714003
v 0.11066421 0.01709991 0.03721457
v 0.11084981 0.00648931 0.03752086
v 0.09579428 0.01710009 0.04277315
v 0.09574765 0.01710009 0.04278301
v 0.09582914 0.00657617 0.04318576
v 0.08800035 0.00604674 0.04389451
v 0.08800036 0.00579150 0.04390385
v 0.09183651 0.00666649 0.04371839
v 0.08800052 0.00045289 0.04397963
v 0.08800052 -0.00000000 0.04398606
v 0.08800032 0.00678412 0.04386750
v 0.09167654 0.01709925 0.04333552
v 0.08800000 0.01709999 0.04348972
v 0.09530240 0.01710009 0.04287717
v 0.09181965 0.01709929 0.04331742
v 0.09179599 0.01709928 0.04332042
v 0.09975532 0.00651689 0.04228956
v 0.09888071 0.01710010 0.04212040
v 0.10343870 0.01710001 0.04066687
v 0.10256211 0.01710004 0.04101250
v 0.10358631 0.00648504 0.04103947
v 0.09970510 0.01710009 0.04187231
v 0.09963659 0.01710009 0.04189292
v 0.10352761 0.01710000 0.04063183
v 0.10729381 0.00647703 0.03944599
v 0.10596950 0.01709990 0.03966898
v 0.10944651 0.01709967 0.03795126
v 0.10722911 0.01709982 0.03904669
v 0.10712181 0.01709982 0.03909970
v 0.11417370 0.01710067 0.03491812
v 0.11403721 0.01710063 0.03501707
v 0.11422651 0.00651836 0.03527669
v 0.11272671 0.01710033 0.03596693
v 0.11571251 0.01710102 0.03380281
v 0.00093654 0.05084664 -0.00048500
v -0.00039866 0.05035961 -0.00092747
v 0.00554896 0.05254183 0.00000448
v 0.00524124 0.05242360 0.00000473
v 0.00386829 0.05191544 0.00320000
v 0.00486150 0.05227770 0.00000503
v 0.00384244 0.05190581 0.00320000
v 0.00293756 0.05157660 -0.00004554
v 0.00173167 0.05113632 0.00320000
v 0.00270809 0.05149289 -0.00009014
v 0.00130516 0.05098109 -0.00036284
v 0.00807850 0.05348472 0.00319988
v 0.00968252 0.05411005 0.00159985
v 0.01014430 0.05430740 0.00000080
v 0.01128283 0.05474484 -0.00000011
v -0.00085395 0.04976118 -0.00095972
v -0.00085173 0.04981379 -0.00095953
v -0.00025877 0.04983115 -0.00425204
v 0.01650682 0.04656319 -0.01389151
v 0.01650080 0.04654417 -0.01388340
v 0.01338767 0.04759156 -0.01354773
v 0.01181987 0.04833197 -0.01334261
v 0.01334853 0.04788525 -0.01358335
v 0.01335920 0.04778601 -0.01358312
v 0.01032431 0.04882300 -0.01302595
v 0.01030649 0.04892399 -0.01298373
v 0.01178757 0.04853600 -0.01328957
v -0.00040856 0.04904925 -0.00092909
v -0.00049766 0.04908417 -0.00093527
v 0.00002866 0.04908944 -0.00398571
v -0.00027385 0.04901355 -0.00091962
v -0.00033782 0.04902153 -0.00092419
v 0.00013091 0.04903882 -0.00393783
v -0.00056747 0.04913420 -0.00094011
v -0.00063638 0.04918360 -0.00094489
v -0.00006369 0.04915898 -0.00403183
v -0.00079389 0.04941001 -0.00095574
v -0.00082408 0.04947208 -0.00095781
v -0.00025281 0.04946127 -0.00415563
v -0.00069879 0.04925737 -0.00094920
v -0.00074784 0.04931535 -0.00095258
v -0.00020772 0.04934781 -0.00411704
v 0.01620596 0.04623411 -0.01323928
v 0.01365864 0.04703535 -0.01294116
v 0.01362368 0.04707398 -0.01303468
v 0.00024037 0.04900831 -0.00388875
v -0.00023297 0.04900846 -0.00091670
v 0.00118087 0.04899423 -0.00672960
v 0.00288584 0.04892285 -0.00915974
v 0.00402287 0.04884229 -0.01010027
v 0.00382998 0.04884593 -0.00978725
v 0.00528868 0.04872123 -0.01085215
v 0.00965502 0.04802993 -0.01223365
v 0.00806165 0.04832509 -0.01181505
v 0.00799931 0.04834979 -0.01190803
v 0.00773418 0.04838576 -0.01172902
v 0.01296378 0.04725391 -0.01285983
v 0.01085686 0.04776475 -0.01248599
v 0.01080149 0.04780141 -0.01258401
v 0.01011339 0.04794501 -0.01235407
v -0.00084681 0.04958172 -0.00095933
v -0.00027697 0.04958244 -0.00419114
v 0.00017353 0.04946052 -0.00565619
v 0.00015407 0.04958273 -0.00569540
v 0.00075878 0.04945187 -0.00708361
v 0.00084896 0.04923392 -0.00698665
v -0.00014359 0.04924599 -0.00407570
v 0.00021389 0.04934612 -0.00561197
v 0.00079476 0.04933683 -0.00703857
v 0.00154386 0.04942806 -0.00839922
v 0.00157638 0.04931295 -0.00835555
v 0.00253694 0.04937623 -0.00955496
v 0.00091781 0.04914626 -0.00692873
v 0.00162560 0.04921012 -0.00830209
v 0.00256874 0.04926229 -0.00951329
v 0.00369676 0.04928736 -0.01050507
v 0.00099776 0.04907634 -0.00686578
v 0.00168810 0.04912263 -0.00824028
v 0.00261475 0.04916067 -0.00945926
v 0.00372991 0.04917588 -0.01046436
v 0.00496708 0.04915576 -0.01125992
v 0.00108628 0.04902538 -0.00679894
v 0.00176049 0.04905285 -0.00817163
v 0.00267201 0.04907424 -0.00939483
v 0.00377441 0.04907658 -0.01040991
v 0.00500399 0.04904757 -0.01121916
v 0.00767094 0.04876242 -0.01231919
v 0.01649421 0.04652335 -0.01387453
v 0.01647620 0.04646252 -0.01383514
v 0.01340588 0.04749902 -0.01351301
v 0.01342726 0.04741218 -0.01346742
v 0.01049608 0.04818801 -0.01300331
v 0.01053812 0.04809619 -0.01295401
v 0.00771451 0.04866185 -0.01227511
v 0.00776354 0.04857228 -0.01221890
v 0.00504966 0.04895129 -0.01116449
v 0.00510239 0.04886919 -0.01109812
v 0.00382792 0.04899206 -0.01034396
v 0.00388815 0.04892433 -0.01026878
v 0.00273756 0.04900522 -0.00932202
v 0.00280945 0.04895456 -0.00924289
v 0.00184042 0.04900186 -0.00809776
v 0.00192567 0.04897037 -0.00802054
v 0.01644436 0.04634476 -0.01372584
v 0.01643515 0.04630261 -0.01366312
v 0.01347986 0.04726163 -0.01335046
v 0.01646220 0.04641075 -0.01378709
v 0.01345192 0.04733264 -0.01341271
v 0.01058408 0.04801417 -0.01289502
v 0.00781720 0.04849529 -0.01215214
v 0.00516050 0.04880300 -0.01102228
v 0.00395358 0.04887423 -0.01018669
v 0.01063364 0.04794289 -0.01282715
v 0.00787469 0.04843205 -0.01207651
v 0.00522291 0.04875351 -0.01093940
v 0.01643294 0.04629254 -0.01364812
v 0.01642244 0.04624456 -0.01357672
v 0.01351099 0.04719957 -0.01328068
v 0.01354524 0.04714688 -0.01320355
v 0.01068645 0.04788309 -0.01275128
v 0.01074243 0.04783567 -0.01266942
v 0.00793552 0.04838336 -0.01199427
v 0.01358277 0.04710467 -0.01312078
v 0.01641982 0.04617688 -0.01334359
v 0.01641695 0.04618651 -0.01341207
v 0.01641631 0.04618865 -0.01342729
v 0.01641990 0.04622135 -0.01351469
v 0.00752697 0.04958860 -0.01210831
v 0.00622844 0.04982839 -0.01161546
v 0.00704038 0.04977092 -0.01186579
v 0.00626816 0.04987629 -0.01147179
v 0.00752729 0.04966466 -0.01200598
v 0.00825830 0.04950512 -0.01221645
v 0.00888597 0.04929828 -0.01253241
v 0.00852693 0.04944649 -0.01229379
v 0.00888102 0.04936921 -0.01239574
v 0.01138289 0.04882318 -0.01311607
v 0.01177225 0.04861841 -0.01322791
v 0.01107530 0.04889031 -0.01302752
v 0.01029665 0.04898487 -0.01290033
v 0.01028514 0.04906276 -0.01280001
v 0.01333352 0.04808281 -0.01354826
v 0.01334017 0.04798477 -0.01357158
v 0.01180272 0.04843534 -0.01332205
v 0.01332268 0.04813713 -0.01348021
v 0.01175737 0.04870172 -0.01317185
v 0.01331040 0.04819801 -0.01340317
v 0.01368521 0.04807644 -0.01345899
v 0.01373657 0.04805978 -0.01346664
v 0.01639756 0.04719671 -0.01386298
v 0.01669626 0.04709983 -0.01390747
v 0.01667602 0.04704743 -0.01392481
v 0.01495650 0.04766411 -0.01364835
v 0.01495237 0.04760480 -0.01371089
v 0.01666602 0.04702152 -0.01393339
v 0.01034452 0.04871788 -0.01305593
v 0.01494886 0.04755029 -0.01377061
v 0.01663560 0.04694065 -0.01395126
v 0.01662011 0.04689811 -0.01395517
v 0.01664915 0.04697786 -0.01394784
v 0.01036780 0.04861026 -0.01307273
v 0.01039436 0.04850148 -0.01307596
v 0.01337224 0.04768783 -0.01357113
v 0.01042435 0.04839313 -0.01306542
v 0.01652461 0.04661938 -0.01391545
v 0.01653934 0.04666592 -0.01393528
v 0.01656197 0.04673239 -0.01394634
v 0.01657680 0.04677595 -0.01395358
v 0.01045814 0.04828776 -0.01304106
v 0.00763332 0.04887127 -0.01234903
v 0.00626421 0.04909390 -0.01187738
v 0.00493998 0.04927219 -0.01128465
v 0.00367637 0.04940696 -0.01053009
v 0.00252114 0.04949819 -0.00958261
v 0.00153006 0.04955111 -0.00843182
v 0.00074309 0.04957479 -0.00712087
v 0.01660536 0.04685760 -0.01395889
v 0.01659370 0.04682561 -0.01396183
v 0.00044703 0.05035934 -0.00509297
v 0.00012448 0.05031078 -0.00434868
v 0.00029585 0.05035939 -0.00434832
v -0.00045346 0.05033691 -0.00093147
v -0.00039866 0.05035961 -0.00092747
v -0.00060213 0.05024380 -0.00094196
v -0.00050816 0.05030265 -0.00093533
v -0.00046319 0.05033081 -0.00093216
v -0.00073440 0.05009718 -0.00095123
v -0.00072230 0.05011809 -0.00095038
v -0.00007645 0.05015858 -0.00431898
v -0.00061399 0.05023139 -0.00094279
v 0.00001757 0.05024261 -0.00433526
v 0.00117270 0.05029555 -0.00716202
v 0.00096639 0.05034857 -0.00631073
v 0.00207403 0.05030798 -0.00827557
v 0.00192459 0.05026778 -0.00835479
v 0.00144187 0.05033872 -0.00742562
v 0.00131584 0.05034133 -0.00713011
v 0.00394935 0.05017171 -0.01015730
v 0.00386591 0.05012631 -0.01027090
v 0.00351137 0.05020871 -0.00979122
v 0.00282744 0.05021347 -0.00939256
v 0.00224111 0.05029986 -0.00850019
v 0.00269192 0.05027793 -0.00910631
v 0.00292760 0.05025802 -0.00930330
v 0.00399091 0.05016820 -0.01019203
v 0.00435298 0.05013761 -0.01049465
v 0.00500560 0.04999907 -0.01100401
v 0.00506548 0.05004040 -0.01085818
v 0.00614705 0.04989282 -0.01141000
v 0.00888938 0.04924977 -0.01262589
v 0.00890415 0.04915050 -0.01267760
v 0.00752558 0.04952408 -0.01219922
v 0.00753198 0.04942790 -0.01225961
v 0.00621790 0.04974695 -0.01169289
v 0.00621089 0.04965498 -0.01175958
v 0.00497620 0.04992366 -0.01108321
v 0.00495121 0.04983609 -0.01115220
v 0.00381312 0.05005637 -0.01034453
v 0.00376594 0.04997278 -0.01040877
v 0.00275146 0.05014733 -0.00945192
v 0.00268256 0.05006635 -0.00950299
v 0.00182964 0.05020293 -0.00839216
v 0.00174342 0.05012250 -0.00842246
v 0.00106759 0.05023012 -0.00717611
v 0.00097285 0.05014881 -0.00718452
v 0.00037614 0.05015850 -0.00581143
v 0.00892188 0.04904552 -0.01271683
v 0.00894331 0.04893635 -0.01274241
v 0.00754206 0.04932426 -0.01230744
v 0.00755674 0.04921459 -0.01234133
v 0.00620849 0.04955372 -0.01181389
v 0.00621186 0.04944449 -0.01185424
v 0.00493207 0.04973744 -0.01120928
v 0.00492022 0.04962899 -0.01125278
v 0.00372618 0.04987652 -0.01046198
v 0.00369569 0.04976885 -0.01050253
v 0.00262293 0.04997152 -0.00954435
v 0.00257482 0.04986415 -0.00957463
v 0.00166841 0.05002761 -0.00844471
v 0.00160710 0.04991975 -0.00845796
v 0.00089104 0.05005295 -0.00718668
v 0.00082465 0.04994420 -0.00718208
v 0.00029387 0.05006141 -0.00579822
v 0.00022820 0.04995178 -0.00578033
v -0.00015530 0.05006042 -0.00429975
v -0.00021687 0.04995016 -0.00427748
v -0.00080212 0.04998022 -0.00095600
v -0.00081515 0.04993650 -0.00095693
v -0.00085904 0.04964071 -0.00096015
v -0.00027899 0.04970717 -0.00422329
v 0.00015681 0.04970836 -0.00572916
v 0.00018175 0.04983285 -0.00575742
v 0.00074903 0.04970098 -0.00714966
v 0.00077650 0.04982566 -0.00716996
v 0.00153625 0.04967734 -0.00845236
v 0.00156224 0.04980179 -0.00846090
v 0.00252244 0.04962342 -0.00959493
v 0.00254063 0.04974697 -0.00959204
v 0.00366963 0.04953020 -0.01053786
v 0.00367631 0.04965234 -0.01052842
v 0.00492334 0.04939278 -0.01129162
v 0.00491694 0.04951310 -0.01128078
v 0.00623913 0.04921134 -0.01188690
v 0.00622183 0.04932947 -0.01187902
v 0.00760194 0.04898524 -0.01236276
v 0.00757655 0.04910079 -0.01236009
v 0.00896879 0.04882464 -0.01275357
v 0.01995571 0.04482266 -0.01383388
v 0.01667602 0.04704743 -0.01392481
v 0.02024689 0.04553214 -0.01422791
v 0.02369081 0.04376793 -0.01442392
v 0.02365622 0.04370444 -0.01442724
v 0.02021581 0.04546397 -0.01423798
v 0.02693108 0.04162826 -0.01454934
v 0.02696988 0.04168865 -0.01455796
v 0.03013115 0.03942210 -0.01465369
v 0.03290950 0.03674169 -0.01463640
v 0.02996602 0.03920306 -0.01456099
v 0.03004732 0.03931155 -0.01462293
v 0.03299459 0.03683889 -0.01470091
v 0.03572876 0.03415155 -0.01478385
v 0.03564202 0.03406618 -0.01471680
v 0.04255355 0.02504847 -0.01584325
v 0.04426045 0.02173297 -0.01655403
v 0.04419728 0.02168794 -0.01649563
v 0.02663592 0.04114276 -0.01399034
v 0.01994356 0.04477336 -0.01368167
v 0.02056155 0.04544068 -0.01423636
v 0.02371549 0.04381264 -0.01441584
v 0.04902365 -0.00001456 -0.02028722
v 0.04897757 0.00162870 -0.01986406
v 0.04900137 -0.00003254 -0.02016299
v 0.04907205 0.00037707 -0.02036316
v 0.04901480 0.00166864 -0.02002093
v 0.04903626 0.00168306 -0.02007450
v 0.04894558 0.00353820 -0.01964838
v 0.04895146 0.00355029 -0.01971474
v 0.04900742 0.00273546 -0.01984190
v 0.04856818 0.00729427 -0.01917431
v 0.04885609 0.00493878 -0.01949806
v 0.04888713 0.00448687 -0.01956858
v 0.04838303 0.00861064 -0.01906441
v 0.04856008 0.00729862 -0.01921431
v 0.04883285 0.00527722 -0.01944525
v 0.04885609 0.00493878 -0.01949806
v 0.04789489 0.01103152 -0.01870854
v 0.04790231 0.01103839 -0.01873701
v 0.04791274 0.01098881 -0.01874390
v 0.04761191 0.01241805 -0.01854534
v 0.04762980 0.01233303 -0.01855715
v 0.04694112 0.01470715 -0.01809513
v 0.04572150 0.01829044 -0.01734325
v 0.04574279 0.01830880 -0.01738089
v 0.04593871 0.01778024 -0.01749795
v 0.04651499 0.01622556 -0.01784227
v 0.04669471 0.01560173 -0.01795747
v 0.04694981 0.01471626 -0.01812097
v 0.04428249 0.02175732 -0.01660605
v 0.04434917 0.02161245 -0.01663893
v 0.04444578 0.02140254 -0.01668656
v 0.04521752 0.01972586 -0.01706705
v 0.04563467 0.01860049 -0.01731629
v 0.04349284 0.02347291 -0.01621674
v 0.04314153 0.02410681 -0.01609077
v 0.04211703 0.02595541 -0.01572342
v 0.04259860 0.02508647 -0.01589610
v 0.04259280 0.02507605 -0.01586541
v 0.04190340 0.02634088 -0.01564682
v 0.04166993 0.02670309 -0.01559114
v 0.04062423 0.02828383 -0.01532120
v 0.04064066 0.02829981 -0.01534568
v 0.04021791 0.02895563 -0.01524486
v 0.03587871 0.03429788 -0.01484484
v 0.03614508 0.03400761 -0.01485660
v 0.03581993 0.03424013 -0.01482417
v 0.03730632 0.03274219 -0.01490790
v 0.03832322 0.03133780 -0.01497157
v 0.03818333 0.03168177 -0.01497336
v 0.03820644 0.03165383 -0.01497509
v 0.03822395 0.03163201 -0.01497666
v 0.03836875 0.03137613 -0.01498605
v 0.03839642 0.03140050 -0.01499986
v 0.04001818 0.02922372 -0.01521799
v 0.03308306 0.03693884 -0.01473629
v 0.03398280 0.03621530 -0.01477304
v 0.03498992 0.03526640 -0.01480557
v 0.03244536 0.03766386 -0.01472338
v 0.03314277 0.03700677 -0.01474591
v 0.02934233 0.04015644 -0.01463083
v 0.02961244 0.03996860 -0.01463991
v 0.03018939 0.03949921 -0.01465691
v 0.02433776 0.04344559 -0.01444368
v 0.02634008 0.04224436 -0.01452994
v 0.02702186 0.04177022 -0.01455285
v 0.02026439 0.04556823 -0.01421107
v 0.01906217 0.04608428 -0.01410878
v 0.02263582 0.04342614 -0.01368795
v 0.02335074 0.04309326 -0.01386254
v 0.02977289 0.03893229 -0.01408568
v 0.03270776 0.03650054 -0.01416937
v 0.03543848 0.03385457 -0.01426018
v 0.03796156 0.03099757 -0.01441522
v 0.03827197 0.03057500 -0.01434621
v 0.04025873 0.02794757 -0.01476230
v 0.04227977 0.02478141 -0.01532911
v 0.04403436 0.02150695 -0.01607490
v 0.04553501 0.01811114 -0.01690263
v 0.04678534 0.01457682 -0.01769269
v 0.04777145 0.01095682 -0.01840868
v 0.04719094 0.01307160 -0.01789597
v 0.04847033 0.00724605 -0.01890687
v 0.04888121 0.00349218 -0.01943044
v 0.04854727 0.00638274 -0.01891411
v 0.04832895 0.00901144 -0.01901862
v 0.04785919 0.01101503 -0.01865487
v 0.04853999 0.00728386 -0.01912499
v 0.04892692 0.00352899 -0.01960695
v 0.04902281 0.00217393 -0.01996601
v 0.04566899 0.01825563 -0.01728482
v 0.04689769 0.01468211 -0.01803846
v 0.03823357 0.03126089 -0.01492546
v 0.04053831 0.02821793 -0.01527930
v 0.04049710 0.02818511 -0.01525095
v 0.04247916 0.02499324 -0.01578708
v 0.03807740 0.03112043 -0.01476497
v 0.03814994 0.03118699 -0.01485581
v 0.04035617 0.02806359 -0.01509080
v 0.04042084 0.02812160 -0.01517955
v 0.04235811 0.02488988 -0.01563062
v 0.04241302 0.02493965 -0.01571550
v 0.04409704 0.02160293 -0.01634646
v 0.04414214 0.02164413 -0.01642586
v 0.04558682 0.01818963 -0.01714512
v 0.04562366 0.01822175 -0.01721832
v 0.04682999 0.01463475 -0.01790919
v 0.04686038 0.01465783 -0.01797615
v 0.03556546 0.03398962 -0.01462528
v 0.03283383 0.03665411 -0.01454490
v 0.02989341 0.03910474 -0.01446980
v 0.02674782 0.04133643 -0.01438356
v 0.02345127 0.04331290 -0.01426705
v 0.02005672 0.04509459 -0.01414844
v 0.02348153 0.04337282 -0.01431581
v 0.02008672 0.04516735 -0.01418664
v 0.02678052 0.04138953 -0.01443258
v 0.02681599 0.04144652 -0.01447407
v 0.02685344 0.04150614 -0.01450759
v 0.02689206 0.04156711 -0.01453274
v 0.01652461 0.04661938 -0.01391545
v 0.02011844 0.04524248 -0.01421477
v 0.03827795 0.03129922 -0.01495144
v 0.04058087 0.02825096 -0.01530269
v 0.01660536 0.04685760 -0.01395889
v 0.02018366 0.04539224 -0.01423991
v 0.02015101 0.04531801 -0.01423251
v 0.02362069 0.04363853 -0.01442286
v 0.02358478 0.04357121 -0.01440990
v 0.02354910 0.04350352 -0.01438763
v 0.02351441 0.04343688 -0.01435614
v 0.01663560 0.04694065 -0.01395126
v 0.01664915 0.04697786 -0.01394784
v 0.01656197 0.04673239 -0.01394634
v 0.01657680 0.04677595 -0.01395358
v 0.01659370 0.04682561 -0.01396183
v 0.02336729 0.04313612 -0.01400823
v 0.01643294 0.04629254 -0.01364812
v 0.01996808 0.04486115 -0.01390802
v 0.02340124 0.04321050 -0.01414729
v 0.01644436 0.04634476 -0.01372584
v 0.01998464 0.04490845 -0.01397846
v 0.02000511 0.04496372 -0.01404326
v 0.02002926 0.04502612 -0.01410046
v 0.02342438 0.04325852 -0.01421040
v 0.02379024 0.04377405 -0.01442009
v 0.02665556 0.04118054 -0.01413107
v 0.02669333 0.04124603 -0.01426587
v 0.02979459 0.03896603 -0.01422252
v 0.02983526 0.03902429 -0.01435392
v 0.03273075 0.03653076 -0.01430261
v 0.03277326 0.03658259 -0.01443084
v 0.03546164 0.03388156 -0.01438912
v 0.03550441 0.03392710 -0.01451354
v 0.03798157 0.03102384 -0.01453800
v 0.03802052 0.03106525 -0.01465689
v 0.04027397 0.02797499 -0.01487681
v 0.04030666 0.02801408 -0.01498816
v 0.04229076 0.02480949 -0.01543340
v 0.04231699 0.02484600 -0.01553528
v 0.04404270 0.02153343 -0.01616814
v 0.04406366 0.02156569 -0.01625963
v 0.04554220 0.01813374 -0.01698532
v 0.04555952 0.01816008 -0.01706682
v 0.04679227 0.01459391 -0.01776614
v 0.04680718 0.01461332 -0.01783875
v 0.04780345 0.01098394 -0.01853650
v 0.04849604 0.00726399 -0.01901903
v 0.04889807 0.00351045 -0.01952028
v 0.04899137 0.00164879 -0.01994361
v 0.04969261 -0.00193285 -0.02175611
v 0.05006104 -0.00188761 -0.02237853
v 0.05006110 -0.00385242 -0.02253815
v 0.04915498 -0.00096965 -0.02069204
v 0.04933064 -0.00095855 -0.02101410
v 0.04933525 -0.00197808 -0.02112911
v 0.04950621 -0.00006869 -0.02123710
v 0.04953173 -0.00000001 -0.02121432
v 0.04972029 -0.00000001 -0.02153651
v 0.04969032 -0.00093636 -0.02165440
v 0.05009758 -0.00000003 -0.02218121
v 0.05161788 0.00000007 -0.02461673
v 0.05254085 0.00000025 -0.02593997
v 0.05248811 -0.00334538 -0.02605838
v 0.05136637 -0.01286102 -0.02347924
v 0.05101629 -0.01040743 -0.02375010
v 0.05267886 -0.00999246 -0.02593111
v 0.05249095 -0.00756903 -0.02608800
v 0.05431364 -0.00265879 -0.02826629
v 0.05431092 -0.00301538 -0.02826858
v 0.05429581 -0.00499935 -0.02828136
v 0.05405672 -0.00605391 -0.02798825
v 0.05433390 -0.00000003 -0.02824916
v 0.05307250 0.00000027 -0.02666515
v 0.05286436 0.00000032 -0.02640378
v 0.05082253 -0.00368341 -0.02372620
v 0.05085246 -0.00000005 -0.02347111
v 0.05102783 -0.00000006 -0.02377077
v 0.04950662 -0.00019387 -0.02125115
v 0.04950817 -0.00000001 -0.02117406
v 0.04949216 -0.00002044 -0.02117003
v 0.04948363 -0.00006879 -0.02119633
v 0.04938306 -0.00001644 -0.02097911
v 0.04943749 -0.00000000 -0.02105329
v 0.04942715 -0.00001615 -0.02106135
v 0.04946105 -0.00000000 -0.02109354
v 0.04944989 -0.00001640 -0.02110250
v 0.04948461 -0.00000001 -0.02113380
v 0.04947261 -0.00001672 -0.02114332
v 0.04939038 -0.00000000 -0.02097278
v 0.04933735 -0.00001512 -0.02089757
v 0.04934327 -0.00000000 -0.02089229
v 0.04915397 -0.00000832 -0.02057198
v 0.04915488 0.00000001 -0.02057038
v 0.04913033 -0.00000728 -0.02053167
v 0.04913134 0.00000001 -0.02053015
v 0.04910610 -0.00000639 -0.02049173
v 0.04910780 0.00000001 -0.02048993
v 0.04908427 0.00000001 -0.02044970
v 0.04908222 -0.00000637 -0.02044690
v 0.04908424 -0.00000638 -0.02045054
v 0.04908460 -0.00007061 -0.02045861
v 0.04934464 -0.00402144 -0.02133683
v 0.04899197 -0.00355559 -0.02066431
v 0.04901614 -0.00260501 -0.02060608
v 0.04903107 -0.00201807 -0.02057013
v 0.04905756 -0.00097614 -0.02050630
v 0.04907075 -0.00045759 -0.02047454
v 0.04939554 -0.00844924 -0.02161269
v 0.04892514 -0.00412771 -0.02058532
v 0.04817222 -0.00951713 -0.01945095
v 0.04829776 -0.00882452 -0.01969659
v 0.04950743 -0.00044463 -0.02127920
v 0.04941757 -0.00044723 -0.02111726
v 0.04946153 -0.00019444 -0.02116979
v 0.04932680 -0.00006952 -0.02091027
v 0.04937140 -0.00006932 -0.02099210
v 0.04941616 -0.00006910 -0.02107386
v 0.04943861 -0.00006900 -0.02111471
v 0.04915081 -0.00019840 -0.02059786
v 0.04932731 -0.00019614 -0.02092520
v 0.04937187 -0.00019557 -0.02100682
v 0.04941662 -0.00019500 -0.02108835
v 0.04943861 -0.00006900 -0.02111471
v 0.04950909 -0.00094745 -0.02133490
v 0.05084185 -0.00800914 -0.02385484
v 0.04910712 -0.00019897 -0.02051581
v 0.04915218 -0.00045504 -0.02062940
v 0.04932840 -0.00044983 -0.02095498
v 0.04946110 -0.00006889 -0.02115553
v 0.04907732 -0.00019940 -0.02045872
v 0.04908060 -0.00007064 -0.02045083
v 0.04909603 0.00000001 -0.02046982
v 0.04909517 -0.00000638 -0.02047114
v 0.04910639 -0.00007051 -0.02049978
v 0.04912823 -0.00007041 -0.02054093
v 0.04915011 -0.00007031 -0.02058206
v 0.13086361 -0.00393215 -0.00989819
v 0.12584961 -0.00412399 -0.02242529
v 0.11941581 -0.00130429 -0.03082723
v 0.08486270 -0.00249623 -0.04388653
v 0.06703355 -0.00220436 -0.03867880
v 0.06226462 0.00149525 -0.03557400
v 0.06384091 0.00149504 -0.03662706
v 0.06387450 0.00142031 -0.03669922
v 0.07707994 0.00149011 -0.04252531
v 0.07916259 0.00079492 -0.04306123
v 0.07916075 -0.00080168 -0.04308940
v 0.10530561 0.00148177 -0.04042954
v 0.10559920 0.00148214 -0.04029025
v 0.10541370 -0.00460121 -0.04040660
v 0.10986760 0.00148748 -0.03812655
v 0.11034080 0.00148806 -0.03785417
v 0.11020041 -0.00396365 -0.03798702
v 0.11993851 0.00149344 -0.03031110
v 0.12152930 0.00149274 -0.02850434
v 0.12158150 -0.00035123 -0.02846741
v 0.13191930 0.00097410 -0.00248595
v 0.13197460 -0.00188199 -0.00149240
v 0.13199140 -0.00123773 -0.00060000
v 0.13170301 -0.00071622 -0.00506351
v 0.12921491 -0.00022477 -0.01525521
v 0.13021120 0.00149992 -0.01209332
v 0.12765871 -0.00225625 -0.01901044
v 0.12485411 0.00149461 -0.02396856
v 0.12553960 0.00149518 -0.02285532
v 0.12746541 0.00072340 -0.01935835
v 0.12363540 0.00071866 -0.02583442
v 0.12433890 0.00149419 -0.02480513
v 0.12424640 0.00149411 -0.02495539
v 0.12211931 0.00149247 -0.02783432
v 0.12225261 0.00149258 -0.02765388
v 0.12358091 0.00149360 -0.02585614
v 0.11940091 0.00149388 -0.03084921
v 0.11981051 0.00149350 -0.03045641
v 0.11742311 0.00149571 -0.03274568
v 0.11488491 -0.00286430 -0.03482768
v 0.11495141 0.00149397 -0.03476077
v 0.11155391 0.00148954 -0.03715597
v 0.11446000 0.00149363 -0.03516134
v 0.11460151 0.00149373 -0.03504602
v 0.10849560 0.00148580 -0.03891626
v 0.10480050 0.00148130 -0.04062162
v 0.10053210 -0.00477514 -0.04218299
v 0.10201111 0.00147870 -0.04168245
v 0.09562236 0.00147584 -0.04328055
v 0.09824061 0.00147611 -0.04276365
v 0.09949958 0.00147697 -0.04240264
v 0.10068760 0.00147779 -0.04206198
v 0.09407328 0.00147566 -0.04352391
v 0.09479586 0.00147575 -0.04344372
v 0.09551484 -0.00448348 -0.04335943
v 0.09036284 0.00147630 -0.04388472
v 0.09093502 0.00147525 -0.04387221
v 0.09030706 -0.00372416 -0.04392826
v 0.08707793 0.00148233 -0.04395660
v 0.08851384 0.00147969 -0.04392518
v 0.07945208 0.00148861 -0.04311079
v 0.08296550 0.00148593 -0.04365667
v 0.08326770 0.00148570 -0.04370362
v 0.08488607 0.00148427 -0.04381107
v 0.07746766 0.00148987 -0.04262101
v 0.07917894 0.00148878 -0.04304337
v 0.07211698 0.00149276 -0.04095999
v 0.07325563 -0.00192651 -0.04143620
v 0.07020021 0.00149347 -0.04011415
v 0.07017392 -0.00046006 -0.04017615
v 0.06860604 0.00149406 -0.03941067
v 0.07212065 0.00149276 -0.04096124
v 0.07298030 0.00149233 -0.04125464
v 0.07323700 0.00136353 -0.04138142
v 0.07325032 0.00149220 -0.04134680
v 0.07571933 0.00149098 -0.04218949
v 0.06523156 0.00149486 -0.03755611
v 0.06650882 0.00149455 -0.03825806
v 0.06705899 0.00115104 -0.03861296
v 0.06705223 0.00149442 -0.03855672
v 0.06708589 0.00149442 -0.03857522
v 0.06389847 0.00149503 -0.03666552
v 0.06704042 -0.00046809 -0.03863337
v 0.06382888 -0.00017902 -0.03670279
v 0.06142270 0.00149533 -0.03492763
v 0.06205569 0.00149528 -0.03543442
v 0.06062179 0.00149540 -0.03428639
v 0.06054767 0.00046568 -0.03429574
v 0.06048266 -0.00119660 -0.03427052
v 0.05731364 0.00149563 -0.03136909
v 0.05795223 0.00149559 -0.03197732
v 0.05908340 0.00149553 -0.03305471
v 0.05921892 0.00149552 -0.03316321
v 0.05434869 0.00149571 -0.02823657
v 0.05631163 0.00149568 -0.03041472
v 0.05698657 -0.00171603 -0.03113651
v 0.05505319 -0.00348988 -0.02912146
v 0.05434296 0.00091603 -0.02824145
v 0.05429581 -0.00499935 -0.02828136
v 0.06040571 -0.00482888 -0.03423691
v 0.05722515 0.00149563 -0.03128481
v 0.06485145 -0.00500003 -0.03743640
v 0.06378205 -0.00371505 -0.03675668
v 0.07024347 -0.00406455 -0.04025048
v 0.07927394 -0.00444653 -0.04314679
v 0.13179531 -0.00382560 -0.00420195
v 0.04710505 0.07284300 -0.00706861
v 0.04696176 0.07283889 -0.00669287
v 0.04741713 0.07315227 -0.00669258
v 0.04712552 0.07284358 -0.00712230
v 0.04949761 0.07483888 -0.00669287
v 0.05022722 0.07483888 -0.00919287
v 0.04834912 0.07390781 -0.00669271
v 0.04860151 0.07338774 -0.00919287
v 0.04804159 0.07365849 -0.00669266
v 0.04812489 0.07296230 -0.00919287
v 0.04725292 0.07284975 -0.00743573
v 0.04197662 0.06597315 -0.01273712
v 0.04213659 0.06611329 -0.01272767
v 0.04262768 0.06523146 -0.01377690
v 0.04230847 0.06626385 -0.01271753
v 0.04264628 0.06648132 -0.01277037
v 0.04304633 0.06666219 -0.01290683
v 0.04358151 0.06679914 -0.01318931
v 0.04387307 0.06682250 -0.01338868
v 0.04400004 0.06683266 -0.01347551
v 0.04118641 0.06427886 -0.01353037
v 0.04118564 0.06432264 -0.01350234
v 0.04134937 0.06499074 -0.01312162
v 0.04164441 0.06556381 -0.01285750
v 0.04190152 0.06588062 -0.01276433
v 0.04144967 0.06274547 -0.01456100
v 0.04119933 0.06354638 -0.01399937
v 0.04344859 0.06449570 -0.01473942
v 0.04119874 0.06357976 -0.01397799
v 0.04119576 0.06374839 -0.01387002
v 0.04425305 0.06117527 -0.01652681
v 0.04393953 0.06114257 -0.01638742
v 0.04454294 0.06351303 -0.01583102
v 0.04321909 0.06125397 -0.01601516
v 0.04252528 0.06155988 -0.01558571
v 0.04224213 0.06179428 -0.01535980
v 0.04190178 0.06207604 -0.01508826
v 0.04162256 0.06248946 -0.01476264
v 0.04584202 0.06180625 -0.01712010
v 0.04536269 0.06149029 -0.01697177
v 0.04569158 0.06248023 -0.01683202
v 0.04530214 0.06145038 -0.01695303
v 0.04468963 0.06122605 -0.01671965
v 0.04466967 0.06121874 -0.01671205
v 0.04675456 0.06321334 -0.01716021
v 0.04657498 0.06274338 -0.01721744
v 0.04685634 0.06379766 -0.01700892
v 0.04626647 0.06224695 -0.01720799
v 0.04611992 0.06209479 -0.01717765
v 0.04665597 0.06505545 -0.01636579
v 0.04669508 0.06491421 -0.01645137
v 0.04682832 0.06443328 -0.01674275
v 0.04685077 0.06392413 -0.01695595
v 0.04562354 0.06633749 -0.01499852
v 0.04629044 0.06570121 -0.01581371
v 0.04634569 0.06560362 -0.01589715
v 0.04419336 0.06680724 -0.01363824
v 0.04477342 0.06673095 -0.01412652
v 0.04530620 0.06648436 -0.01467301
v 0.04557068 0.06636196 -0.01494430
v -0.00054018 0.05027093 0.00355528
v -0.00050545 0.05029415 0.00355719
v -0.00049745 0.05031346 0.00337500
v -0.00082251 0.04993973 0.00379997
v -0.00082230 0.04994015 0.00379997
v -0.00080649 0.04994705 0.00371462
v -0.00020628 0.04900107 0.00325987
v -0.00028612 0.04901044 0.00326410
v -0.00036138 0.04902803 0.00326841
v -0.00043161 0.04905274 0.00327273
v -0.00049637 0.04908345 0.00327701
v -0.00055537 0.04911907 0.00328125
v -0.00073311 0.04929158 0.00329801
v -0.00065568 0.04920105 0.00328964
v -0.00081830 0.04945864 0.00349611
v -0.00077549 0.04936343 0.00348684
v -0.00084494 0.04955450 0.00350519
v -0.00085475 0.04959163 0.00320008
v -0.00085693 0.04965231 0.00351381
v -0.00085390 0.04975394 0.00352175
v -0.00083368 0.04986027 0.00352897
v -0.00062704 0.05021656 0.00336841
v -0.00072543 0.05010821 0.00336178
v -0.00079374 0.04999503 0.00335503
v -0.00049868 0.05031625 0.00328360
v -0.00063021 0.05021979 0.00320000
v -0.00042354 0.05034963 0.00320000
v -0.00046428 0.05033255 0.00320000
v -0.00049951 0.05030989 0.00320000
v -0.00040498 0.05035586 0.00328719
v -0.00042151 0.05035614 0.00328661
v -0.00040499 0.05035424 0.00337894
v -0.00040500 0.05035209 0.00350042
v -0.00040501 0.05035111 0.00355572
v -0.00040504 0.05031665 0.00379998
v -0.00040503 0.05032474 0.00374264
v -0.00055735 0.05026468 0.00379996
v -0.00053771 0.05027087 0.00373621
v -0.00055771 0.05026455 0.00379996
v -0.00059615 0.05025067 0.00379999
v -0.00057572 0.05025308 0.00373390
v -0.00059820 0.05024929 0.00379999
v -0.00060438 0.05024514 0.00380000
v -0.00060747 0.05022809 0.00373164
v -0.00062943 0.05022297 0.00380000
v -0.00063902 0.05021449 0.00380000
v -0.00066278 0.05017339 0.00372743
v -0.00068195 0.05016550 0.00380001
v -0.00074121 0.05009788 0.00380001
v -0.00074892 0.05005994 0.00372040
v -0.00076491 0.05005178 0.00380000
v -0.00083677 0.04988032 0.00379996
v -0.00084089 0.04951706 0.00379998
v -0.00084452 0.04953518 0.00379998
v -0.00084154 0.04953955 0.00368740
v -0.00085897 0.04960734 0.00379998
v -0.00085599 0.04963510 0.00369565
v -0.00085989 0.04972760 0.00379995
v -0.00085642 0.04973431 0.00370281
v -0.00086031 0.04978222 0.00379994
v -0.00084876 0.04983034 0.00379995
v -0.00081247 0.04944396 0.00379995
v -0.00078688 0.04937811 0.00379993
v -0.00076897 0.04935205 0.00379993
v -0.00071377 0.04926940 0.00347761
v -0.00068806 0.04923429 0.00379993
v -0.00063002 0.04917965 0.00346860
v -0.00062063 0.04917472 0.00379996
v -0.00052198 0.04909998 0.00345981
v -0.00056245 0.04912333 0.00379999
v -0.00040489 0.04904207 0.00380001
v -0.00038938 0.04903838 0.00345113
v -0.00037615 0.04903305 0.00380000
v -0.00034404 0.04902297 0.00380000
v -0.00031456 0.04901723 0.00344681
v -0.00021366 0.04900624 0.00380001
v -0.00023473 0.04900400 0.00344253
v -0.00016276 0.04899975 0.00343705
v -0.00084100 0.04983832 0.00370901
v -0.00079281 0.04997090 0.00353568
v -0.00084754 0.04983440 0.00379607
v -0.00073471 0.05007081 0.00363185
v -0.00072727 0.05008409 0.00354233
v -0.00064403 0.05018336 0.00363904
v -0.00063285 0.05019536 0.00354951
v -0.00057338 0.05024714 0.00355335
v -0.00040497 0.05035741 0.00320000
v -0.00016277 0.04899979 0.00325706
v 0.00405186 0.05188175 0.00380000
v 0.00848076 0.05352417 0.00380000
v 0.00807850 0.05348472 0.00319988
v 0.00290852 0.05152424 0.00350000
v 0.00207907 0.05118898 0.00379999
v 0.00197167 0.05115127 0.00379999
v -0.00040499 0.05035424 0.00337894
v -0.00040500 0.05035209 0.00350042
v -0.00040501 0.05035111 0.00355572
v -0.00040503 0.05032474 0.00374264
v -0.00040504 0.05031665 0.00379998
v -0.00040497 0.05035741 0.00320000
v -0.00040498 0.05035586 0.00328719
v 0.00173167 0.05113632 0.00320000
v 0.00384244 0.05190581 0.00320000
v 0.00386829 0.05191544 0.00320000
v 0.00807850 0.05348472 0.00319988
v 0.00848076 0.05352417 0.00380000
v 0.00968252 0.05411005 0.00159985
v 0.01054033 0.05440213 0.00174042
v 0.01128283 0.05474484 -0.00000011
v 0.01107427 0.05462974 0.00120648
v 0.01168140 0.05488855 0.00059936
v 0.08271931 0.00605381 0.04363939
v 0.07376474 0.01710122 0.04163319
v 0.07223243 0.01710069 0.04126496
v 0.07213420 0.00605580 0.04174960
v 0.08270063 0.00045998 0.04373239
v 0.07736061 0.00046310 0.04302287
v 0.07211196 0.00046213 0.04186023
v 0.06844213 0.00045923 0.04079695
v 0.06836480 0.00319893 0.04073503
v 0.06837381 0.00287962 0.04074224
v 0.06826451 0.00605303 0.04065951
v 0.06828860 0.00573657 0.04067513
v 0.06829583 0.00564163 0.04067982
v 0.06832885 0.00447160 0.04070626
v 0.06840103 0.00191500 0.04076404
v 0.06843763 0.00061883 0.04079334
v 0.06738356 0.01509135 0.04016380
v 0.06728334 0.01587310 0.04011476
v 0.06855488 0.01709940 0.04038120
v 0.06712619 0.01709890 0.04003787
v 0.06744352 0.01462358 0.04019315
v 0.06760524 0.01336191 0.04027229
v 0.06773520 0.01234809 0.04033588
v 0.06809343 0.00830072 0.04054855
v 0.06819057 0.00702439 0.04061156
v 0.06801101 0.00938328 0.04049511
v 0.06776860 0.01208757 0.04035222
v 0.06785859 0.01138564 0.04039625
v 0.06799710 0.00956593 0.04048609
v 0.06823947 0.00638195 0.04064327
v 0.06824810 0.00626862 0.04064887
v 0.07738369 0.00605674 0.04290806
v 0.07749212 0.01710113 0.04236899
v 0.07501870 0.01710119 0.04188072
v 0.08300515 0.01709893 0.04321839
v 0.08280909 0.01709903 0.04319165
v 0.08166437 0.01709967 0.04303554
v 0.07909053 0.01710109 0.04268453
v 0.08511519 0.01709650 0.04336109
v 0.08674675 0.01709462 0.04347143
v 0.01498091 0.04177949 0.03472075
v 0.01658048 0.04142538 0.03529499
v 0.01658563 0.04147984 0.03495086
v 0.01833590 0.04152465 0.03424426
v 0.01682800 0.04199833 0.03373913
v 0.01673351 0.04182502 0.03401809
v 0.06488227 0.01313944 0.04004659
v 0.06497555 0.01330359 0.04001010
v 0.06470227 0.01363094 0.04006439
v 0.06415898 0.01452616 0.04031819
v 0.06425164 0.01433849 0.04025416
v 0.06430799 0.01447780 0.04018669
v 0.06371135 0.01604956 0.04081090
v 0.06371520 0.01594811 0.04092603
v 0.06380729 0.01552368 0.04072635
v 0.06377270 0.01595034 0.04061059
v 0.06371515 0.01615502 0.04070115
v 0.06541124 0.01400135 0.03991575
v 0.06566456 0.01437486 0.03989889
v 0.06531314 0.01464553 0.03988507
v 0.06415319 0.01621316 0.04007110
v 0.06404573 0.01638684 0.04012183
v 0.06398857 0.01625060 0.04019068
v 0.06418274 0.01667271 0.04000145
v 0.06411052 0.01652754 0.04005881
v 0.06434607 0.01619353 0.03997436
v 0.06394511 0.01656426 0.04017771
v 0.06385130 0.01674534 0.04023857
v 0.06380834 0.01661862 0.04031927
v 0.06363992 0.01742698 0.04035705
v 0.06372065 0.01723998 0.04028807
v 0.06376534 0.01736625 0.04020754
v 0.06379531 0.01824775 0.04002764
v 0.06373480 0.01811254 0.04009702
v 0.06394432 0.01777230 0.03999994
v 0.06435828 0.01775807 0.03983098
v 0.06464397 0.01746502 0.03979291
v 0.06475373 0.01763651 0.03976572
v 0.06393586 0.01853187 0.03990452
v 0.06401526 0.01868070 0.03985055
v 0.06377849 0.01899779 0.03992180
v 0.06469362 0.01905129 0.03967093
v 0.06447432 0.01870563 0.03972388
v 0.06511275 0.01817609 0.03971183
v 0.06385133 0.01914211 0.03986247
v 0.06392987 0.01929088 0.03980821
v 0.06368968 0.01960222 0.03987456
v 0.06382515 0.02064689 0.03966165
v 0.06374265 0.02049357 0.03970976
v 0.06429761 0.01992950 0.03964199
v 0.06166808 0.02380847 0.04050167
v 0.06168990 0.02373320 0.04063727
v 0.06205274 0.02305978 0.04040887
v 0.06347284 0.02314339 0.03939326
v 0.06329284 0.02282302 0.03946847
v 0.06389709 0.02231594 0.03944810
v 0.06558857 0.02182566 0.03958504
v 0.06591266 0.02225666 0.03963404
v 0.06436074 0.02303586 0.03938762
v 0.06280128 0.02349993 0.03946909
v 0.06273380 0.02335695 0.03952617
v 0.06300843 0.02308713 0.03949325
v 0.06142736 0.02455501 0.03998098
v 0.06119645 0.02485149 0.04005280
v 0.06120099 0.02476414 0.04017382
v 0.06181770 0.02483502 0.03946942
v 0.06177246 0.02470936 0.03954524
v 0.06231220 0.02417232 0.03947154
v 0.06150821 0.02498048 0.03958702
v 0.06146521 0.02587293 0.03924574
v 0.06152995 0.02601318 0.03918756
v 0.06092952 0.02649176 0.03920347
v 0.06087753 0.02636181 0.03927360
v 0.06033656 0.02697170 0.03922311
v 0.06029574 0.02685095 0.03930423
v 0.05974521 0.02744881 0.03924108
v 0.05971397 0.02733617 0.03933215
v 0.05915104 0.02791981 0.03925339
v 0.05731933 0.02902002 0.03960427
v 0.05730983 0.02909679 0.03946982
v 0.05604141 0.02995629 0.03939540
v 0.06057315 0.02751181 0.03896438
v 0.06120887 0.02706697 0.03898665
v 0.06139016 0.02738657 0.03891562
v 0.06252758 0.02619842 0.03906081
v 0.03382950 0.03786677 0.03712340
v 0.03538378 0.03744963 0.03757564
v 0.03536686 0.03750589 0.03724560
v 0.04901609 0.03335496 0.03887380
v 0.05051782 0.03271528 0.03917933
v 0.05047633 0.03281379 0.03886568
v 0.04914167 0.03398863 0.03782707
v 0.04771939 0.03465304 0.03754745
v 0.04761441 0.03443230 0.03775833
v 0.04012703 0.03682373 0.03678943
v 0.03870616 0.03739525 0.03643275
v 0.03858805 0.03718592 0.03665878
v 0.06504412 0.00029529 0.04074174
v 0.06500767 0.00041841 0.04079093
v 0.06498693 0.00035358 0.04082660
v 0.06514119 0.00031040 0.04064448
v 0.06517007 0.00038015 0.04062180
v 0.06507997 0.00061801 0.04069925
v 0.06524206 0.00155719 0.04054710
v 0.06529941 0.00170666 0.04050994
v 0.06519541 0.00192610 0.04055958
v 0.06506618 0.00251873 0.04063476
v 0.06502359 0.00238000 0.04069020
v 0.06510297 0.00215053 0.04061960
v 0.06485186 0.00346778 0.04098865
v 0.06484571 0.00334803 0.04107275
v 0.06486898 0.00309854 0.04096293
v 0.06537905 0.00238100 0.04044392
v 0.06550107 0.00217573 0.04041234
v 0.06557941 0.00233903 0.04038537
v 0.06516674 0.00280654 0.04053540
v 0.06522512 0.00295565 0.04049123
v 0.06512878 0.00317120 0.04054532
v 0.06556269 0.00322770 0.04035432
v 0.06565078 0.00339563 0.04033147
v 0.06538932 0.00378379 0.04038347
v 0.06513180 0.00455115 0.04047886
v 0.06519416 0.00470244 0.04043471
v 0.06509498 0.00490942 0.04048767
v 0.06479528 0.00517391 0.04091984
v 0.06478633 0.00505220 0.04100285
v 0.06481749 0.00481144 0.04089879
v 0.06491407 0.00668543 0.04053248
v 0.06496431 0.00682963 0.04047649
v 0.06487767 0.00703744 0.04054071
v 0.06471019 0.00733770 0.04076790
v 0.06469227 0.00721141 0.04084737
v 0.06474129 0.00698442 0.04075472
v 0.06522995 0.00744316 0.04029684
v 0.06511069 0.00763174 0.04033575
v 0.06504256 0.00747762 0.04038025
v 0.06535406 0.00811655 0.04022920
v 0.06544797 0.00828569 0.04020262
v 0.06517562 0.00863890 0.04025411
v 0.06526075 0.00880221 0.04021978
v 0.06470250 0.00974487 0.04045005
v 0.06479544 0.00954682 0.04038892
v 0.06485566 0.00969460 0.04033418
v 0.06588451 0.00900006 0.04014012
v 0.06624791 0.00870403 0.04016525
v 0.06652642 0.00910262 0.04018186
v 0.06487973 0.01018520 0.04028112
v 0.06477192 0.01037343 0.04033086
v 0.06471386 0.01022766 0.04038872
v 0.06516442 0.01116043 0.04011278
v 0.06507270 0.01099524 0.04014693
v 0.06535836 0.01066224 0.04010427
v 0.06462030 0.01219355 0.04025150
v 0.06451655 0.01237976 0.04030567
v 0.06446444 0.01223987 0.04037249
v 0.06442110 0.01257039 0.04036658
v 0.06433393 0.01276539 0.04043420
v 0.06429780 0.01263519 0.04051355
v 0.01335917 0.04201817 0.03482299
v 0.01336534 0.04207698 0.03447626
v 0.01176185 0.04246101 0.03388241
v -0.00986476 0.04508360 0.02611330
v -0.01291970 0.04492397 0.02393013
v -0.01371447 0.04405924 0.02689376
v 0.06757809 0.01215852 0.04029749
v 0.06776860 0.01208757 0.04035222
v 0.06712421 0.01711157 0.04003705
v 0.06667472 0.01729385 0.03992856
v 0.06462781 0.02342318 0.03938943
v 0.06369182 0.02500455 0.03921395
v 0.06345033 0.02463663 0.03923097
v 0.06491813 0.02382857 0.03941233
v 0.00686147 0.04723507 0.02790411
v 0.00602349 0.04738374 0.02747923
v 0.00506247 0.04645197 0.02847334
v -0.00183404 0.04858669 0.02065967
v -0.00208305 0.04861736 0.02015964
v -0.00252325 0.04842045 0.02055876
v -0.00557188 0.04798943 0.01805808
v -0.00604686 0.04786502 0.01793564
v -0.00552852 0.04796389 0.01834784
v 0.00557072 0.04326193 0.03437189
v 0.00592215 0.04320591 0.03441193
v 0.00505500 0.04334560 0.03405282
v 0.00677409 0.04307010 0.03450900
v 0.00674623 0.04311464 0.03402741
v 0.00845232 0.04280259 0.03470020
v 0.00846167 0.04280109 0.03470127
v 0.01010999 0.04253833 0.03488907
v 0.01009498 0.04255811 0.03464716
v 0.01326610 0.04200378 0.03524867
v 0.01337634 0.04198359 0.03526123
v 0.01337145 0.04198729 0.03518509
v 0.01796953 0.04114261 0.03578456
v 0.01818992 0.04110226 0.03580966
v 0.01817649 0.04112456 0.03551050
v 0.02580262 0.03959374 0.03667702
v 0.02449639 0.03988574 0.03626145
v 0.02451089 0.03986260 0.03652985
v 0.02918932 0.03887533 0.03706289
v 0.02920680 0.03887153 0.03706488
v 0.02918467 0.03890393 0.03672360
v 0.02965274 0.03877469 0.03711569
v 0.03076430 0.03852503 0.03724233
v 0.03076040 0.03852873 0.03720498
v 0.03095804 0.03848152 0.03726441
v 0.03160888 0.03833534 0.03733856
v 0.03231655 0.03816521 0.03741919
v 0.03230778 0.03817724 0.03733420
v 0.03278281 0.03805311 0.03747232
v 0.03462970 0.03760909 0.03768274
v 0.03384880 0.03781782 0.03745789
v 0.03386332 0.03779334 0.03759542
v 0.03842225 0.03665065 0.03811485
v 0.03847543 0.03663555 0.03812091
v 0.03843572 0.03668466 0.03779434
v 0.04048232 0.03606574 0.03834956
v 0.03999423 0.03623826 0.03823120
v 0.04000197 0.03620212 0.03829484
v 0.04730547 0.03393163 0.03912696
v 0.04760420 0.03382405 0.03916100
v 0.04754409 0.03388116 0.03886392
v 0.04841409 0.03353242 0.03925327
v 0.04910429 0.03324858 0.03933191
v 0.04907512 0.03328221 0.03920291
v 0.05050208 0.03267377 0.03949117
v 0.06274860 0.02093069 0.04088648
v 0.06274739 0.02093797 0.04087557
v 0.06273869 0.02096421 0.04088536
v 0.06353111 0.01709939 0.04097565
v 0.06352284 0.01719339 0.04085841
v 0.06347825 0.01742887 0.04096962
v 0.06353203 0.01709362 0.04097575
v 0.06361666 0.01667479 0.04078003
v 0.06362154 0.01677926 0.04066985
v 0.06389496 0.01461707 0.04101710
v 0.06389737 0.01467298 0.04096576
v 0.06386958 0.01479534 0.04101420
v 0.06404735 0.01348422 0.04103446
v 0.06406731 0.01336988 0.04098287
v 0.06406406 0.01347728 0.04087451
v 0.06406744 0.01331279 0.04103675
v 0.06430659 0.01127213 0.04106400
v 0.06430300 0.01136860 0.04097445
v 0.06427311 0.01155791 0.04106018
v 0.06450146 0.00910750 0.04108620
v 0.06450663 0.00919735 0.04101983
v 0.06447947 0.00935650 0.04108369
v 0.06453386 0.00874070 0.04108989
v 0.06453707 0.00884898 0.04100683
v 0.06450735 0.00904074 0.04108687
v 0.06456637 0.00837248 0.04109359
v 0.06456630 0.00838406 0.04108471
v 0.06456341 0.00840602 0.04109326
v 0.06464532 0.00723591 0.04110259
v 0.06465123 0.00732513 0.04103771
v 0.06463140 0.00747192 0.04110100
v 0.06469101 0.00646183 0.04110779
v 0.06470218 0.00649579 0.04109112
v 0.06468573 0.00655105 0.04110719
v 0.06471396 0.00607260 0.04111041
v 0.06472428 0.00613662 0.04106978
v 0.06470396 0.00624225 0.04110927
v 0.06473703 0.00568191 0.04111304
v 0.06474562 0.00577628 0.04104791
v 0.06472223 0.00593252 0.04111135
v 0.06482412 0.00367883 0.04112296
v 0.06483203 0.00371747 0.04110048
v 0.06482103 0.00377932 0.04112261
v 0.06486217 0.00244486 0.04112729
v 0.06486908 0.00248704 0.04110179
v 0.06485876 0.00255564 0.04112691
v 0.06488778 0.00161447 0.04113021
v 0.06488794 0.00161988 0.04112631
v 0.06488733 0.00162888 0.04113016
v 0.06490844 0.00033415 0.04113309
v 0.06490985 0.00036516 0.04111054
v 0.06490715 0.00041527 0.04113290
v 0.06493357 -0.00000012 0.04101237
v 0.06492158 0.00004243 0.04103080
v 0.06492073 -0.00000012 0.04106278
v 0.06496073 0.00003631 0.04088725
v 0.06493946 0.00016429 0.04094564
v 0.06496115 -0.00000011 0.04090402
v 0.06504545 -0.00000010 0.04074838
v 0.06504719 -0.00000010 0.04074647
v 0.06503209 0.00003981 0.04075906
v 0.06632218 -0.00000005 0.04041902
v 0.06641777 0.00012812 0.04040001
v 0.06590622 0.00014106 0.04040135
v 0.06583071 -0.00000007 0.04040939
v 0.06591276 -0.00000007 0.04039742
v 0.06601599 -0.00000006 0.04040287
v 0.06562426 -0.00000008 0.04043951
v 0.06572409 -0.00000007 0.04042494
v 0.06557183 0.00038339 0.04044862
v 0.06564486 0.00054497 0.04043185
v 0.06540435 0.00096828 0.04049023
v 0.06543301 0.00007039 0.04048853
v 0.06539970 -0.00000009 0.04049900
v 0.06542448 -0.00000008 0.04049014
v 0.06550149 0.00022520 0.04046736
v 0.06552613 -0.00000008 0.04045382
v 0.06532946 -0.00000009 0.04052411
v 0.06526696 0.00014716 0.04056037
v 0.06529113 -0.00000009 0.04053781
v 0.06514630 -0.00000010 0.04063805
v 0.06515667 -0.00000010 0.04062671
v 0.06511261 0.00024149 0.04066936
v 0.06516083 -0.00000010 0.04062396
v 0.06520414 0.00000379 0.04059775
v 0.06520089 -0.00000009 0.04059748
v 0.06520494 -0.00000009 0.04059479
v 0.06508468 0.00017342 0.04069667
v 0.06505770 0.00010619 0.04072658
v 0.06509758 -0.00000010 0.04069134
v 0.06505939 -0.00000010 0.04073313
v 0.06499797 0.00016408 0.04081018
v 0.06497808 0.00009977 0.04084781
v 0.06502553 -0.00000011 0.04078514
v 0.06497674 -0.00000011 0.04087523
v 0.06498345 -0.00000011 0.04086284
v 0.06501229 -0.00000011 0.04080959
v 0.06495148 -0.00000011 0.04094195
v 0.06493541 -0.00000011 0.04100508
v 0.06492913 0.00010293 0.04098783
v 0.06490956 0.00026274 0.04113324
v 0.06491838 -0.00000012 0.04107199
v 0.06491761 -0.00000012 0.04108243
v 0.06491201 0.00010999 0.04113358
v 0.06491375 -0.00000012 0.04113383
v 0.06490502 0.00054864 0.04113261
v 0.06491883 0.00073423 0.04099832
v 0.06490230 0.00071969 0.04113223
v 0.06490805 0.00061447 0.04108459
v 0.06491246 0.00042409 0.04106675
v 0.06489747 0.00102327 0.04113156
v 0.06489822 0.00097636 0.04113166
v 0.06489998 0.00099439 0.04111932
v 0.06490161 0.00076271 0.04113213
v 0.06489508 0.00117474 0.04113122
v 0.06491252 0.00092364 0.04101571
v 0.06490683 0.00086367 0.04105839
v 0.06489026 0.00147706 0.04113054
v 0.06489267 0.00132600 0.04113088
v 0.06490072 0.00130162 0.04104967
v 0.06489730 0.00124234 0.04109268
v 0.06492097 0.00098448 0.04097428
v 0.06489479 0.00149019 0.04106631
v 0.06488840 0.00159446 0.04113029
v 0.06490652 0.00136177 0.04100783
v 0.06492322 0.00123462 0.04095101
v 0.06483985 0.00316917 0.04112475
v 0.06484928 0.00286283 0.04112583
v 0.06485968 0.00297750 0.04104512
v 0.06484944 0.00285771 0.04112585
v 0.06487426 0.00260591 0.04101708
v 0.06483042 0.00347467 0.04112368
v 0.06483676 0.00326903 0.04112440
v 0.06479299 0.00468830 0.04111942
v 0.06479899 0.00449390 0.04112010
v 0.06480146 0.00456906 0.04106535
v 0.06482569 0.00432374 0.04095656
v 0.06480606 0.00468851 0.04097983
v 0.06479010 0.00478259 0.04111909
v 0.06478338 0.00489623 0.04111832
v 0.06478424 0.00493399 0.04109030
v 0.06477739 0.00499789 0.04111764
v 0.06477278 0.00553529 0.04094063
v 0.06474057 0.00562188 0.04111344
v 0.06476625 0.00541480 0.04102557
v 0.06475894 0.00531034 0.04111553
v 0.06476049 0.00529759 0.04110976
v 0.06472428 0.00613662 0.04106978
v 0.06474974 0.00589555 0.04096105
v 0.06472609 0.00625468 0.04098102
v 0.06468114 0.00708868 0.04093120
v 0.06460219 0.00796690 0.04109768
v 0.06461341 0.00777700 0.04109896
v 0.06462495 0.00767958 0.04105542
v 0.06462262 0.00762073 0.04110000
v 0.06465354 0.00744315 0.04094766
v 0.06459652 0.00814851 0.04097867
v 0.06457090 0.00861748 0.04090182
v 0.06453936 0.00896597 0.04091377
v 0.06437320 0.01055985 0.04107158
v 0.06439640 0.01029710 0.04107423
v 0.06440876 0.01034728 0.04095419
v 0.06433918 0.01102965 0.04096884
v 0.06434153 0.01091838 0.04106798
v 0.06437442 0.01068920 0.04096206
v 0.06436892 0.01060833 0.04107110
v 0.06437339 0.01057644 0.04105828
v 0.06434118 0.01114384 0.04087034
v 0.06431128 0.01123212 0.04106453
v 0.06432158 0.01114418 0.04106571
v 0.06414647 0.01263859 0.04104575
v 0.06415953 0.01252714 0.04104724
v 0.06418712 0.01248628 0.04087944
v 0.06408458 0.01316655 0.04103870
v 0.06410553 0.01314841 0.04087713
v 0.06398357 0.01424003 0.04076049
v 0.06391668 0.01446458 0.04101957
v 0.06397978 0.01413045 0.04086622
v 0.06396401 0.01413218 0.04102497
v 0.06398357 0.01402471 0.04097676
v 0.06398620 0.01397631 0.04102749
v 0.06406832 0.01358848 0.04077088
v 0.06400584 0.01383848 0.04102973
v 0.06401030 0.01380050 0.04103024
v 0.06380459 0.01525166 0.04100680
v 0.06382271 0.01512442 0.04100887
v 0.06389681 0.01488525 0.04074590
v 0.06358615 0.01675631 0.04098191
v 0.06362345 0.01652371 0.04098616
v 0.06361960 0.01657443 0.04089583
v 0.06362667 0.01650111 0.04098653
v 0.06363779 0.01642303 0.04098779
v 0.06368364 0.01610111 0.04099302
v 0.06371515 0.01587977 0.04099661
v 0.06372973 0.01577735 0.04099827
v 0.06380387 0.01541699 0.04083518
v 0.06347187 0.01746866 0.04096889
v 0.06352153 0.01729296 0.04074252
v 0.06343456 0.01768658 0.04096464
v 0.06336050 0.01811907 0.04095621
v 0.06343274 0.01771021 0.04093522
v 0.06332987 0.01850799 0.04064771
v 0.06323534 0.01881268 0.04094195
v 0.06332676 0.01840911 0.04076221
v 0.06328416 0.01856499 0.04094751
v 0.06333157 0.01831458 0.04088275
v 0.06323348 0.01882213 0.04094173
v 0.06322654 0.01891057 0.04082270
v 0.06316568 0.01916617 0.04093400
v 0.06322393 0.01900502 0.04070337
v 0.06312547 0.01937018 0.04092943
v 0.06306961 0.01965364 0.04092306
v 0.06309655 0.01951691 0.04092613
v 0.06312337 0.01940748 0.04087888
v 0.06300127 0.01998485 0.04080178
v 0.06300937 0.01990460 0.04091620
v 0.06311453 0.01959225 0.04063709
v 0.06311510 0.01949764 0.04075501
v 0.06282615 0.02066807 0.04089532
v 0.06284366 0.02059506 0.04089732
v 0.06288073 0.02046578 0.04084297
v 0.06288445 0.02042512 0.04090196
v 0.06299517 0.02007535 0.04067957
v 0.06292973 0.02023651 0.04090712
v 0.06286943 0.02055236 0.04071676
v 0.06258061 0.02156905 0.04064515
v 0.06244146 0.02193931 0.04079055
v 0.06244996 0.02190235 0.04085246
v 0.06242431 0.02202006 0.04065960
v 0.06227840 0.02238466 0.04080052
v 0.06228263 0.02236516 0.04083339
v 0.06235765 0.02216971 0.04084194
v 0.06241423 0.02210547 0.04053419
v 0.06216689 0.02266670 0.04082021
v 0.06224595 0.02246072 0.04082922
v 0.06210437 0.02281338 0.04081309
v 0.06210384 0.02282058 0.04080218
v 0.06195734 0.02315833 0.04079634
v 0.06207998 0.02289563 0.04066556
v 0.06191866 0.02324024 0.04079193
v 0.06171621 0.02366702 0.04076886
v 0.06157476 0.02394378 0.04075274
v 0.06151651 0.02405134 0.04074611
v 0.06128263 0.02445851 0.04071946
v 0.06141485 0.02423906 0.04073453
v 0.06165297 0.02388855 0.04037175
v 0.06082103 0.02520611 0.04066687
v 0.06092435 0.02505313 0.04067864
v 0.06121223 0.02468183 0.04030089
v 0.06123021 0.02460454 0.04043386
v 0.06100974 0.02491141 0.04068837
v 0.06125491 0.02453225 0.04057264
v 0.06037651 0.02583398 0.04061622
v 0.06037787 0.02583221 0.04061638
v 0.06077761 0.02529413 0.04047097
v 0.06065825 0.02544713 0.04064832
v 0.06021602 0.02604223 0.04059794
v 0.06029738 0.02593768 0.04060721
v 0.06026007 0.02601989 0.04033239
v 0.06032452 0.02590213 0.04061030
v 0.06037651 0.02583398 0.04061622
v 0.05949413 0.02688840 0.04051568
v 0.05971019 0.02665073 0.04054030
v 0.05977226 0.02658491 0.04045609
v 0.05979631 0.02654903 0.04055012
v 0.06005074 0.02624859 0.04057910
v 0.05970718 0.02671220 0.04015963
v 0.05918240 0.02724423 0.04024669
v 0.05935692 0.02703933 0.04050006
v 0.05809970 0.02823380 0.04035681
v 0.05818102 0.02816726 0.04036608
v 0.05863961 0.02775972 0.04031474
v 0.05866597 0.02771704 0.04042133
v 0.05899141 0.02741492 0.04045841
v 0.05856954 0.02787801 0.04000835
v 0.05739812 0.02883024 0.04005068
v 0.05746030 0.02875701 0.04028396
v 0.05436198 0.03081184 0.03993095
v 0.05618245 0.02965810 0.04013837
v 0.05615141 0.02971897 0.04000846
v 0.05672327 0.02931535 0.04019999
v 0.05732320 0.02886920 0.04026834
v 0.04754409 0.03388116 0.03886392
v 0.04606141 0.03438771 0.03883716
v 0.04475454 0.03480576 0.03883632
v 0.04602571 0.03439245 0.03898115
v 0.04609361 0.03436800 0.03898889
v 0.04451431 0.03492514 0.03845809
v 0.04301117 0.03537842 0.03839304
v 0.04457122 0.03487457 0.03879471
v 0.04361446 0.03517644 0.03870643
v 0.04150469 0.03581590 0.03831690
v 0.04254140 0.03548111 0.03858417
v 0.04305352 0.03533571 0.03864252
v 0.03647116 0.03716638 0.03789255
v 0.03654486 0.03714866 0.03790095
v 0.03691279 0.03707198 0.03768751
v 0.03687646 0.03706426 0.03793873
v 0.03694466 0.03704677 0.03794650
v 0.03720789 0.03697926 0.03797649
v 0.03228701 0.03821954 0.03699555
v 0.03073867 0.03856513 0.03686246
v 0.02450132 0.03994139 0.03592776
v 0.02606322 0.03956357 0.03642405
v 0.02606814 0.03962184 0.03609298
v 0.02746282 0.03924818 0.03686618
v 0.02413818 0.03994017 0.03648738
v 0.02292472 0.04020222 0.03608914
v 0.02376761 0.04001730 0.03644517
v 0.02134767 0.04051338 0.03590671
v 0.02256891 0.04025134 0.03630859
v 0.02293834 0.04017921 0.03635068
v 0.01976513 0.04082061 0.03571406
v 0.02102306 0.04055316 0.03613246
v 0.02136124 0.04048712 0.03617099
v 0.01852252 0.04104136 0.03584756
v 0.01947167 0.04085605 0.03595570
v 0.01977847 0.04079615 0.03599066
v 0.01654743 0.04140299 0.03562253
v 0.01497535 0.04172318 0.03506629
v 0.01511745 0.04166481 0.03545960
v 0.01498940 0.04169637 0.03542804
v 0.01499189 0.04168779 0.03544530
v 0.01367834 0.04192830 0.03529564
v 0.01011851 0.04275550 0.03360191
v 0.01009424 0.04266423 0.03393658
v 0.01173039 0.04230984 0.03456315
v 0.01175021 0.04226555 0.03507595
v 0.01095917 0.04240216 0.03498583
v 0.01089788 0.04241274 0.03497884
v -0.00068647 0.04395038 0.03365897
v -0.00015446 0.04390881 0.03371959
v -0.00017465 0.04395581 0.03320987
v 0.00108212 0.04381223 0.03386048
v 0.00128206 0.04378771 0.03388326
v -0.00086707 0.04395786 0.03363840
v -0.00369179 0.04417598 0.03222202
v -0.00245025 0.04402359 0.03345801
v -0.00595143 0.04395992 0.03305911
v -0.00420344 0.04402678 0.03325826
v -0.00369297 0.04406670 0.03299949
v -0.00367700 0.04402583 0.03331825
v -0.00288849 0.04402440 0.03340808
v -0.01069135 0.04381360 0.03061671
v -0.00720669 0.04390381 0.03267513
v -0.00718986 0.04418675 0.03109015
v -0.00665297 0.04390495 0.03297918
v -0.00768892 0.04382377 0.03286115
v -0.00719315 0.04386261 0.03291763
v -0.01411439 0.04320115 0.03005535
v -0.01014258 0.04350230 0.03258158
v -0.00942127 0.04361816 0.03266377
v -0.01417017 0.04268205 0.03212270
v -0.01285737 0.04299796 0.03227227
v -0.01114182 0.04334181 0.03246774
v -0.01625422 0.04296251 0.02847859
v -0.01626551 0.04267648 0.02966647
v -0.01426305 0.04265970 0.03211212
v -0.01572554 0.04454672 0.02163034
v -0.01624362 0.04406825 0.02335225
v -0.01623104 0.04390696 0.02432839
v -0.01622285 0.04380195 0.02496387
v -0.01622168 0.04378695 0.02505475
v -0.01445387 0.04527535 0.01881859
v -0.01620704 0.04472796 0.01821066
v -0.01626320 0.04450366 0.02052951
v -0.01627416 0.04445990 0.02098184
v -0.01627226 0.04443557 0.02112911
v -0.01422730 0.04547130 0.01672791
v -0.01325953 0.04577918 0.01679546
v -0.01229437 0.04608624 0.01686283
v -0.01177395 0.04577644 0.02114607
v -0.01211968 0.04614179 0.01687502
v -0.00946136 0.04694106 0.01718387
v -0.01007199 0.04676696 0.01708771
v -0.01029544 0.04657478 0.01851969
v -0.01086762 0.04654012 0.01696241
v -0.00658481 0.04748322 0.01954451
v -0.00932395 0.04698023 0.01720551
v -0.00937253 0.04696610 0.01726506
v -0.00818119 0.04730605 0.01738547
v -0.00715413 0.04757504 0.01765022
v -0.00533034 0.04804451 0.01814969
v -0.00250371 0.04866919 0.01931492
v -0.00256090 0.04867624 0.01920008
v 0.00084319 0.04823738 0.02404356
v 0.00008249 0.04834118 0.02320756
v -0.00047978 0.04800977 0.02380129
v -0.00055480 0.04842814 0.02250718
v -0.00360031 0.04784713 0.02173168
v -0.00067255 0.04844421 0.02237776
v -0.00105057 0.04849059 0.02181860
v -0.00138637 0.04853177 0.02132187
v 0.00371187 0.04778440 0.02620734
v 0.00285374 0.04792542 0.02565358
v 0.00279239 0.04789201 0.02571886
v 0.00248438 0.04798611 0.02541523
v 0.00182621 0.04808687 0.02486514
v 0.00447532 0.04765841 0.02669426
v 0.00443376 0.04766578 0.02667319
v 0.00192556 0.04705822 0.02683969
v 0.00734369 0.04714431 0.02809866
v 0.00816854 0.04559661 0.02988857
v 0.00799985 0.04702082 0.02836338
v 0.00919952 0.04672556 0.02893442
v 0.00926548 0.04678263 0.02887400
v 0.00967784 0.04670502 0.02904037
v 0.01215802 0.04577613 0.03022658
v 0.01033970 0.04657611 0.02925663
v 0.01342893 0.04597073 0.03023456
v 0.01291570 0.04607437 0.03009837
v 0.01250167 0.04615501 0.02996308
v 0.01571883 0.04550831 0.03084218
v 0.01502319 0.04468955 0.03134983
v 0.01658740 0.04533291 0.03107266
v 0.02109257 0.04299202 0.03287107
v 0.01766440 0.04511542 0.03135844
v 0.02303911 0.04398410 0.03249537
v 0.02205848 0.04419051 0.03228794
v 0.02162257 0.04367784 0.03253079
v 0.01979484 0.04466699 0.03180910
v 0.01905416 0.04482289 0.03165242
v 0.02401605 0.04377847 0.03270203
v 0.02754449 0.04188152 0.03380192
v 0.02631176 0.04326252 0.03310707
v 0.03552499 0.04108790 0.03466236
v 0.03446366 0.04135389 0.03449365
v 0.03397576 0.04078173 0.03464730
v 0.03150481 0.04209542 0.03402331
v 0.03341636 0.04007012 0.03489894
v 0.02960461 0.04252248 0.03368805
v 0.02813967 0.04262142 0.03354127
v 0.02830853 0.04281376 0.03345938
v 0.02728887 0.04304292 0.03327947
v 0.03976413 0.03999823 0.03533193
v 0.03908184 0.04019650 0.03522775
v 0.03976024 0.03887903 0.03563716
v 0.04425253 0.03869394 0.03601726
v 0.04286182 0.03909807 0.03580492
v 0.04555442 0.03687734 0.03654601
v 0.05130960 0.03618072 0.03708902
v 0.04990519 0.03677793 0.03687496
v 0.05140788 0.03473717 0.03735435
v 0.04949810 0.03691960 0.03681326
v 0.04614834 0.03762498 0.03639222
v 0.04645008 0.03798038 0.03635132
v 0.04514472 0.03843468 0.03615349
v 0.05661522 0.03362578 0.03790609
v 0.05609440 0.03390012 0.03782522
v 0.05720038 0.03236693 0.03807863
v 0.05367143 0.03517638 0.03744900
v 0.05222826 0.03579007 0.03722904
v 0.05672363 0.03166645 0.03817776
v 0.06012880 0.03115227 0.03847495
v 0.05909049 0.03200213 0.03830169
v 0.05764142 0.03295265 0.03807010
v 0.06323246 0.02791777 0.03902945
v 0.06256807 0.02876542 0.03890250
v 0.06209366 0.02846579 0.03884643
v 0.06243416 0.02893626 0.03887691
v 0.06237795 0.02900796 0.03886617
v 0.06301317 0.02693495 0.03903266
v 0.06426783 0.02634717 0.03923937
v 0.06362476 0.02741727 0.03910441
v 0.06159827 0.02772653 0.03886884
v 0.06333812 0.02778298 0.03904964
v 0.06563479 0.02351838 0.03955155
v 0.06528482 0.02432222 0.03946799
v 0.06503296 0.02490074 0.03940786
v 0.06570292 0.02336190 0.03956782
v 0.06599910 0.02236705 0.03965276
v 0.06604721 0.02220547 0.03966656
v 0.06642667 0.02093085 0.03977539
v 0.06643370 0.02089328 0.03977799
v 0.06547123 0.02018819 0.03963017
v 0.06656952 0.02016645 0.03982815
v 0.06628041 0.01979389 0.03977421
v 0.06666780 0.01964062 0.03986445
v 0.06537571 0.01855629 0.03969916
v 0.06701967 0.01774179 0.03999431
v 0.06702217 0.01774437 0.03999533
v 0.06703946 0.01765189 0.04000172
v 0.06644902 0.01388431 0.04000049
v 0.06801101 0.00938328 0.04049511
v 0.06739650 0.00860404 0.04035877
v 0.06676339 0.00774779 0.04025683
v 0.06819057 0.00702439 0.04061156
v 0.06647635 0.00734159 0.04022864
v 0.06794397 0.00588577 0.04057144
v 0.06701185 0.00637949 0.04033680
v 0.06621036 0.00695010 0.04021610
v 0.06586026 0.00726439 0.04020030
v 0.06844213 0.00045923 0.04079695
v 0.06843763 0.00061883 0.04079334
v 0.06720321 0.00132477 0.04048408
v 0.06840103 0.00191500 0.04076404
v 0.06783921 0.00219217 0.04061454
v 0.06837381 0.00287962 0.04074224
v 0.06632714 -0.00000005 0.04041928
v 0.06691307 -0.00000003 0.04045019
v 0.06665692 0.00051325 0.04041896
v 0.06731137 -0.00000005 0.04052567
v 0.06769101 -0.00000006 0.04059763
v 0.06769104 -0.00000006 0.04059764
v 0.06845510 -0.00000009 0.04080733
v -0.00881055 0.04605972 0.02337376
v -0.00617058 0.04555277 0.02679336
v -0.00664188 0.04502129 0.02815830
v -0.00290820 0.04527984 0.02869880
v 0.00025881 0.04472739 0.03040598
v 0.00074558 0.04541829 0.02916293
v -0.00236028 0.04593636 0.02742402
v -0.00563756 0.04612656 0.02547785
v 0.00504111 0.04343736 0.03332046
v 0.00331817 0.04363244 0.03330723
v 0.00334939 0.04377623 0.03259643
v 0.00007008 0.04445020 0.03106297
v -0.00006998 0.04422776 0.03174802
v -0.00335727 0.04472992 0.03004084
v -0.00699558 0.04456072 0.02958690
v -0.00363365 0.04432264 0.03147038
v -0.00015321 0.04406310 0.03246320
v 0.00334454 0.04356490 0.03405726
v 0.00360174 0.04350333 0.03414755
v 0.00507352 0.04332290 0.03431524
v -0.01054268 0.04419808 0.02905462
v -0.01396352 0.04362898 0.02844892
v -0.00718986 0.04418675 0.03109015
v 0.00335018 0.04353417 0.03411889
v 0.00693653 0.04374870 0.03203264
v 0.00681212 0.04345071 0.03265241
v 0.00855256 0.04330396 0.03266601
v 0.00845582 0.04304657 0.03330128
v 0.00343277 0.04399426 0.03192381
v 0.00508075 0.04361169 0.03263121
v 0.00675077 0.04323792 0.03331632
v 0.00842394 0.04288388 0.03398654
v 0.01016003 0.04287202 0.03328068
v 0.01173725 0.04237202 0.03421553
v 0.06411019 0.01326046 0.04077466
v 0.06412236 0.01337635 0.04067697
v 0.06414881 0.01270890 0.04098464
v 0.06412197 0.01284751 0.04104296
v 0.06414659 0.01281808 0.04087878
v 0.06415178 0.01293103 0.04077758
v 0.06416443 0.01304778 0.04068110
v 0.06418457 0.01316840 0.04058944
v 0.06437696 0.01243535 0.04043968
v 0.06482112 0.01134673 0.04021819
v 0.06489772 0.01150220 0.04017166
v 0.06498098 0.01166161 0.04012993
v 0.06419298 0.01260016 0.04077958
v 0.06420626 0.01271783 0.04068443
v 0.06422696 0.01283934 0.04059404
v 0.06425508 0.01296474 0.04050850
v 0.06516468 0.01032422 0.04016226
v 0.06545555 0.00999070 0.04012437
v 0.06525837 0.01049129 0.04013095
v 0.06567762 0.01034788 0.04009019
v 0.06498745 0.01083395 0.04018581
v 0.06426902 0.01250889 0.04059776
v 0.06434011 0.01230423 0.04051766
v 0.06424762 0.01238645 0.04068678
v 0.06431055 0.01217699 0.04060048
v 0.06423360 0.01226783 0.04078054
v 0.06428833 0.01205359 0.04068805
v 0.06422696 0.01215298 0.04087897
v 0.06427343 0.01193398 0.04078035
v 0.06422770 0.01204186 0.04098200
v 0.06426593 0.01181814 0.04087730
v 0.06441952 0.01210390 0.04044420
v 0.06438182 0.01197183 0.04052075
v 0.06435138 0.01184361 0.04060210
v 0.06432824 0.01171922 0.04068819
v 0.06431243 0.01159861 0.04077897
v 0.06426583 0.01170601 0.04097884
v 0.06430400 0.01148175 0.04087441
v 0.06456025 0.01204877 0.04031204
v 0.06450730 0.01190794 0.04037745
v 0.06446148 0.01177102 0.04044770
v 0.06442282 0.01163797 0.04052277
v 0.06439142 0.01150876 0.04060260
v 0.06436731 0.01138335 0.04068717
v 0.06435055 0.01126173 0.04077643
v 0.06423508 0.01188234 0.04105585
v 0.06422618 0.01195839 0.04105483
v 0.06419722 0.01220542 0.04105153
v 0.06495266 0.01033968 0.04023428
v 0.06483696 0.01052306 0.04027776
v 0.06490882 0.01067656 0.04022941
v 0.06507743 0.01016102 0.04019822
v 0.06535360 0.00981787 0.04014820
v 0.06448024 0.01036705 0.04067790
v 0.06458056 0.01028834 0.04052105
v 0.06450740 0.01049553 0.04059797
v 0.06462330 0.01042542 0.04045212
v 0.06454184 0.01062778 0.04052275
v 0.06467324 0.01056634 0.04038796
v 0.06458355 0.01076385 0.04045228
v 0.06473024 0.01071111 0.04032858
v 0.06463243 0.01090377 0.04038659
v 0.06479422 0.01085975 0.04027395
v 0.06468838 0.01104753 0.04032567
v 0.06486505 0.01101227 0.04022410
v 0.06475132 0.01119518 0.04026953
v 0.06555418 0.00931501 0.04014378
v 0.06690216 0.01127128 0.04017176
v 0.06799710 0.00956593 0.04048609
v 0.06714341 0.00994420 0.04026274
v 0.06437748 0.01080443 0.04086514
v 0.06438787 0.01092336 0.04077278
v 0.06440561 0.01104601 0.04068506
v 0.06443071 0.01117243 0.04060203
v 0.06446312 0.01130265 0.04052373
v 0.06450277 0.01143670 0.04045018
v 0.06454957 0.01157461 0.04038142
v 0.06460347 0.01171640 0.04031748
v 0.06466439 0.01186211 0.04025837
v 0.06473228 0.01201176 0.04020414
v 0.06458242 0.00981332 0.04059074
v 0.06465751 0.00960573 0.04051580
v 0.06446033 0.01024232 0.04076248
v 0.06451675 0.01002554 0.04067303
v 0.06454506 0.01015506 0.04059470
v 0.06461908 0.00994763 0.04051869
v 0.06466291 0.01008574 0.04045133
v 0.06475457 0.00988780 0.04038901
v 0.06481366 0.01003457 0.04033269
v 0.06492277 0.00984622 0.04028415
v 0.06499675 0.01000169 0.04023884
v 0.06525788 0.00964888 0.04017658
v 0.06496608 0.00950615 0.04028688
v 0.06489785 0.00935352 0.04033532
v 0.06508575 0.00932244 0.04024708
v 0.06500959 0.00916498 0.04028926
v 0.06477690 0.01167990 0.04021156
v 0.06470807 0.01152931 0.04026436
v 0.06464618 0.01138264 0.04032200
v 0.06459125 0.01123987 0.04038445
v 0.06454342 0.01110097 0.04045168
v 0.06450275 0.01096591 0.04052369
v 0.06446933 0.01083467 0.04060045
v 0.06444323 0.01070722 0.04068194
v 0.06442443 0.01058354 0.04076810
v 0.06441296 0.01046357 0.04085888
v 0.06482171 0.00871541 0.04044359
v 0.06487749 0.00886148 0.04038751
v 0.06473445 0.00891846 0.04050861
v 0.06478196 0.00905970 0.04044619
v 0.06465683 0.00912624 0.04058119
v 0.06469598 0.00926267 0.04051244
v 0.06458887 0.00933873 0.04066127
v 0.06461962 0.00947036 0.04058622
v 0.06453059 0.00955591 0.04074878
v 0.06455291 0.00968275 0.04066745
v 0.06448182 0.00977768 0.04084354
v 0.06449567 0.00989976 0.04075599
v 0.06444229 0.01000395 0.04094534
v 0.06444770 0.01012130 0.04085164
v 0.06474221 0.00940285 0.04044834
v 0.06483644 0.00920471 0.04038843
v 0.06494014 0.00901133 0.04033607
v 0.06505323 0.00882273 0.04029129
v 0.06477285 0.00857310 0.04050428
v 0.06469394 0.00878096 0.04057565
v 0.06462474 0.00899354 0.04065456
v 0.06456524 0.00921082 0.04074093
v 0.06451545 0.00943275 0.04083467
v 0.06447515 0.00965925 0.04093559
v 0.06444408 0.00989023 0.04104349
v 0.06473091 0.00843451 0.04056957
v 0.06466044 0.00864717 0.04064727
v 0.06459972 0.00886454 0.04073248
v 0.06454874 0.00908658 0.04082511
v 0.06450747 0.00931324 0.04092504
v 0.06447565 0.00954445 0.04103208
v 0.06484942 0.00787898 0.04049424
v 0.06490120 0.00802347 0.04043708
v 0.06481116 0.00822660 0.04049947
v 0.06495977 0.00817169 0.04038449
v 0.06486146 0.00837000 0.04044053
v 0.06502504 0.00832366 0.04033645
v 0.06491859 0.00851714 0.04038618
v 0.06509703 0.00847939 0.04029300
v 0.06498253 0.00866804 0.04033643
v 0.06565432 0.00863530 0.04016268
v 0.06535229 0.00896933 0.04018996
v 0.06516854 0.00948374 0.04020953
v 0.06504111 0.00966261 0.04024311
v 0.06518537 0.00778959 0.04029574
v 0.06544890 0.00742690 0.04023816
v 0.06526649 0.00795119 0.04026023
v 0.06554525 0.00759809 0.04021491
v 0.06575624 0.00795173 0.04018142
v 0.06599083 0.00832038 0.04016498
v 0.06515384 0.00728422 0.04033507
v 0.06498101 0.00732721 0.04042926
v 0.06508419 0.00712901 0.04037776
v 0.06535871 0.00725944 0.04026577
v 0.06527478 0.00709570 0.04029777
v 0.06519717 0.00693568 0.04033418
v 0.06671547 0.00596525 0.04029619
v 0.06596633 0.00657336 0.04021957
v 0.06574495 0.00621135 0.04023937
v 0.06545211 0.00656370 0.04027086
v 0.06554519 0.00673331 0.04024684
v 0.06564428 0.00690663 0.04022709
v 0.06759922 0.00543467 0.04049039
v 0.06836480 0.00319893 0.04073503
v 0.06727337 0.00499774 0.04042296
v 0.06643969 0.00556550 0.04027052
v 0.06607452 0.00587863 0.04023941
v 0.06480445 0.00773818 0.04055594
v 0.06476773 0.00808691 0.04056298
v 0.06453534 0.00872391 0.04109006
v 0.06456707 0.00849936 0.04099311
v 0.06461448 0.00839060 0.04080410
v 0.06460202 0.00826777 0.04088920
v 0.06466790 0.00816840 0.04071379
v 0.06464682 0.00804082 0.04079265
v 0.06470153 0.00781856 0.04070358
v 0.06467871 0.00768984 0.04078057
v 0.06473485 0.00746758 0.04069283
v 0.06463263 0.00791684 0.04087590
v 0.06466272 0.00756471 0.04086194
v 0.06462535 0.00779644 0.04096350
v 0.06459794 0.00803281 0.04107244
v 0.06459157 0.00808708 0.04109646
v 0.06514103 0.00813500 0.04029447
v 0.06506775 0.00797822 0.04033621
v 0.06500106 0.00782518 0.04038249
v 0.06494104 0.00767587 0.04043331
v 0.06488772 0.00753027 0.04048866
v 0.06492604 0.00718049 0.04048276
v 0.06502101 0.00697749 0.04042491
v 0.06512590 0.00677935 0.04037501
v 0.06476789 0.00711546 0.04068158
v 0.06480065 0.00676222 0.04066986
v 0.06507859 0.00577064 0.04045579
v 0.06514096 0.00592197 0.04041012
v 0.06504052 0.00612469 0.04046291
v 0.06520954 0.00607692 0.04036880
v 0.06510096 0.00627485 0.04041527
v 0.06528427 0.00623552 0.04033183
v 0.06516767 0.00642865 0.04037200
v 0.06506099 0.00662670 0.04042024
v 0.06500245 0.00647769 0.04046985
v 0.06495031 0.00633233 0.04052387
v 0.06502241 0.00562292 0.04050584
v 0.06498638 0.00597815 0.04051494
v 0.06537228 0.00553135 0.04032922
v 0.06529396 0.00537046 0.04036235
v 0.06554962 0.00499010 0.04030216
v 0.06522161 0.00521318 0.04039979
v 0.06464946 0.00716590 0.04110306
v 0.06466758 0.00685894 0.04110512
v 0.06467683 0.00696948 0.04101937
v 0.06466812 0.00684960 0.04110519
v 0.06470820 0.00673305 0.04091418
v 0.06470179 0.00661267 0.04100047
v 0.06475003 0.00650136 0.04081665
v 0.06473471 0.00637626 0.04089664
v 0.06477819 0.00614463 0.04080055
v 0.06476062 0.00601833 0.04087860
v 0.06480587 0.00578678 0.04078402
v 0.06533670 0.00501574 0.04035934
v 0.06546186 0.00482327 0.04032730
v 0.06574192 0.00445323 0.04028833
v 0.06564518 0.00428049 0.04030577
v 0.06606041 0.00410303 0.04028228
v 0.06584426 0.00374218 0.04029841
v 0.06476017 0.00528979 0.04111567
v 0.06507544 0.00440343 0.04052733
v 0.06504074 0.00476290 0.04053813
v 0.06500647 0.00512136 0.04054917
v 0.06505857 0.00526668 0.04049671
v 0.06497245 0.00547880 0.04056028
v 0.06493854 0.00583521 0.04057137
v 0.06490454 0.00619057 0.04058228
v 0.06487033 0.00654485 0.04059288
v 0.06483586 0.00689802 0.04060308
v 0.06480117 0.00725009 0.04061284
v 0.06484111 0.00738836 0.04054852
v 0.06476628 0.00760106 0.04062216
v 0.06473120 0.00795091 0.04063103
v 0.06469593 0.00829961 0.04063942
v 0.06463395 0.00851706 0.04072343
v 0.06458178 0.00873919 0.04081492
v 0.06445169 0.00967116 0.04108053
v 0.06443706 0.00983671 0.04107886
v 0.06442398 0.00998470 0.04107738
v 0.06530384 0.00450043 0.04039035
v 0.06523362 0.00434438 0.04042829
v 0.06516928 0.00419189 0.04047051
v 0.06511087 0.00404296 0.04051699
v 0.06546884 0.00394578 0.04035335
v 0.06555413 0.00411135 0.04032745
v 0.06537993 0.00466005 0.04035669
v 0.06526245 0.00485729 0.04039487
v 0.06515528 0.00505950 0.04044156
v 0.06511680 0.00541558 0.04044863
v 0.06518116 0.00556808 0.04040491
v 0.06525159 0.00572419 0.04036555
v 0.06483310 0.00640787 0.04065769
v 0.06486520 0.00605240 0.04064511
v 0.06489704 0.00569586 0.04063221
v 0.06492874 0.00533825 0.04061913
v 0.06496054 0.00497960 0.04060601
v 0.06499258 0.00461993 0.04059296
v 0.06502508 0.00425925 0.04058012
v 0.06505835 0.00389755 0.04056775
v 0.06531557 0.00362535 0.04041780
v 0.06524760 0.00347044 0.04045627
v 0.06535868 0.00326438 0.04041422
v 0.06534604 0.00414259 0.04038648
v 0.06527401 0.00398535 0.04042257
v 0.06520778 0.00383166 0.04046290
v 0.06514740 0.00368150 0.04050743
v 0.06518535 0.00331907 0.04049880
v 0.06524064 0.00658611 0.04033309
v 0.06536513 0.00639777 0.04029919
v 0.06554680 0.00586404 0.04027581
v 0.06584751 0.00551230 0.04025207
v 0.06618515 0.00518025 0.04026024
v 0.06696714 0.00457507 0.04036955
v 0.06754975 0.00360227 0.04051575
v 0.06693650 0.00275344 0.04040252
v 0.06666179 0.00235027 0.04037167
v 0.06532811 0.00588393 0.04033050
v 0.06545656 0.00569588 0.04030038
v 0.06564316 0.00516053 0.04028126
v 0.06595240 0.00480951 0.04026603
v 0.06668106 0.00416669 0.04033097
v 0.06641588 0.00377262 0.04030824
v 0.06617244 0.00339287 0.04030229
v 0.06595151 0.00302740 0.04031349
v 0.06483969 0.00444791 0.04087755
v 0.06486198 0.00408332 0.04085616
v 0.06528907 0.00310826 0.04045080
v 0.06548033 0.00306332 0.04038125
v 0.06575373 0.00267615 0.04034171
v 0.06533269 0.00274511 0.04044668
v 0.06526732 0.00259126 0.04048482
v 0.06520742 0.00244090 0.04052640
v 0.06586409 0.00195282 0.04035831
v 0.06566362 0.00250583 0.04036174
v 0.06540367 0.00290246 0.04041209
v 0.06598017 0.00122543 0.04037903
v 0.06641002 0.00196126 0.04035874
v 0.06606456 0.00230884 0.04033498
v 0.06560939 0.00144502 0.04041657
v 0.06568830 0.00161081 0.04039475
v 0.06542849 0.00201591 0.04044232
v 0.06531263 0.00222591 0.04047954
v 0.06481166 0.00408315 0.04112154
v 0.06483517 0.00383595 0.04101446
v 0.06478601 0.00565927 0.04086011
v 0.06483316 0.00542782 0.04076716
v 0.06481093 0.00529911 0.04084128
v 0.06486026 0.00506780 0.04075009
v 0.06483561 0.00493786 0.04082221
v 0.06488739 0.00470672 0.04073292
v 0.06486029 0.00457556 0.04080301
v 0.06491473 0.00434461 0.04071574
v 0.06488517 0.00421221 0.04078374
v 0.06494253 0.00398146 0.04069870
v 0.06491043 0.00384782 0.04076452
v 0.06497113 0.00361729 0.04068201
v 0.06493644 0.00348240 0.04074552
v 0.06500096 0.00325211 0.04066583
v 0.06496364 0.00311595 0.04072690
v 0.06503244 0.00288592 0.04065013
v 0.06499253 0.00274849 0.04070850
v 0.06488454 0.00371767 0.04083471
v 0.06490773 0.00335098 0.04081338
v 0.06493209 0.00298326 0.04079225
v 0.06495801 0.00261451 0.04077123
v 0.06498906 0.00249663 0.04072944
v 0.06505777 0.00201051 0.04067154
v 0.06514376 0.00178135 0.04060394
v 0.06501719 0.00187392 0.04072775
v 0.06480233 0.00438614 0.04112048
v 0.06481153 0.00408711 0.04112153
v 0.06481842 0.00420305 0.04104008
v 0.06484526 0.00395790 0.04093304
v 0.06486494 0.00359099 0.04090937
v 0.06488514 0.00322303 0.04088574
v 0.06490642 0.00285402 0.04086228
v 0.06488694 0.00272824 0.04093723
v 0.06492900 0.00248397 0.04083863
v 0.06490602 0.00235688 0.04091093
v 0.06495558 0.00236372 0.04079299
v 0.06492778 0.00223425 0.04086137
v 0.06498591 0.00224472 0.04074988
v 0.06495353 0.00211287 0.04081426
v 0.06501998 0.00212698 0.04070937
v 0.06498333 0.00199276 0.04076970
v 0.06472139 0.00685695 0.04083226
v 0.06477204 0.00663001 0.04074105
v 0.06480236 0.00627447 0.04072691
v 0.06483229 0.00591782 0.04071235
v 0.06486188 0.00556007 0.04069747
v 0.06489132 0.00520125 0.04068239
v 0.06492083 0.00484140 0.04066726
v 0.06495056 0.00448051 0.04065216
v 0.06498076 0.00411860 0.04063724
v 0.06501178 0.00375567 0.04062276
v 0.06509281 0.00353487 0.04055612
v 0.06504400 0.00339175 0.04060893
v 0.06507783 0.00302682 0.04059577
v 0.06511380 0.00266090 0.04058323
v 0.06515277 0.00229399 0.04057130
v 0.06525157 0.00207428 0.04051814
v 0.06536138 0.00185956 0.04047498
v 0.06488969 0.00223324 0.04098837
v 0.06490615 0.00210822 0.04093496
v 0.06492684 0.00198446 0.04088386
v 0.06495188 0.00186197 0.04083515
v 0.06488514 0.00322303 0.04088574
v 0.06498131 0.00174074 0.04078890
v 0.06501497 0.00162079 0.04074523
v 0.06505492 0.00175634 0.04068847
v 0.06509626 0.00164002 0.04065190
v 0.06505258 0.00150210 0.04070422
v 0.06513861 0.00126849 0.04063055
v 0.06489122 0.00198563 0.04101412
v 0.06488391 0.00186650 0.04109871
v 0.06490626 0.00185948 0.04095915
v 0.06489270 0.00173795 0.04104018
v 0.06492589 0.00173460 0.04090632
v 0.06490625 0.00161067 0.04098347
v 0.06495022 0.00161099 0.04085570
v 0.06492469 0.00148466 0.04092861
v 0.06497914 0.00148865 0.04080742
v 0.06494800 0.00135992 0.04087578
v 0.06501242 0.00136758 0.04076165
v 0.06493190 0.00104618 0.04093430
v 0.06497172 0.00098416 0.04084293
v 0.06494493 0.00110875 0.04089600
v 0.06500880 0.00111427 0.04077694
v 0.06497608 0.00123646 0.04082515
v 0.06504985 0.00124778 0.04071853
v 0.06487778 0.00193867 0.04112908
v 0.06487495 0.00203045 0.04112875
v 0.06488060 0.00211304 0.04107117
v 0.06486825 0.00224759 0.04112799
v 0.06518869 0.00141114 0.04058707
v 0.06568830 0.00161081 0.04039475
v 0.06580231 0.00087835 0.04040299
v 0.06553617 0.00128268 0.04043989
v 0.06541347 0.00149220 0.04047025
v 0.06535083 0.00133801 0.04050074
v 0.06546814 0.00112377 0.04046432
v 0.06529219 0.00118724 0.04053328
v 0.06523668 0.00103988 0.04056843
v 0.06518338 0.00089590 0.04060675
v 0.06534370 0.00081619 0.04051807
v 0.06508702 0.00087369 0.04068880
v 0.06513138 0.00075528 0.04064955
v 0.06503973 0.00073880 0.04074400
v 0.06539213 0.00044394 0.04050246
v 0.06532939 0.00029387 0.04052915
v 0.06522768 0.00052215 0.04058216
v 0.06528519 0.00066749 0.04054834
v 0.06496556 0.00073173 0.04086149
v 0.06494958 0.00066846 0.04089935
v 0.06499562 0.00060727 0.04080815
v 0.06489483 0.00118960 0.04113119
v 0.06509112 0.00112924 0.04067824
v 0.06504595 0.00099335 0.04073138
v 0.06500347 0.00086084 0.04079208
v 0.06498371 0.00079586 0.04082572
v 0.06505472 0.00055063 0.04072737
v 0.06491770 0.00048388 0.04102334
v 0.06494442 0.00041644 0.04092164
v 0.06492560 0.00054454 0.04098068
v 0.06495895 0.00047918 0.04088169
v 0.06493622 0.00060606 0.04093920
v 0.06497608 0.00054280 0.04084374
v 0.06502008 0.00022926 0.04077471
v 0.06496853 0.00028962 0.04086458
v 0.06495264 0.00022652 0.04090442
v 0.06503044 0.00048409 0.04075788
v 0.03475732 0.03945130 0.03522814
v 0.03658973 0.03948447 0.03526721
v 0.03622240 0.04091312 0.03477322
v 0.03574649 0.03830182 0.03593178
v 0.03591322 0.03855657 0.03573438
v 0.03610950 0.03883966 0.03555805
v 0.03924682 0.03820394 0.03588958
v 0.04040735 0.03729042 0.03637667
v 0.04059527 0.03756905 0.03620454
v 0.04179605 0.03668034 0.03670633
v 0.03747498 0.03823468 0.03589117
v 0.03730152 0.03797229 0.03608049
v 0.03715853 0.03773970 0.03629182
v 0.03560964 0.03807704 0.03615055
v 0.03885550 0.03763571 0.03622940
v 0.04025121 0.03704153 0.03657157
v 0.04166429 0.03645241 0.03691531
v 0.04196064 0.03693944 0.03652070
v 0.04238710 0.03754550 0.03621910
v 0.04039460 0.03965185 0.03547072
v 0.04334895 0.03631870 0.03683587
v 0.04372918 0.03688798 0.03650948
v 0.04509060 0.03623274 0.03679796
v 0.04646758 0.03557232 0.03708326
v 0.04803123 0.03518544 0.03720394
v 0.04785846 0.03490464 0.03736268
v 0.05067015 0.03354222 0.03788954
v 0.05058941 0.03263785 0.03950112
v 0.05127871 0.03235439 0.03957966
v 0.04457497 0.03486415 0.03881586
v 0.04601432 0.03445545 0.03851017
v 0.04750825 0.03396760 0.03854822
v 0.04899373 0.03346250 0.03857163
v 0.05047163 0.03294672 0.03857978
v 0.05193900 0.03242258 0.03857351
v 0.05192242 0.03226137 0.03883934
v 0.05194182 0.03213308 0.03913397
v 0.05199864 0.03203931 0.03945696
v 0.05347129 0.03125745 0.03982947
v 0.05344064 0.03131705 0.03969699
v 0.05337224 0.03140917 0.03936834
v 0.05607176 0.03031192 0.03890104
v 0.05613796 0.03053245 0.03869904
v 0.05346182 0.03210330 0.03834710
v 0.05623703 0.03077956 0.03852639
v 0.05080495 0.03380133 0.03771498
v 0.05097306 0.03408782 0.03756781
v 0.04823736 0.03549379 0.03707110
v 0.03995443 0.03628600 0.03789516
v 0.04146951 0.03587440 0.03798824
v 0.04298182 0.03544919 0.03807259
v 0.04449335 0.03501120 0.03814654
v 0.04600341 0.03455861 0.03820868
v 0.04750837 0.03408876 0.03825871
v 0.04900755 0.03360436 0.03829644
v 0.05050287 0.03311321 0.03832176
v 0.03689852 0.03713640 0.03736249
v 0.03229603 0.03829681 0.03667888
v 0.03384107 0.03795079 0.03681127
v 0.03538131 0.03759739 0.03693828
v 0.03691620 0.03723592 0.03706055
v 0.03842509 0.03675785 0.03747533
v 0.03844714 0.03686616 0.03717985
v 0.03994831 0.03636880 0.03758312
v 0.03997532 0.03648646 0.03729497
v 0.04146823 0.03596757 0.03768397
v 0.04150027 0.03609513 0.03740393
v 0.04298700 0.03555485 0.03777680
v 0.04302659 0.03569550 0.03750538
v 0.04450784 0.03513271 0.03785987
v 0.04455714 0.03528894 0.03759799
v 0.04602787 0.03469651 0.03793266
v 0.04608706 0.03486802 0.03768212
v 0.04754391 0.03424391 0.03799542
v 0.04905702 0.03377998 0.03804825
v 0.05056926 0.03331224 0.03809174
v 0.03847543 0.03663555 0.03812091
v 0.04152805 0.03576883 0.03846871
v 0.03787018 0.03680739 0.03805195
v 0.06083790 0.03057186 0.03859328
v 0.05984716 0.03077310 0.03846103
v 0.05934703 0.03004484 0.03850445
v 0.05896128 0.02939888 0.03864787
v 0.05881262 0.02910898 0.03875878
v 0.06008896 0.02824675 0.03883593
v 0.05869416 0.02884229 0.03889672
v 0.05932015 0.02840259 0.03892325
v 0.05994505 0.02795807 0.03894454
v 0.06475927 0.02552939 0.03934251
v 0.06444162 0.02605798 0.03927585
v 0.06395779 0.02539136 0.03921911
v 0.06026146 0.02855720 0.03875301
v 0.06069049 0.02924090 0.03866202
v 0.06154205 0.02985682 0.03871805
v 0.05733722 0.02895003 0.03974594
v 0.05607861 0.02982275 0.03968748
v 0.05334193 0.03153588 0.03906838
v 0.05334774 0.03169505 0.03879793
v 0.05636810 0.03105180 0.03838246
v 0.05753267 0.02995466 0.03865895
v 0.05742814 0.02970088 0.03881805
v 0.05735566 0.02947257 0.03900585
v 0.05733168 0.02936833 0.03911071
v 0.05857411 0.02848735 0.03915565
v 0.05854972 0.02838144 0.03925613
v 0.05853120 0.02802085 0.03972949
v 0.05852395 0.02810159 0.03960053
v 0.06075188 0.02536491 0.04033043
v 0.06073290 0.02544072 0.04019598
v 0.06023509 0.02609028 0.04019194
v 0.05912809 0.02737715 0.03995718
v 0.05968548 0.02678395 0.04002120
v 0.06021708 0.02616586 0.04005789
v 0.06072067 0.02552156 0.04006774
v 0.05860637 0.02859953 0.03906230
v 0.05922041 0.02814927 0.03907454
v 0.05983028 0.02769186 0.03907940
v 0.06044035 0.02723050 0.03908073
v 0.06105510 0.02676845 0.03908243
v 0.06168031 0.02630984 0.03908983
v 0.06232317 0.02585956 0.03910963
v 0.06369182 0.02500455 0.03921395
v 0.06214513 0.02554096 0.03918217
v 0.06199392 0.02524304 0.03927880
v 0.06259967 0.02475759 0.03926301
v 0.06367735 0.02348263 0.03934043
v 0.06390609 0.02384060 0.03930973
v 0.06304177 0.02395812 0.03933267
v 0.06323357 0.02428777 0.03927046
v 0.06278241 0.02508016 0.03919415
v 0.06124632 0.02525237 0.03963088
v 0.06127613 0.02536577 0.03954122
v 0.06074167 0.02589777 0.03961878
v 0.06076482 0.02600546 0.03952277
v 0.06021769 0.02652327 0.03958741
v 0.06023631 0.02662677 0.03948638
v 0.05967419 0.02712866 0.03953472
v 0.05969029 0.02722946 0.03943003
v 0.05911244 0.02771470 0.03946024
v 0.05912788 0.02781421 0.03935332
v 0.05852462 0.02818858 0.03947861
v 0.05853321 0.02828186 0.03936379
v 0.05730872 0.02918041 0.03934271
v 0.05731601 0.02927091 0.03922298
v 0.05603931 0.03011945 0.03913304
v 0.05338795 0.03188469 0.03855761
v 0.06026233 0.02673599 0.03939198
v 0.06079519 0.02611868 0.03943324
v 0.06131292 0.02548451 0.03945789
v 0.06083274 0.02623745 0.03935019
v 0.06135670 0.02560861 0.03938089
v 0.06186968 0.02496585 0.03939976
v 0.06237428 0.02431114 0.03941049
v 0.06287512 0.02364780 0.03941783
v 0.06170232 0.02447355 0.03971545
v 0.06173401 0.02458888 0.03962726
v 0.06145416 0.02475738 0.03977156
v 0.06147775 0.02486632 0.03967616
v 0.06120763 0.02504149 0.03982927
v 0.06122350 0.02514429 0.03972690
v 0.06071692 0.02569886 0.03983031
v 0.06072569 0.02579558 0.03972129
v 0.06020263 0.02633332 0.03980939
v 0.06020646 0.02642547 0.03969508
v 0.05966468 0.02694465 0.03976445
v 0.05966565 0.02703373 0.03964620
v 0.05910477 0.02753388 0.03969493
v 0.05910474 0.02762127 0.03957412
v 0.06167737 0.02436337 0.03980979
v 0.06143739 0.02465363 0.03987319
v 0.06119864 0.02494392 0.03993793
v 0.06071528 0.02560757 0.03994582
v 0.06020618 0.02624682 0.03993034
v 0.05967130 0.02686140 0.03988945
v 0.05911255 0.02745252 0.03982263
v 0.05853120 0.02802085 0.03972949
v 0.06165913 0.02425831 0.03991023
v 0.06216531 0.02378604 0.03969072
v 0.06212954 0.02366739 0.03977573
v 0.06241583 0.02350070 0.03963712
v 0.06237077 0.02337493 0.03971407
v 0.06267273 0.02321890 0.03958907
v 0.06261810 0.02308582 0.03965777
v 0.06293763 0.02294166 0.03954779
v 0.06225666 0.02403853 0.03953860
v 0.06220770 0.02390976 0.03961167
v 0.06246740 0.02363149 0.03956605
v 0.06140746 0.02573808 0.03931017
v 0.06192843 0.02510186 0.03933622
v 0.06244289 0.02445495 0.03935539
v 0.06295530 0.02380053 0.03937236
v 0.06316890 0.02339260 0.03940132
v 0.06411708 0.02266673 0.03940709
v 0.06287318 0.02280111 0.03960805
v 0.06313762 0.02252182 0.03956617
v 0.06321210 0.02267000 0.03951450
v 0.06370102 0.02198368 0.03951082
v 0.06379604 0.02214748 0.03947674
v 0.06432051 0.02147928 0.03950131
v 0.06455822 0.02184330 0.03947433
v 0.06361198 0.02182458 0.03955037
v 0.06410566 0.02113312 0.03954943
v 0.06369182 0.02500455 0.03921395
v 0.06210038 0.02355382 0.03986667
v 0.06207781 0.02344526 0.03996350
v 0.06233226 0.02325421 0.03979689
v 0.06230027 0.02313847 0.03988555
v 0.06256995 0.02295775 0.03973226
v 0.06252821 0.02283461 0.03981253
v 0.06281511 0.02266550 0.03967404
v 0.06276336 0.02253477 0.03974573
v 0.06306940 0.02237852 0.03962347
v 0.06300739 0.02224002 0.03968643
v 0.06333447 0.02209786 0.03958183
v 0.06474926 0.02063664 0.03955790
v 0.06528673 0.02141208 0.03955585
v 0.06164454 0.02397352 0.04024756
v 0.06164273 0.02406343 0.04012919
v 0.06164760 0.02415835 0.04001673
v 0.06185188 0.02356556 0.04027225
v 0.06185222 0.02365728 0.04015577
v 0.06185914 0.02375392 0.04004511
v 0.06187267 0.02385553 0.03994034
v 0.06189282 0.02396217 0.03984150
v 0.06191964 0.02407392 0.03974865
v 0.06195313 0.02419076 0.03966184
v 0.06199328 0.02431270 0.03958109
v 0.06173401 0.02458888 0.03962726
v 0.06295149 0.02210623 0.03975503
v 0.06271784 0.02240881 0.03982314
v 0.06249283 0.02271631 0.03989858
v 0.06227472 0.02302762 0.03998002
v 0.06206178 0.02334165 0.04006619
v 0.06290162 0.02197706 0.03982930
v 0.06267847 0.02228755 0.03990627
v 0.06246372 0.02260276 0.03999037
v 0.06225557 0.02292159 0.04008029
v 0.06205222 0.02324290 0.04017468
v 0.06352892 0.02167011 0.03959541
v 0.06345169 0.02152020 0.03964596
v 0.06400666 0.02096667 0.03958148
v 0.06338021 0.02137479 0.03970204
v 0.06356226 0.02093589 0.03970658
v 0.06349105 0.02079104 0.03976423
v 0.06326202 0.02195144 0.03963589
v 0.06319553 0.02180966 0.03969554
v 0.06313493 0.02167244 0.03976079
v 0.06308022 0.02153974 0.03983162
v 0.06331447 0.02123385 0.03976365
v 0.06325454 0.02109740 0.03983075
v 0.06204918 0.02314895 0.04028893
v 0.06224282 0.02282031 0.04018629
v 0.06244090 0.02249392 0.04008790
v 0.06264525 0.02217092 0.03999509
v 0.06285774 0.02185248 0.03990922
v 0.06303143 0.02141159 0.03990802
v 0.06320044 0.02096546 0.03990331
v 0.06342553 0.02065065 0.03982730
v 0.06336575 0.02051473 0.03989573
v 0.06359422 0.02020013 0.03982191
v 0.06366565 0.02034464 0.03976319
v 0.06392251 0.02004853 0.03971228
v 0.06419783 0.01976340 0.03967589
v 0.06383946 0.01989538 0.03976119
v 0.06257467 0.02165769 0.04052300
v 0.06273163 0.02129885 0.04039216
v 0.06272601 0.02120208 0.04050525
v 0.06287988 0.02083973 0.04037229
v 0.06286922 0.02073929 0.04048153
v 0.06302153 0.02037437 0.04034736
v 0.06251938 0.02170129 0.04086037
v 0.06259370 0.02148506 0.04077286
v 0.06272738 0.02110997 0.04062386
v 0.06341996 0.01894840 0.04024898
v 0.06346088 0.01906996 0.04016349
v 0.06329004 0.01942787 0.04028498
v 0.06332475 0.01954509 0.04019449
v 0.06315778 0.01990349 0.04031803
v 0.06318649 0.02001650 0.04022283
v 0.06304446 0.02048333 0.04024774
v 0.06289738 0.02094483 0.04026853
v 0.06274405 0.02140028 0.04028457
v 0.06257566 0.02175100 0.04040637
v 0.06299664 0.02017040 0.04056317
v 0.06312157 0.01969139 0.04052504
v 0.06262959 0.02133374 0.04087293
v 0.06273602 0.02102251 0.04074806
v 0.06286567 0.02064351 0.04059632
v 0.06300549 0.02027006 0.04045247
v 0.06313606 0.01979512 0.04041872
v 0.06326236 0.01931528 0.04038097
v 0.06253098 0.02166772 0.04086169
v 0.06365091 0.01872274 0.04005582
v 0.06350860 0.01919616 0.04008339
v 0.06336622 0.01966695 0.04010941
v 0.06322189 0.02013416 0.04013305
v 0.06307405 0.02059695 0.04015355
v 0.06292148 0.02105460 0.04017023
v 0.06276303 0.02150639 0.04018246
v 0.06258339 0.02184898 0.04029524
v 0.06241101 0.02219555 0.04041429
v 0.06224389 0.02254485 0.04053819
v 0.06340640 0.01841815 0.04046200
v 0.06334090 0.01861129 0.04053924
v 0.06343208 0.01853047 0.04036495
v 0.06335973 0.01871909 0.04043671
v 0.06346531 0.01864735 0.04027367
v 0.06338617 0.01883145 0.04034001
v 0.06350583 0.01876883 0.04018802
v 0.06322911 0.01910391 0.04059004
v 0.06324199 0.01920731 0.04048261
v 0.06333627 0.01826067 0.04095344
v 0.06342644 0.01790415 0.04069843
v 0.06343534 0.01800757 0.04058902
v 0.06345223 0.01811542 0.04048565
v 0.06347704 0.01822774 0.04038826
v 0.06350957 0.01834461 0.04029674
v 0.06354959 0.01846605 0.04021092
v 0.06359681 0.01859209 0.04013067
v 0.06451291 0.02027454 0.03958963
v 0.06519175 0.01979261 0.03962401
v 0.06363910 0.02108518 0.03965434
v 0.06391316 0.02080460 0.03961889
v 0.06440265 0.02009988 0.03961324
v 0.06493267 0.01941364 0.03963761
v 0.06565763 0.01895267 0.03970531
v 0.06690391 0.01837718 0.03995165
v 0.06352836 0.02006005 0.03988591
v 0.06376180 0.01974659 0.03981529
v 0.06410328 0.01960158 0.03971490
v 0.06419078 0.01899162 0.03975752
v 0.06438739 0.01931985 0.03968437
v 0.06584633 0.01770486 0.03977818
v 0.06427523 0.01837694 0.03979629
v 0.06418367 0.01821910 0.03983978
v 0.06409778 0.01806568 0.03988815
v 0.06410031 0.01883397 0.03980156
v 0.06437218 0.01853913 0.03975766
v 0.06486859 0.01781222 0.03974315
v 0.06555951 0.01730633 0.03976905
v 0.06445630 0.01792054 0.03979323
v 0.06387749 0.01763240 0.04006364
v 0.06409977 0.01729711 0.03997366
v 0.06381771 0.01749705 0.04013278
v 0.06603691 0.01644391 0.03984856
v 0.06688230 0.01602743 0.04001140
v 0.06495476 0.01718682 0.03977477
v 0.06529058 0.01692372 0.03977743
v 0.06574421 0.01604206 0.03983377
v 0.06623542 0.01517011 0.03992106
v 0.06710273 0.01474992 0.04010065
v 0.06223656 0.02272378 0.04029798
v 0.06242444 0.02238977 0.04019109
v 0.06261828 0.02205895 0.04008956
v 0.06281997 0.02173250 0.03999475
v 0.06298866 0.02128800 0.03998994
v 0.06315226 0.02083806 0.03998132
v 0.06331173 0.02038331 0.03996951
v 0.06346828 0.01992447 0.03995516
v 0.06362329 0.01946233 0.03993899
v 0.06426596 0.01759997 0.03987355
v 0.06444089 0.01713494 0.03986138
v 0.06472799 0.01683851 0.03982185
v 0.06504094 0.01655734 0.03980343
v 0.06547078 0.01565604 0.03983619
v 0.06356569 0.01761737 0.04043035
v 0.06367765 0.01754859 0.04027075
v 0.06359646 0.01773435 0.04033832
v 0.06372315 0.01767472 0.04019030
v 0.06363507 0.01785585 0.04025219
v 0.06377617 0.01780541 0.04011553
v 0.06368128 0.01798190 0.04017181
v 0.06363931 0.01828772 0.04015197
v 0.06359253 0.01816169 0.04023228
v 0.06355315 0.01804025 0.04031825
v 0.06352144 0.01792335 0.04041003
v 0.06349760 0.01781096 0.04050775
v 0.06385967 0.01718744 0.04014885
v 0.06391887 0.01732293 0.04007982
v 0.06402665 0.01715241 0.04003153
v 0.06396066 0.01701221 0.04009485
v 0.06352819 0.01739675 0.04063248
v 0.06354290 0.01750486 0.04052839
v 0.06361015 0.01730986 0.04044933
v 0.06358843 0.01719717 0.04054764
v 0.06368387 0.01711821 0.04037454
v 0.06380804 0.01705648 0.04022360
v 0.06390213 0.01687653 0.04016380
v 0.06400294 0.01670019 0.04010881
v 0.06426210 0.01682235 0.03994955
v 0.06443171 0.01634821 0.03992851
v 0.06470778 0.01603914 0.03987720
v 0.06460910 0.01587499 0.03991169
v 0.06510138 0.01510769 0.03987420
v 0.06521869 0.01528631 0.03985673
v 0.06479496 0.01540314 0.03990053
v 0.06489988 0.01557242 0.03987206
v 0.06451715 0.01571519 0.03995147
v 0.06419633 0.01589744 0.04008268
v 0.06443216 0.01555976 0.03999673
v 0.06426754 0.01604328 0.04002569
v 0.06172970 0.02364029 0.04077040
v 0.06206298 0.02297535 0.04053443
v 0.06223689 0.02263196 0.04041530
v 0.06241446 0.02229032 0.04029991
v 0.06259762 0.02195164 0.04018962
v 0.06278837 0.02161713 0.04008584
v 0.06295199 0.02116900 0.04007735
v 0.06311007 0.02071520 0.04006474
v 0.06326371 0.02025644 0.04004862
v 0.06341415 0.01979342 0.04002965
v 0.06356285 0.01932696 0.04000858
v 0.06371157 0.01885799 0.03998622
v 0.06386244 0.01838754 0.03996352
v 0.06401789 0.01791673 0.03994150
v 0.06417966 0.01744631 0.03992106
v 0.06434827 0.01697644 0.03990292
v 0.06452414 0.01650729 0.03988794
v 0.06481285 0.01620762 0.03984778
v 0.06534192 0.01546911 0.03984412
v 0.06342560 0.01780506 0.04081388
v 0.06365511 0.01700089 0.04046703
v 0.06376424 0.01693001 0.04030424
v 0.06368052 0.01657709 0.04058192
v 0.06370049 0.01669039 0.04048342
v 0.06363434 0.01688793 0.04056548
v 0.06372838 0.01680801 0.04039085
v 0.06389505 0.01643279 0.04025249
v 0.06377326 0.01649629 0.04040592
v 0.06385278 0.01630572 0.04033318
v 0.06374606 0.01637830 0.04049850
v 0.06381830 0.01618301 0.04041980
v 0.06372672 0.01626457 0.04059696
v 0.06379162 0.01606457 0.04051232
v 0.06435425 0.01540870 0.04004760
v 0.06460495 0.01507751 0.03997344
v 0.06416401 0.01498148 0.04023488
v 0.06432746 0.01494228 0.04011458
v 0.06422010 0.01511959 0.04016666
v 0.06452016 0.01492115 0.04001821
v 0.06428353 0.01526198 0.04010422
v 0.06478695 0.01459718 0.03995765
v 0.06499020 0.01493328 0.03989673
v 0.06469661 0.01523817 0.03993426
v 0.06593978 0.01476455 0.03990105
v 0.06172784 0.02364425 0.04077019
v 0.06518116 0.01364424 0.03995265
v 0.06508426 0.01429060 0.03992363
v 0.06488025 0.01395240 0.03998327
v 0.06469516 0.01443552 0.03999633
v 0.06615007 0.01347441 0.03997582
v 0.06587117 0.01308012 0.03996903
v 0.06667186 0.01258494 0.04008496
v 0.06381830 0.01563438 0.04062285
v 0.06383695 0.01574916 0.04052487
v 0.06386328 0.01586811 0.04043255
v 0.06389733 0.01599129 0.04034601
v 0.06393909 0.01611876 0.04026539
v 0.06392638 0.01511331 0.04054649
v 0.06403023 0.01503857 0.04037898
v 0.06395250 0.01523343 0.04045486
v 0.06407145 0.01516763 0.04029899
v 0.06398618 0.01535770 0.04036884
v 0.06412014 0.01530092 0.04022472
v 0.06402742 0.01548618 0.04028853
v 0.06417627 0.01543849 0.04015626
v 0.06407621 0.01561893 0.04021404
v 0.06423981 0.01558038 0.04009366
v 0.06413253 0.01575601 0.04014543
v 0.06441598 0.01429918 0.04013517
v 0.06448693 0.01444754 0.04007937
v 0.06408899 0.01607213 0.04013401
v 0.06403232 0.01593550 0.04020274
v 0.06398326 0.01580323 0.04027736
v 0.06394184 0.01567528 0.04035788
v 0.06390806 0.01555158 0.04044421
v 0.06388190 0.01543207 0.04053623
v 0.06386337 0.01531668 0.04063382
v 0.06385241 0.01520533 0.04073680
v 0.06444234 0.01476910 0.04006869
v 0.06437159 0.01462133 0.04012485
v 0.06426400 0.01479934 0.04017676
v 0.06420781 0.01466065 0.04024465
v 0.06411528 0.01484761 0.04030883
v 0.06407402 0.01471793 0.04038842
v 0.06399654 0.01491369 0.04046461
v 0.06397035 0.01479291 0.04055572
v 0.06390783 0.01499727 0.04064356
v 0.06380803 0.01531424 0.04094914
v 0.06377610 0.01545177 0.04100356
v 0.06389332 0.01477717 0.04085335
v 0.06394050 0.01456346 0.04075376
v 0.06395168 0.01467619 0.04065215
v 0.06404017 0.01459239 0.04047353
v 0.06401381 0.01447094 0.04056400
v 0.06399493 0.01435350 0.04065970
v 0.06461013 0.01427810 0.04004056
v 0.06453196 0.01412491 0.04009035
v 0.06478794 0.01378958 0.04002114
v 0.06435216 0.01415504 0.04019657
v 0.06446074 0.01397593 0.04014568
v 0.06457750 0.01380123 0.04010163
v 0.06507521 0.01347185 0.03997879
v 0.06411750 0.01439583 0.04039725
v 0.06420254 0.01420335 0.04032715
v 0.06429551 0.01401508 0.04026348
v 0.06439659 0.01383113 0.04020649
v 0.06450592 0.01365158 0.04015633
v 0.06462336 0.01347646 0.04011300
v 0.06408345 0.01426961 0.04048172
v 0.06416082 0.01407234 0.04040556
v 0.06424611 0.01387925 0.04033580
v 0.06433957 0.01369047 0.04027268
v 0.06444133 0.01350608 0.04021639
v 0.06455131 0.01332610 0.04016691
v 0.06466941 0.01315054 0.04012420
v 0.06479554 0.01297938 0.04008824
v 0.06573962 0.01288888 0.03997253
v 0.06561357 0.01270161 0.03998070
v 0.06608252 0.01176957 0.04003979
v 0.06549314 0.01251831 0.03999360
v 0.06571573 0.01204540 0.04001246
v 0.06537848 0.01233900 0.04001126
v 0.06527962 0.01299383 0.03998236
v 0.06517248 0.01282006 0.04000691
v 0.06507151 0.01265034 0.04003644
v 0.06457582 0.01252363 0.04024378
v 0.06464215 0.01267151 0.04018688
v 0.06447248 0.01270939 0.04029842
v 0.06453109 0.01285239 0.04023526
v 0.06437741 0.01289954 0.04035979
v 0.06442820 0.01303769 0.04029038
v 0.06429062 0.01309406 0.04042789
v 0.06433358 0.01322737 0.04035226
v 0.06421218 0.01329293 0.04050268
v 0.06424727 0.01342142 0.04042089
v 0.06414207 0.01349612 0.04058413
v 0.06416932 0.01361983 0.04049624
v 0.06408014 0.01370353 0.04067206
v 0.06409954 0.01382248 0.04057814
v 0.06402613 0.01391502 0.04076617
v 0.06403772 0.01402926 0.04066632
v 0.06405684 0.01414744 0.04057145
v 0.06412645 0.01394540 0.04048927
v 0.06420401 0.01374752 0.04041343
v 0.06428978 0.01355392 0.04034419
v 0.06438386 0.01336469 0.04028173
v 0.06448622 0.01317986 0.04022606
v 0.06459677 0.01299943 0.04017716
v 0.06471544 0.01282342 0.04013502
v 0.06488861 0.01232302 0.04011040
v 0.06497683 0.01248466 0.04007093
v 0.06516714 0.01199234 0.04006096
v 0.06507083 0.01182498 0.04009303
v 0.06547726 0.01167959 0.04003858
v 0.06526249 0.01132955 0.04008334
v 0.06581849 0.01138492 0.04004327
v 0.06557669 0.01101580 0.04006466
v 0.06630001 0.01044342 0.04011012
v 0.06468734 0.01234229 0.04019590
v 0.06480706 0.01216539 0.04015481
v 0.06602923 0.01005210 0.04010419
v 0.06545555 0.00999070 0.04012437
v 0.06578022 0.00967595 0.04011530
v 0.03001114 0.04033838 0.03468936
v 0.03023524 0.04064642 0.03452028
v 0.03278415 0.03918501 0.03541646
v 0.03296721 0.03945393 0.03522493
v 0.03418955 0.03862564 0.03578161
v 0.03435010 0.03887305 0.03557694
v -0.00744958 0.04701571 0.02078475
v -0.00123792 0.04733254 0.02498346
v -0.00443456 0.04728141 0.02294808
v -0.00507405 0.04670956 0.02419824
v -0.00180030 0.04663902 0.02619172
v 0.00130967 0.04622306 0.02798496
v 0.00427271 0.04547965 0.02954489
v 0.01742368 0.04294228 0.03276372
v 0.02029825 0.04183956 0.03369556
v 0.02046410 0.04209606 0.03347027
v 0.01414425 0.04350124 0.03221514
v 0.01454678 0.04406832 0.03176597
v 0.02065127 0.04237482 0.03325814
v 0.01382242 0.04300384 0.03270408
v 0.02385600 0.04180057 0.03370693
v 0.03262896 0.03894445 0.03562760
v 0.02981328 0.04005520 0.03487610
v 0.03106442 0.03925897 0.03546866
v 0.02964187 0.03979860 0.03508109
v 0.02949714 0.03957027 0.03530491
v 0.02704833 0.04122129 0.03412318
v 0.02683765 0.04092458 0.03430778
v 0.02665183 0.04065223 0.03450899
v 0.02792734 0.03987936 0.03513654
v 0.03405800 0.03840829 0.03600694
v 0.03250204 0.03873390 0.03585891
v 0.03094219 0.03905475 0.03570588
v 0.02937937 0.03937180 0.03554809
v 0.02781310 0.03968595 0.03538544
v 0.02649076 0.04040591 0.03472730
v 0.02365696 0.04151324 0.03390617
v 0.02635440 0.04018729 0.03496323
v 0.02348132 0.04124930 0.03412037
v 0.02477883 0.04049425 0.03478375
v 0.02332932 0.04101062 0.03435006
v 0.02320113 0.04079901 0.03459580
v 0.03550300 0.03788385 0.03639101
v 0.03395579 0.03822252 0.03625339
v 0.03240386 0.03855492 0.03611091
v 0.03084816 0.03888202 0.03596344
v 0.02928887 0.03920476 0.03581118
v 0.02772520 0.03952375 0.03565367
v 0.04630729 0.03530717 0.03725745
v 0.04618037 0.03507197 0.03745706
v 0.04464064 0.03547848 0.03736087
v 0.04310040 0.03587058 0.03725815
v 0.04156562 0.03625693 0.03714779
v 0.04003499 0.03663836 0.03703049
v 0.03850156 0.03700913 0.03690774
v 0.03696556 0.03737021 0.03678161
v 0.03542681 0.03772361 0.03665349
v 0.03388332 0.03806967 0.03652138
v 0.03233502 0.03840882 0.03638408
v 0.03078281 0.03874222 0.03624185
v 0.03074632 0.03863639 0.03654146
v 0.02922596 0.03907049 0.03609460
v 0.02919106 0.03896999 0.03639868
v 0.02766445 0.03939415 0.03594162
v 0.02763130 0.03929816 0.03624957
v 0.02764504 0.03921025 0.03688694
v 0.02769353 0.03920016 0.03689247
v 0.02762603 0.03923642 0.03657781
v 0.03540615 0.03742242 0.03777121
v 0.04490773 0.03595173 0.03696089
v 0.04475769 0.03569989 0.03714851
v 0.04320800 0.03607878 0.03703500
v 0.03704640 0.03753851 0.03652545
v 0.03395579 0.03822252 0.03625339
v 0.01694488 0.04219860 0.03347510
v 0.01708366 0.04242403 0.03322516
v 0.02015356 0.04160727 0.03393485
v 0.01843381 0.04170022 0.03396974
v 0.01993005 0.04122329 0.03445927
v 0.02003056 0.04140121 0.03418909
v 0.02151678 0.04092076 0.03466388
v 0.02161919 0.04110105 0.03439773
v 0.02309677 0.04061625 0.03485822
v 0.02467147 0.04030859 0.03504231
v 0.02624327 0.03999809 0.03521732
v 0.01358591 0.04259208 0.03323979
v 0.01369339 0.04278631 0.03296566
v 0.01051106 0.04357602 0.03212042
v 0.00740012 0.04456756 0.03090635
v 0.01180466 0.04257702 0.03356373
v 0.01343485 0.04227984 0.03382881
v 0.01029729 0.04317928 0.03267719
v 0.01021941 0.04301360 0.03297264
v 0.01339034 0.04216427 0.03414495
v 0.00713118 0.04412491 0.03145268
v 0.01039433 0.04336728 0.03239340
v 0.01349985 0.04242280 0.03352729
v 0.01505351 0.04198067 0.03407778
v 0.01512196 0.04212439 0.03377958
v 0.01666173 0.04168017 0.03431270
v 0.01826105 0.04137833 0.03453511
v 0.01985278 0.04107521 0.03474629
v 0.02143775 0.04077068 0.03494716
v 0.02301642 0.04046396 0.03513805
v 0.02458934 0.04015371 0.03531878
v 0.02615833 0.03983994 0.03549005
v 0.01500667 0.04186547 0.03439136
v 0.01661254 0.04156488 0.03462351
v 0.01820962 0.04126245 0.03484288
v 0.01979934 0.04095824 0.03505082
v 0.02138285 0.04065220 0.03524838
v 0.02296050 0.04034355 0.03543605
v 0.02453253 0.04003096 0.03561373
v 0.02609992 0.03971419 0.03578179
v 0.02615833 0.03983994 0.03549005
v 0.01659583 0.04139413 0.03562804
v 0.01818153 0.04117776 0.03516795
v 0.01977015 0.04087327 0.03537334
v 0.02135268 0.04056627 0.03556813
v 0.02292972 0.04025612 0.03575293
v 0.02607981 0.03953604 0.03670860
v 0.00374421 0.04463102 0.03068119
v 0.00356416 0.04428170 0.03128678
v 0.03001114 0.04033838 0.03468936
v -0.01160455 0.04638565 0.01557101
v -0.01468447 0.04550137 0.00563892
v -0.01632765 0.04495984 0.00380000
v -0.00953017 0.04725335 0.00380000
v -0.00997354 0.04710688 0.00380000
v -0.00723042 0.04798091 0.00732335
v -0.01041718 0.04695697 0.00380000
v -0.01293773 0.04607664 0.00759327
v -0.00424076 0.04886673 0.01167708
v -0.00942878 0.04720181 0.01147028
v -0.00419071 0.04886113 0.01208576
v -0.00583717 0.04819135 0.01517813
v -0.00388506 0.04882698 0.01458148
v -0.00536243 0.04864310 0.00380000
v -0.00451183 0.04889247 0.00635577
v -0.00458198 0.04890335 0.00380000
v -0.00310128 0.04873906 0.01767965
v -0.00334764 0.04876769 0.01698647
v -0.00341086 0.04877466 0.01670357
v -0.00381426 0.04881918 0.01489830
v -0.00533034 0.04804451 0.01814969
v -0.01007199 0.04676696 0.01708771
v -0.00818119 0.04730605 0.01738547
v -0.00715413 0.04757504 0.01765022
v -0.01211968 0.04614179 0.01687502
v -0.01086762 0.04654012 0.01696241
v -0.01510884 0.04525284 0.01168445
v -0.00062063 0.04917472 0.00379996
v -0.00056245 0.04912333 0.00379999
v -0.00546129 0.04752088 0.00380000
v -0.00078332 0.05018740 0.00379999
v -0.00059615 0.05025067 0.00379999
v -0.00059820 0.05024929 0.00379999
v 0.04898113 0.00136217 0.00380000
v 0.04899999 -0.00001940 0.00380000
v 0.04783367 -0.00000000 0.00380000
v 0.01642314 0.04616579 0.00380000
v 0.02006587 0.04470327 0.00380000
v 0.01823639 0.04422097 0.00380000
v -0.00060438 0.05024514 0.00380000
v -0.00062943 0.05022297 0.00380000
v -0.00063902 0.05021449 0.00380000
v -0.00082230 0.04994015 0.00379997
v -0.00082251 0.04993973 0.00379997
v -0.00458198 0.04890335 0.00380000
v -0.00083677 0.04988032 0.00379996
v -0.00078688 0.04937811 0.00379993
v -0.00076897 0.04935205 0.00379993
v -0.00068806 0.04923429 0.00379993
v 0.04077285 0.02717699 0.00380000
v 0.04187361 0.02537566 0.00380000
v 0.04184971 0.02316596 0.00380000
v 0.02539502 0.04053582 0.00380000
v 0.02263468 0.04342396 0.00380000
v 0.02358193 0.04295221 0.00380000
v -0.00068195 0.05016550 0.00380001
v -0.00074121 0.05009788 0.00380001
v -0.00076491 0.05005178 0.00380000
v -0.00084876 0.04983034 0.00379995
v -0.00086031 0.04978222 0.00379994
v -0.00085989 0.04972760 0.00379995
v 0.03183415 0.03570219 0.00380000
v 0.03313605 0.03609741 0.00380000
v 0.03368647 0.03554985 0.00380000
v 0.00675244 0.04853270 0.00380000
v -0.00016273 0.04899970 0.00380002
v 0.00382029 0.04884888 0.00380000
v 0.00375160 0.04885629 0.00380000
v -0.01335438 0.04593171 0.00380000
v -0.01636044 0.04494876 0.00380000
v -0.01632765 0.04495984 0.00380000
v 0.04871506 0.00527765 0.00380000
v 0.04715605 0.00802292 0.00380000
v 0.04855034 0.00638253 0.00380000
v 0.04604430 0.01676116 0.00380000
v 0.04721892 0.01307962 0.00380000
v 0.04514238 0.01581853 0.00380000
v 0.04724312 0.01300377 0.00380000
v 0.04813598 0.00916187 0.00380000
v 0.04278745 0.02388023 0.00380000
v 0.04455941 0.02038302 0.00380000
v 0.04492156 0.01949969 0.00380000
v 0.03847968 0.03033705 0.00380000
v 0.03737134 0.02985704 0.00380000
v 0.03827490 0.03057634 0.00380000
v 0.03592133 0.03332655 0.00380000
v 0.02696992 0.04091024 0.00380000
v 0.02845682 0.03984214 0.00380000
v 0.03015572 0.03862174 0.00380000
v 0.00965264 0.04801716 0.00380000
v 0.01041003 0.04788252 0.00380000
v 0.01056107 0.04665323 0.00380000
v 0.01420138 0.04689741 0.00380000
v 0.01620682 0.04623703 0.00380000
v -0.01041718 0.04695697 0.00380000
v -0.00997354 0.04710688 0.00380000
v -0.00084089 0.04951706 0.00379998
v -0.00040489 0.04904207 0.00380001
v -0.00037615 0.04903305 0.00380000
v 0.00258654 0.04776369 0.00380000
v -0.00034404 0.04902297 0.00380000
v -0.00021366 0.04900624 0.00380001
v -0.00081247 0.04944396 0.00379995
v -0.00953017 0.04725335 0.00380000
v -0.00536243 0.04864310 0.00380000
v -0.00084452 0.04953518 0.00379998
v -0.00085897 0.04960734 0.00379998
v 0.06529030 0.01710029 -0.03708214
v 0.06724974 0.01710015 -0.03816326
v 0.06711171 0.00922186 -0.03844836
v 0.08607396 0.01710523 -0.04344565
v 0.08847400 0.01709812 -0.04345193
v 0.08849421 0.00920426 -0.04380530
v 0.09808433 0.01710009 -0.04228052
v 0.09937744 0.01710005 -0.04194804
v 0.09945972 0.00921116 -0.04229162
v 0.11736500 0.00952907 -0.03269923
v 0.11736700 0.00925176 -0.03270083
v 0.11454430 0.00924503 -0.03498161
v 0.05803166 0.00923986 -0.03189265
v 0.05462020 0.01623308 -0.02800892
v 0.05463993 0.01710000 -0.02799242
v 0.05665706 0.01710029 -0.03020630
v 0.05448859 0.01045080 -0.02811899
v 0.05453698 0.01257665 -0.02807852
v 0.05446237 0.00929888 -0.02814091
v 0.05719503 0.01710033 -0.03071362
v 0.05822183 0.01710041 -0.03168191
v 0.05439505 0.00467813 -0.02819756
v 0.05443260 0.00725537 -0.02816596
v 0.05446169 0.00925177 -0.02814149
v 0.06235847 0.00922955 -0.03545430
v 0.07217395 0.00921597 -0.04080478
v 0.07748710 0.00921166 -0.04250036
v 0.08296683 0.00920914 -0.04350697
v 0.09404136 0.00920598 -0.04339326
v 0.10474881 0.00922026 -0.04050548
v 0.10982141 0.00923176 -0.03804956
v 0.11730031 0.01327156 -0.03262409
v 0.11441031 0.01710091 -0.03478382
v 0.11723411 0.01710000 -0.03254722
v 0.10769501 0.01709996 -0.03886255
v 0.10968801 0.01709985 -0.03777172
v 0.11032970 0.01709981 -0.03742048
v 0.11108600 0.01709977 -0.03700651
v 0.11406311 0.01710088 -0.03503153
v 0.11427521 0.01710096 -0.03489079
v 0.10640040 0.01710004 -0.03943704
v 0.10465040 0.01710013 -0.04021362
v 0.10087001 0.01710003 -0.04156426
v 0.10230700 0.01710008 -0.04106193
v 0.10434131 0.01710013 -0.04035079
v 0.08939512 0.01709540 -0.04345435
v 0.08974961 0.01709435 -0.04345527
v 0.09352661 0.01709927 -0.04313936
v 0.09377080 0.01709933 -0.04309813
v 0.09399404 0.01709938 -0.04306045
v 0.09707146 0.01710010 -0.04254094
v 0.08499932 0.01710426 -0.04335339
v 0.08061919 0.01710095 -0.04281572
v 0.08257489 0.01710208 -0.04314525
v 0.08298073 0.01710244 -0.04318009
v 0.07908320 0.01710007 -0.04255691
v 0.07226030 0.01709963 -0.04051549
v 0.07550487 0.01709943 -0.04164309
v 0.07629731 0.01709958 -0.04184546
v 0.07754544 0.01709980 -0.04216421
v 0.06802388 0.01710009 -0.03859039
v 0.06861821 0.01710005 -0.03891831
v 0.07200689 0.01709965 -0.04042742
v 0.06416682 0.01710036 -0.03633122
v 0.06251449 0.01710046 -0.03522684
v 0.05933724 0.01710049 -0.03273378
v 0.06054517 0.01710048 -0.03369614
v 0.06221619 0.01710047 -0.03502746
v 0.11604600 0.04144916 -0.03107759
v 0.11574721 0.04438565 -0.03072114
v 0.11824100 0.04421281 -0.02857938
v 0.12120151 0.05843437 -0.01887904
v 0.12136561 0.05779436 -0.01896475
v 0.11978141 0.05805888 -0.02156496
v 0.11977911 0.04991937 -0.02522679
v 0.11966441 0.04975087 -0.02543058
v 0.11931791 0.05190184 -0.02513961
v 0.12388401 0.04452110 -0.02032297
v 0.12084011 0.04530411 -0.02518054
v 0.12229781 0.04427938 -0.02328590
v 0.12218741 0.04511185 -0.02320916
v 0.12245000 0.04512065 -0.02279093
v 0.11722311 0.05209786 -0.02755775
v 0.11946631 0.04945991 -0.02578246
v 0.11914451 0.04872290 -0.02641691
v 0.11905691 0.04817778 -0.02668291
v 0.11906351 0.04772777 -0.02680253
v 0.11926601 0.04689371 -0.02678881
v 0.11944851 0.04652372 -0.02666678
v 0.11975201 0.04609637 -0.02640499
v 0.12018551 0.04568460 -0.02595995
v 0.12040761 0.04417147 -0.02605960
v 0.12022931 0.04565919 -0.02590790
v 0.12031281 0.04561062 -0.02580839
v 0.12116241 0.05182644 -0.02249837
v 0.12118441 0.05079903 -0.02287699
v 0.12274241 0.05186186 -0.01969232
v 0.12118441 0.05079903 -0.02287699
v 0.12223691 0.05439492 -0.01942002
v 0.12225381 0.05431029 -0.01942911
v 0.12101731 0.05898661 -0.01878061
v 0.11969141 0.06275766 -0.01802157
v 0.11982801 0.06242049 -0.01811237
v 0.11818491 0.06308397 -0.02044847
v 0.12007811 0.06180305 -0.01827862
v 0.11738771 0.06509501 -0.01973439
v 0.11918741 0.06400187 -0.01768655
v 0.11908131 0.06422335 -0.01758708
v 0.11788010 0.06577549 -0.01782498
v 0.11854741 0.06533726 -0.01708682
v 0.11489071 0.06730334 -0.02085565
v 0.11546121 0.06708168 -0.02028961
v 0.11555881 0.06584645 -0.02179999
v 0.11579291 0.06692711 -0.01996251
v 0.11674791 0.06640021 -0.01898453
v 0.11297620 0.06798950 -0.02278789
v 0.11299601 0.06798429 -0.02276688
v 0.11365011 0.06646811 -0.02385243
v 0.11343721 0.06786814 -0.02229791
v 0.11488781 0.06730448 -0.02085857
v 0.11169361 0.06693647 -0.02587592
v 0.11160391 0.06721904 -0.02574057
v 0.11111281 0.06848001 -0.02476836
v 0.11132061 0.06796051 -0.02519111
v 0.11155281 0.06738008 -0.02566345
v 0.11985441 0.01333878 -0.03023975
v 0.12216201 0.01348049 -0.02757076
v 0.12421480 0.01369661 -0.02467832
v 0.11529671 0.04881295 -0.03018372
v 0.11219691 0.06535130 -0.02663513
v 0.11442821 0.06423072 -0.02482758
v 0.11234831 0.06487432 -0.02686358
v 0.11239001 0.06470591 -0.02691056
v 0.11636881 0.06368793 -0.02267211
v 0.11337711 0.06071633 -0.02802362
v 0.11594681 0.05873482 -0.02632525
v 0.11364581 0.05963022 -0.02832664
v 0.11372751 0.05913964 -0.02841764
v 0.11796431 0.05837092 -0.02402617
v 0.11505961 0.05114326 -0.02990085
v 0.11485081 0.05239661 -0.02966837
v 0.11437691 0.05524147 -0.02914069
v 0.11954690 0.02483560 -0.02992435
v 0.11699361 0.02480830 -0.03224872
v 0.11693151 0.02679636 -0.03217174
v 0.11901231 0.03512406 -0.02936993
v 0.11701731 0.02404622 -0.03227823
v 0.12124131 0.03520169 -0.02677203
v 0.12182431 0.02497936 -0.02727557
v 0.12382731 0.02524132 -0.02437845
v 0.12548481 0.02537336 -0.02127547
v 0.12479371 0.03577309 -0.02084832
v 0.12496241 0.03415079 -0.02094575
v 0.12318731 0.03542509 -0.02391370
v 0.12509191 0.03290570 -0.02102052
v 0.12547281 0.02560376 -0.02126767
v 0.12415851 0.04188157 -0.02048148
v 0.11656251 0.03318024 -0.03171404
v 0.11644691 0.03518095 -0.03157060
v 0.11613531 0.04057164 -0.03118411
v 0.12289111 0.06129965 -0.01205037
v 0.12357721 0.06099858 -0.00979118
v 0.12472671 0.05819806 -0.01002388
v 0.11982801 0.06242049 -0.01811237
v 0.12196541 0.06172808 -0.01418864
v 0.12387191 0.06177856 -0.00228756
v 0.12392921 0.06174411 -0.00060000
v 0.12476471 0.06047365 -0.00060004
v 0.13158881 0.01820657 -0.00060000
v 0.13110491 0.02674130 -0.00060002
v 0.13143061 0.02173434 -0.00060001
v 0.12996801 0.03545014 -0.00578376
v 0.13068920 0.03238038 -0.00060002
v 0.13068531 0.02666437 -0.00588095
v 0.13083251 0.03092930 -0.00060003
v 0.12948971 0.04300605 -0.00060000
v 0.12958221 0.04234795 -0.00060000
v 0.12908381 0.04295867 -0.00567610
v 0.12999371 0.03942093 -0.00060000
v 0.13037911 0.03551954 -0.00060001
v 0.12806101 0.04920841 -0.00555745
v 0.12844901 0.04921983 -0.00060000
v 0.12906931 0.04599660 -0.00060001
v 0.12700611 0.05528385 -0.00060000
v 0.12729491 0.05418136 -0.00060000
v 0.12692661 0.05421535 -0.00542749
v 0.12804582 0.05131518 -0.00060000
v 0.12821182 0.05045231 -0.00060000
v 0.12535911 0.05938894 -0.00060004
v 0.12603661 0.05799951 -0.00060003
v 0.12570581 0.05799205 -0.00528633
v 0.12606731 0.05791359 -0.00060003
v 0.12681381 0.05582259 -0.00060001
v 0.12501791 0.06008864 -0.00060005
v 0.12445971 0.06062398 -0.00513009
v 0.12362331 0.06192831 -0.00499025
v 0.12320351 0.06218235 -0.00779052
v 0.12358371 0.06195217 -0.00541596
v 0.12358481 0.06195151 -0.00540918
v 0.12178921 0.06309600 -0.01250701
v 0.12211411 0.06287451 -0.01174799
v 0.12241311 0.06267065 -0.01104942
v 0.12268781 0.06249515 -0.01013758
v 0.12281391 0.06241863 -0.00956336
v 0.12097851 0.06365962 -0.01392179
v 0.12108481 0.06358573 -0.01373631
v 0.12164921 0.06319334 -0.01275135
v 0.11943121 0.06473050 -0.01602266
v 0.11981441 0.06446739 -0.01556117
v 0.12314481 0.05853731 -0.01457591
v 0.12428661 0.05431103 -0.01493773
v 0.12533861 0.04894775 -0.01530161
v 0.12408900 0.04996922 -0.01784545
v 0.12345431 0.05048652 -0.01896107
v 0.12475031 0.04718489 -0.01758276
v 0.12628151 0.04244924 -0.01565485
v 0.12440511 0.04641925 -0.01866782
v 0.12709441 0.03480856 -0.01598753
v 0.12775500 0.02601312 -0.01629136
v 0.12997021 0.01709915 -0.01130179
v 0.12401221 0.05834981 -0.01232744
v 0.12586661 0.05428077 -0.01024786
v 0.12948650 0.02645509 -0.01112912
v 0.12877731 0.03525389 -0.01092206
v 0.12791861 0.04281589 -0.01070299
v 0.12693911 0.04915485 -0.01047647
v 0.13067521 0.03237835 0.00000016
v 0.13108121 0.02766081 0.00000010
v 0.13110491 0.02674130 -0.00060002
v 0.13112850 0.02677154 0.00000009
v 0.13143061 0.02173434 -0.00060001
v 0.13158390 0.01820600 0.00000001
v 0.13158881 0.01820657 -0.00060000
v 0.13083251 0.03092930 -0.00060003
v 0.13068920 0.03238038 -0.00060002
v 0.13039620 0.03561957 0.00000019
v 0.13037911 0.03551954 -0.00060001
v 0.13030151 0.03672003 0.00000020
v 0.12999371 0.03942093 -0.00060000
v 0.12959081 0.04234778 0.00000027
v 0.12958221 0.04234795 -0.00060000
v 0.12948931 0.04315177 0.00000028
v 0.12948971 0.04300605 -0.00060000
v 0.12935590 0.04420820 0.00000030
v 0.12906931 0.04599660 -0.00060001
v 0.12843720 0.04938960 0.00000037
v 0.12844901 0.04921983 -0.00060000
v 0.12829701 0.05018008 0.00000038
v 0.12821182 0.05045231 -0.00060000
v 0.12823110 0.05045315 0.00000039
v 0.12804582 0.05131518 -0.00060000
v 0.12731771 0.05423792 0.00000045
v 0.12729491 0.05418136 -0.00060000
v 0.12727971 0.05435519 0.00000045
v 0.12680581 0.05581727 0.00000048
v 0.12700611 0.05528385 -0.00060000
v 0.12635081 0.05722148 0.00000051
v 0.12598211 0.05804709 0.00000053
v 0.12538001 0.05939522 0.00000056
v 0.12528501 0.05960797 0.00000056
v 0.12469581 0.06058350 0.00000059
v 0.12476471 0.06047365 -0.00060004
v 0.12429421 0.06124830 0.00000061
v 0.12392921 0.06174411 -0.00060000
v 0.12393371 0.06174160 0.00000062
v 0.12549670 0.02538552 0.02146690
v 0.13158390 0.01820600 0.00000001
v 0.13089861 0.02672985 0.00428486
v 0.13017251 0.03558199 0.00421659
v 0.12927342 0.04312677 0.00413934
v 0.12381941 0.06181002 0.00311004
v 0.12454751 0.06067322 0.00371825
v 0.12598211 0.05804709 0.00000053
v 0.12538001 0.05939522 0.00000056
v 0.12581981 0.05810429 0.00384296
v 0.12528501 0.05960797 0.00000056
v 0.12635081 0.05722148 0.00000051
v 0.12707040 0.05437157 0.00395345
v 0.12680581 0.05581727 0.00000048
v 0.12823020 0.04938412 0.00405197
v 0.12829701 0.05018008 0.00000038
v 0.12829701 0.05018008 0.00000038
v 0.12823110 0.05045315 0.00000039
v 0.12731771 0.05423792 0.00000045
v 0.12727971 0.05435519 0.00000045
v 0.13014150 0.02659617 0.00867451
v 0.12890401 0.02637056 0.01294685
v 0.12740191 0.02592892 0.01722402
v 0.12309811 0.02492384 0.02552847
v 0.12021191 0.02465987 0.02923221
v 0.11699721 0.02460351 0.03224954
v 0.11657981 0.03360603 0.03172978
v 0.11690751 0.02742190 0.03213820
v 0.11696731 0.02554386 0.03221239
v 0.11641740 0.03667161 0.03152732
v 0.11654031 0.03435224 0.03168050
v 0.11976101 0.03357103 0.02878749
v 0.11601501 0.04174758 0.03103650
v 0.11578801 0.04461048 0.03075968
v 0.11596960 0.04232024 0.03098113
v 0.11913201 0.04158787 0.02817187
v 0.11530391 0.04901463 0.03018596
v 0.11437601 0.05578120 0.02911959
v 0.11731611 0.05493655 0.02643830
v 0.11356441 0.06001161 0.02823749
v 0.11611501 0.06022943 0.02534027
v 0.11338091 0.06076760 0.02803568
v 0.11439310 0.05566415 0.02913908
v 0.11443521 0.05537561 0.02918711
v 0.11831921 0.04871329 0.02738666
v 0.11512160 0.05067328 0.02996990
v 0.11525771 0.04943504 0.03013120
v 0.11217300 0.06544973 0.02661489
v 0.11220051 0.06535371 0.02665051
v 0.11475531 0.06473166 0.02400115
v 0.11264321 0.06380722 0.02722427
v 0.11333781 0.06094511 0.02798829
v 0.11169711 0.06834922 0.02416168
v 0.11140951 0.06841829 0.02446843
v 0.11161171 0.06719222 0.02574800
v 0.11296251 0.06801605 0.02279613
v 0.11227190 0.06821120 0.02354861
v 0.11407951 0.06655822 0.02314524
v 0.11202911 0.06595240 0.02642839
v 0.11111281 0.06848017 0.02476818
v 0.11149801 0.06752996 0.02556265
v 0.11159261 0.06724900 0.02571683
v 0.11603521 0.06677578 0.01970385
v 0.11493191 0.06731497 0.02080084
v 0.11351711 0.06781863 0.02223426
v 0.11818571 0.06555467 0.01743952
v 0.11751151 0.06600129 0.01820973
v 0.11659341 0.06563182 0.02042227
v 0.11693031 0.06633837 0.01881392
v 0.11843601 0.06538890 0.01715366
v 0.11891151 0.06447730 0.01762372
v 0.11954661 0.06465319 0.01588490
v 0.11955261 0.06299263 0.01810984
v 0.12064071 0.06389406 0.01438331
v 0.12199441 0.06295428 0.01207961
v 0.12158771 0.06323669 0.01282553
v 0.12235931 0.06165902 0.01318430
v 0.12151921 0.06206160 0.01489656
v 0.12273961 0.05879136 0.01534909
v 0.12110861 0.06356927 0.01370398
v 0.12092421 0.06369739 0.01399428
v 0.12065091 0.06388702 0.01436936
v 0.12261311 0.06254131 0.01041257
v 0.12234911 0.06271754 0.01112394
v 0.12305901 0.06132910 0.01138491
v 0.12200841 0.06294493 0.01204187
v 0.12399661 0.06091477 0.00759300
v 0.12325961 0.06214906 0.00741665
v 0.12319431 0.06218889 0.00782869
v 0.12376861 0.06184047 0.00361796
v 0.12360881 0.06193628 0.00521570
v 0.12360120 0.06194095 0.00526396
v 0.11727901 0.06392524 0.02112042
v 0.11868091 0.05969465 0.02222473
v 0.11993961 0.05463848 0.02313883
v 0.12100891 0.04862894 0.02393389
v 0.12323191 0.04878239 0.02013482
v 0.12214321 0.05451160 0.01953783
v 0.12089931 0.05920917 0.01888035
v 0.12391460 0.05449476 0.01575960
v 0.12498651 0.04906307 0.01616392
v 0.12323191 0.04878239 0.02013482
v 0.12752201 0.04935220 0.00817471
v 0.12640271 0.05441619 0.00798912
v 0.12520541 0.05823873 0.00779842
v 0.13039620 0.03561957 0.00000019
v 0.12853710 0.04303697 0.00835221
v 0.12636781 0.04928979 0.01216706
v 0.12530691 0.05448389 0.01190116
v 0.12418321 0.05846325 0.01164753
v 0.12942001 0.03545719 0.00851937
v 0.12733981 0.04287878 0.01243531
v 0.12189111 0.04167713 0.02459966
v 0.12258741 0.03378013 0.02513142
v 0.12415911 0.04202482 0.02065980
v 0.12491691 0.03423131 0.02110533
v 0.12593781 0.04249728 0.01654916
v 0.12674971 0.03479042 0.01690524
v 0.12819491 0.03524317 0.01269762
v 0.11375481 0.05883706 0.02197379
v 0.11302021 0.05897322 0.02275395
v 0.11301070 0.05939672 0.02274493
v 0.11227190 0.05911190 0.02354861
v 0.11227190 0.06025548 0.02354861
v 0.10883221 0.05974941 0.02683865
v 0.10984141 0.05956238 0.02575079
v 0.10869931 0.05977406 0.02693861
v 0.10624281 0.06022933 0.02878500
v 0.11169921 0.05921806 0.02416358
v 0.11227190 0.05911190 0.02354861
v 0.11302021 0.05897322 0.02275395
v 0.11375481 0.05883706 0.02197379
v 0.11111281 0.05932673 0.02476818
v 0.11155521 0.05924474 0.02431815
v 0.10337581 0.02591358 0.04015537
v 0.11395711 0.02558735 0.03458438
v 0.11357471 0.03449680 0.03399505
v 0.11306940 0.04258271 0.03323586
v 0.10973981 0.06599063 0.02879097
v 0.10094331 0.07052337 0.03172718
v 0.10044831 0.07062149 0.03191965
v 0.10056541 0.07021798 0.03246949
v 0.09809466 0.07108807 0.03283489
v 0.09739348 0.07122669 0.03304483
v 0.09748301 0.07084219 0.03360444
v 0.08799998 0.07137555 0.03618546
v 0.08799998 0.07080867 0.03650469
v 0.09116494 0.07076551 0.03603540
v 0.08800000 0.07054257 0.03660718
v 0.09120151 0.06985980 0.03645741
v 0.08800001 0.07049256 0.03662645
v 0.08800001 0.06992653 0.03684446
v 0.08799997 0.07153041 0.03609825
v 0.09112810 0.07152485 0.03553407
v 0.08799997 0.07199018 0.03583935
v 0.09109119 0.07211845 0.03493978
v 0.08799991 0.07271500 0.03512240
v 0.08799995 0.07264752 0.03522707
v 0.08799995 0.07248912 0.03537461
v 0.08799995 0.07241438 0.03544422
v 0.08799997 0.07213160 0.03570762
v 0.09292788 0.07210636 0.03412683
v 0.09105758 0.07247193 0.03435204
v 0.08988302 0.07270151 0.03449348
v 0.08799968 0.07306497 0.03457953
v 0.08799985 0.07278771 0.03500962
v 0.09594124 0.07151379 0.03347965
v 0.09424859 0.07184665 0.03384318
v 0.09431418 0.07147809 0.03442995
v 0.09356363 0.07198134 0.03399029
v 0.09897407 0.07091374 0.03249293
v 0.10338971 0.07003514 0.03050858
v 0.10405360 0.06990235 0.03013400
v 0.10368911 0.06997537 0.03035943
v 0.10352971 0.06961262 0.03103413
v 0.10618491 0.06947532 0.02881569
v 0.10869931 0.06896900 0.02693870
v 0.10632351 0.06944755 0.02872997
v 0.10634641 0.06903276 0.02931448
v 0.10883451 0.06894178 0.02683676
v 0.10880501 0.06894772 0.02685901
v 0.10898761 0.06848481 0.02732925
v 0.10923141 0.06777258 0.02787558
v 0.11159261 0.06724900 0.02571683
v 0.11076011 0.06146879 0.03015477
v 0.11166830 0.05613049 0.03128656
v 0.11243581 0.04981169 0.03232455
v 0.11058951 0.02566029 0.03675932
v 0.10705311 0.02576737 0.03861973
v 0.09958539 0.02610402 0.04135671
v 0.09570926 0.02634393 0.04221420
v 0.09177511 0.02663853 0.04271878
v 0.08800001 0.02134814 0.04324761
v 0.08800001 0.02193940 0.04321391
v 0.08800001 0.02697207 0.04282982
v 0.08800001 0.04109583 0.04152213
v 0.08800001 0.03666152 0.04197899
v 0.09171718 0.03622460 0.04187434
v 0.08800001 0.03249353 0.04240842
v 0.08800001 0.03129573 0.04249984
v 0.08800001 0.05268676 0.04005659
v 0.08800001 0.05074747 0.04030997
v 0.09156287 0.05289956 0.03980303
v 0.08800001 0.04954055 0.04046766
v 0.08800001 0.04286627 0.04133972
v 0.08800001 0.06947367 0.03696775
v 0.08800001 0.06768912 0.03745360
v 0.09134089 0.06529568 0.03766466
v 0.08800001 0.06594362 0.03779562
v 0.08800001 0.06491678 0.03799682
v 0.08800001 0.06245487 0.03847920
v 0.08800001 0.06023891 0.03883704
v 0.08800001 0.05349697 0.03992575
v 0.09438725 0.07087002 0.03502380
v 0.09446072 0.07009982 0.03552702
v 0.09453411 0.06918654 0.03595280
v 0.09481668 0.06461428 0.03718382
v 0.10070641 0.06957367 0.03305288
v 0.10370411 0.06894713 0.03160829
v 0.10655501 0.06834451 0.02987646
v 0.10698781 0.06658345 0.03080238
v 0.10927381 0.05023928 0.03433249
v 0.10862141 0.05665562 0.03326978
v 0.10785210 0.06204477 0.03214585
v 0.10314171 0.03515823 0.03940009
v 0.10284871 0.04361616 0.03848630
v 0.10676561 0.03489789 0.03791284
v 0.10249151 0.05120184 0.03745672
v 0.10639970 0.04323291 0.03704321
v 0.11025230 0.03467866 0.03610821
v 0.10981551 0.04288895 0.03529040
v 0.10595031 0.05070301 0.03604589
v 0.10541161 0.05721450 0.03496552
v 0.10477750 0.06265269 0.03385577
v 0.10406380 0.06720632 0.03253945
v 0.10084991 0.06877934 0.03355443
v 0.10206470 0.05780364 0.03636442
v 0.10156221 0.06328722 0.03527215
v 0.10099480 0.06785250 0.03398564
v 0.09759045 0.07021712 0.03419449
v 0.09769922 0.06943524 0.03469769
v 0.09780845 0.06851499 0.03512650
v 0.09823291 0.06394292 0.03638415
v 0.09860672 0.05841948 0.03745825
v 0.09527219 0.05230100 0.03934198
v 0.09892364 0.05173480 0.03855774
v 0.09559089 0.03581761 0.04138918
v 0.09940799 0.03546348 0.04056171
v 0.01128283 0.05474484 -0.00000011
v 0.01158753 0.05485229 -0.00030008
v 0.01228075 0.05514933 -0.00000000
v 0.01189285 0.05495811 -0.00060000
v 0.04961328 0.07343418 -0.01120688
v 0.04893881 0.07318773 -0.01038285
v 0.04876000 0.07329207 -0.00974324
v 0.04870028 0.07310057 -0.01009141
v 0.04849782 0.07305193 -0.00977524
v 0.04830100 0.07300463 -0.00946788
v 0.05140553 0.07597763 -0.00943573
v 0.05191665 0.07570732 -0.01149821
v 0.05014683 0.07371550 -0.01169148
v 0.05007462 0.07367742 -0.01162588
v 0.04967462 0.07346652 -0.01126259
v 0.05223149 0.07551564 -0.01255629
v 0.05204387 0.07527346 -0.01259998
v 0.05161303 0.07480544 -0.01255729
v 0.05109632 0.07434398 -0.01236135
v 0.05037459 0.07383558 -0.01189832
v 0.05285024 0.07649097 -0.01207344
v 0.05298272 0.07674045 -0.01188817
v 0.05316984 0.07721150 -0.01136730
v 0.05268350 0.07617697 -0.01230661
v 0.05236436 0.07568714 -0.01252535
v 0.05329667 0.07753083 -0.01101419
v 0.05350940 0.07835189 -0.00968705
v 0.05255268 0.07853805 -0.00518720
v 0.05276497 0.07849674 -0.00618565
v 0.05082211 0.07620442 -0.00639117
v 0.05287475 0.07847538 -0.00670208
v 0.05341126 0.07837099 -0.00922541
v 0.05034047 0.07631068 -0.00319420
v 0.05237290 0.07857312 -0.00297774
v 0.05242899 0.07856218 -0.00366708
v 0.05217941 0.07861087 -0.00060000
v 0.05144407 0.07785815 -0.00060000
v 0.04998190 0.07636145 -0.00060000
v 0.04930625 0.07566983 -0.00060000
v 0.04748055 0.07384726 -0.00355487
v 0.04707211 0.07390963 -0.00060000
v 0.04749658 0.07422113 -0.00060000
v 0.04918574 0.07554647 -0.00060000
v 0.04582604 0.07290818 -0.00145424
v 0.04689477 0.07377949 -0.00060000
v 0.04573076 0.07292530 -0.00060000
v 0.04628642 0.07285865 -0.00442120
v 0.04626803 0.07285920 -0.00435936
v 0.04616345 0.07286907 -0.00373184
v 0.04591131 0.07289286 -0.00221892
v 0.02832941 0.06018012 -0.00864767
v 0.02894846 0.05982888 -0.00956998
v 0.02743581 0.05840505 -0.01014763
v 0.05189448 0.07242611 -0.01602552
v 0.05081225 0.07296880 -0.01393884
v 0.05335534 0.07631080 -0.01353238
v 0.03109083 0.06301494 -0.00601856
v 0.02940904 0.06176451 -0.00685887
v 0.02853220 0.06209665 -0.00445326
v 0.02556828 0.05946942 -0.00739683
v 0.02505410 0.05971316 -0.00631168
v 0.02677754 0.06092090 -0.00540671
v 0.03433693 0.05359742 -0.01449996
v 0.03632636 0.05212473 -0.01517786
v 0.03424636 0.04830801 -0.01486523
v 0.02932409 0.05462828 -0.01297851
v 0.02807164 0.05293770 -0.01315209
v 0.02621783 0.05427136 -0.01226359
v 0.04983644 0.07340242 -0.01168696
v 0.05401571 0.07825444 -0.01134195
v 0.06037226 0.07669238 -0.02318243
v 0.06024373 0.07638947 -0.02329024
v 0.05935370 0.07689038 -0.02194356
v 0.05786424 0.06543732 -0.02528624
v 0.05714116 0.05954809 -0.02589350
v 0.05653802 0.06455053 -0.02410819
v 0.05593615 0.04526789 -0.02690439
v 0.05398121 0.03969352 -0.02543440
v 0.05109665 0.04151712 -0.02237931
v 0.05466660 0.01787218 -0.02797006
v 0.05370018 0.01845255 -0.02676925
v 0.05481043 0.02203956 -0.02784942
v 0.05368654 0.01308427 -0.02701504
v 0.04948299 0.00195423 -0.02091887
v 0.05010206 0.00429410 -0.02172884
v 0.05242965 0.00304148 -0.02564883
v 0.04888713 0.00448687 -0.01956858
v 0.04899016 0.00486722 -0.01968826
v 0.04838303 0.00861064 -0.01906441
v 0.04880667 0.01043758 -0.01974858
v 0.03398280 0.03621530 -0.01477304
v 0.03458218 0.03719921 -0.01479296
v 0.02934233 0.04015644 -0.01463083
v 0.02986610 0.04090034 -0.01458197
v 0.02433776 0.04344559 -0.01444368
v 0.02522028 0.04452945 -0.01426187
v 0.01534007 0.04941653 -0.01276436
v 0.01691801 0.05077343 -0.01208533
v 0.01879590 0.04941508 -0.01293643
v 0.01138289 0.04882318 -0.01311607
v 0.01107530 0.04889031 -0.01302752
v 0.01186869 0.04943391 -0.01261642
v 0.00524124 0.05242360 0.00000473
v 0.00554896 0.05254183 0.00000448
v 0.00608884 0.05252537 -0.00275569
v 0.01014430 0.05430740 0.00000080
v 0.02984508 0.06344328 -0.00060000
v 0.03169281 0.06446374 -0.00060000
v 0.03210543 0.06438263 -0.00244712
v 0.04437169 0.07135533 -0.00532874
v 0.04104746 0.06881409 -0.00694822
v 0.04033899 0.06897362 -0.00428114
v 0.04812489 0.07296230 -0.00919287
v 0.04599891 0.07082065 -0.01033630
v 0.04510293 0.07117243 -0.00796044
v 0.04616345 0.07286907 -0.00373184
v 0.04130098 0.07006208 -0.00060000
v 0.04436725 0.07204399 -0.00060000
v 0.03389679 0.06568094 -0.00060000
v 0.03543488 0.06653039 -0.00060000
v 0.03627256 0.06662651 -0.00328594
v 0.03819721 0.06805594 -0.00060000
v 0.03979152 0.06896812 -0.00136408
v 0.03921698 0.06871508 -0.00060000
v 0.03963701 0.06898657 -0.00060000
v 0.01979347 0.05802352 -0.00340369
v 0.01930046 0.05825973 -0.00060000
v 0.02355921 0.06011215 -0.00109861
v 0.02304709 0.06001210 -0.00060000
v 0.01073919 0.05427388 -0.00284413
v 0.01414577 0.05589443 -0.00060000
v 0.01530572 0.05610832 -0.00306274
v 0.01477747 0.05615697 -0.00060000
v 0.01502162 0.05625844 -0.00060000
v 0.00680232 0.05236068 -0.00541496
v 0.01158753 0.05485229 -0.00030008
v 0.01189285 0.05495811 -0.00060000
v 0.00130516 0.05098109 -0.00036284
v 0.00270809 0.05149289 -0.00009014
v 0.00198629 0.05078200 -0.00558378
v 0.00293756 0.05157660 -0.00004554
v 0.00486150 0.05227770 0.00000503
v 0.00044703 0.05035934 -0.00509297
v 0.00029585 0.05035939 -0.00434832
v 0.00093654 0.05084664 -0.00048500
v -0.00039866 0.05035961 -0.00092747
v 0.00144187 0.05033872 -0.00742562
v 0.00131584 0.05034133 -0.00713011
v 0.00277090 0.05054441 -0.00813260
v 0.00351137 0.05020871 -0.00979122
v 0.00292760 0.05025802 -0.00930330
v 0.00269192 0.05027793 -0.00910631
v 0.00207403 0.05030798 -0.00827557
v 0.00394935 0.05017171 -0.01015730
v 0.00399091 0.05016820 -0.01019203
v 0.00771865 0.05198805 -0.00775924
v 0.00435298 0.05013761 -0.01049465
v 0.00696883 0.05034894 -0.01091951
v 0.00614705 0.04989282 -0.01141000
v 0.00506548 0.05004040 -0.01085818
v 0.00825830 0.04950512 -0.01221645
v 0.00752729 0.04966466 -0.01200598
v 0.00704038 0.04977092 -0.01186579
v 0.00626816 0.04987629 -0.01147179
v 0.00888102 0.04936921 -0.01239574
v 0.00852693 0.04944649 -0.01229379
v 0.01024973 0.05052682 -0.01136322
v 0.00886470 0.05137993 -0.00974679
v 0.01028514 0.04906276 -0.01280001
v 0.01368521 0.04807644 -0.01345899
v 0.01331040 0.04819801 -0.01340317
v 0.01175737 0.04870172 -0.01317185
v 0.01373657 0.04805978 -0.01346664
v 0.01370844 0.04812554 -0.01343030
v 0.01495650 0.04766411 -0.01364835
v 0.01639756 0.04719671 -0.01386298
v 0.01906217 0.04608428 -0.01410878
v 0.02082636 0.04790033 -0.01355062
v 0.02056155 0.04544068 -0.01423636
v 0.02026439 0.04556823 -0.01421107
v 0.03915939 0.03364044 -0.01521961
v 0.03730632 0.03274219 -0.01490790
v 0.03690746 0.03538223 -0.01494933
v 0.03614508 0.03400761 -0.01485660
v 0.03587871 0.03429788 -0.01484484
v 0.04037870 0.02998272 -0.01532208
v 0.04001818 0.02922372 -0.01521799
v 0.04242174 0.02845507 -0.01591673
v 0.04211703 0.02595541 -0.01572342
v 0.04507721 0.02927411 -0.01733169
v 0.04166993 0.02670309 -0.01559114
v 0.04434917 0.02161245 -0.01663893
v 0.04527188 0.02369227 -0.01725398
v 0.04349284 0.02347291 -0.01621674
v 0.04348609 0.02495621 -0.01625986
v 0.04314153 0.02410681 -0.01609077
v 0.04259860 0.02508647 -0.01589610
v 0.04444578 0.02140254 -0.01668656
v 0.04449619 0.02151296 -0.01668722
v 0.04619797 0.02033515 -0.01781181
v 0.04563467 0.01860049 -0.01731629
v 0.04593871 0.01778024 -0.01749795
v 0.04709832 0.01700440 -0.01840960
v 0.04669471 0.01560173 -0.01795747
v 0.04857027 0.01606219 -0.01989106
v 0.04790231 0.01103839 -0.01873701
v 0.04762980 0.01233303 -0.01855715
v 0.04791274 0.01098881 -0.01874390
v 0.04907205 0.00037707 -0.02036316
v 0.04902281 0.00217393 -0.01996601
v 0.05443260 0.00725537 -0.02816596
v 0.05368957 0.00769888 -0.02723493
v 0.05243395 0.00841933 -0.02541753
v 0.05107891 0.03077076 -0.02285608
v 0.05508628 0.03003131 -0.02761804
v 0.05379397 0.02912094 -0.02617438
v 0.05502914 0.02837585 -0.02766597
v 0.05239917 0.01921952 -0.02502232
v 0.05502622 0.02829136 -0.02766842
v 0.05571285 0.04213845 -0.02709176
v 0.05556183 0.03922039 -0.02721861
v 0.05553745 0.03874907 -0.02723909
v 0.05699090 0.05795405 -0.02601953
v 0.05689668 0.05695432 -0.02609858
v 0.05591171 0.05442803 -0.02552997
v 0.05637560 0.05142615 -0.02653566
v 0.05428121 0.05015052 -0.02451932
v 0.05621393 0.04916057 -0.02667131
v 0.05620025 0.04896894 -0.02668279
v 0.05300210 0.05627732 -0.02251380
v 0.05476904 0.06041496 -0.02331257
v 0.05708753 0.05897922 -0.02593848
v 0.05663646 0.07223965 -0.02173480
v 0.05872719 0.07081639 -0.02456251
v 0.05838965 0.06873140 -0.02484557
v 0.05885624 0.07142140 -0.02445423
v 0.05765631 0.07416868 -0.02192242
v 0.05924518 0.07324471 -0.02412792
v 0.06002336 0.07587004 -0.02347512
v 0.05988746 0.07554973 -0.02358912
v 0.05875060 0.07602138 -0.02199443
v 0.05984540 0.07540199 -0.02362441
v 0.05928679 0.07343972 -0.02409302
v 0.06050002 0.07699349 -0.02307525
v 0.05960618 0.07716686 -0.02188274
v 0.05848044 0.07738520 -0.02038083
v 0.05758951 0.07664492 -0.02003023
v 0.05711655 0.07765068 -0.01816130
v 0.05651679 0.07717785 -0.01792879
v 0.05692694 0.07768759 -0.01785274
v 0.05671973 0.07772792 -0.01751554
v 0.05476608 0.07810829 -0.01329687
v 0.05522049 0.07801978 -0.01448072
v 0.05428839 0.07592105 -0.01585071
v 0.05579194 0.07790853 -0.01563747
v 0.05531281 0.07543761 -0.01802713
v 0.05450781 0.07815859 -0.01262400
v 0.04844684 0.07185243 -0.01207349
v 0.04750741 0.07224874 -0.00976511
v 0.04560529 0.06640863 -0.01493935
v 0.04424019 0.06724130 -0.01329197
v 0.04419336 0.06680724 -0.01363824
v 0.04707242 0.06547135 -0.01642833
v 0.04562354 0.06633749 -0.01499852
v 0.04675456 0.06321334 -0.01716021
v 0.04860663 0.06446533 -0.01781313
v 0.04611992 0.06209479 -0.01717765
v 0.04641110 0.06076701 -0.01767986
v 0.04626647 0.06224695 -0.01720799
v 0.04685077 0.06392413 -0.01695595
v 0.04466967 0.06121874 -0.01671205
v 0.04468963 0.06122605 -0.01671965
v 0.04430084 0.05698131 -0.01741420
v 0.04252528 0.06155988 -0.01558571
v 0.04249431 0.05826650 -0.01645229
v 0.04393953 0.06114257 -0.01638742
v 0.04425305 0.06117527 -0.01652681
v 0.04162256 0.06248946 -0.01476264
v 0.04189570 0.06128792 -0.01538594
v 0.04119576 0.06374839 -0.01387002
v 0.04027913 0.06237839 -0.01412905
v 0.04213659 0.06611329 -0.01272767
v 0.04155340 0.06645438 -0.01192567
v 0.04190152 0.06588062 -0.01276433
v 0.04014536 0.06492330 -0.01234086
v 0.04164441 0.06556381 -0.01285750
v 0.04134937 0.06499074 -0.01312162
v 0.04118564 0.06432264 -0.01350234
v 0.04118641 0.06427886 -0.01353037
v 0.03878293 0.06334547 -0.01268524
v 0.04387307 0.06682250 -0.01338868
v 0.04300902 0.06793669 -0.01143660
v 0.04358151 0.06679914 -0.01318931
v 0.04304633 0.06666219 -0.01290683
v 0.04264628 0.06648132 -0.01277037
v 0.05642995 0.07485913 -0.02005958
v 0.05834862 0.06865373 -0.02482570
v 0.05467943 0.06829688 -0.02123121
v 0.05124775 0.05212675 -0.02169545
v 0.04482839 0.03491143 -0.01749344
v 0.04614462 0.04489340 -0.01876752
v 0.04789488 0.04366588 -0.01981679
v 0.04954342 0.04254265 -0.02102407
v 0.05084815 0.06811647 -0.01787493
v 0.05370345 0.06632286 -0.02097545
v 0.05174228 0.06238433 -0.02047830
v 0.04979609 0.05843042 -0.01995785
v 0.04788762 0.05443785 -0.01937884
v 0.04604590 0.05037687 -0.01869621
v 0.04429681 0.04622090 -0.01786969
v 0.04262753 0.04198315 -0.01691927
v 0.04095588 0.03774781 -0.01597251
v 0.03884171 0.03934838 -0.01548833
v 0.04061477 0.04347975 -0.01627758
v 0.04037379 0.04910905 -0.01642717
v 0.03852670 0.04505357 -0.01575288
v 0.03664534 0.04103320 -0.01513176
v 0.04128512 0.03202801 -0.01568583
v 0.04325971 0.03057055 -0.01638679
v 0.04295833 0.03626176 -0.01663018
v 0.04816664 0.03262276 -0.01984402
v 0.04674558 0.02813053 -0.01850812
v 0.04656150 0.03370150 -0.01856936
v 0.04966332 0.03165519 -0.02128708
v 0.04574279 0.01830880 -0.01738089
v 0.04840118 0.02161780 -0.01992904
v 0.04690343 0.02258646 -0.01848762
v 0.05007414 0.00970499 -0.02154758
v 0.05111089 0.01997346 -0.02325566
v 0.04979197 0.02075878 -0.02153653
v 0.05125149 0.00906479 -0.02348654
v 0.05241687 0.01381911 -0.02521945
v 0.01151036 0.05405006 -0.00541382
v 0.01339944 0.05508800 -0.00425163
v 0.01430873 0.05472259 -0.00660684
v 0.01611641 0.05584399 -0.00557107
v 0.01485514 0.05444581 -0.00764195
v 0.01661311 0.05561817 -0.00668337
v 0.01546127 0.05410782 -0.00858432
v 0.01716972 0.05533094 -0.00770264
v 0.01612586 0.05370990 -0.00943592
v 0.01445991 0.05244321 -0.01025160
v 0.01375076 0.05288681 -0.00946920
v 0.01310056 0.05326998 -0.00859527
v 0.01251041 0.05359161 -0.00762810
v 0.01522616 0.05194107 -0.01094533
v 0.01357429 0.05065994 -0.01173915
v 0.01202110 0.05168544 -0.01038383
v 0.01070452 0.05246838 -0.00866110
v 0.00962550 0.05300779 -0.00656946
v 0.01794294 0.05694606 -0.00450601
v 0.02063129 0.05773138 -0.00586988
v 0.01888961 0.05654233 -0.00680318
v 0.01945214 0.05624903 -0.00781326
v 0.01778505 0.05498351 -0.00863071
v 0.01845796 0.05457706 -0.00946939
v 0.01684765 0.05325333 -0.01019868
v 0.01762464 0.05274018 -0.01087572
v 0.02393200 0.05817232 -0.00816646
v 0.02455626 0.05781574 -0.00908067
v 0.02300634 0.05643010 -0.00971619
v 0.02373731 0.05596413 -0.01046469
v 0.02226463 0.05449932 -0.01098026
v 0.02309782 0.05392855 -0.01157002
v 0.02168146 0.05240600 -0.01199814
v 0.02723895 0.06073126 -0.00657381
v 0.02775725 0.06048330 -0.00765256
v 0.02613944 0.05916727 -0.00839350
v 0.02676424 0.05881013 -0.00930688
v 0.02523393 0.05740440 -0.00991195
v 0.02596178 0.05694162 -0.01066530
v 0.02451976 0.05544538 -0.01113325
v 0.02534783 0.05487986 -0.01173097
v 0.02489085 0.05265720 -0.01255292
v 0.02080211 0.05302409 -0.01148006
v 0.02148126 0.05501900 -0.01031312
v 0.02232827 0.05684185 -0.00888553
v 0.02336355 0.05847168 -0.00716556
v 0.03212062 0.04992044 -0.01439900
v 0.03214092 0.04451735 -0.01459208
v 0.02769993 0.04793649 -0.01395392
v 0.02025368 0.05089516 -0.01244399
v 0.01845424 0.05217309 -0.01147107
v 0.01996919 0.05359457 -0.01088985
v 0.01918672 0.05411334 -0.01022132
v 0.02074985 0.05548544 -0.00956530
v 0.02007279 0.05589614 -0.00873307
v 0.02170512 0.05719730 -0.00796959
v 0.02113889 0.05749438 -0.00696525
v 0.02285260 0.05871212 -0.00607540
v 0.02240009 0.05889264 -0.00489449
v 0.02419816 0.06002387 -0.00387362
v 0.02356144 0.05104551 -0.01284601
v 0.02557792 0.04954509 -0.01348190
v 0.04228896 0.05309475 -0.01699579
v 0.01684765 0.05325333 -0.01019868
v 0.01128283 0.05474484 -0.00000011
v 0.02341656 0.06018490 -0.00060000
v 0.02445728 0.06067166 -0.00060000
v 0.02786517 0.06221372 -0.00172186
v 0.03279813 0.06423925 -0.00513866
v 0.04827556 0.06721247 -0.01633130
v 0.04948652 0.06894558 -0.01622215
v 0.04690037 0.06805550 -0.01469958
v 0.04820815 0.06968934 -0.01444007
v 0.04563175 0.06878926 -0.01290235
v 0.04703790 0.07032228 -0.01249010
v 0.04449906 0.06938370 -0.01089407
v 0.04352688 0.06981357 -0.00863652
v 0.05565188 0.07027447 -0.02149241
v 0.05196480 0.06994626 -0.01791225
v 0.05307078 0.07178699 -0.01796611
v 0.05069473 0.07068150 -0.01611725
v 0.04951525 0.07132391 -0.01418164
v 0.05417705 0.07362741 -0.01801952
v 0.05837489 0.06864021 -0.02485795
v 0.05788888 0.06563803 -0.02526554
v 0.03696219 0.06648628 -0.00598227
v 0.02686891 0.06179962 -0.00060000
v 0.03940854 0.06751968 -0.00772193
v 0.04194119 0.06846461 -0.00932757
v 0.04038748 0.06708287 -0.00996898
v 0.03743908 0.06415636 -0.01100483
v 0.03603092 0.06262540 -0.01142022
v 0.03683416 0.06449311 -0.01006059
v 0.03537864 0.06301071 -0.01054951
v 0.03627754 0.06478036 -0.00904134
v 0.03477005 0.06335123 -0.00961096
v 0.03368857 0.06389315 -0.00752314
v 0.03208518 0.06256234 -0.00824169
v 0.03888799 0.06564554 -0.01052618
v 0.03832872 0.06593550 -0.00951104
v 0.03782028 0.06617334 -0.00841696
v 0.03531299 0.06520242 -0.00677194
v 0.03050172 0.06121109 -0.00892928
v 0.03464504 0.06107161 -0.01180099
v 0.03394259 0.06150835 -0.01100820
v 0.03328043 0.06190378 -0.01015284
v 0.03112646 0.06085402 -0.00984276
v 0.02961909 0.05942477 -0.01041219
v 0.02815742 0.05794867 -0.01091067
v 0.02673744 0.05642984 -0.01134441
v 0.02755885 0.05587114 -0.01195247
v 0.02892905 0.05744101 -0.01159604
v 0.02974517 0.05688775 -0.01221232
v 0.03034064 0.05896845 -0.01117533
v 0.03110734 0.05846585 -0.01186835
v 0.03179785 0.06044912 -0.01068378
v 0.03251304 0.05999932 -0.01145680
v 0.03060190 0.05629285 -0.01276554
v 0.03191555 0.05792069 -0.01249692
v 0.03326864 0.05950810 -0.01216706
v 0.02892905 0.05744101 -0.01159604
v 0.03746021 0.06172693 -0.01296794
v 0.03903647 0.06067779 -0.01428744
v 0.03616549 0.06007968 -0.01320715
v 0.03782431 0.05894590 -0.01439844
v 0.03488982 0.05841291 -0.01341679
v 0.03241737 0.05499849 -0.01371357
v 0.03363831 0.05672138 -0.01358894
v 0.03663664 0.05718893 -0.01447145
v 0.04072683 0.05951168 -0.01542975
v 0.03847643 0.05586964 -0.01538171
v 0.03005043 0.05147592 -0.01384652
v 0.08529336 0.06411209 0.03439533
v 0.08496492 0.06417296 0.03449476
v 0.08590989 0.06399782 0.03455101
v 0.08685895 0.06382192 0.03458015
v 0.08650544 0.06388744 0.03444059
v 0.08590226 0.06399924 0.03433903
v 0.04894139 0.07507476 0.00623460
v 0.04697901 0.07374636 0.00294298
v 0.04590138 0.07277630 0.00492854
v 0.05277947 0.07903404 0.00441033
v 0.05231019 0.07866696 0.00354379
v 0.05182451 0.07809474 0.00442782
v 0.08365580 0.07083859 0.03661665
v 0.08030687 0.07178518 0.03616289
v 0.07984890 0.06979840 0.03688017
v 0.07037302 0.07170153 0.03435046
v 0.07091565 0.07354943 0.03345993
v 0.06797767 0.07382174 0.03216508
v 0.08060048 0.07267256 0.03567201
v 0.04566258 0.06216890 0.02536101
v 0.04288936 0.06217089 0.02372893
v 0.04150938 0.05895870 0.02611324
v 0.04696974 0.06550058 0.02312574
v 0.04433436 0.06527642 0.02121155
v 0.06622416 0.07625794 0.02877604
v 0.06581415 0.07556158 0.02950519
v 0.06868371 0.07540150 0.03094007
v 0.05523132 0.07473271 0.02193302
v 0.05596746 0.07626307 0.02064639
v 0.05357091 0.07564704 0.01824339
v 0.04826768 0.07251377 0.01426142
v 0.04743889 0.07113539 0.01573764
v 0.04976822 0.07186174 0.01827825
v 0.04999584 0.07515467 0.01116446
v 0.04911974 0.07385395 0.01273755
v 0.05129806 0.07482804 0.01558720
v 0.05458135 0.07856056 0.01307142
v 0.05410255 0.07797705 0.01394135
v 0.05528179 0.07831629 0.01518180
v 0.05386822 0.07905767 0.00926999
v 0.05331394 0.07883007 0.00857743
v 0.05282723 0.07825953 0.00946354
v 0.04427185 0.04709328 0.03375502
v 0.03788057 0.04848347 0.03222005
v 0.03692233 0.04457932 0.03374120
v 0.02032182 0.04633769 0.03095743
v 0.02095349 0.04803947 0.02988464
v 0.01786951 0.04855136 0.02888862
v 0.03721853 0.05597437 0.02714724
v 0.03427066 0.05626294 0.02587265
v 0.03285252 0.05311336 0.02833506
v 0.03045158 0.04609991 0.03236889
v 0.05616549 0.03481850 0.03776404
v 0.05661602 0.03955572 0.03728206
v 0.08464637 0.05185576 0.04013679
v 0.08300661 0.07373696 0.03462139
v 0.08465248 0.07331057 0.03490680
v 0.08386184 0.07380825 0.03439445
v 0.07884128 0.07478843 0.03343048
v 0.07830508 0.07489300 0.03329772
v 0.07820782 0.07478836 0.03348109
v 0.05990717 0.07847367 0.02022820
v 0.05989538 0.07847377 0.02024516
v 0.05993192 0.07846885 0.02026076
v 0.05695355 0.07904502 0.01525465
v 0.05695070 0.07904558 0.01524796
v 0.05578766 0.07885538 0.01425647
v 0.05620392 0.07919026 0.01350415
v 0.05474508 0.07947087 0.00936242
v 0.05473084 0.07946392 0.00938646
v 0.05475609 0.07946878 0.00941002
v 0.05389577 0.07963050 0.00520708
v 0.05386616 0.07963584 0.00499142
v 0.05357528 0.07954991 0.00466356
v 0.05377334 0.07965258 0.00431539
v 0.05356545 0.07968859 0.00211083
v 0.05335066 0.07958200 0.00249281
v 0.05359687 0.07968393 0.00280982
v 0.05352968 0.07969391 0.00131471
v 0.05338666 0.07963893 0.00156061
v 0.05354976 0.07969092 0.00176157
v 0.05343275 0.07967932 0.00060778
v 0.05317645 0.07953131 0.00021883
v 0.05303071 0.07942818 0.00048963
v 0.05337052 0.07964900 0.00000004
v 0.05347732 0.07970169 0.00014896
v 0.05347063 0.07970268 0.00000009
v 0.05250110 0.07895640 -0.00000000
v 0.05235734 0.07879277 -0.00000000
v 0.05196129 0.07833439 0.00071385
v 0.05166023 0.07799948 -0.00000000
v 0.04688135 0.07389257 -0.00000000
v 0.04514531 0.07258558 -0.00000000
v 0.03408806 0.06579409 -0.00000000
v 0.03367437 0.06557209 -0.00000000
v 0.03288992 0.06497941 0.00144686
v 0.02882987 0.06297234 -0.00000000
v 0.00197167 0.05115127 0.00379999
v -0.00040504 0.05031665 0.00379998
v 0.00102033 0.05076409 0.00578986
v -0.00055735 0.05026468 0.00379996
v -0.00055771 0.05026455 0.00379996
v -0.00059615 0.05025067 0.00379999
v 0.01300072 0.05477629 0.01094172
v 0.01054033 0.05440213 0.00174042
v 0.00831103 0.05337456 0.00592407
v 0.00848076 0.05352417 0.00380000
v 0.00571358 0.05215999 0.01080023
v 0.00405186 0.05188175 0.00380000
v 0.00207907 0.05118898 0.00379999
v 0.01107427 0.05462974 0.00120648
v 0.01547559 0.05619201 0.00631646
v 0.02249942 0.05924036 0.00699688
v 0.02292860 0.05993551 -0.00000000
v 0.01799468 0.05753517 0.00160070
v 0.01886758 0.05811009 -0.00000000
v 0.01228075 0.05514933 -0.00000000
v 0.02491671 0.06075054 0.00248947
v 0.02442059 0.06060616 -0.00000000
v 0.02335447 0.06012694 -0.00000000
v 0.03725675 0.06691090 0.00712533
v 0.03835980 0.06783924 0.00508773
v 0.03458516 0.06606086 -0.00000000
v 0.04444967 0.07208738 -0.00000000
v 0.04110582 0.06998358 -0.00000000
v 0.04064797 0.06956127 0.00084458
v 0.03998451 0.06927809 -0.00000000
v 0.03949115 0.06872114 0.00299221
v 0.03931830 0.06885894 -0.00000000
v 0.03652863 0.06710379 -0.00000000
v 0.04465611 0.07221727 -0.00000000
v 0.04484847 0.07176567 0.00686349
v 0.04971546 0.07610791 -0.00000000
v 0.04930118 0.07571752 -0.00000000
v 0.04928452 0.07570185 -0.00000000
v 0.04857248 0.07516577 -0.00000000
v 0.05097162 0.07722001 0.00251938
v 0.05147482 0.07776348 0.00159951
v 0.05135882 0.07765647 -0.00000000
v 0.05149674 0.07781343 -0.00000000
v 0.05306733 0.07943727 -0.00000000
v 0.05261963 0.07909127 -0.00000000
v 0.05288934 0.07931787 0.00075146
v 0.05252741 0.07898633 -0.00000000
v 0.05262156 0.07907267 0.00124453
v 0.05237103 0.07879917 0.00170227
v 0.05329392 0.07960794 0.00000001
v 0.05327508 0.07959783 -0.00000000
v 0.05307890 0.07944622 -0.00000000
v 0.05359525 0.07963317 0.00376418
v 0.05367803 0.07966976 0.00362136
v 0.05332332 0.07951081 0.00340724
v 0.05361157 0.07968174 0.00313730
v 0.05360076 0.07968335 0.00289656
v 0.05401415 0.07960914 0.00606931
v 0.05384411 0.07956134 0.00588535
v 0.05405931 0.07960100 0.00639814
v 0.05355832 0.07934568 0.00641526
v 0.05419169 0.07957588 0.00697041
v 0.05412758 0.07954872 0.00707718
v 0.05447054 0.07952296 0.00817571
v 0.05424108 0.07956650 0.00718384
v 0.05384138 0.07933375 0.00760792
v 0.05444705 0.07924498 0.00991228
v 0.05513233 0.07939665 0.01057088
v 0.05476690 0.07946672 0.00945676
v 0.05521695 0.07938043 0.01082884
v 0.05417864 0.07900083 0.01040662
v 0.05543963 0.07933774 0.01150778
v 0.05593699 0.07924198 0.01288087
v 0.05509799 0.07908194 0.01212399
v 0.05573628 0.07928086 0.01241218
v 0.05537571 0.07931085 0.01161061
v 0.05792417 0.07885756 0.01711050
v 0.05739058 0.07896061 0.01609025
v 0.05651404 0.07856856 0.01631376
v 0.05702070 0.07903206 0.01538300
v 0.05779194 0.07874592 0.01735229
v 0.05799940 0.07884302 0.01725434
v 0.05828795 0.07878718 0.01771440
v 0.05727735 0.07822116 0.01829550
v 0.05856932 0.07837543 0.01930522
v 0.05890589 0.07866761 0.01869962
v 0.05966395 0.07852090 0.01990824
v 0.06044386 0.07836943 0.02093422
v 0.05938275 0.07794580 0.02118437
v 0.06097807 0.07826567 0.02163700
v 0.06071792 0.07802919 0.02210569
v 0.06154407 0.07815575 0.02238158
v 0.06205302 0.07805677 0.02293916
v 0.05979191 0.07681037 0.02378092
v 0.06112234 0.07690155 0.02471193
v 0.06157815 0.07752276 0.02388905
v 0.06420855 0.07763716 0.02521065
v 0.06363123 0.07774982 0.02466818
v 0.06691591 0.07710977 0.02752330
v 0.06523588 0.07743669 0.02617595
v 0.06385782 0.07696145 0.02642123
v 0.06483233 0.07751544 0.02579677
v 0.06434339 0.07753385 0.02553744
v 0.06441646 0.07759659 0.02540601
v 0.06910892 0.07607291 0.03017978
v 0.06955301 0.07659690 0.02937190
v 0.06908926 0.07668705 0.02906522
v 0.07793213 0.07496572 0.03320538
v 0.07524261 0.07548979 0.03227027
v 0.07510306 0.07533435 0.03252759
v 0.07502073 0.07553303 0.03219312
v 0.07352370 0.07582464 0.03153478
v 0.07294073 0.07593820 0.03127842
v 0.07023407 0.07646447 0.02982229
v 0.08088829 0.07438925 0.03393732
v 0.08617199 0.07336351 0.03456178
v 0.08489072 0.07361017 0.03446898
v 0.08488588 0.07360403 0.03447802
v 0.08481666 0.07362444 0.03446361
v 0.08433027 0.07371807 0.03442838
v 0.08799968 0.07306497 0.03457953
v 0.08799985 0.07278771 0.03500962
v 0.08799995 0.07264752 0.03522707
v 0.08799995 0.07248912 0.03537461
v 0.08799995 0.07241438 0.03544422
v 0.08795306 0.07244328 0.03545949
v 0.08775703 0.07208036 0.03580569
v 0.08758661 0.07167543 0.03609949
v 0.08730169 0.07077381 0.03657260
v 0.08799998 0.07080867 0.03650469
v 0.08799997 0.07153041 0.03609825
v 0.08799997 0.07199018 0.03583935
v 0.08706711 0.06978961 0.03694271
v 0.08668413 0.06767977 0.03750648
v 0.08635277 0.06548522 0.03796461
v 0.08574695 0.06100281 0.03876444
v 0.08711593 0.04139913 0.04151011
v 0.08366607 0.04251131 0.04126290
v 0.08280500 0.03297130 0.04214506
v 0.08623141 0.03189753 0.04244019
v 0.08546303 0.02220542 0.04313262
v 0.08206528 0.02323211 0.04277877
v 0.07549816 0.02491085 0.04160373
v 0.06905169 0.02639161 0.04018172
v 0.06362476 0.02741727 0.03910441
v 0.06528482 0.02432222 0.03946799
v 0.06642667 0.02093085 0.03977539
v 0.06656952 0.02016645 0.03982815
v 0.06323246 0.02791777 0.03902945
v 0.06934562 0.03138577 0.04002025
v 0.05909049 0.03200213 0.03830169
v 0.06281167 0.03301008 0.03877732
v 0.05609440 0.03390012 0.03782522
v 0.06154205 0.02985682 0.03871805
v 0.05222826 0.03579007 0.03722904
v 0.04645008 0.03798038 0.03635132
v 0.05002771 0.04126922 0.03615038
v 0.03622240 0.04091312 0.03477322
v 0.04345604 0.04295541 0.03498464
v 0.04286182 0.03909807 0.03580492
v 0.03367698 0.04535599 0.03307547
v 0.02725154 0.04680223 0.03161041
v 0.02408315 0.04745262 0.03078715
v 0.01407991 0.04748280 0.02911674
v 0.01717842 0.04694707 0.03008302
v 0.01658740 0.04533291 0.03107266
v 0.00804678 0.04828536 0.02684875
v 0.01103288 0.04793407 0.02804510
v 0.01033970 0.04657611 0.02925663
v 0.00230509 0.04860975 0.02398426
v 0.00513314 0.04851778 0.02550411
v -0.00042580 0.04854228 0.02226556
v 0.00072175 0.04939762 0.02013689
v -0.00184434 0.04905978 0.01808091
v -0.00167815 0.04971528 0.01087279
v -0.00078332 0.05018740 0.00379999
v 0.00071307 0.05034006 0.01328671
v 0.00612353 0.04963099 0.02369710
v 0.00337679 0.04958954 0.02201085
v 0.00316146 0.05087102 0.01558360
v 0.00567925 0.05128812 0.01773845
v 0.00717431 0.05064509 0.02176650
v 0.00895524 0.04953300 0.02520944
v 0.02164057 0.04965033 0.02869842
v 0.01861854 0.05006058 0.02757561
v 0.01565443 0.05037579 0.02633425
v 0.01483702 0.04897877 0.02778721
v 0.01275459 0.05058555 0.02496135
v 0.01186279 0.04931060 0.02656657
v 0.00992576 0.05067881 0.02344312
v 0.02984437 0.05350083 0.02718384
v 0.03136998 0.05647407 0.02450146
v 0.02688773 0.05380379 0.02592719
v 0.02852829 0.05658841 0.02300953
v 0.02399163 0.05400742 0.02454665
v 0.02575527 0.05659009 0.02137706
v 0.02116338 0.05409971 0.02302721
v 0.02305727 0.05646869 0.01959106
v 0.01840770 0.05407293 0.02135924
v 0.02043622 0.05622100 0.01764754
v 0.01572698 0.05392316 0.01953786
v 0.01789046 0.05584980 0.01554994
v 0.01312118 0.05365047 0.01756315
v 0.01541476 0.05536363 0.01330893
v 0.01058764 0.05325921 0.01544053
v 0.00812117 0.05275792 0.01318064
v 0.00827475 0.05157772 0.01973425
v 0.01094916 0.05173784 0.02156855
v 0.01370070 0.05177142 0.02324498
v 0.01652607 0.05168385 0.02477031
v 0.01942068 0.05148267 0.02615392
v 0.02237902 0.05117693 0.02740708
v 0.03471204 0.04913409 0.03139708
v 0.03156975 0.04974168 0.03052043
v 0.02846130 0.05029371 0.02957448
v 0.02539496 0.05077666 0.02854236
v 0.04623412 0.05482651 0.03061906
v 0.04677120 0.05668347 0.02973985
v 0.04084556 0.05730966 0.02725184
v 0.03590215 0.05265784 0.02940140
v 0.03957978 0.05391009 0.02940242
v 0.04020153 0.05562816 0.02834993
v 0.04571214 0.05294474 0.03146734
v 0.05148581 0.04982967 0.03404631
v 0.04520857 0.05103277 0.03227794
v 0.03898338 0.05215045 0.03040303
v 0.05232321 0.05393212 0.03277252
v 0.05275509 0.05596172 0.03210864
v 0.05024854 0.05826438 0.03015082
v 0.05319211 0.05798289 0.03143424
v 0.05407689 0.06200760 0.03006347
v 0.01779187 0.05693974 0.00888375
v 0.02015456 0.05761134 0.01135606
v 0.02257721 0.05818454 0.01370564
v 0.02507040 0.05864200 0.01591084
v 0.02764048 0.05897331 0.01795867
v 0.03028920 0.05917558 0.01984555
v 0.03301197 0.05925635 0.02158087
v 0.03579878 0.05923206 0.02318512
v 0.03863603 0.05912500 0.02468614
v 0.05070903 0.04562775 0.03519603
v 0.05717222 0.04411957 0.03658382
v 0.05780161 0.04856332 0.03573577
v 0.06415159 0.04724090 0.03735528
v 0.05846948 0.05294392 0.03480893
v 0.06469243 0.05182992 0.03668843
v 0.05914707 0.05730858 0.03386222
v 0.06523369 0.05641828 0.03602077
v 0.07794867 0.05374872 0.03922898
v 0.07149232 0.05524570 0.03782720
v 0.07053792 0.04585879 0.03890034
v 0.06968896 0.03629885 0.03975765
v 0.06363844 0.04260639 0.03796538
v 0.06318359 0.03787626 0.03845621
v 0.07700422 0.04434551 0.04028178
v 0.07617692 0.03475004 0.04109476
v 0.07582162 0.02985656 0.04138182
v 0.05396110 0.07961872 0.00568288
v 0.05329143 0.07933110 0.00518951
v 0.05276912 0.07881898 0.00614851
v 0.05328919 0.07910272 0.00691109
v 0.05228250 0.07824831 0.00703445
v 0.05450043 0.07951728 0.00830493
v 0.05442369 0.07951538 0.00824311
v 0.05089499 0.07641756 0.00954419
v 0.05392278 0.07873610 0.01087530
v 0.05578766 0.07885538 0.01425647
v 0.05211292 0.07622925 0.01413946
v 0.05298013 0.07754457 0.01258459
v 0.05437647 0.07706351 0.01681469
v 0.05807786 0.07781272 0.02020110
v 0.05680613 0.07762522 0.01914992
v 0.05557110 0.07737751 0.01802366
v 0.05721300 0.07649354 0.02175115
v 0.05848830 0.07667517 0.02279500
v 0.06208303 0.07805093 0.02297204
v 0.05773136 0.07517893 0.02412419
v 0.06033019 0.07546306 0.02611318
v 0.06070799 0.07621228 0.02544995
v 0.06302612 0.07558787 0.02790343
v 0.06342035 0.07631015 0.02720659
v 0.06765996 0.07696498 0.02812000
v 0.06668365 0.07687313 0.02794562
v 0.06234815 0.07396205 0.02907097
v 0.05966586 0.07381488 0.02725282
v 0.05707361 0.07351992 0.02525035
v 0.04663259 0.06972016 0.01716787
v 0.04584741 0.06827024 0.01855486
v 0.04833328 0.06873973 0.02077506
v 0.04508185 0.06678817 0.01990171
v 0.04976822 0.07186174 0.01827825
v 0.05213593 0.07252510 0.02074028
v 0.05456621 0.07308580 0.02307424
v 0.05083758 0.06917898 0.02295753
v 0.04440685 0.05875285 0.02749102
v 0.04732079 0.05851995 0.02883507
v 0.04845052 0.06214273 0.02696292
v 0.05125330 0.06209222 0.02853447
v 0.05228684 0.06587285 0.02685923
v 0.05498448 0.06599488 0.02864600
v 0.05595490 0.06987905 0.02709992
v 0.05859765 0.07009114 0.02899904
v 0.04961894 0.06570207 0.02501163
v 0.05337298 0.06956717 0.02507632
v 0.05648815 0.07174232 0.02622857
v 0.06178757 0.07214363 0.02999829
v 0.05615624 0.05766763 0.03267554
v 0.05693015 0.06187424 0.03153168
v 0.05772468 0.06604705 0.03034564
v 0.06131254 0.07018482 0.03075046
v 0.06051967 0.06600931 0.03193312
v 0.05982300 0.06167597 0.03291891
v 0.06742556 0.07198944 0.03307505
v 0.06410750 0.07014717 0.03233805
v 0.06698655 0.06997153 0.03375351
v 0.06338029 0.06586392 0.03338633
v 0.06631524 0.06559654 0.03468735
v 0.06276505 0.06139693 0.03420540
v 0.06576474 0.06102337 0.03537397
v 0.06512092 0.07396080 0.03070396
v 0.06830862 0.07464782 0.03159773
v 0.07427170 0.07396018 0.03400908
v 0.07465594 0.07469887 0.03333271
v 0.07776159 0.07415142 0.03428436
v 0.07738521 0.07339987 0.03494470
v 0.07706821 0.07255088 0.03548347
v 0.06865683 0.07677114 0.02877925
v 0.08392528 0.07176551 0.03617510
v 0.08425188 0.07259874 0.03561667
v 0.08259112 0.07304959 0.03536177
v 0.08444172 0.07297182 0.03528314
v 0.08151738 0.07426633 0.03403403
v 0.08138637 0.07412131 0.03428356
v 0.08095501 0.07345996 0.03505641
v 0.07341720 0.07125492 0.03542794
v 0.07302143 0.06916608 0.03601791
v 0.07620177 0.06849607 0.03681669
v 0.07244037 0.06464305 0.03676706
v 0.07564426 0.06393440 0.03751766
v 0.06995392 0.06965097 0.03498820
v 0.06933236 0.06519437 0.03582024
v 0.07196248 0.05995070 0.03730503
v 0.08231081 0.06209253 0.03848921
v 0.08126169 0.05286103 0.03975622
v 0.07893957 0.06307577 0.03808114
v 0.07949837 0.06763533 0.03737755
v 0.07657229 0.07062638 0.03627843
v 0.07394249 0.07313125 0.03457287
v 0.05284963 0.07926699 0.00169122
v 0.05312943 0.07949246 0.00117359
v 0.05352591 0.07969448 0.00123045
v 0.05350174 0.07969806 0.00069267
v 0.05349328 0.07969932 0.00050428
v 0.05306439 0.07936712 0.00302369
v 0.05304370 0.07928505 0.00392454
v 0.05371585 0.07966294 0.00389670
v 0.05309242 0.07943714 0.00210781
v 0.05281919 0.07920091 0.00261203
v 0.04991136 0.07575738 0.00790339
v 0.05181291 0.07764969 0.00788554
v 0.03170113 0.06419171 0.00365990
v 0.04382430 0.07070790 0.00873964
v 0.04283013 0.06960089 0.01055436
v 0.04186522 0.06844588 0.01230921
v 0.03391068 0.06511457 0.00644565
v 0.03618243 0.06593539 0.00910409
v 0.03852359 0.06664229 0.01162045
v 0.04092788 0.06724565 0.01400764
v 0.04001618 0.06600331 0.01565355
v 0.02713239 0.06166334 0.00526267
v 0.02481150 0.05999498 0.00957277
v 0.02939463 0.06249975 0.00794057
v 0.02718465 0.06064941 0.01202367
v 0.03171900 0.06323422 0.01049131
v 0.02963005 0.06118530 0.01432670
v 0.03411663 0.06384846 0.01289209
v 0.03215360 0.06159295 0.01646977
v 0.03658944 0.06433938 0.01513901
v 0.03475351 0.06187532 0.01845655
v 0.03912848 0.06472161 0.01725037
v 0.03742016 0.06204817 0.02030673
v 0.04171634 0.06502378 0.01926185
v 0.04013755 0.06213776 0.02205305
v 0.02625481 0.06159046 -0.00000000
v 0.05750665 0.02807300 -0.03035452
v 0.05797418 0.03893888 -0.02982713
v 0.06123736 0.03855780 -0.03271109
v 0.08130511 0.06116983 -0.03835721
v 0.07739705 0.06188889 -0.03750187
v 0.07776832 0.06772016 -0.03650131
v 0.08153991 0.06698314 -0.03733608
v 0.08537070 0.06623514 -0.03778480
v 0.08527481 0.06043582 -0.03882395
v 0.08922229 0.06548361 -0.03784474
v 0.11161071 0.05574864 -0.03144240
v 0.10825040 0.05632075 -0.03358694
v 0.10748891 0.06190058 -0.03244209
v 0.08852373 0.07296553 -0.03456753
v 0.08911512 0.07285026 -0.03452085
v 0.08912112 0.07273044 -0.03476414
v 0.09157644 0.07237049 -0.03432655
v 0.09262385 0.07216523 -0.03414583
v 0.09267412 0.07179557 -0.03474284
v 0.10248951 0.07021482 -0.03099580
v 0.10273401 0.07016597 -0.03085803
v 0.10287101 0.06973748 -0.03139684
v 0.11301111 0.04170830 -0.03341593
v 0.09371788 0.02488521 -0.04263289
v 0.06353789 0.07776278 -0.02457669
v 0.06361012 0.07774899 -0.02464486
v 0.06353293 0.07768607 -0.02473008
v 0.06145271 0.07816045 -0.02227580
v 0.06100312 0.07774523 -0.02265168
v 0.06115723 0.07788756 -0.02252283
v 0.06333385 0.07748527 -0.02494554
v 0.06119079 0.07791855 -0.02249477
v 0.06137784 0.07809130 -0.02233839
v 0.06260214 0.07627465 -0.02567722
v 0.06295569 0.07695984 -0.02533610
v 0.06074872 0.07736511 -0.02286586
v 0.06093593 0.07764484 -0.02270824
v 0.06227069 0.07544285 -0.02597588
v 0.06111543 0.07098009 -0.02690291
v 0.06013606 0.06502833 -0.02769807
v 0.05928681 0.05758090 -0.02847287
v 0.05856674 0.04882753 -0.02919204
v 0.06081773 0.02778121 -0.03330647
v 0.06440532 0.02746413 -0.03590575
v 0.06822940 0.02712506 -0.03812609
v 0.07226030 0.01709963 -0.04051549
v 0.07200689 0.01709965 -0.04042742
v 0.07224752 0.02676739 -0.03994697
v 0.07641635 0.02639457 -0.04135124
v 0.08069133 0.02600996 -0.04232747
v 0.08502771 0.02561724 -0.04286770
v 0.08938122 0.02522346 -0.04296903
v 0.09800226 0.02461515 -0.04186804
v 0.10219710 0.02440642 -0.04068514
v 0.10626600 0.02425190 -0.03909595
v 0.11017271 0.02414480 -0.03711354
v 0.11388090 0.02407827 -0.03475208
v 0.11350951 0.03332169 -0.03417417
v 0.11238021 0.04920192 -0.03249664
v 0.11069540 0.06126845 -0.03029000
v 0.10966031 0.06592503 -0.02890841
v 0.10914271 0.06776165 -0.02797801
v 0.10946611 0.06881362 -0.02630059
v 0.10889451 0.06849330 -0.02742017
v 0.10581831 0.06954891 -0.02904838
v 0.10677411 0.06935688 -0.02840542
v 0.10598601 0.06909673 -0.02956965
v 0.10704591 0.06930229 -0.02822262
v 0.10869121 0.06897007 -0.02691596
v 0.10516301 0.06968058 -0.02948920
v 0.09958728 0.07040692 -0.03287908
v 0.09968631 0.07077258 -0.03225319
v 0.10194661 0.07032286 -0.03123934
v 0.09609489 0.07148308 -0.03342355
v 0.09671935 0.07135990 -0.03326430
v 0.09617446 0.07109607 -0.03399840
v 0.09676227 0.07135144 -0.03325335
v 0.09948006 0.07081340 -0.03232373
v 0.09459933 0.07177810 -0.03380497
v 0.08543303 0.07356507 -0.03452471
v 0.08560084 0.07353253 -0.03452704
v 0.08559129 0.07341870 -0.03474874
v 0.08577460 0.07349882 -0.03452945
v 0.08022886 0.07456961 -0.03379669
v 0.08211476 0.07420607 -0.03412501
v 0.08208606 0.07410034 -0.03435863
v 0.08322117 0.07399280 -0.03431762
v 0.07724499 0.07514328 -0.03299182
v 0.07868660 0.07486612 -0.03338183
v 0.07864148 0.07476878 -0.03359956
v 0.08020430 0.07457434 -0.03379242
v 0.07017995 0.07649557 -0.02978987
v 0.07214580 0.07612016 -0.03085118
v 0.07207561 0.07603940 -0.03101797
v 0.07288695 0.07597863 -0.03125131
v 0.07535190 0.07550650 -0.03228724
v 0.07529307 0.07541732 -0.03248170
v 0.07490246 0.07559272 -0.03211996
v 0.07434225 0.07570021 -0.03191146
v 0.06761371 0.07698488 -0.02808612
v 0.06910502 0.07670053 -0.02907621
v 0.06902221 0.07662882 -0.02922494
v 0.06987845 0.07655306 -0.02958970
v 0.06625602 0.07724380 -0.02699410
v 0.06616482 0.07717954 -0.02712139
v 0.06533639 0.07741918 -0.02625443
v 0.06519379 0.07744638 -0.02613973
v 0.10662771 0.06657711 -0.03108495
v 0.10408710 0.06257024 -0.03425495
v 0.10469941 0.05693291 -0.03538531
v 0.10052431 0.06327049 -0.03571304
v 0.09339589 0.05192588 -0.03971831
v 0.09716067 0.05825992 -0.03789652
v 0.09743477 0.05129802 -0.03902263
v 0.10099151 0.05758077 -0.03682531
v 0.09683541 0.06399426 -0.03680338
v 0.09305610 0.06473439 -0.03751625
v 0.08914226 0.07189096 -0.03570928
v 0.09273024 0.07117617 -0.03534807
v 0.09626993 0.07045907 -0.03460122
v 0.09972056 0.06974948 -0.03347590
v 0.10304181 0.06905715 -0.03198433
v 0.10619481 0.06839151 -0.03014432
v 0.07708175 0.05465119 -0.03856128
v 0.08110725 0.05397776 -0.03944598
v 0.08519477 0.05328920 -0.03993355
v 0.08930408 0.05259348 -0.04002376
v 0.07820349 0.07233493 -0.03535674
v 0.08181509 0.07162693 -0.03617042
v 0.08548318 0.07090631 -0.03659953
v 0.08917007 0.07017966 -0.03663860
v 0.09284238 0.06944467 -0.03628565
v 0.09646280 0.06870740 -0.03554397
v 0.09999255 0.06797741 -0.03442124
v 0.10339321 0.06726423 -0.03292935
v 0.08188982 0.07253785 -0.03576109
v 0.08551336 0.07182839 -0.03618218
v 0.08915625 0.07111168 -0.03621518
v 0.09278645 0.07038543 -0.03585746
v 0.09636628 0.06965594 -0.03511178
v 0.09985605 0.06893306 -0.03398567
v 0.10321641 0.06822660 -0.03249131
v 0.08554415 0.07259676 -0.03568287
v 0.07520045 0.07520328 -0.03278599
v 0.07195589 0.07582930 -0.03130426
v 0.06403039 0.07040882 -0.02949274
v 0.06315830 0.06448268 -0.03034748
v 0.06240402 0.05707282 -0.03119753
v 0.06887537 0.07642222 -0.02949022
v 0.06859424 0.07588008 -0.02996524
v 0.06599134 0.07697606 -0.02736294
v 0.06566063 0.07644262 -0.02779794
v 0.06534996 0.07574607 -0.02817419
v 0.06505741 0.07490104 -0.02850019
v 0.06832875 0.07517163 -0.03037253
v 0.07172558 0.07527782 -0.03181440
v 0.07510988 0.07494459 -0.03306704
v 0.07857547 0.07455037 -0.03391861
v 0.06853759 0.03770046 -0.03741053
v 0.07279519 0.04679485 -0.03827765
v 0.07249350 0.03723289 -0.03918280
v 0.09125168 0.07243379 -0.03435219
v 0.08912817 0.07249595 -0.03510590
v 0.08557547 0.07319017 -0.03508669
v 0.08555975 0.07291593 -0.03539762
v 0.08200599 0.07360835 -0.03499299
v 0.08196674 0.07329479 -0.03527209
v 0.07844694 0.07397874 -0.03448298
v 0.07832299 0.07323368 -0.03495779
v 0.07484981 0.07390904 -0.03378256
v 0.07468567 0.07302326 -0.03416834
v 0.07129848 0.07368486 -0.03261788
v 0.07409408 0.06843863 -0.03528759
v 0.07055511 0.06913108 -0.03370480
v 0.07358967 0.06258628 -0.03626298
v 0.06992197 0.06325538 -0.03464850
v 0.07315863 0.05530337 -0.03728406
v 0.06937823 0.05592831 -0.03562192
v 0.06891861 0.04735242 -0.03656047
v 0.06522831 0.04788051 -0.03446145
v 0.06477169 0.03814356 -0.03524705
v 0.06176479 0.04837389 -0.03199772
v 0.06578032 0.05652008 -0.03358773
v 0.06643227 0.06388965 -0.03267136
v 0.06718844 0.06979021 -0.03176744
v 0.06807751 0.07431298 -0.03072209
v 0.07150673 0.07455719 -0.03224846
v 0.07502128 0.07464195 -0.03332599
v 0.07851063 0.07428678 -0.03421265
v 0.08204577 0.07387712 -0.03468895
v 0.10198360 0.03401556 -0.03992630
v 0.10171521 0.04281580 -0.03899649
v 0.10599470 0.03373571 -0.03838874
v 0.10564690 0.04239946 -0.03750689
v 0.10984851 0.03350619 -0.03646723
v 0.10942380 0.04203113 -0.03564298
v 0.09785055 0.03435110 -0.04106843
v 0.10138650 0.05071086 -0.03794371
v 0.10521721 0.05016518 -0.03648974
v 0.10889310 0.04966188 -0.03467042
v 0.07659697 0.03674536 -0.04054846
v 0.08080472 0.03624227 -0.04149774
v 0.08507339 0.03572836 -0.04202415
v 0.08936014 0.03521157 -0.04212599
v 0.09363077 0.03474799 -0.04180481
v 0.10676521 0.06013251 -0.02839433
v 0.10623561 0.06023068 -0.02879033
v 0.10984141 0.05956238 -0.02575079
v 0.11377711 0.05883294 -0.02195231
v 0.11301271 0.05897460 -0.02274033
v 0.10870470 0.05977305 -0.02694437
v 0.11297201 0.05898214 -0.02278377
v 0.11111281 0.05932673 -0.02476836
v 0.08496812 0.06417237 -0.03449353
v 0.08529570 0.06411165 -0.03439482
v 0.08577457 0.06402290 -0.03454179
v 0.08590394 0.06399892 -0.03433909
v 0.08591298 0.06399724 -0.03455008
v 0.08650639 0.06388726 -0.03444088
v 0.08685853 0.06382200 -0.03457995
v 0.11299601 0.06798429 -0.02276688
v 0.11297620 0.06798950 -0.02278789
v 0.11300101 0.06050231 -0.02281201
v 0.11190091 0.06070621 -0.02395464
v 0.11301271 0.05897460 -0.02274033
v 0.11377711 0.05883294 -0.02195231
v 0.11297191 0.05941400 -0.02278364
v 0.11111281 0.06848001 -0.02476836
v 0.11111281 0.05932673 -0.02476836
v 0.11297201 0.05898214 -0.02278377
v 0.11343721 0.06786814 -0.02229791
v 0.11488511 0.06015312 -0.02085514
v 0.11488781 0.06730448 -0.02085857
v 0.11854741 0.05947437 -0.01708682
v 0.11854741 0.06533726 -0.01708682
v 0.11788010 0.06577549 -0.01782498
v 0.11674791 0.06640021 -0.01898453
v 0.11579291 0.06692711 -0.01996251
v 0.11546121 0.06708168 -0.02028961
v 0.11489071 0.06730334 -0.02085565
v 0.11981441 0.06446739 -0.01556117
v 0.11943121 0.06473050 -0.01602266
v 0.11944121 0.05930871 -0.01603123
v 0.12165971 0.05889752 -0.01275768
v 0.12164921 0.06319334 -0.01275135
v 0.12062981 0.05908842 -0.01444792
v 0.12108481 0.06358573 -0.01373631
v 0.12097851 0.06365962 -0.01392179
v 0.12225131 0.05878789 -0.01148278
v 0.12268781 0.05870699 -0.01013758
v 0.12268781 0.06249515 -0.01013758
v 0.12241311 0.06267065 -0.01104942
v 0.12211411 0.06287451 -0.01174799
v 0.12178921 0.06309600 -0.01250701
v 0.12358481 0.06195151 -0.00540918
v 0.12358371 0.06195217 -0.00541596
v 0.12358391 0.05854090 -0.00541599
v 0.12281391 0.06241863 -0.00956336
v 0.12320351 0.06218235 -0.00779052
v 0.12392921 0.05847690 -0.00060000
v 0.12392921 0.06174411 -0.00060000
v 0.12387191 0.06177856 -0.00228756
v 0.12362331 0.06192831 -0.00499025
v 0.12393371 0.05847607 0.00000062
v 0.12393371 0.06174160 0.00000062
v 0.12393371 0.06174160 0.00000062
v 0.12393371 0.05847607 0.00000062
v 0.12381941 0.06181002 0.00311004
v 0.12384981 0.05849163 0.00263816
v 0.12376861 0.06184047 0.00361796
v 0.12360261 0.05853743 0.00526419
v 0.12360881 0.06193628 0.00521570
v 0.12318941 0.05861402 0.00785459
v 0.12261311 0.05872083 0.01041257
v 0.12261311 0.06254131 0.01041257
v 0.12319431 0.06218889 0.00782869
v 0.12325961 0.06214906 0.00741665
v 0.12360120 0.06194095 0.00526396
v 0.12261311 0.06254131 0.01041257
v 0.12261311 0.05872083 0.01041257
v 0.12234911 0.06271754 0.01112394
v 0.12201131 0.05883236 0.01204297
v 0.12200841 0.06294493 0.01204187
v 0.12092421 0.06369739 0.01399428
v 0.12110861 0.06356927 0.01370398
v 0.12066650 0.05908160 0.01438143
v 0.12158771 0.06323669 0.01282553
v 0.12199441 0.06295428 0.01207961
v 0.11843601 0.06538890 0.01715366
v 0.11954661 0.06465319 0.01588490
v 0.11820631 0.05953758 0.01745687
v 0.12064071 0.06389406 0.01438331
v 0.12065091 0.06388702 0.01436936
v 0.11227190 0.06063745 0.02354861
v 0.11227190 0.06821120 0.02354861
v 0.11296251 0.06801605 0.02279613
v 0.11351711 0.06781863 0.02223426
v 0.11493191 0.06731497 0.02080084
v 0.11603521 0.06677578 0.01970385
v 0.11693031 0.06633837 0.01881392
v 0.11751151 0.06600129 0.01820973
v 0.11818571 0.06555467 0.01743952
v 0.11169711 0.06834922 0.02416168
v 0.11188711 0.06070876 0.02396795
v 0.11169921 0.05921806 0.02416358
v 0.11155521 0.05924474 0.02431815
v 0.11140951 0.06841829 0.02446843
v 0.11111281 0.05932673 0.02476818
v 0.11111281 0.06848017 0.02476818
v 0.10926391 0.06119496 0.02647506
v 0.10883221 0.05974941 0.02683865
v 0.10870380 0.06105545 0.02694458
v 0.10869931 0.05977406 0.02693861
v 0.10624281 0.06022933 0.02878500
v 0.10883451 0.06894178 0.02683676
v 0.10870380 0.06129877 0.02694458
v 0.10880501 0.06894772 0.02685901
v 0.10406251 0.06215898 0.03014850
v 0.10618491 0.06947532 0.02881569
v 0.10644701 0.06171704 0.02864515
v 0.10632351 0.06944755 0.02872997
v 0.10869931 0.06896900 0.02693870
v 0.10044831 0.07062149 0.03191965
v 0.10094331 0.07052337 0.03172718
v 0.09898499 0.06310004 0.03252091
v 0.10338971 0.07003514 0.03050858
v 0.10157030 0.06262088 0.03144206
v 0.10368911 0.06997537 0.03035943
v 0.10405360 0.06990235 0.03013400
v 0.09424859 0.07184665 0.03384318
v 0.09594124 0.07151379 0.03347965
v 0.09356850 0.06410392 0.03401325
v 0.09739348 0.07122669 0.03304483
v 0.09631457 0.06359497 0.03337914
v 0.09809466 0.07108807 0.03283489
v 0.09897407 0.07091374 0.03249293
v 0.08799968 0.06513605 0.03457953
v 0.08799968 0.07306497 0.03457953
v 0.08988302 0.07270151 0.03449348
v 0.09079928 0.06461717 0.03441298
v 0.09105758 0.07247193 0.03435204
v 0.09292788 0.07210636 0.03412683
v 0.09356363 0.07198134 0.03399029
v 0.01414577 0.05589443 -0.00060000
v 0.01189285 0.05495811 -0.00060000
v 0.01228075 0.05514933 -0.00000000
v 0.05327508 0.07959783 -0.00000000
v 0.05347823 0.07969908 -0.00060000
v 0.05308626 0.07943950 -0.00060000
v 0.05329392 0.07960794 0.00000001
v 0.05337052 0.07964900 0.00000004
v 0.05347063 0.07970268 0.00000009
v 0.05235734 0.07879277 -0.00000000
v 0.05250110 0.07895640 -0.00000000
v 0.05250747 0.07895018 -0.00060000
v 0.05252741 0.07898633 -0.00000000
v 0.05277630 0.07922331 -0.00060000
v 0.05261963 0.07909127 -0.00000000
v 0.05280716 0.07925466 -0.00060000
v 0.05306733 0.07943727 -0.00000000
v 0.05307890 0.07944622 -0.00000000
v 0.05220894 0.07864686 -0.00060000
v 0.05166023 0.07799948 -0.00000000
v 0.05144407 0.07785815 -0.00060000
v 0.05149674 0.07781343 -0.00000000
v 0.04930625 0.07566983 -0.00060000
v 0.04930118 0.07571752 -0.00000000
v 0.04998190 0.07636145 -0.00060000
v 0.04971546 0.07610791 -0.00000000
v 0.05135882 0.07765647 -0.00000000
v 0.04749658 0.07422113 -0.00060000
v 0.04688135 0.07389257 -0.00000000
v 0.04918574 0.07554647 -0.00060000
v 0.04857248 0.07516577 -0.00000000
v 0.04928452 0.07570185 -0.00000000
v 0.04707211 0.07390963 -0.00060000
v 0.04689477 0.07377949 -0.00060000
v 0.04514531 0.07258558 -0.00000000
v 0.04573076 0.07292530 -0.00060000
v 0.04465611 0.07221727 -0.00000000
v 0.04436725 0.07204399 -0.00060000
v 0.04444967 0.07208738 -0.00000000
v 0.04110582 0.06998358 -0.00000000
v 0.03998451 0.06927809 -0.00000000
v 0.03931830 0.06885894 -0.00000000
v 0.03389679 0.06568094 -0.00060000
v 0.03458516 0.06606086 -0.00000000
v 0.03543488 0.06653039 -0.00060000
v 0.03652863 0.06710379 -0.00000000
v 0.03819721 0.06805594 -0.00060000
v 0.03921698 0.06871508 -0.00060000
v 0.02442059 0.06060616 -0.00000000
v 0.02625481 0.06159046 -0.00000000
v 0.02686891 0.06179962 -0.00060000
v 0.02984508 0.06344328 -0.00060000
v 0.02882987 0.06297234 -0.00000000
v 0.03169281 0.06446374 -0.00060000
v 0.03367437 0.06557209 -0.00000000
v 0.03408806 0.06579409 -0.00000000
v 0.02445728 0.06067166 -0.00060000
v 0.02341656 0.06018490 -0.00060000
v 0.02335447 0.06012694 -0.00000000
v 0.02304709 0.06001210 -0.00060000
v 0.02292860 0.05993551 -0.00000000
v 0.01886758 0.05811009 -0.00000000
v 0.01930046 0.05825973 -0.00060000
v 0.01502162 0.05625844 -0.00060000
v 0.01477747 0.05615697 -0.00060000
v 0.05387203 0.07961963 -0.00530415
v 0.05410794 0.07957344 -0.00649594
v 0.05338806 0.07910504 -0.00661299
v 0.05447806 0.07950096 -0.00836562
v 0.05476794 0.07944448 -0.00938462
v 0.05407488 0.07897023 -0.00955832
v 0.05740550 0.07893541 -0.01616111
v 0.05820721 0.07878150 -0.01755007
v 0.05786892 0.07856671 -0.01773482
v 0.05758217 0.07829390 -0.01789598
v 0.05295072 0.07918969 -0.00361735
v 0.05237290 0.07857312 -0.00297774
v 0.05250747 0.07895018 -0.00060000
v 0.05287475 0.07847538 -0.00670208
v 0.05401571 0.07825444 -0.01134195
v 0.05500751 0.07879017 -0.01243146
v 0.05450781 0.07815859 -0.01262400
v 0.05579194 0.07790853 -0.01563747
v 0.05617879 0.07856385 -0.01521632
v 0.05711655 0.07765068 -0.01816130
v 0.05692694 0.07768759 -0.01785274
v 0.05823739 0.07877571 -0.01760237
v 0.05896062 0.07863687 -0.01885536
v 0.06074188 0.07829597 -0.02138734
v 0.05682327 0.07904741 -0.01492862
v 0.05647862 0.07883310 -0.01507877
v 0.05629077 0.07914984 -0.01380140
v 0.05578309 0.07924781 -0.01245024
v 0.05568496 0.07926675 -0.01218904
v 0.05519409 0.07936147 -0.01088259
v 0.05444034 0.07950833 -0.00817509
v 0.05380737 0.07963244 -0.00486066
v 0.05368430 0.07965711 -0.00355606
v 0.05347823 0.07969908 -0.00060000
v 0.05349120 0.07969634 -0.00117487
v 0.05349120 0.07969634 -0.00117489
v 0.05349120 0.07969634 -0.00117489
v 0.05351386 0.07969129 -0.00174941
v 0.05358295 0.07967743 -0.00248175
v 0.05356545 0.07968859 0.00211083
v 0.05359687 0.07968393 0.00280982
v 0.05357411 0.07674253 0.00269894
v 0.08725364 0.06527433 0.03458432
v 0.08433027 0.07371807 0.03442838
v 0.08481666 0.07362444 0.03446361
v 0.08617199 0.07336351 0.03456178
v 0.08489072 0.07361017 0.03446898
v 0.08590989 0.06399782 0.03455101
v 0.08496492 0.06417296 0.03449476
v 0.08508279 0.06567666 0.03450327
v 0.08685895 0.06382192 0.03458015
v 0.08432923 0.06581632 0.03444152
v 0.08386184 0.07380825 0.03439445
v 0.08188620 0.06626911 0.03412123
v 0.08151738 0.07426633 0.03403403
v 0.07947887 0.06671529 0.03362403
v 0.08088829 0.07438925 0.03393732
v 0.07884128 0.07478843 0.03343048
v 0.07883749 0.06716494 0.03344618
v 0.07754005 0.06807455 0.03308642
v 0.07719522 0.06828615 0.03297485
v 0.07676729 0.06854875 0.03283639
v 0.07830508 0.07489300 0.03329772
v 0.07455874 0.06975116 0.03200425
v 0.06865683 0.07677114 0.02877925
v 0.06908926 0.07668705 0.02906522
v 0.06864618 0.07223805 0.02879521
v 0.06955301 0.07659690 0.02937190
v 0.07001635 0.07173211 0.02969095
v 0.07023407 0.07646447 0.02982229
v 0.07128734 0.07121273 0.03039846
v 0.07294073 0.07593820 0.03127842
v 0.07229887 0.07079936 0.03096153
v 0.07352370 0.07582464 0.03153478
v 0.07352730 0.07022959 0.03152834
v 0.07502073 0.07553303 0.03219312
v 0.07420302 0.06991616 0.03184012
v 0.07524261 0.07548979 0.03227027
v 0.07793213 0.07496572 0.03320538
v 0.06421429 0.07374551 0.02520424
v 0.06420855 0.07763716 0.02521065
v 0.06441646 0.07759659 0.02540601
v 0.06848321 0.07229822 0.02868866
v 0.06815781 0.07241838 0.02847595
v 0.06765996 0.07696498 0.02812000
v 0.06584064 0.07321390 0.02669584
v 0.06691591 0.07710977 0.02752330
v 0.06583776 0.07321490 0.02669362
v 0.06523588 0.07743669 0.02617595
v 0.06483233 0.07751544 0.02579677
v 0.06364508 0.07393154 0.02468205
v 0.06340935 0.07400313 0.02442458
v 0.06363123 0.07774982 0.02466818
v 0.06159841 0.07455308 0.02244659
v 0.06208303 0.07805093 0.02297204
v 0.06205302 0.07805677 0.02293916
v 0.06154407 0.07815575 0.02238158
v 0.06118784 0.07467253 0.02192665
v 0.06097807 0.07826567 0.02163700
v 0.06041905 0.07489620 0.02095305
v 0.06044386 0.07836943 0.02093422
v 0.06035832 0.07491386 0.02087615
v 0.05993192 0.07846885 0.02026076
v 0.05922508 0.07523001 0.01920412
v 0.05990717 0.07847367 0.02022820
v 0.05864668 0.07539136 0.01835075
v 0.05890589 0.07866761 0.01869962
v 0.05966395 0.07852090 0.01990824
v 0.05739058 0.07896061 0.01609025
v 0.05792417 0.07885756 0.01711050
v 0.05751169 0.07570114 0.01630779
v 0.05799940 0.07884302 0.01725434
v 0.05828795 0.07878718 0.01771440
v 0.05739055 0.07573419 0.01608975
v 0.05715513 0.07579844 0.01566602
v 0.05702070 0.07903206 0.01538300
v 0.05695355 0.07904502 0.01525465
v 0.05521214 0.07632843 0.01083102
v 0.05543963 0.07933774 0.01150778
v 0.05549169 0.07625662 0.01174422
v 0.05573628 0.07928086 0.01241218
v 0.05589612 0.07614963 0.01282765
v 0.05593699 0.07924198 0.01288087
v 0.05608370 0.07609732 0.01325054
v 0.05620392 0.07919026 0.01350415
v 0.05695070 0.07904558 0.01524796
v 0.05474508 0.07947087 0.00936242
v 0.05475609 0.07946878 0.00941002
v 0.05458946 0.07648836 0.00879692
v 0.05476690 0.07946672 0.00945676
v 0.05497423 0.07638954 0.01005384
v 0.05513233 0.07939665 0.01057088
v 0.05521695 0.07938043 0.01082884
v 0.05419169 0.07957588 0.00697041
v 0.05415896 0.07660356 0.00676221
v 0.05405931 0.07960100 0.00639814
v 0.05395062 0.07665931 0.00577752
v 0.05401415 0.07960914 0.00606931
v 0.05424108 0.07956650 0.00718384
v 0.05447054 0.07952296 0.00817571
v 0.05450043 0.07951728 0.00830493
v 0.05396110 0.07961872 0.00568288
v 0.05388115 0.07667466 0.00520939
v 0.05389577 0.07963050 0.00520708
v 0.05367803 0.07966976 0.00362136
v 0.05365990 0.07672357 0.00340028
v 0.05361157 0.07968174 0.00313730
v 0.05360076 0.07968335 0.00289656
v 0.05371585 0.07966294 0.00389670
v 0.05377334 0.07965258 0.00431539
v 0.05386616 0.07963584 0.00499142
v 0.05347063 0.07970268 0.00000009
v 0.05347732 0.07970169 0.00014896
v 0.05347075 0.07677051 0.00000012
v 0.05349328 0.07969932 0.00050428
v 0.05350174 0.07969806 0.00069267
v 0.05352591 0.07969448 0.00123045
v 0.05352968 0.07969391 0.00131471
v 0.05354976 0.07969092 0.00176157
v 0.05351386 0.07969129 -0.00174941
v 0.05351386 0.07675738 -0.00174941
v 0.05357541 0.07674160 -0.00248263
v 0.05444034 0.07950833 -0.00817509
v 0.05410794 0.07957344 -0.00649594
v 0.05414331 0.07659321 -0.00676586
v 0.05387203 0.07961963 -0.00530415
v 0.05371420 0.07670600 -0.00413623
v 0.05380737 0.07963244 -0.00486066
v 0.05365254 0.07672181 -0.00340176
v 0.05368430 0.07965711 -0.00355606
v 0.05358295 0.07967743 -0.00248175
v 0.05421451 0.07657450 -0.00720220
v 0.05445395 0.07651023 -0.00817133
v 0.05447806 0.07950096 -0.00836562
v 0.05482810 0.07640980 -0.00968559
v 0.05476794 0.07944448 -0.00938462
v 0.05519409 0.07936147 -0.01088259
v 0.05495317 0.07637689 -0.01005900
v 0.05568496 0.07926675 -0.01218904
v 0.05575744 0.07616527 -0.01246015
v 0.05578309 0.07924781 -0.01245024
v 0.05581106 0.07615116 -0.01262025
v 0.05629077 0.07914984 -0.01380140
v 0.05608052 0.07607918 -0.01325049
v 0.05682327 0.07904741 -0.01492862
v 0.05681437 0.07588314 -0.01496692
v 0.05740550 0.07893541 -0.01616111
v 0.05751834 0.07569112 -0.01630360
v 0.05820721 0.07878150 -0.01755007
v 0.05821058 0.07550229 -0.01761803
v 0.05823739 0.07877571 -0.01760237
v 0.05824872 0.07549189 -0.01769043
v 0.05896062 0.07863687 -0.01885536
v 0.05921379 0.07522050 -0.01921106
v 0.06074188 0.07829597 -0.02138734
v 0.06145270 0.07457973 -0.02227581
v 0.06145271 0.07816045 -0.02227580
v 0.06118745 0.07465593 -0.02192454
v 0.05961077 0.07510886 -0.01983656
v 0.07742135 0.06816767 -0.03304782
v 0.07950100 0.06671119 -0.03362851
v 0.08022866 0.06657632 -0.03379781
v 0.08852373 0.07296553 -0.03456753
v 0.08577460 0.07349882 -0.03452945
v 0.08725403 0.06527424 -0.03458454
v 0.10704591 0.06930229 -0.02822262
v 0.10677930 0.06165544 -0.02841324
v 0.10869121 0.06897007 -0.02691596
v 0.10925931 0.06119580 -0.02647920
v 0.10946611 0.06881362 -0.02630059
v 0.10623561 0.06023068 -0.02879033
v 0.10676521 0.06013251 -0.02839433
v 0.10677930 0.06045090 -0.02841324
v 0.10870470 0.05977305 -0.02694437
v 0.10677411 0.06935688 -0.02840542
v 0.10581831 0.06954891 -0.02904838
v 0.10441861 0.06209298 -0.02994131
v 0.10516301 0.06968058 -0.02948920
v 0.10273401 0.07016597 -0.03085803
v 0.10195560 0.06254947 -0.03125940
v 0.10248951 0.07021482 -0.03099580
v 0.10194661 0.07032286 -0.03123934
v 0.09938891 0.06302518 -0.03236896
v 0.09676227 0.07135144 -0.03325335
v 0.09671971 0.06351988 -0.03326570
v 0.09948006 0.07081340 -0.03232373
v 0.09968631 0.07077258 -0.03225319
v 0.09671935 0.07135990 -0.03326430
v 0.09609489 0.07148308 -0.03342355
v 0.09400018 0.06402392 -0.03393102
v 0.09459933 0.07177810 -0.03380497
v 0.09262385 0.07216523 -0.03414583
v 0.09125275 0.06453312 -0.03436562
v 0.09157644 0.07237049 -0.03432655
v 0.09125168 0.07243379 -0.03435219
v 0.08911512 0.07285026 -0.03452085
v 0.08560084 0.07353253 -0.03452704
v 0.08508555 0.06567615 -0.03450202
v 0.08543303 0.07356507 -0.03452471
v 0.08264625 0.06612825 -0.03423929
v 0.08685853 0.06382200 -0.03457995
v 0.08591298 0.06399724 -0.03455008
v 0.08577457 0.06402290 -0.03454179
v 0.08496812 0.06417237 -0.03449353
v 0.07490246 0.07559272 -0.03211996
v 0.07489898 0.06958517 -0.03213118
v 0.07535190 0.07550650 -0.03228724
v 0.07518391 0.06944867 -0.03225613
v 0.08022886 0.07456961 -0.03379669
v 0.08020430 0.07457434 -0.03379242
v 0.07719781 0.06829565 -0.03296873
v 0.07868660 0.07486612 -0.03338183
v 0.07724499 0.07514328 -0.03299182
v 0.08211476 0.07420607 -0.03412501
v 0.08322117 0.07399280 -0.03431762
v 0.06987845 0.07655306 -0.02958970
v 0.06988089 0.07177406 -0.02958390
v 0.07017995 0.07649557 -0.02978987
v 0.07128679 0.07122093 -0.03040167
v 0.07214580 0.07612016 -0.03085118
v 0.07288695 0.07597863 -0.03125131
v 0.07183993 0.07100331 -0.03072341
v 0.07434225 0.07570021 -0.03191146
v 0.07283300 0.07057485 -0.03122522
v 0.07420697 0.06991667 -0.03182773
v 0.06163726 0.07452606 -0.02249693
v 0.06353789 0.07776278 -0.02457669
v 0.06253676 0.07426043 -0.02352370
v 0.06361012 0.07774899 -0.02464486
v 0.06341863 0.07398535 -0.02441031
v 0.06519379 0.07744638 -0.02613973
v 0.06466072 0.07359792 -0.02565908
v 0.06533639 0.07741918 -0.02625443
v 0.06534914 0.07336985 -0.02623937
v 0.06625602 0.07724380 -0.02699410
v 0.06585930 0.07320085 -0.02666938
v 0.06761371 0.07698488 -0.02808612
v 0.06693963 0.07284294 -0.02758002
v 0.06910502 0.07670053 -0.02907621
v 0.06849235 0.07228906 -0.02867234
v 0.06934504 0.07198489 -0.02927221
v 0.05347063 0.07970268 0.00000009
v 0.05347075 0.07677051 0.00000012
v 0.05347823 0.07969908 -0.00060000
v 0.05347075 0.07677053 -0.00000002
v 0.05347823 0.07677983 -0.00060000
v 0.05347823 0.07969908 -0.00060000
v 0.05347823 0.07677983 -0.00060000
v 0.05349120 0.07969634 -0.00117487
v 0.05347823 0.07677983 -0.00060010
v 0.05350105 0.07676219 -0.00146220
v 0.05349120 0.07969634 -0.00117489
v 0.05349241 0.07676898 -0.00117483
v 0.05348376 0.07677574 -0.00088755
v 0.05347823 0.07677983 -0.00060010
f 1 2 3
f 3 4 1
f 4 5 1
f 1 5 6
f 7 8 9
f 9 10 11
f 7 9 12
f 9 11 12
f 12 11 13
f 14 15 16
f 14 16 17
f 18 19 20
f 20 21 18
f 21 17 18
f 18 17 22
f 17 16 22
f 23 24 25
f 24 26 25
f 23 27 24
f 27 28 24
f 24 28 29
f 30 31 32
f 31 33 32
f 32 33 34
f 33 35 34
f 34 35 36
f 35 37 36
f 38 39 40
f 38 40 41
f 40 42 41
f 41 42 43
f 44 45 46
f 46 47 44
f 47 48 44
f 44 48 49
f 50 51 52
f 53 54 55
f 54 50 55
f 55 50 56
f 50 52 56
f 57 58 59
f 58 60 59
f 59 60 61
f 60 62 61
f 61 62 63
f 64 65 66
f 65 67 66
f 66 67 68
f 69 70 71
f 72 73 74
f 73 69 74
f 74 69 75
f 69 71 75
f 76 77 78
f 78 79 76
f 79 80 76
f 76 80 81
f 80 82 81
f 83 84 85
f 86 87 88
f 87 83 88
f 88 83 89
f 83 85 89
f 90 91 92
f 91 93 92
f 92 93 94
f 93 95 94
f 94 95 96
f 97 98 99
f 98 100 99
f 101 102 103
f 102 104 103
f 103 104 105
f 104 106 105
f 105 106 107
f 108 109 110
f 109 111 110
f 110 111 112
f 111 113 112
f 114 115 116
f 115 117 116
f 116 117 118
f 117 119 118
f 118 119 120
f 121 122 123
f 122 124 123
f 123 124 125
f 124 126 125
f 125 126 127
f 126 128 127
f 129 130 131
f 130 132 131
f 131 132 133
f 132 134 133
f 135 136 137
f 136 138 137
f 137 138 139
f 138 140 139
f 139 140 141
f 140 142 141
f 143 144 145
f 144 146 145
f 145 146 147
f 148 149 150
f 151 152 153
f 152 148 153
f 153 148 154
f 148 150 154
f 155 156 157
f 156 158 157
f 159 160 161
f 160 162 161
f 161 162 163
f 162 164 163
f 165 166 167
f 166 168 167
f 169 170 171
f 172 173 174
f 173 169 174
f 174 169 175
f 169 171 175
f 176 177 178
f 177 179 178
f 178 179 180
f 179 181 180
f 182 183 184
f 185 186 187
f 186 182 187
f 187 182 188
f 182 184 188
f 189 190 191
f 190 192 191
f 193 194 195
f 194 196 195
f 195 196 197
f 196 198 197
f 197 198 199
f 198 200 199
f 199 200 201
f 200 202 201
f 201 202 203
f 202 204 203
f 203 204 205
f 204 206 205
f 205 206 207
f 206 208 207
f 207 208 209
f 208 210 209
f 209 210 211
f 210 212 211
f 211 212 213
f 212 214 213
f 213 214 215
f 214 216 215
f 215 216 217
f 216 218 217
f 217 218 219
f 218 220 219
f 219 220 221
f 220 222 221
f 221 222 223
f 222 224 223
f 223 224 225
f 224 226 225
f 225 226 227
f 226 228 227
f 227 228 229
f 228 230 229
f 229 230 231
f 230 232 231
f 231 232 233
f 232 234 233
f 233 234 235
f 234 236 235
f 237 238 239
f 239 240 237
f 240 241 237
f 237 241 242
f 241 243 242
f 235 236 244
f 236 245 244
f 244 245 246
f 245 247 246
f 246 247 248
f 247 249 248
f 248 249 250
f 249 251 250
f 250 251 252
f 251 253 252
f 252 253 254
f 253 255 254
f 254 255 256
f 255 257 256
f 256 257 258
f 257 259 258
f 258 259 260
f 259 261 260
f 260 261 262
f 261 263 262
f 262 263 264
f 263 265 264
f 264 265 266
f 265 267 266
f 266 267 268
f 267 269 268
f 268 269 270
f 269 271 270
f 270 271 272
f 271 273 272
f 272 273 274
f 273 275 274
f 274 275 276
f 275 277 276
f 276 277 243
f 277 278 243
f 243 278 242
f 279 280 281
f 280 282 281
f 281 282 283
f 282 284 283
f 283 284 285
f 284 286 285
f 285 286 287
f 286 288 287
f 287 288 289
f 288 290 289
f 289 290 291
f 290 292 291
f 291 292 293
f 292 294 293
f 293 294 295
f 294 296 295
f 295 296 297
f 296 298 297
f 297 298 299
f 298 300 299
f 299 300 301
f 300 302 301
f 239 238 303
f 238 304 303
f 303 304 305
f 304 306 305
f 305 306 307
f 306 308 307
f 307 308 309
f 308 310 309
f 309 310 311
f 310 312 311
f 311 312 313
f 312 314 313
f 313 314 315
f 314 316 315
f 315 316 317
f 316 318 317
f 317 318 319
f 318 320 319
f 319 320 302
f 320 321 302
f 302 321 301
f 194 193 322
f 193 323 322
f 322 323 324
f 323 325 324
f 324 325 326
f 325 327 326
f 326 327 328
f 327 329 328
f 328 329 330
f 329 331 330
f 330 331 332
f 331 333 332
f 332 333 334
f 333 335 334
f 334 335 336
f 335 337 336
f 336 337 338
f 337 339 338
f 338 339 340
f 339 341 340
f 340 341 342
f 341 343 342
f 280 279 344
f 279 345 344
f 344 345 346
f 345 347 346
f 346 347 348
f 347 349 348
f 348 349 350
f 349 351 350
f 350 351 352
f 351 353 352
f 352 353 354
f 353 355 354
f 354 355 356
f 355 357 356
f 356 357 358
f 357 359 358
f 358 359 360
f 359 361 360
f 360 361 343
f 361 362 343
f 343 362 342
f 363 364 365
f 366 367 365
f 368 369 366
f 369 370 366
f 365 371 366
f 371 372 366
f 366 372 373
f 373 374 366
f 374 375 366
f 366 375 376
f 376 377 366
f 377 378 366
f 366 378 368
f 370 379 366
f 379 380 366
f 366 380 381
f 381 382 366
f 382 383 366
f 366 383 384
f 384 383 385
f 383 386 385
f 385 386 387
f 387 388 385
f 388 389 385
f 385 389 390
f 367 391 365
f 391 392 365
f 365 392 393
f 393 394 365
f 394 395 365
f 365 395 363
f 364 396 365
f 396 397 365
f 365 397 398
f 398 399 365
f 399 400 365
f 365 400 401
f 401 402 365
f 402 403 365
f 365 403 404
f 404 403 405
f 403 406 405
f 405 406 407
f 407 408 405
f 408 409 405
f 405 409 410
f 411 412 413
f 412 414 413
f 413 414 415
f 416 417 418
f 419 420 421
f 420 422 421
f 422 423 421
f 421 423 424
f 423 425 424
f 419 421 426
f 421 427 426
f 426 427 428
f 428 429 426
f 429 430 426
f 426 430 431
f 432 424 433
f 424 425 433
f 433 425 434
f 435 416 436
f 416 437 436
f 432 417 424
f 417 416 424
f 424 416 438
f 416 435 438
f 439 440 441
f 442 443 444
f 445 446 444
f 446 447 444
f 444 447 448
f 449 450 441
f 450 451 441
f 441 451 439
f 451 442 439
f 452 453 454
f 455 456 457
f 458 459 460
f 458 460 461
f 462 463 464
f 463 465 464
f 464 465 466
f 465 467 466
f 466 467 468
f 467 469 468
f 468 469 470
f 469 471 470
f 470 471 472
f 471 473 472
f 472 473 474
f 473 475 474
f 474 475 476
f 475 477 476
f 476 477 478
f 462 464 460
f 464 479 460
f 460 479 461
f 480 481 482
f 480 482 483
f 482 484 483
f 483 484 485
f 484 486 485
f 486 487 485
f 485 487 456
f 487 488 456
f 488 489 456
f 456 489 490
f 490 491 456
f 491 492 456
f 456 492 493
f 493 494 456
f 494 495 456
f 456 495 496
f 497 498 499
f 496 500 456
f 500 501 456
f 456 501 497
f 498 502 499
f 502 503 499
f 499 503 504
f 504 505 499
f 505 506 499
f 499 506 507
f 507 508 499
f 508 509 499
f 499 509 510
f 510 511 499
f 511 512 499
f 499 512 513
f 512 514 513
f 514 515 513
f 513 515 516
f 515 517 516
f 516 517 518
f 517 519 518
f 518 519 520
f 519 521 520
f 521 522 520
f 520 522 523
f 522 524 523
f 523 524 525
f 524 526 525
f 525 526 527
f 526 478 527
f 527 478 528
f 478 477 528
f 529 530 531
f 530 532 531
f 531 532 533
f 534 535 536
f 535 537 536
f 536 537 538
f 537 539 538
f 538 539 480
f 539 540 480
f 480 540 481
f 536 541 534
f 541 542 534
f 534 542 543
f 542 544 543
f 543 544 545
f 544 546 545
f 545 546 547
f 546 548 547
f 547 548 549
f 548 550 549
f 549 550 551
f 550 552 551
f 551 552 553
f 552 554 553
f 553 554 533
f 554 555 533
f 533 555 531
f 556 557 558
f 557 559 558
f 559 560 558
f 558 560 561
f 562 453 563
f 453 564 563
f 563 564 565
f 564 566 565
f 565 566 567
f 566 568 567
f 567 568 569
f 568 570 569
f 569 570 571
f 570 572 571
f 571 572 558
f 572 573 558
f 558 573 556
f 562 574 453
f 574 575 453
f 453 575 576
f 576 577 578
f 577 579 578
f 578 579 580
f 580 581 578
f 581 582 578
f 578 582 583
f 582 584 583
f 585 586 587
f 585 587 588
f 529 531 589
f 531 590 589
f 589 590 587
f 590 591 587
f 587 591 588
f 586 592 587
f 592 593 587
f 587 593 594
f 593 595 594
f 594 595 596
f 595 597 596
f 596 597 598
f 597 599 598
f 598 599 584
f 599 600 584
f 584 600 583
f 561 560 459
f 560 601 459
f 459 601 460
f 497 499 456
f 499 602 456
f 456 602 457
f 603 604 605
f 604 606 605
f 605 606 607
f 606 608 607
f 607 608 609
f 608 610 609
f 611 612 608
f 612 613 608
f 608 613 610
f 611 614 612
f 614 615 612
f 612 615 616
f 615 617 616
f 616 617 457
f 617 618 457
f 457 618 455
f 619 620 621
f 620 622 621
f 622 623 621
f 621 623 624
f 624 625 621
f 625 626 621
f 621 626 627
f 627 628 621
f 628 629 621
f 621 629 630
f 629 631 630
f 630 631 431
f 631 426 431
f 619 621 603
f 621 632 603
f 603 632 633
f 633 634 603
f 634 635 603
f 603 635 636
f 636 637 603
f 637 638 603
f 603 638 639
f 639 640 603
f 640 641 603
f 603 641 604
f 454 453 642
f 576 578 453
f 578 643 453
f 453 643 642
f 449 441 644
f 449 644 454
f 644 645 454
f 454 645 452
f 646 647 648
f 647 649 648
f 650 651 652
f 651 650 653
f 650 654 653
f 653 654 655
f 654 656 655
f 655 656 657
f 658 659 660
f 659 661 660
f 660 661 656
f 661 662 656
f 656 662 657
f 663 664 665
f 664 666 665
f 665 666 667
f 666 668 667
f 668 669 667
f 667 669 658
f 669 670 658
f 658 670 659
f 663 665 671
f 665 672 671
f 671 672 673
f 672 674 673
f 673 674 675
f 675 674 676
f 674 677 676
f 676 677 678
f 679 680 681
f 680 682 681
f 681 682 677
f 682 683 677
f 677 683 678
f 679 681 684
f 681 685 684
f 684 685 686
f 686 685 687
f 685 688 687
f 687 688 689
f 689 688 690
f 688 691 690
f 690 691 692
f 691 693 692
f 692 693 694
f 693 695 694
f 694 695 696
f 695 697 696
f 696 697 698
f 697 699 698
f 698 699 700
f 700 699 701
f 699 702 701
f 701 702 703
f 702 704 703
f 703 704 705
f 704 706 705
f 705 706 707
f 707 706 708
f 706 709 708
f 708 709 710
f 709 711 710
f 710 711 712
f 711 713 712
f 712 713 714
f 713 715 714
f 714 715 716
f 715 717 716
f 716 717 718
f 717 719 718
f 718 719 720
f 719 721 720
f 720 721 722
f 721 723 722
f 722 723 724
f 723 725 724
f 724 725 726
f 726 725 727
f 725 728 727
f 727 728 729
f 730 731 732
f 729 728 733
f 728 734 733
f 733 734 735
f 734 736 735
f 735 736 732
f 736 737 732
f 732 737 730
f 738 739 740
f 652 741 650
f 741 742 650
f 650 742 743
f 742 744 743
f 743 744 740
f 744 745 740
f 740 745 738
f 731 730 746
f 730 747 746
f 746 747 748
f 747 749 748
f 748 749 750
f 749 751 750
f 750 751 752
f 751 753 752
f 752 753 754
f 753 755 754
f 754 755 756
f 755 757 756
f 756 757 758
f 757 759 758
f 758 759 760
f 759 761 760
f 760 761 762
f 761 763 762
f 762 763 764
f 763 765 764
f 764 765 739
f 765 766 739
f 739 766 740
f 767 768 769
f 770 647 646
f 771 772 773
f 774 775 646
f 775 776 646
f 646 776 770
f 777 778 779
f 778 780 779
f 779 780 781
f 782 783 784
f 781 780 785
f 780 786 785
f 785 786 787
f 783 788 784
f 788 789 784
f 784 789 772
f 790 791 784
f 771 792 772
f 792 793 772
f 772 793 784
f 793 794 784
f 784 794 790
f 791 795 784
f 795 796 784
f 784 796 797
f 797 798 784
f 798 785 784
f 784 785 782
f 785 787 782
f 798 799 785
f 799 800 785
f 785 800 801
f 801 802 785
f 802 803 785
f 785 803 804
f 805 806 807
f 806 808 807
f 807 808 804
f 808 809 804
f 804 809 785
f 805 810 806
f 810 811 806
f 806 811 812
f 813 814 815
f 814 806 815
f 815 806 816
f 806 812 816
f 813 817 814
f 817 818 814
f 814 818 819
f 819 820 814
f 820 821 814
f 814 821 822
f 821 823 822
f 822 823 824
f 825 826 827
f 826 822 827
f 827 822 828
f 822 824 828
f 825 829 826
f 829 830 826
f 826 830 831
f 826 832 822
f 832 833 822
f 822 833 769
f 833 834 769
f 769 834 767
f 835 836 837
f 836 838 837
f 837 838 839
f 838 840 839
f 835 841 836
f 841 842 836
f 836 842 843
f 842 771 843
f 843 771 774
f 771 773 774
f 774 773 775
f 844 845 846
f 847 848 849
f 850 851 852
f 853 854 855
f 856 857 858
f 859 860 861
f 862 863 864
f 863 865 864
f 866 867 868
f 867 869 868
f 870 871 866
f 871 872 866
f 866 872 867
f 873 874 875
f 874 876 875
f 875 876 877
f 876 878 877
f 877 878 879
f 880 881 882
f 880 882 883
f 883 882 884
f 882 873 884
f 884 873 885
f 873 875 885
f 885 875 886
f 857 856 887
f 856 888 887
f 887 888 889
f 888 890 889
f 889 890 891
f 845 892 846
f 892 893 846
f 846 893 894
f 893 895 894
f 894 895 896
f 892 897 893
f 897 898 893
f 893 898 899
f 900 896 858
f 896 895 858
f 858 895 856
f 895 893 856
f 856 893 888
f 893 899 888
f 888 899 901
f 878 870 879
f 870 866 879
f 879 866 902
f 866 868 902
f 853 855 903
f 865 863 904
f 863 905 904
f 904 905 906
f 905 907 906
f 906 907 908
f 907 909 908
f 908 909 910
f 851 886 852
f 886 875 852
f 852 875 911
f 875 877 911
f 911 877 910
f 877 879 910
f 910 879 908
f 879 902 908
f 908 902 906
f 902 868 906
f 906 868 904
f 868 869 904
f 904 869 865
f 772 912 913
f 912 914 913
f 914 912 915
f 912 916 915
f 915 916 917
f 918 919 915
f 919 920 915
f 915 920 914
f 921 922 923
f 860 924 861
f 924 925 861
f 861 925 926
f 925 927 926
f 926 927 928
f 927 929 928
f 928 929 930
f 929 931 930
f 930 931 932
f 931 849 932
f 932 849 933
f 915 933 918
f 933 849 918
f 918 849 934
f 849 848 934
f 924 903 925
f 903 855 925
f 925 855 927
f 855 935 927
f 927 935 929
f 935 936 929
f 929 936 931
f 936 921 931
f 931 921 849
f 921 923 849
f 849 923 847
f 854 844 855
f 844 846 855
f 855 846 935
f 846 894 935
f 935 894 936
f 894 896 936
f 936 896 921
f 896 900 921
f 921 900 922
f 917 850 915
f 850 852 915
f 915 852 933
f 852 911 933
f 933 911 932
f 911 910 932
f 932 910 930
f 910 909 930
f 930 909 928
f 909 907 928
f 928 907 926
f 907 905 926
f 926 905 861
f 905 863 861
f 861 863 859
f 863 862 859
f 937 938 939
f 940 941 942
f 941 937 942
f 942 937 943
f 937 939 943
f 944 945 946
f 946 947 944
f 947 948 944
f 944 948 949
f 948 950 949
f 949 950 951
f 952 953 954
f 953 955 954
f 954 955 956
f 957 958 959
f 958 960 959
f 775 773 961
f 773 962 961
f 963 964 962
f 964 965 962
f 962 965 961
f 966 967 968
f 967 969 968
f 968 969 963
f 969 970 963
f 963 970 964
f 971 972 973
f 972 971 974
f 971 975 974
f 974 975 976
f 976 975 977
f 975 978 977
f 977 978 979
f 980 981 978
f 981 982 978
f 978 982 983
f 960 984 959
f 984 985 959
f 959 985 980
f 985 986 980
f 980 986 981
f 773 772 962
f 772 913 962
f 962 913 963
f 913 914 963
f 963 914 920
f 934 968 918
f 968 963 918
f 918 963 919
f 963 920 919
f 848 987 971
f 934 848 968
f 848 971 968
f 968 971 966
f 971 973 966
f 987 988 971
f 988 922 971
f 971 922 975
f 922 989 975
f 975 989 978
f 989 990 978
f 978 990 980
f 891 957 991
f 957 959 991
f 991 959 887
f 959 980 887
f 887 980 857
f 980 990 857
f 992 993 994
f 960 992 984
f 992 994 984
f 984 994 995
f 994 996 995
f 995 996 986
f 996 997 986
f 986 997 981
f 997 998 981
f 977 979 999
f 979 982 999
f 999 982 1000
f 982 981 1000
f 1000 981 1001
f 981 998 1001
f 999 1002 977
f 1002 1003 977
f 977 1003 976
f 1003 1004 976
f 976 1004 974
f 1004 1005 974
f 1005 1006 974
f 974 1006 972
f 1006 1007 972
f 967 966 1007
f 966 973 1007
f 1007 973 972
f 1007 1008 967
f 1008 1009 967
f 967 1009 969
f 1009 1010 969
f 969 1010 970
f 1010 1011 970
f 970 1011 964
f 1011 1012 964
f 964 1012 1013
f 776 775 1014
f 775 961 1014
f 1014 961 1013
f 961 1015 1013
f 1013 1015 964
f 1016 1017 1003
f 1018 1019 1006
f 1020 1021 1014
f 1014 1021 776
f 1021 1022 776
f 776 1022 770
f 770 1022 647
f 1022 1023 647
f 647 1023 649
f 1011 1024 1012
f 1024 1025 1012
f 1014 1013 1020
f 1013 1012 1020
f 1020 1012 1026
f 1012 1025 1026
f 1027 1009 1028
f 1009 1008 1028
f 1028 1008 1029
f 1011 1010 1024
f 1010 1009 1024
f 1024 1009 1030
f 1009 1027 1030
f 1029 1031 1019
f 1031 1007 1019
f 1019 1007 1006
f 1032 1005 1017
f 1005 1004 1017
f 1017 1004 1003
f 1032 1033 1005
f 1033 1034 1005
f 1005 1034 1006
f 1034 1035 1006
f 1006 1035 1018
f 1016 1003 1036
f 1003 1002 1036
f 1036 1002 1037
f 1038 1002 1039
f 1002 999 1039
f 1040 1041 1002
f 1041 1042 1002
f 1002 1042 1037
f 999 1000 1043
f 1000 1001 1043
f 1043 1001 1044
f 1001 998 1044
f 1044 998 1045
f 1046 1047 1048
f 1048 1049 1046
f 1049 994 1046
f 1046 994 993
f 1045 998 1050
f 998 997 1050
f 1050 997 1049
f 997 996 1049
f 1049 996 994
f 1051 1052 1053
f 1054 1055 1056
f 1057 1058 1059
f 1060 1061 1062
f 1063 1064 1065
f 1066 1067 1068
f 1069 1070 1071
f 1072 1073 1074
f 1075 1076 1077
f 1078 1079 1080
f 1081 1082 1083
f 1084 1085 1086
f 1087 1088 1089
f 1089 1088 1090
f 1091 1092 1093
f 1094 1095 1093
f 1095 1096 1093
f 1093 1096 1091
f 1094 1093 1097
f 1093 1098 1097
f 1097 1098 1099
f 1084 1086 1100
f 1086 1101 1100
f 1100 1101 1102
f 1101 1103 1102
f 1102 1103 1104
f 1103 1105 1104
f 1104 1105 1106
f 1106 1105 1107
f 1105 1108 1107
f 1107 1108 1109
f 1110 1111 1112
f 1113 1114 1115
f 1114 1116 1115
f 1117 1118 1071
f 1118 1113 1071
f 1071 1113 1119
f 1113 1115 1119
f 1119 1115 1110
f 1115 1116 1110
f 1110 1116 1111
f 1117 1071 1120
f 1071 1070 1120
f 1120 1070 1121
f 1070 1069 1121
f 1121 1069 1122
f 1123 1124 1122
f 1124 1125 1122
f 1122 1125 1121
f 1126 1127 1128
f 1129 1130 1128
f 1130 1131 1128
f 1128 1131 1126
f 1132 1133 1134
f 1133 1135 1134
f 1136 1137 1138
f 1137 1139 1138
f 1138 1139 1140
f 1078 1080 1141
f 1142 1143 1144
f 1145 1146 1147
f 1148 1149 1150
f 1150 1020 1148
f 1020 1026 1148
f 1148 1026 1151
f 1152 1153 1149
f 1154 1155 1156
f 1155 1157 1156
f 1158 1159 1154
f 1160 1161 1162
f 1163 1160 1164
f 1160 1162 1164
f 1164 1162 1158
f 1162 1165 1158
f 1158 1165 1159
f 1072 1166 1073
f 1166 1167 1073
f 1073 1167 1168
f 1169 1170 1074
f 1170 1171 1074
f 1074 1171 1072
f 1172 1173 1174
f 1173 1172 1175
f 1172 1176 1175
f 1175 1176 1177
f 1176 1178 1177
f 1177 1178 1179
f 1178 1180 1179
f 1179 1180 1181
f 1182 1183 1184
f 1183 1185 1184
f 1184 1185 1186
f 1185 1181 1186
f 1186 1181 1187
f 1181 1180 1187
f 1127 1188 1128
f 1188 1189 1128
f 1128 1189 1190
f 1188 1191 1189
f 1191 1123 1189
f 1189 1123 1190
f 1123 1122 1190
f 1190 1122 1192
f 1122 1069 1192
f 1192 1069 1193
f 1069 1071 1193
f 1193 1071 1194
f 1071 1119 1194
f 1194 1119 1195
f 1119 1110 1195
f 1195 1110 1196
f 1110 1112 1196
f 1197 1129 1198
f 1129 1128 1198
f 1198 1128 1199
f 1128 1190 1199
f 1199 1190 1200
f 1190 1192 1200
f 1200 1192 1201
f 1192 1193 1201
f 1201 1193 1202
f 1193 1194 1202
f 1202 1194 1203
f 1194 1195 1203
f 1203 1195 1204
f 1195 1196 1204
f 1204 1196 1205
f 1206 1207 1208
f 1207 1209 1208
f 1208 1209 1210
f 1209 1211 1210
f 1210 1211 1212
f 1067 1066 1213
f 1066 1214 1213
f 1213 1214 1215
f 1214 1065 1215
f 1215 1065 1216
f 1065 1064 1216
f 1216 1064 1217
f 1064 1063 1217
f 1217 1063 1218
f 1219 1220 1221
f 1220 1222 1221
f 1221 1222 1223
f 1222 1224 1223
f 1223 1224 1225
f 1226 1227 1228
f 1227 1229 1228
f 1228 1229 1230
f 1229 1231 1230
f 1230 1231 1232
f 1225 1226 1223
f 1226 1228 1223
f 1223 1228 1221
f 1228 1230 1221
f 1221 1230 1219
f 1230 1232 1219
f 1058 1057 1233
f 1057 1234 1233
f 1233 1234 1235
f 1234 1236 1235
f 1235 1236 1237
f 1238 1239 1240
f 1239 1241 1240
f 1085 1242 1086
f 1242 1243 1086
f 1086 1243 1101
f 1243 1244 1101
f 1101 1244 1103
f 1244 1205 1103
f 1103 1205 1105
f 1205 1196 1105
f 1105 1196 1108
f 1196 1112 1108
f 1108 1112 1109
f 1245 1238 1246
f 1238 1240 1246
f 1246 1240 1247
f 1240 1241 1247
f 1247 1241 1248
f 1249 1087 1056
f 1087 1089 1056
f 1056 1089 1054
f 1089 1090 1054
f 1054 1090 1098
f 1090 1250 1098
f 1098 1250 1099
f 1224 1212 1225
f 1212 1211 1225
f 1225 1211 1226
f 1211 1245 1226
f 1226 1245 1227
f 1245 1246 1227
f 1227 1246 1229
f 1246 1247 1229
f 1229 1247 1231
f 1247 1248 1231
f 1231 1248 1232
f 1026 1145 1151
f 1145 1147 1151
f 1151 1147 1148
f 1147 1251 1148
f 1148 1251 1252
f 1251 1253 1252
f 1252 1253 1254
f 1253 1255 1254
f 1254 1255 1053
f 1053 1052 1254
f 1052 1256 1254
f 1254 1256 1252
f 1149 1148 1152
f 1148 1252 1152
f 1152 1252 1257
f 1252 1256 1257
f 1257 1256 1258
f 1258 1256 1259
f 1256 1052 1259
f 1259 1052 1260
f 1052 1051 1260
f 1260 1051 1261
f 1154 1156 1158
f 1156 1262 1158
f 1158 1262 1164
f 1262 1263 1164
f 1164 1263 1163
f 1062 1061 1264
f 1061 1265 1264
f 1264 1265 1266
f 1265 1267 1266
f 1266 1267 1268
f 1267 1269 1268
f 1268 1269 1263
f 1269 1270 1263
f 1263 1270 1163
f 1271 1184 1272
f 1184 1186 1272
f 1272 1186 1273
f 1186 1187 1273
f 1273 1187 1274
f 1187 1180 1274
f 1274 1180 1275
f 1180 1178 1275
f 1275 1178 1276
f 1178 1176 1276
f 1276 1176 1169
f 1176 1172 1169
f 1169 1172 1170
f 1172 1174 1170
f 1168 1161 1073
f 1161 1160 1073
f 1073 1160 1074
f 1160 1163 1074
f 1074 1163 1169
f 1163 1270 1169
f 1169 1270 1276
f 1270 1269 1276
f 1276 1269 1275
f 1269 1267 1275
f 1275 1267 1274
f 1267 1265 1274
f 1274 1265 1273
f 1265 1061 1273
f 1273 1061 1272
f 1061 1060 1272
f 1272 1060 1271
f 1091 1182 1092
f 1182 1184 1092
f 1092 1184 1277
f 1184 1271 1277
f 1277 1271 1278
f 1271 1060 1278
f 1278 1060 1279
f 1060 1062 1279
f 1279 1062 1280
f 1062 1264 1280
f 1280 1264 1261
f 1264 1266 1261
f 1261 1266 1260
f 1266 1268 1260
f 1260 1268 1259
f 1268 1263 1259
f 1259 1263 1258
f 1263 1262 1258
f 1258 1262 1257
f 1262 1156 1257
f 1257 1156 1152
f 1156 1157 1152
f 1152 1157 1153
f 1076 1141 1077
f 1141 1080 1077
f 1077 1080 1281
f 1282 1283 1284
f 1283 1285 1284
f 1284 1285 1286
f 1285 1142 1286
f 1286 1142 1287
f 1142 1144 1287
f 1287 1144 1288
f 1288 1289 1287
f 1289 1075 1287
f 1287 1075 1286
f 1075 1077 1286
f 1286 1077 1284
f 1077 1281 1284
f 1284 1281 1282
f 1135 1290 1134
f 1290 1291 1134
f 1134 1291 1292
f 1291 1293 1292
f 1292 1293 1068
f 1293 1294 1068
f 1068 1294 1066
f 1294 1295 1066
f 1066 1295 1214
f 1295 1296 1214
f 1214 1296 1065
f 1296 1237 1065
f 1065 1237 1063
f 1237 1236 1063
f 1063 1236 1218
f 1236 1234 1218
f 1242 1059 1243
f 1059 1058 1243
f 1243 1058 1244
f 1058 1233 1244
f 1244 1233 1205
f 1233 1235 1205
f 1205 1235 1204
f 1235 1237 1204
f 1204 1237 1203
f 1237 1296 1203
f 1203 1296 1202
f 1296 1295 1202
f 1202 1295 1201
f 1295 1294 1201
f 1201 1294 1200
f 1294 1293 1200
f 1200 1293 1199
f 1293 1291 1199
f 1199 1291 1198
f 1291 1290 1198
f 1198 1290 1197
f 1140 1081 1138
f 1081 1297 1138
f 1138 1297 1298
f 1297 1299 1298
f 1298 1299 1300
f 1136 1138 1301
f 1138 1298 1301
f 1301 1298 1302
f 1298 1300 1302
f 1302 1300 1303
f 1079 1136 1080
f 1136 1301 1080
f 1080 1301 1281
f 1301 1302 1281
f 1281 1302 1282
f 1302 1303 1282
f 1282 1303 1304
f 1303 1206 1304
f 1304 1206 1305
f 1206 1208 1305
f 1305 1208 1306
f 1208 1210 1306
f 1081 1083 1297
f 1083 1307 1297
f 1297 1307 1299
f 1307 1308 1299
f 1299 1308 1300
f 1308 1309 1300
f 1300 1309 1303
f 1309 1310 1303
f 1303 1310 1206
f 1239 1055 1241
f 1055 1054 1241
f 1241 1054 1248
f 1054 1098 1248
f 1248 1098 1232
f 1098 1093 1232
f 1232 1093 1219
f 1093 1092 1219
f 1219 1092 1220
f 1092 1277 1220
f 1220 1277 1222
f 1277 1278 1222
f 1222 1278 1224
f 1278 1279 1224
f 1224 1279 1212
f 1279 1280 1212
f 1212 1280 1210
f 1280 1261 1210
f 1210 1261 1306
f 1261 1051 1306
f 1306 1051 1305
f 1051 1053 1305
f 1305 1053 1304
f 1053 1255 1304
f 1304 1255 1282
f 1255 1253 1282
f 1282 1253 1283
f 1253 1251 1283
f 1283 1251 1285
f 1251 1147 1285
f 1285 1147 1142
f 1147 1146 1142
f 1142 1146 1143
f 1082 1132 1083
f 1132 1134 1083
f 1083 1134 1307
f 1134 1292 1307
f 1307 1292 1308
f 1292 1068 1308
f 1308 1068 1309
f 1068 1067 1309
f 1309 1067 1310
f 1067 1213 1310
f 1310 1213 1206
f 1213 1215 1206
f 1206 1215 1207
f 1215 1216 1207
f 1207 1216 1209
f 1216 1217 1209
f 1209 1217 1211
f 1217 1218 1211
f 1211 1218 1245
f 1218 1234 1245
f 1245 1234 1238
f 1234 1057 1238
f 1238 1057 1239
f 1057 1059 1239
f 1239 1059 1055
f 1059 1242 1055
f 1055 1242 1056
f 1242 1085 1056
f 1056 1085 1249
f 1085 1084 1249
f 1311 1312 1313
f 1312 1314 1313
f 1313 1314 1315
f 1314 1316 1315
f 1315 1316 1317
f 1316 1318 1317
f 1317 1318 1319
f 1318 1320 1319
f 1319 1320 1321
f 1320 1322 1321
f 1321 1322 1323
f 1324 1325 1326
f 1325 1327 1326
f 1326 1327 1328
f 1327 1323 1328
f 1328 1323 1329
f 1323 1322 1329
f 1330 1331 1332
f 1333 1334 1335
f 1336 1337 1338
f 1339 1340 1341
f 1342 1343 1344
f 1345 1346 1347
f 1346 1348 1347
f 1349 1350 1351
f 1350 1352 1351
f 1351 1352 1353
f 1353 1354 1342
f 1354 1355 1342
f 1342 1355 1343
f 1356 1357 1358
f 1349 1356 1359
f 1356 1358 1359
f 1359 1358 1360
f 1340 1361 1341
f 1361 1362 1341
f 1341 1362 1363
f 1339 1341 1364
f 1341 1365 1364
f 1364 1365 1366
f 1366 1365 1367
f 1365 1338 1367
f 1367 1338 1368
f 1368 1338 1369
f 1338 1337 1369
f 1369 1337 1370
f 1371 1372 1373
f 1371 1374 1375
f 1374 1376 1375
f 1375 1376 1377
f 1378 1379 1380
f 1379 1342 1380
f 1380 1342 1346
f 1342 1344 1346
f 1346 1344 1348
f 1381 1382 1383
f 1382 1384 1383
f 1383 1384 1336
f 1385 1386 1387
f 1386 1388 1387
f 1387 1388 1381
f 1389 1390 1391
f 1390 1392 1391
f 1371 1373 1374
f 1373 1393 1374
f 1374 1393 1394
f 1349 1351 1356
f 1351 1395 1356
f 1356 1395 1396
f 1395 1391 1396
f 1396 1391 1397
f 1391 1392 1397
f 1397 1392 1385
f 1353 1342 1351
f 1342 1379 1351
f 1351 1379 1395
f 1379 1374 1395
f 1395 1374 1391
f 1374 1394 1391
f 1391 1394 1389
f 1336 1338 1383
f 1338 1365 1383
f 1383 1365 1398
f 1365 1341 1398
f 1398 1341 1335
f 1341 1363 1335
f 1335 1363 1333
f 1381 1383 1387
f 1383 1398 1387
f 1387 1398 1399
f 1398 1335 1399
f 1399 1335 1332
f 1335 1334 1332
f 1332 1334 1330
f 1385 1387 1397
f 1387 1399 1397
f 1397 1399 1396
f 1399 1332 1396
f 1396 1332 1356
f 1332 1331 1356
f 1356 1331 1357
f 1350 1400 1352
f 1400 1401 1352
f 1352 1401 1402
f 1403 1404 1350
f 1404 1405 1350
f 1350 1405 1400
f 1359 1406 1407
f 1407 1408 1359
f 1408 1409 1359
f 1359 1409 1349
f 1409 1410 1349
f 1349 1410 1350
f 1410 1411 1350
f 1350 1411 1403
f 1412 1413 1414
f 1413 1415 1414
f 1416 1417 1418
f 1417 1419 1418
f 1415 1420 1414
f 1420 1421 1414
f 1414 1421 1418
f 1421 1422 1418
f 1418 1422 1416
f 1419 1423 1418
f 1423 1424 1418
f 1418 1424 1425
f 1425 1426 1418
f 1426 1427 1418
f 1418 1427 1414
f 1402 1401 1428
f 1401 1429 1428
f 1428 1429 1430
f 1429 1431 1430
f 1430 1431 1414
f 1431 1432 1414
f 1414 1432 1412
f 1433 1434 1435
f 862 1436 1437
f 1438 1439 1440
f 1438 1440 1436
f 1439 1441 1440
f 1441 1442 1440
f 1440 1442 1435
f 1442 1443 1435
f 1435 1443 1444
f 1443 1445 1444
f 1444 1445 1446
f 862 1437 1447
f 1448 1449 1450
f 1450 1451 1448
f 1451 1452 1448
f 1448 1452 1447
f 1453 1454 1455
f 1453 1455 1456
f 1455 1457 1456
f 1456 1457 1458
f 1453 1459 1454
f 1459 1460 1454
f 1454 1460 1461
f 1460 1462 1461
f 1461 1462 891
f 1462 1463 891
f 1447 1437 1448
f 1437 1464 1448
f 1448 1464 1465
f 1457 1466 1458
f 1466 1467 1458
f 1458 1467 1468
f 1467 1469 1468
f 1468 1469 1470
f 1469 1471 1470
f 1470 1471 1472
f 1471 1449 1472
f 1472 1449 1473
f 1449 1448 1473
f 1473 1448 1474
f 1448 1465 1474
f 1475 1476 1437
f 1476 1477 1437
f 1437 1477 1464
f 1436 1440 1437
f 1440 1478 1437
f 1437 1478 1475
f 1434 1479 1435
f 1479 1480 1435
f 1435 1480 1440
f 1480 1481 1440
f 1440 1481 1478
f 1482 1483 1444
f 1483 1484 1444
f 1444 1484 1435
f 1484 1485 1435
f 1435 1485 1433
f 1446 1486 1444
f 1486 1487 1444
f 1444 1487 1482
f 1487 1488 1482
f 1482 1488 1489
f 1490 1491 1492
f 1493 1494 1495
f 1496 1497 1498
f 1439 1499 1500
f 1499 1501 1500
f 1502 1443 1503
f 1443 1504 1503
f 1503 1504 1505
f 1486 1506 1507
f 1508 1509 1510
f 1509 1511 1510
f 1512 1513 1509
f 1513 1514 1509
f 1509 1514 1511
f 1515 1516 1512
f 1516 1517 1512
f 1512 1517 1513
f 1518 1519 1515
f 1519 1520 1515
f 1515 1520 1516
f 1515 873 882
f 1518 1515 1521
f 1515 882 1521
f 1521 882 881
f 1522 1523 1524
f 1523 1491 1524
f 1524 1491 1525
f 1491 1490 1525
f 1495 1526 1527
f 1493 1495 1528
f 1495 1527 1528
f 1528 1527 1529
f 1530 1531 874
f 1522 1524 1508
f 1524 1525 1508
f 1508 1525 1509
f 1525 1532 1509
f 1509 1532 1512
f 1532 1530 1512
f 1512 1530 1515
f 1530 874 1515
f 1515 874 873
f 1490 1494 1525
f 1494 1493 1525
f 1525 1493 1532
f 1493 1528 1532
f 1532 1528 1530
f 1528 1529 1530
f 1530 1529 1531
f 1533 1534 1535
f 1505 1439 1503
f 1439 1500 1503
f 1503 1500 1536
f 1535 1536 1533
f 1536 1500 1533
f 1533 1500 864
f 1500 1501 864
f 864 1501 862
f 1486 1507 1537
f 1507 1492 1537
f 1537 1492 1538
f 1492 1491 1538
f 1538 1491 1539
f 1491 1523 1539
f 1539 1523 1498
f 1523 1522 1498
f 1498 1522 1496
f 864 1540 1533
f 1540 1541 1533
f 1533 1541 1534
f 1541 1542 1534
f 1534 1542 1543
f 1506 1502 1507
f 1502 1503 1507
f 1507 1503 1492
f 1503 1536 1492
f 1492 1536 1490
f 1536 1535 1490
f 1490 1535 1494
f 1535 1534 1494
f 1494 1534 1495
f 1534 1543 1495
f 1495 1543 1526
f 1544 1545 1546
f 1547 1548 1549
f 1550 843 1551
f 843 774 1551
f 1551 774 646
f 840 838 1552
f 838 1553 1552
f 1552 1553 1554
f 1553 1548 1554
f 1554 1548 1555
f 1548 1547 1555
f 1556 1557 1549
f 1557 1558 1549
f 1549 1558 1547
f 1559 1560 1556
f 1560 1561 1556
f 1556 1561 1557
f 1562 1563 1559
f 1563 1564 1559
f 1559 1564 1560
f 1565 1566 1567
f 1567 1566 1568
f 1566 1569 1568
f 1569 1570 1568
f 1568 1570 1562
f 1570 1571 1562
f 1562 1571 1563
f 1572 1573 1574
f 1573 1575 1574
f 1574 1576 1572
f 1576 1577 1572
f 1572 1577 1578
f 1579 1580 1577
f 1580 1581 1577
f 1577 1581 1578
f 1582 1583 1584
f 1583 1579 1584
f 1584 1579 1585
f 1579 1577 1585
f 831 1544 1586
f 1544 1546 1586
f 1586 1546 832
f 1546 833 832
f 1587 1588 768
f 768 767 1587
f 767 834 1587
f 1587 834 1589
f 834 1590 1589
f 1589 1590 1591
f 1567 1592 1593
f 1568 1594 1595
f 1568 1595 1567
f 1595 1596 1567
f 1567 1596 1592
f 1597 1598 1568
f 1598 1599 1568
f 1568 1599 1594
f 1600 1601 1602
f 1603 1604 1605
f 1606 1607 1593
f 1607 1608 1593
f 1593 1608 1567
f 1608 1574 1567
f 1567 1574 1565
f 1574 1575 1565
f 1608 1609 1574
f 1609 1610 1574
f 1574 1610 1576
f 1610 1611 1576
f 1576 1611 1612
f 1613 1614 1615
f 1602 1603 1616
f 1603 1605 1616
f 1616 1605 1617
f 1605 1618 1617
f 1613 1615 1619
f 1615 1620 1619
f 1619 1620 1621
f 1621 1622 1619
f 1622 1623 1619
f 1619 1623 1618
f 1623 1624 1618
f 1618 1624 1617
f 1625 1626 1627
f 1628 1629 1630
f 1629 1631 1630
f 1630 1631 1632
f 1631 1551 1632
f 1632 1551 1154
f 1551 646 1154
f 1154 646 1155
f 646 648 1155
f 1155 648 649
f 1604 1597 1605
f 1597 1568 1605
f 1605 1568 1618
f 1568 1562 1618
f 1618 1562 1619
f 1562 1559 1619
f 1619 1559 1613
f 1559 1556 1613
f 1613 1556 1629
f 1556 1549 1629
f 1629 1549 1631
f 1549 1548 1631
f 1631 1548 1551
f 1548 1553 1551
f 1551 1553 1550
f 1553 838 1550
f 834 833 1590
f 833 1546 1590
f 1590 1546 1584
f 1546 1545 1584
f 1584 1545 1582
f 1591 1590 1633
f 1590 1584 1633
f 1633 1584 1634
f 1584 1585 1634
f 1634 1585 1635
f 1612 1636 1576
f 1636 1637 1576
f 1576 1637 1577
f 1637 1638 1577
f 1577 1638 1585
f 1638 1639 1585
f 1585 1639 1635
f 1640 1641 1613
f 1641 1642 1613
f 1613 1642 1614
f 1643 1644 1629
f 1644 1645 1629
f 1629 1645 1613
f 1645 1646 1613
f 1613 1646 1640
f 1647 1648 1649
f 1650 1651 1652
f 768 1588 1653
f 1588 1654 1653
f 1653 1654 1655
f 809 808 1656
f 808 1657 1656
f 814 1658 1653
f 1658 769 1653
f 1653 769 768
f 809 1656 1659
f 1656 1660 1659
f 1659 1660 781
f 1660 881 1661
f 781 1660 779
f 1660 1661 779
f 779 1661 777
f 1662 1520 1663
f 1520 1519 1663
f 1663 1519 1664
f 1665 1513 1663
f 1513 1517 1663
f 1663 1517 1662
f 1666 1496 1522
f 1667 1668 1669
f 1668 1670 1669
f 1669 1670 1666
f 1522 1508 1666
f 1508 1671 1666
f 1666 1671 1669
f 1671 1511 1669
f 1669 1511 1665
f 1511 1514 1665
f 1665 1514 1513
f 1672 1656 1653
f 1656 1657 1653
f 1653 1657 814
f 1673 1653 1674
f 1653 1655 1674
f 1674 1655 1675
f 1676 1650 1649
f 1650 1652 1649
f 1649 1652 1677
f 1676 1649 1678
f 1649 1648 1678
f 1678 1648 1679
f 1680 1681 1672
f 1681 1682 1672
f 1672 1682 1656
f 1682 1683 1656
f 1656 1683 1660
f 1683 1684 1660
f 1660 1684 881
f 1651 1685 1652
f 1685 1681 1652
f 1652 1681 1677
f 1681 1680 1677
f 1673 1686 1653
f 1686 1687 1653
f 1653 1687 1672
f 1687 1688 1672
f 1672 1688 1680
f 1688 1689 1680
f 1680 1689 1690
f 1690 1691 1680
f 1691 1692 1680
f 1680 1692 1677
f 1692 1693 1677
f 1677 1693 1649
f 1693 1694 1649
f 1649 1694 1647
f 1685 1667 1681
f 1667 1669 1681
f 1681 1669 1682
f 1669 1665 1682
f 1682 1665 1683
f 1665 1663 1683
f 1683 1663 1684
f 1663 1664 1684
f 1695 1696 1697
f 1695 1697 1698
f 1697 1699 1698
f 1698 1699 1700
f 1699 1701 1700
f 1700 1701 1702
f 1702 1703 1700
f 1703 1704 1700
f 1700 1704 1705
f 1706 1707 1708
f 1707 1709 1708
f 1705 1710 1700
f 1710 1709 1700
f 1700 1709 1711
f 1709 1707 1711
f 1695 1712 1696
f 1712 1713 1696
f 1696 1713 1714
f 1714 1715 1696
f 1715 1716 1696
f 1696 1716 1717
f 1718 1719 1720
f 1720 1721 1718
f 1721 1722 1718
f 1718 1722 1723
f 1717 1719 1696
f 1719 1718 1696
f 1696 1718 1724
f 1718 1725 1724
f 1723 1726 1718
f 1726 1727 1718
f 1718 1727 1728
f 1728 1729 1718
f 1729 1730 1718
f 1718 1730 1725
f 1731 1732 1733
f 1734 1735 1736
f 1737 1738 1739
f 1740 1741 1742
f 1743 1744 1745
f 1746 1747 1748
f 1749 1750 1751
f 1752 1753 1754
f 1755 1756 1757
f 1758 1759 1760
f 1761 1762 1763
f 1764 1765 1766
f 1767 1768 1769
f 1770 1771 1312
f 1771 1314 1312
f 1772 1318 1771
f 1318 1316 1771
f 1771 1316 1314
f 1328 1329 1733
f 1329 1322 1733
f 1733 1322 1772
f 1322 1773 1772
f 1772 1773 1318
f 1328 1733 1326
f 1733 1732 1326
f 1326 1732 1324
f 1774 1775 1776
f 1775 1777 1776
f 1776 1777 1730
f 1727 1778 1728
f 1778 1776 1728
f 1728 1776 1729
f 1776 1730 1729
f 1779 1708 1741
f 1708 1709 1741
f 1741 1709 1742
f 1709 1710 1742
f 1742 1710 1705
f 1705 1704 1742
f 1704 1780 1742
f 1742 1780 1781
f 1781 1782 1783
f 1782 1784 1783
f 1784 1785 1783
f 1783 1785 1774
f 1786 1787 1788
f 1787 1789 1788
f 1788 1789 1790
f 1791 1792 1793
f 1792 1794 1793
f 1793 1794 1788
f 1794 1795 1788
f 1788 1795 1786
f 1796 1797 1798
f 1798 1799 1796
f 1799 1800 1796
f 1796 1800 1793
f 1800 1801 1793
f 1793 1801 1791
f 1797 1796 1802
f 1796 1803 1802
f 1802 1803 1804
f 1805 1806 1807
f 1807 1806 1808
f 1806 1809 1808
f 1808 1809 1810
f 1809 1811 1810
f 1810 1811 1812
f 1811 1813 1812
f 1812 1813 1814
f 1814 1813 1815
f 1813 1816 1815
f 1815 1816 1817
f 1816 1818 1817
f 1817 1818 1819
f 1818 1820 1819
f 1819 1820 1821
f 1822 1823 1824
f 1822 1816 1825
f 1816 1813 1825
f 1825 1813 1826
f 1813 1811 1826
f 1826 1811 1827
f 1828 1827 1829
f 1830 1828 1831
f 1832 1830 1833
f 1834 1832 1835
f 1836 1834 1837
f 1838 1836 1839
f 1840 1838 1841
f 1842 1840 1843
f 1844 1845 1846
f 1847 1844 1848
f 1770 1847 1849
f 1850 1767 1790
f 1767 1769 1790
f 1790 1769 1788
f 1769 1851 1788
f 1788 1851 1793
f 1851 1824 1793
f 1793 1824 1796
f 1824 1823 1796
f 1796 1823 1803
f 1781 1783 1742
f 1783 1852 1742
f 1742 1852 1853
f 1852 1854 1853
f 1853 1854 1855
f 1854 1856 1855
f 1855 1856 1842
f 1774 1776 1783
f 1776 1857 1783
f 1783 1857 1852
f 1857 1846 1852
f 1852 1846 1854
f 1846 1845 1854
f 1854 1845 1856
f 1822 1824 1816
f 1824 1851 1816
f 1816 1851 1818
f 1851 1769 1818
f 1818 1769 1820
f 1769 1768 1820
f 1820 1768 1858
f 1858 1859 1820
f 1859 1805 1820
f 1820 1805 1821
f 1805 1807 1821
f 1859 1860 1805
f 1860 1861 1805
f 1805 1861 1806
f 1861 1862 1806
f 1806 1862 1863
f 1827 1811 1829
f 1811 1809 1829
f 1829 1809 1864
f 1809 1806 1864
f 1864 1806 1766
f 1806 1863 1766
f 1766 1863 1764
f 1828 1829 1831
f 1829 1864 1831
f 1831 1864 1865
f 1864 1766 1865
f 1865 1766 1763
f 1766 1765 1763
f 1763 1765 1761
f 1830 1831 1833
f 1831 1865 1833
f 1833 1865 1866
f 1865 1763 1866
f 1866 1763 1760
f 1763 1762 1760
f 1760 1762 1758
f 1832 1833 1835
f 1833 1866 1835
f 1835 1866 1867
f 1866 1760 1867
f 1867 1760 1757
f 1760 1759 1757
f 1757 1759 1755
f 1834 1835 1837
f 1835 1867 1837
f 1837 1867 1868
f 1867 1757 1868
f 1868 1757 1754
f 1757 1756 1754
f 1754 1756 1752
f 1836 1837 1839
f 1837 1868 1839
f 1839 1868 1869
f 1868 1754 1869
f 1869 1754 1751
f 1754 1753 1751
f 1751 1753 1749
f 1838 1839 1841
f 1839 1869 1841
f 1841 1869 1870
f 1869 1751 1870
f 1870 1751 1748
f 1751 1750 1748
f 1748 1750 1746
f 1840 1841 1843
f 1841 1870 1843
f 1843 1870 1871
f 1870 1748 1871
f 1871 1748 1745
f 1748 1747 1745
f 1745 1747 1743
f 1842 1843 1855
f 1843 1871 1855
f 1855 1871 1853
f 1871 1745 1853
f 1853 1745 1742
f 1745 1744 1742
f 1742 1744 1740
f 1844 1846 1848
f 1846 1872 1848
f 1848 1872 1873
f 1872 1776 1873
f 1873 1776 1739
f 1776 1778 1739
f 1739 1778 1737
f 1847 1848 1849
f 1848 1873 1849
f 1849 1873 1874
f 1873 1739 1874
f 1874 1739 1736
f 1739 1738 1736
f 1736 1738 1734
f 1770 1849 1771
f 1849 1874 1771
f 1771 1874 1772
f 1874 1736 1772
f 1772 1736 1733
f 1736 1735 1733
f 1733 1735 1731
f 1875 1876 1877
f 1878 1879 1880
f 1881 1882 1883
f 1884 1885 1886
f 1885 1887 1886
f 1886 1887 1888
f 1887 1889 1888
f 1888 1889 1890
f 1889 1891 1890
f 1886 1892 1884
f 1892 1893 1884
f 1884 1893 1894
f 1895 1896 1897
f 1896 1894 1897
f 1897 1894 1898
f 1894 1893 1898
f 1896 1899 1894
f 1899 1900 1894
f 1894 1900 1884
f 1900 1901 1884
f 1884 1901 1885
f 1902 1903 1904
f 1903 1905 1904
f 1906 1907 1908
f 1883 1882 1909
f 1882 1910 1909
f 1909 1910 1911
f 1881 1912 1882
f 1912 1904 1882
f 1882 1904 1910
f 1904 1905 1910
f 1910 1905 1911
f 1913 1914 1915
f 1914 1913 1907
f 1877 1916 1906
f 1916 1917 1906
f 1917 1918 1906
f 1906 1918 1907
f 1918 1919 1907
f 1907 1919 1914
f 1915 1920 1913
f 1920 1921 1913
f 1913 1921 1922
f 1923 1924 1925
f 1923 1925 1926
f 1927 1928 1929
f 1928 1930 1929
f 1930 1931 1929
f 1931 1932 1929
f 1929 1932 1925
f 1932 1933 1925
f 1925 1933 1926
f 1924 1934 1925
f 1934 1935 1925
f 1925 1935 1936
f 1937 1938 1939
f 1938 1940 1939
f 1939 1940 1941
f 1942 1943 1944
f 1943 1945 1944
f 1942 1946 1943
f 1946 1878 1943
f 1943 1878 1947
f 1948 1879 1949
f 1879 1878 1949
f 1949 1878 1950
f 1878 1951 1950
f 1925 1880 1929
f 1880 1879 1929
f 1929 1879 1952
f 1879 1948 1952
f 1952 1948 1953
f 1954 1955 1952
f 1954 1952 1956
f 1953 1957 1952
f 1957 1958 1952
f 1952 1958 1956
f 1958 1959 1956
f 1956 1959 1960
f 1903 1961 1905
f 1961 1947 1905
f 1905 1947 1911
f 1947 1908 1911
f 1911 1908 1909
f 1908 1907 1909
f 1909 1907 1883
f 1907 1913 1883
f 1883 1913 1881
f 1913 1922 1881
f 1881 1922 1962
f 1963 1964 1965
f 1964 1966 1965
f 1965 1966 1967
f 1968 1969 1970
f 1969 1971 1970
f 1967 1972 1965
f 1972 1973 1965
f 1965 1973 1971
f 1973 1974 1971
f 1971 1974 1970
f 1975 1976 1965
f 1976 1977 1965
f 1977 1978 1965
f 1965 1978 1963
f 1968 1979 1969
f 1979 1980 1969
f 1969 1980 1981
f 1980 1982 1981
f 1981 1982 1940
f 1982 1983 1940
f 1940 1983 1941
f 1936 1984 1925
f 1984 1985 1925
f 1925 1985 1986
f 1875 1877 1987
f 1947 1878 1908
f 1878 1880 1908
f 1908 1880 1906
f 1880 1925 1906
f 1906 1925 1877
f 1925 1986 1877
f 1877 1986 1987
f 1898 1902 1897
f 1902 1904 1897
f 1897 1904 1895
f 1904 1912 1895
f 1895 1912 1988
f 1912 1989 1988
f 1962 1990 1881
f 1990 1991 1881
f 1881 1991 1912
f 1991 1992 1912
f 1912 1992 1989
f 1955 1993 1952
f 1993 1994 1952
f 1952 1994 1929
f 1994 1995 1929
f 1929 1995 1927
f 1892 1975 1893
f 1975 1965 1893
f 1893 1965 1898
f 1965 1971 1898
f 1898 1971 1902
f 1971 1969 1902
f 1902 1969 1903
f 1969 1981 1903
f 1903 1981 1961
f 1981 1940 1961
f 1961 1940 1947
f 1940 1938 1947
f 1947 1938 1943
f 1938 1937 1943
f 1943 1937 1945
f 1996 1997 1998
f 1999 2000 2001
f 2002 2003 2004
f 1346 2005 2006
f 1346 1345 2005
f 1345 1423 2005
f 2005 1423 1419
f 1419 1417 2007
f 1417 1416 2007
f 1416 1422 2007
f 2007 1422 2008
f 1371 1375 2009
f 1375 1377 2009
f 2009 1377 2006
f 1377 1380 2006
f 2006 1380 1346
f 2010 2011 2012
f 2011 2013 2012
f 1372 1371 2014
f 1371 2009 2014
f 2014 2009 2015
f 2009 2013 2015
f 2016 2017 2018
f 2002 2004 2018
f 2000 2019 2020
f 2019 2021 2020
f 2020 2021 2022
f 1998 2023 1999
f 2023 1998 2024
f 1998 1997 2024
f 2024 1997 2025
f 1996 1998 2026
f 1998 2027 2026
f 2026 2027 2028
f 2029 2030 2031
f 2031 2032 2029
f 2032 2033 2029
f 2029 2033 2027
f 2033 2034 2027
f 2027 2034 2028
f 2029 2035 2036
f 2030 2029 2037
f 2029 2036 2037
f 2037 2036 2038
f 2013 2009 2012
f 2009 2006 2012
f 2012 2006 2039
f 2006 2005 2039
f 2039 2005 2040
f 2018 2004 2016
f 2004 2041 2016
f 2016 2041 2042
f 2041 2043 2042
f 2042 2043 2044
f 2000 2020 2001
f 2020 2045 2001
f 2001 2045 2046
f 2045 2047 2046
f 2046 2047 2048
f 1419 2007 2005
f 2007 2049 2005
f 2005 2049 2040
f 2049 2050 2040
f 2040 2050 2051
f 2051 2043 2040
f 2043 2041 2040
f 2040 2041 2039
f 2041 2004 2039
f 2039 2004 2012
f 2004 2003 2012
f 2012 2003 2010
f 2051 2052 2043
f 2052 2053 2043
f 2043 2053 2044
f 2053 2054 2044
f 2044 2054 2055
f 2055 2047 2044
f 2047 2045 2044
f 2044 2045 2042
f 2045 2020 2042
f 2042 2020 2016
f 2020 2022 2016
f 2016 2022 2017
f 2055 2056 2047
f 2056 2057 2047
f 2047 2057 2048
f 2057 2058 2048
f 2048 2058 2059
f 1999 2001 1998
f 2001 2046 1998
f 1998 2046 2027
f 2046 2048 2027
f 2027 2048 2029
f 2048 2059 2029
f 2029 2059 2035
f 2060 2061 1949
f 2062 2063 2064
f 2065 2066 2067
f 1957 2063 1958
f 2063 2065 1958
f 1958 2065 1959
f 2065 2067 1959
f 1959 2067 2068
f 2062 2064 2069
f 2064 1953 2069
f 2069 1953 2061
f 1953 1948 2061
f 2061 1948 1949
f 2070 2071 2072
f 2060 1949 2073
f 1949 1950 2073
f 2073 1950 2074
f 1950 1946 2074
f 2074 1946 2075
f 1946 1942 2075
f 2075 1942 2076
f 1942 1944 2076
f 2076 1944 2077
f 1944 1945 2077
f 2077 1945 2078
f 1945 2079 2078
f 2078 2079 2080
f 2079 1939 2080
f 2080 1939 2081
f 1939 1941 2081
f 2081 1941 2082
f 1941 1983 2082
f 2082 1983 2083
f 1983 1982 2083
f 2083 1982 2084
f 1982 2085 2084
f 2084 2085 2086
f 2085 2087 2086
f 2086 2087 2088
f 2087 2089 2088
f 2088 2089 2090
f 2089 2091 2090
f 2090 2091 2092
f 2091 1974 2092
f 2092 1974 2093
f 1974 1973 2093
f 2093 1973 2094
f 1973 1972 2094
f 2094 1972 2095
f 1972 2096 2095
f 2095 2096 2097
f 2096 2098 2097
f 2097 2098 2072
f 2098 1964 2072
f 2072 1964 2070
f 2099 2100 2101
f 2102 2103 2104
f 2100 2099 2105
f 2099 2106 2105
f 2105 2106 2107
f 2106 2108 2107
f 2107 2108 2109
f 2108 2110 2109
f 2109 2110 2111
f 2110 2112 2111
f 2111 2112 2113
f 2112 2114 2113
f 2113 2114 2115
f 2116 2117 2101
f 2117 2118 2101
f 2101 2118 2099
f 2119 2120 2121
f 2120 2122 2121
f 2121 2122 2123
f 2122 2124 2123
f 2123 2124 2125
f 2124 2126 2125
f 2125 2126 2127
f 2126 2128 2127
f 2129 2130 2131
f 2130 2132 2131
f 2131 2132 2133
f 2132 2134 2133
f 2133 2134 2135
f 2134 2136 2135
f 2135 2136 2116
f 2136 2137 2116
f 2116 2137 2117
f 2138 2139 2140
f 2139 2141 2140
f 2129 2131 2142
f 2131 2143 2142
f 2142 2143 2144
f 2143 2145 2144
f 2144 2145 2139
f 2145 2146 2139
f 2139 2146 2141
f 2147 1485 2148
f 2149 2150 2151
f 2150 2152 2151
f 2153 2150 2154
f 2150 2149 2154
f 2154 2149 2155
f 2156 2155 2157
f 2155 2149 2157
f 2157 2149 2158
f 2149 2151 2158
f 2158 2151 2159
f 2151 2160 2159
f 2161 2160 2162
f 2160 2151 2162
f 2162 2151 2163
f 2151 2152 2163
f 2164 2165 1434
f 1434 2147 2164
f 2147 2148 2164
f 2164 2148 2166
f 2148 2167 2166
f 2166 2167 2168
f 2167 2169 2168
f 2168 2169 2170
f 2169 2171 2170
f 2170 2171 2172
f 2171 2173 2172
f 2172 2173 2174
f 2173 2175 2174
f 2174 2175 2161
f 2175 2176 2161
f 2161 2176 2160
f 2176 2177 2160
f 2160 2177 2159
f 2178 2179 2180
f 2181 2182 2183
f 2184 2185 2186
f 2187 2188 2189
f 2188 2187 2190
f 2191 2192 2193
f 1473 2194 2195
f 2196 2197 2198
f 2199 2200 2201
f 2200 2202 2201
f 2201 2202 2203
f 1473 2195 1472
f 2195 2204 1472
f 1472 2204 1470
f 2205 2206 2204
f 2206 1468 2204
f 2204 1468 1470
f 1460 1459 2193
f 1459 1453 2193
f 2193 1453 2205
f 1453 1456 2205
f 2205 1456 2206
f 1460 2193 1462
f 2193 2192 1462
f 1462 2192 1463
f 2179 2207 2180
f 2207 2208 2180
f 2180 2208 2209
f 2208 2210 2209
f 2209 2210 2211
f 2210 2212 2211
f 2211 2212 2213
f 2212 2214 2213
f 2207 2191 2208
f 2191 2193 2208
f 2208 2193 2210
f 2193 2205 2210
f 2210 2205 2212
f 2205 2204 2212
f 2212 2204 2214
f 2204 2195 2214
f 2215 2216 2217
f 2196 2198 2218
f 2198 2219 2218
f 2218 2219 2220
f 2221 2222 2223
f 2222 2224 2223
f 2223 2224 2218
f 2224 2225 2218
f 2218 2225 2196
f 2226 2227 2228
f 2229 2230 2231
f 2230 2232 2231
f 2231 2232 2233
f 2232 2234 2233
f 2233 2234 2235
f 2235 2236 2233
f 2236 2237 2233
f 2233 2237 2223
f 2237 2238 2223
f 2223 2238 2221
f 2239 2240 2241
f 2240 2242 2241
f 2241 2242 2243
f 2243 2184 2241
f 2184 2186 2241
f 2241 2186 2244
f 2186 2245 2244
f 2244 2245 2246
f 2245 2247 2246
f 2246 2247 2248
f 2247 2249 2248
f 2248 2249 2250
f 2249 2226 2250
f 2250 2226 2215
f 2226 2228 2215
f 2215 2228 2216
f 2199 2251 2200
f 2251 2252 2200
f 2200 2252 2253
f 2253 2254 2200
f 2254 2241 2200
f 2200 2241 2255
f 2241 2244 2255
f 2255 2244 2256
f 2244 2246 2256
f 2256 2246 2257
f 2246 2248 2257
f 2257 2248 2258
f 2248 2250 2258
f 2258 2250 2259
f 2250 2215 2259
f 2259 2215 2260
f 2215 2217 2260
f 2260 2217 2261
f 2262 2263 2264
f 2263 2265 2264
f 2264 2265 2266
f 2266 2165 2264
f 2165 2267 2264
f 2264 2267 2182
f 2267 2268 2182
f 2182 2268 2183
f 2269 2270 2271
f 2270 2181 2271
f 2271 2181 2272
f 2181 2183 2272
f 2273 2274 2275
f 2274 1476 2275
f 2276 2273 2277
f 2273 2275 2277
f 2277 2275 2278
f 2275 2279 2278
f 2278 2279 2280
f 2279 2281 2280
f 2280 2281 2282
f 2281 2283 2282
f 2282 2283 2284
f 2283 2187 2284
f 2284 2187 2285
f 2187 2189 2285
f 2285 2189 2286
f 1476 2262 2275
f 2262 2264 2275
f 2275 2264 2279
f 2264 2182 2279
f 2279 2182 2281
f 2182 2181 2281
f 2281 2181 2283
f 2181 2270 2283
f 2283 2270 2187
f 2270 2269 2187
f 2187 2269 2190
f 2261 2178 2260
f 2178 2180 2260
f 2260 2180 2259
f 2180 2209 2259
f 2259 2209 2258
f 2209 2211 2258
f 2258 2211 2257
f 2211 2213 2257
f 2185 2229 2186
f 2229 2231 2186
f 2186 2231 2245
f 2231 2233 2245
f 2245 2233 2247
f 2233 2223 2247
f 2247 2223 2249
f 2223 2218 2249
f 2249 2218 2226
f 2218 2220 2226
f 2226 2220 2227
f 2194 2276 2195
f 2276 2277 2195
f 2195 2277 2214
f 2277 2278 2214
f 2214 2278 2213
f 2278 2280 2213
f 2213 2280 2257
f 2280 2282 2257
f 2257 2282 2256
f 2282 2284 2256
f 2256 2284 2255
f 2284 2285 2255
f 2255 2285 2200
f 2285 2286 2200
f 2200 2286 2202
f 2287 2288 2289
f 2290 2291 2292
f 2291 2293 2292
f 2292 2293 2294
f 2293 2295 2294
f 2287 2289 2296
f 2289 2297 2296
f 2296 2297 2295
f 2297 2298 2295
f 2295 2298 2294
f 2299 2300 2301
f 2292 2302 2290
f 2302 2303 2290
f 2290 2303 2304
f 2303 2305 2304
f 2304 2305 2301
f 2305 2306 2301
f 2301 2306 2299
f 2299 2307 2300
f 2307 2308 2300
f 2300 2308 2309
f 2310 2311 2312
f 2311 2309 2312
f 2312 2309 2313
f 2309 2308 2313
f 2314 2315 2316
f 2317 2318 2319
f 2319 2318 2320
f 2321 2322 2323
f 2318 2324 2320
f 2324 2325 2320
f 2320 2325 2326
f 2325 2321 2326
f 2326 2321 2327
f 2321 2323 2327
f 2328 2329 2330
f 2329 2331 2330
f 2330 2331 2332
f 2331 2333 2332
f 2334 2335 2336
f 2315 2314 2337
f 2328 2338 2329
f 2338 2339 2329
f 2329 2339 2340
f 2339 2341 2340
f 2340 2341 2342
f 2341 2343 2342
f 2342 2343 2344
f 2343 2345 2344
f 2344 2345 2346
f 2347 2348 2349
f 2350 2351 2352
f 2351 2353 2352
f 2352 2353 2354
f 2353 2355 2354
f 2354 2355 2356
f 2355 2357 2356
f 2356 2357 2358
f 2357 2359 2358
f 2358 2359 2360
f 2359 2361 2360
f 2360 2361 2362
f 2288 2287 2363
f 2287 2364 2363
f 2363 2364 2365
f 2364 2366 2365
f 2365 2366 2367
f 2366 2368 2367
f 2367 2368 2369
f 2368 2370 2369
f 2369 2370 2371
f 2370 2372 2371
f 2371 2372 2362
f 2372 2373 2362
f 2362 2373 2360
f 2374 2375 2376
f 2375 2377 2376
f 2376 2377 2316
f 2377 2378 2316
f 2316 2378 2314
f 2314 2379 2337
f 2379 2380 2337
f 2337 2380 2333
f 2380 2381 2333
f 2333 2381 2332
f 2382 2383 2384
f 2383 2385 2384
f 2384 2385 2386
f 2385 2387 2386
f 2317 2319 2388
f 2319 2389 2388
f 2388 2389 2347
f 2312 2390 2310
f 2390 2391 2310
f 2310 2391 2392
f 2391 2393 2392
f 2392 2393 2394
f 2393 2395 2394
f 2394 2395 2374
f 2395 2396 2374
f 2374 2396 2375
f 2345 2397 2346
f 2397 2398 2346
f 2346 2398 2382
f 2398 2399 2382
f 2382 2399 2383
f 2387 2400 2386
f 2400 2348 2386
f 2386 2348 2401
f 2348 2347 2401
f 2322 2402 2323
f 2402 2403 2323
f 2323 2403 2404
f 2403 2405 2404
f 2404 2405 2406
f 2407 2408 2409
f 2408 2410 2409
f 2409 2410 2411
f 2410 2412 2411
f 2411 2412 2413
f 2414 2415 2413
f 2415 2416 2413
f 2413 2416 2417
f 2416 2418 2417
f 2418 2419 2417
f 2417 2419 2420
f 2419 2421 2420
f 2420 2421 2422
f 2421 2423 2422
f 2422 2423 2424
f 2425 2426 2427
f 2428 2429 2430
f 2429 2431 2430
f 2430 2431 2432
f 2431 2433 2432
f 2432 2433 2434
f 2433 2435 2434
f 2434 2435 2436
f 2435 2437 2436
f 2436 2437 2438
f 2437 2439 2438
f 2438 2439 2440
f 2439 2441 2440
f 2440 2441 2442
f 2443 2444 2445
f 2444 2446 2445
f 2427 2426 2447
f 2426 2448 2447
f 2447 2448 2449
f 2448 2450 2449
f 2449 2450 2451
f 2430 2452 2453
f 2452 2454 2453
f 2453 2454 2455
f 2454 2456 2455
f 2455 2456 2457
f 2456 2458 2457
f 2457 2458 2459
f 2458 2460 2459
f 2459 2460 2461
f 2460 2462 2461
f 2461 2462 2463
f 2462 2464 2463
f 2463 2464 2465
f 2464 2466 2465
f 2465 2466 2467
f 2466 2468 2467
f 2467 2468 2469
f 2468 2470 2469
f 2469 2470 2471
f 2470 2472 2471
f 2471 2472 2473
f 2472 2474 2473
f 2473 2474 2475
f 2474 2476 2475
f 2475 2476 2477
f 2476 2478 2477
f 2479 2480 2481
f 2480 2482 2481
f 2481 2482 2483
f 2441 2484 2485
f 2484 2486 2485
f 2485 2486 2487
f 2486 2488 2487
f 2487 2488 2489
f 2488 2490 2489
f 2489 2490 2491
f 2490 2492 2491
f 2491 2492 2493
f 2492 2494 2493
f 2493 2494 2495
f 2494 2496 2495
f 2495 2496 2497
f 2496 2498 2497
f 2497 2498 2499
f 2498 2500 2499
f 2499 2500 2501
f 2502 2503 2504
f 2503 2505 2504
f 2504 2505 2506
f 2505 2507 2506
f 2506 2507 2508
f 2507 2509 2508
f 2508 2509 2510
f 2509 2511 2510
f 2510 2511 2512
f 2512 2511 2513
f 2511 2514 2513
f 2513 2514 2515
f 2514 2516 2515
f 2515 2516 2517
f 2516 2518 2517
f 2517 2518 2519
f 2518 2520 2519
f 2519 2520 2443
f 2520 2521 2443
f 2443 2521 2444
f 2522 2523 2524
f 2523 2525 2524
f 2524 2525 2526
f 2525 2527 2526
f 2526 2527 2528
f 2527 2529 2528
f 2528 2529 2530
f 2529 2531 2530
f 2530 2531 2532
f 2531 2533 2532
f 2532 2533 2534
f 2533 2535 2534
f 2534 2535 2536
f 2535 2537 2536
f 2536 2537 2538
f 2537 2539 2538
f 2538 2539 2540
f 2336 2541 2334
f 2541 2542 2334
f 2334 2542 2543
f 2542 2544 2543
f 2543 2544 2545
f 2544 2546 2545
f 2545 2546 2547
f 2546 2548 2547
f 2547 2548 2549
f 2548 2550 2549
f 2549 2550 2551
f 2550 2552 2551
f 2553 2554 2555
f 2556 2557 2558
f 2558 2557 2559
f 2557 2560 2559
f 2559 2560 2561
f 2560 2562 2561
f 2561 2562 2563
f 2562 2564 2563
f 2563 2564 2565
f 2564 2566 2565
f 2565 2566 2567
f 2566 2568 2567
f 2567 2568 2569
f 2568 2570 2569
f 2569 2570 2571
f 2553 2572 2554
f 2572 2573 2554
f 2554 2573 2574
f 2573 2575 2574
f 2574 2575 2576
f 2575 2577 2576
f 2576 2577 2578
f 2577 2579 2578
f 2578 2579 2580
f 2579 2581 2580
f 2580 2581 2582
f 2581 2583 2582
f 2582 2583 2584
f 2583 2585 2584
f 2584 2585 2586
f 2555 2587 2553
f 2587 2588 2553
f 2553 2588 2589
f 2588 2590 2589
f 2558 2591 2556
f 2591 2592 2556
f 2556 2592 2593
f 2592 2594 2593
f 2593 2594 2595
f 2594 2596 2595
f 2597 2598 2599
f 2598 2600 2599
f 2599 2600 2601
f 2600 2602 2601
f 2601 2602 2590
f 2602 2603 2590
f 2590 2603 2589
f 2594 2604 2605
f 2604 2585 2605
f 2605 2585 2606
f 2585 2607 2606
f 2608 2609 2610
f 2609 2611 2610
f 2608 2610 2612
f 2610 2613 2612
f 2612 2613 2614
f 2611 2609 2615
f 2609 2616 2615
f 2615 2616 2597
f 2616 2617 2597
f 2597 2617 2598
f 2614 2613 2618
f 2613 2619 2618
f 2618 2619 2620
f 2621 2622 2623
f 2624 2625 2626
f 2627 2628 2629
f 2629 2630 2631
f 2632 2633 2634
f 1891 1889 2635
f 1889 1887 2635
f 2635 1887 2634
f 2636 2637 2632
f 2637 2638 2632
f 2632 2638 2633
f 2639 2640 2641
f 2640 2642 2641
f 2641 2642 2643
f 2642 2644 2643
f 2643 2644 2645
f 2646 2647 2648
f 2639 2641 2647
f 2641 2649 2647
f 2647 2649 2648
f 2646 2648 2626
f 2648 2650 2626
f 2626 2650 2624
f 2651 2652 2653
f 2652 2654 2653
f 2653 2654 2655
f 2656 2657 2658
f 2657 2651 2658
f 2658 2651 2659
f 2651 2653 2659
f 2660 2661 2662
f 2663 2664 2665
f 2629 2631 2627
f 2631 2666 2627
f 2627 2666 2667
f 2667 2668 2662
f 2668 2663 2662
f 2662 2663 2660
f 2663 2665 2660
f 2669 2657 2664
f 2657 2656 2664
f 2664 2656 2665
f 2668 2670 2663
f 2670 2671 2663
f 2663 2671 2664
f 2671 2672 2664
f 2664 2672 2669
f 2661 2673 2674
f 2661 2674 2662
f 2674 2675 2662
f 2662 2675 2628
f 1992 1991 2676
f 1991 1990 2676
f 2676 1990 2677
f 1990 1962 2677
f 2677 1962 1922
f 1922 1921 2621
f 1921 1920 2621
f 2621 1920 1915
f 2678 2679 2680
f 1914 1919 2680
f 1919 2681 2680
f 2680 2681 2678
f 2681 1917 2678
f 2678 1917 1916
f 2679 2622 2680
f 2622 2621 2680
f 2680 2621 1914
f 2621 1915 1914
f 1876 2682 1877
f 2682 2683 1877
f 1877 2683 2684
f 2684 2685 1877
f 2685 2686 1877
f 1877 2686 1916
f 1896 2687 1899
f 2687 2688 1899
f 1899 2688 1900
f 2634 1887 2632
f 1887 1885 2632
f 2632 1885 1901
f 2645 2636 2643
f 2636 2632 2643
f 2643 2632 2688
f 2632 1901 2688
f 2688 1901 1900
f 1922 2621 2677
f 2621 2623 2677
f 2677 2623 2676
f 2623 2689 2676
f 2676 2689 2687
f 2689 2690 2687
f 2687 2690 2688
f 2690 2691 2688
f 2688 2691 2643
f 1896 1895 2687
f 1895 1988 2687
f 2687 1988 2676
f 1988 1989 2676
f 2676 1989 1992
f 2669 2692 2657
f 2692 2693 2657
f 2657 2693 2651
f 2693 2694 2651
f 2651 2694 2652
f 1916 2686 2678
f 2686 2695 2678
f 2678 2695 2696
f 2696 2697 2678
f 2697 2673 2678
f 2678 2673 2679
f 2673 2661 2679
f 2679 2661 2622
f 2661 2660 2622
f 2622 2660 2623
f 2660 2665 2623
f 2623 2665 2689
f 2665 2656 2689
f 2689 2656 2690
f 2656 2658 2690
f 2690 2658 2691
f 2658 2659 2691
f 2691 2659 2643
f 2659 2653 2643
f 2643 2653 2641
f 2653 2655 2641
f 2641 2655 2649
f 2698 2699 2700
f 2699 2701 2700
f 2701 2702 2700
f 2702 2703 2700
f 2700 2703 2704
f 2698 2705 2699
f 2705 2706 2699
f 2699 2706 2707
f 2708 2709 2707
f 2710 2711 2700
f 2711 2712 2700
f 2700 2712 2713
f 2714 2715 2716
f 2704 2717 2700
f 2717 2718 2700
f 2700 2718 2710
f 2719 2720 2714
f 2720 2721 2714
f 2714 2721 2715
f 2709 2722 2707
f 2722 2723 2707
f 2707 2723 2699
f 2724 2714 2725
f 2714 2726 2725
f 2716 2727 2714
f 2727 2728 2714
f 2714 2728 2729
f 2726 2730 2725
f 2730 2731 2725
f 2725 2731 2732
f 2724 2733 2714
f 2733 2734 2714
f 2714 2734 2735
f 2713 2736 2700
f 2736 2714 2700
f 2700 2714 2737
f 2714 2729 2737
f 2732 2738 2725
f 2738 2739 2725
f 2725 2739 2740
f 2740 2741 2725
f 2741 2742 2725
f 2725 2742 2743
f 2744 2745 2746
f 2735 2747 2714
f 2747 2748 2714
f 2714 2748 2719
f 2707 2749 2708
f 2749 2750 2708
f 2708 2750 2751
f 2750 2752 2751
f 2751 2752 2753
f 2754 2755 2756
f 2757 2758 2759
f 2758 2760 2759
f 2759 2760 2761
f 2745 2762 2746
f 2762 2763 2746
f 2746 2763 2764
f 2743 2765 2725
f 2765 2766 2725
f 2725 2766 2767
f 2767 2768 2725
f 2768 2769 2725
f 2725 2769 2770
f 2764 2771 2746
f 2771 2725 2746
f 2746 2725 2772
f 2725 2770 2772
f 2754 2756 2759
f 2756 2773 2759
f 2759 2773 2757
f 2761 2760 2746
f 2760 2774 2746
f 2746 2774 2744
f 2775 2776 2753
f 2776 2777 2753
f 2753 2777 2751
f 2775 2753 2778
f 2753 2779 2778
f 2778 2779 2780
f 2780 2781 2778
f 2781 2782 2778
f 2778 2782 2783
f 2783 2784 2778
f 2784 2785 2778
f 2778 2785 2786
f 2787 2788 2789
f 2788 2790 2789
f 2786 2791 2778
f 2791 2790 2778
f 2778 2790 2792
f 2790 2788 2792
f 2793 2794 2795
f 2794 2796 2795
f 2795 2796 2797
f 2796 2798 2797
f 2795 2799 2793
f 2799 2800 2793
f 2793 2800 2801
f 2802 2803 2804
f 2803 2801 2804
f 2804 2801 2805
f 2801 2800 2805
f 2802 2806 2803
f 2806 2807 2803
f 2803 2807 2808
f 1485 2809 2810
f 2809 2808 2810
f 2810 2808 2811
f 2808 2807 2811
f 2812 2813 2192
f 992 960 1463
f 2227 2814 2815
f 2192 2813 1463
f 2813 993 1463
f 1463 993 992
f 960 958 1463
f 958 957 1463
f 1463 957 891
f 2217 2815 2261
f 2815 2178 2261
f 2217 2216 2815
f 2216 2228 2815
f 2815 2228 2227
f 2227 2220 2814
f 2220 2219 2814
f 2814 2219 2816
f 2219 2198 2816
f 2816 2198 2817
f 2192 2191 2812
f 2191 2207 2812
f 2812 2207 2815
f 2207 2179 2815
f 2815 2179 2178
f 2198 2197 2818
f 2818 2819 2198
f 2819 2820 2198
f 2198 2820 2817
f 993 2813 1046
f 2813 2821 1046
f 1046 2821 1047
f 2821 2822 1047
f 1047 2823 1127
f 2823 2824 1127
f 2825 1601 2826
f 2827 2828 2824
f 2828 2829 2824
f 2824 2829 1127
f 2827 2824 2830
f 2824 2831 2830
f 2830 2831 2832
f 2831 2833 2832
f 2832 2833 2834
f 2833 2835 2834
f 2834 2835 2836
f 2836 2835 2837
f 2835 2838 2837
f 2837 2838 2839
f 2840 2841 2842
f 2841 2843 2842
f 2842 2843 2844
f 2843 2845 2844
f 2844 2845 2838
f 2845 2846 2838
f 2838 2846 2839
f 2840 2842 2847
f 2842 2848 2847
f 2847 2848 2849
f 2848 2850 2849
f 2849 2850 2851
f 2850 2852 2851
f 2851 2852 2853
f 2852 2854 2853
f 2853 2854 2855
f 2854 2856 2855
f 2855 2856 2857
f 2856 2858 2857
f 2857 2858 2859
f 2858 2860 2859
f 2859 2860 2861
f 2861 2860 2862
f 2860 2863 2862
f 2862 2863 2864
f 2825 2826 2865
f 2826 2866 2865
f 2865 2866 2867
f 2866 2868 2867
f 2868 2869 2867
f 2867 2869 2870
f 2869 2871 2870
f 2870 2871 2872
f 2871 2873 2872
f 2872 2873 2863
f 2873 2874 2863
f 2863 2874 2864
f 1596 1595 2875
f 1601 2825 2876
f 2825 2877 2876
f 2876 2877 1603
f 1599 1598 2878
f 1598 1597 2878
f 2878 1597 2877
f 1597 1604 2877
f 2877 1604 1603
f 2875 1595 2878
f 1595 1594 2878
f 2878 1594 1599
f 2879 1606 1593
f 2879 1593 2875
f 1593 1592 2875
f 2875 1592 1596
f 2879 2880 1606
f 2880 2881 1606
f 2881 2880 2882
f 2880 2883 2882
f 2882 2883 2884
f 2884 2883 2885
f 2883 2886 2885
f 2885 2886 2887
f 2888 2889 2890
f 2890 2891 2888
f 2891 2892 2888
f 2888 2892 2886
f 2892 2893 2886
f 2886 2893 2887
f 1325 2894 2895
f 1325 2895 2896
f 2895 2897 2896
f 2896 2897 2898
f 2897 2899 2898
f 2898 2899 2900
f 2899 2901 2900
f 2901 2902 2900
f 2900 2902 2903
f 2902 2904 2903
f 2903 2904 2905
f 2904 2906 2905
f 2905 2906 2907
f 2906 2908 2907
f 2907 2908 2909
f 2908 2910 2909
f 2909 2910 2911
f 2910 2912 2911
f 2911 2912 2913
f 2912 2914 2913
f 2914 2915 2913
f 2913 2915 2916
f 2915 2917 2916
f 2918 2919 2920
f 2919 2917 2920
f 2920 2917 2921
f 2917 2915 2921
f 2922 2923 2924
f 2925 2926 2927
f 1407 1360 1358
f 1362 1361 2928
f 1362 2929 1363
f 2929 2930 1363
f 1331 1330 2931
f 1330 1334 2931
f 2931 1334 2930
f 1334 1333 2930
f 2930 1333 1363
f 1331 2931 1357
f 2931 2932 1357
f 1357 2932 1358
f 2933 1405 2934
f 1405 1404 2934
f 2934 1404 2932
f 1404 1403 2932
f 2932 1403 2935
f 2935 1410 2932
f 1410 1409 2932
f 2932 1409 2936
f 1409 2937 2936
f 2936 2937 1407
f 1432 1431 2938
f 1431 2939 2938
f 2938 2939 2934
f 2939 2940 2934
f 2934 2940 2933
f 2008 2941 2007
f 2941 2942 2007
f 2007 2942 2049
f 2941 1415 2942
f 1415 1413 2942
f 2942 1413 2938
f 1413 1412 2938
f 2938 1412 1432
f 2049 2942 2050
f 2942 2943 2050
f 2050 2943 2051
f 2051 2943 2052
f 2943 2944 2052
f 2052 2944 2053
f 2053 2944 2054
f 2944 2945 2054
f 2054 2945 2055
f 2055 2945 2056
f 2945 2946 2056
f 2056 2946 2057
f 2057 2946 2058
f 2946 2947 2058
f 2058 2947 2059
f 2948 2949 2950
f 2949 2951 2950
f 2059 2947 2035
f 2947 2950 2035
f 2035 2950 2927
f 2950 2951 2927
f 2927 2951 2925
f 2952 2953 2954
f 2953 2955 2954
f 2954 2955 2956
f 2957 2958 2959
f 2960 2961 2962
f 2963 2961 2964
f 2961 2960 2964
f 2964 2960 2965
f 2960 2966 2965
f 2965 2966 2967
f 2967 2966 2968
f 2966 2969 2968
f 2968 2969 2970
f 2970 2969 2971
f 2969 2972 2971
f 2971 2972 2973
f 2973 2972 2974
f 2972 2975 2974
f 2974 2975 2976
f 2976 2975 2977
f 2975 2978 2977
f 2977 2978 2979
f 2979 2978 2980
f 2978 2981 2980
f 2980 2981 2982
f 2983 2984 2981
f 2984 2985 2981
f 2981 2985 2986
f 2987 2988 2983
f 2988 2989 2983
f 2983 2989 2984
f 2990 2991 2987
f 2991 2992 2987
f 2987 2992 2988
f 2993 2994 2995
f 2994 2996 2995
f 2995 2996 2990
f 2996 2997 2990
f 2990 2997 2991
f 2998 2995 2999
f 2995 3000 2999
f 2999 3000 3001
f 3001 3000 3002
f 3000 3003 3002
f 3002 3003 3004
f 2923 3005 3003
f 3006 3004 3007
f 3004 3003 3007
f 3007 3003 3008
f 3003 3005 3008
f 2922 2924 3009
f 1362 2928 2929
f 2928 3010 2929
f 2929 3010 3011
f 3011 3012 3013
f 3012 3014 3013
f 3013 3014 3009
f 3011 3013 2929
f 3013 3015 2929
f 2929 3015 2930
f 3015 3016 2930
f 2930 3016 2931
f 3016 3017 2931
f 2931 3017 2932
f 3017 3018 2932
f 2932 3018 2934
f 3018 3019 2934
f 2934 3019 2938
f 3019 3020 2938
f 2938 3020 2942
f 3020 3021 2942
f 2942 3021 2943
f 3021 3022 2943
f 2943 3022 2944
f 3022 3023 2944
f 2944 3023 2945
f 3023 3024 2945
f 2945 3024 2946
f 3024 3025 2946
f 2946 3025 2947
f 3025 2954 2947
f 2947 2954 2950
f 2954 2956 2950
f 2950 2956 2948
f 3009 2924 3013
f 2924 3026 3013
f 3013 3026 3015
f 3026 3027 3015
f 3015 3027 3016
f 3027 3028 3016
f 3016 3028 3017
f 3028 3029 3017
f 3017 3029 3018
f 3029 3030 3018
f 3018 3030 3019
f 3030 3031 3019
f 3019 3031 3020
f 3031 3032 3020
f 3020 3032 3021
f 3032 3033 3021
f 3021 3033 3022
f 3033 3034 3022
f 3022 3034 3023
f 3034 3035 3023
f 3023 3035 3024
f 3035 3036 3024
f 3024 3036 3025
f 3036 2957 3025
f 3025 2957 2954
f 2957 2959 2954
f 2954 2959 2952
f 2923 3003 2924
f 3003 3000 2924
f 2924 3000 3026
f 3000 2995 3026
f 3026 2995 3027
f 2995 2990 3027
f 3027 2990 3028
f 2990 2987 3028
f 3028 2987 3029
f 2987 2983 3029
f 3029 2983 3030
f 2983 2981 3030
f 3030 2981 3031
f 2981 2978 3031
f 3031 2978 3032
f 2978 2975 3032
f 3032 2975 3033
f 2975 2972 3033
f 3033 2972 3034
f 2972 2969 3034
f 3034 2969 3035
f 2969 2966 3035
f 3035 2966 3036
f 2966 2960 3036
f 3036 2960 2957
f 2960 2962 2957
f 2957 2962 2958
f 3037 1804 3038
f 1786 1795 3039
f 1786 3040 1787
f 3040 1789 1787
f 3041 1850 1790
f 3042 3043 3044
f 3043 3045 3044
f 1786 3039 3040
f 3039 3044 3040
f 3040 3044 3046
f 3044 3045 3046
f 3046 3045 3047
f 3037 3038 3048
f 1797 1802 3037
f 1802 1804 3037
f 3049 1792 1791
f 1791 1801 3049
f 1801 3048 3049
f 3049 3048 3050
f 3048 3038 3050
f 1801 1800 3048
f 1800 1799 3048
f 3048 1799 3037
f 1799 1798 3037
f 3037 1798 1797
f 3051 3052 3053
f 3052 3046 3053
f 3053 3046 3054
f 3046 3047 3054
f 1790 1789 3041
f 1789 3040 3041
f 3041 3040 3055
f 3040 3046 3055
f 3055 3046 3056
f 3046 3052 3056
f 3050 3042 3049
f 3042 3044 3049
f 3049 3044 1792
f 3044 3039 1792
f 1792 3039 1794
f 3039 1795 1794
f 3057 3058 3059
f 3058 3060 3059
f 3059 3060 3061
f 3062 3063 3064
f 3065 3062 3066
f 3062 3064 3066
f 3066 3064 3057
f 3064 3067 3057
f 3057 3067 3058
f 3068 3069 3070
f 3069 3071 3070
f 3070 3071 3072
f 3073 3074 3075
f 3074 3069 3075
f 3075 3069 3076
f 3069 3068 3076
f 3077 3056 3052
f 3078 3077 3079
f 3077 3052 3079
f 3079 3052 3080
f 3052 3051 3080
f 3081 3082 3083
f 3081 3083 3084
f 3078 3085 3077
f 3085 3086 3077
f 3077 3086 3081
f 3086 3087 3081
f 3081 3087 3082
f 3088 1850 3089
f 1850 3041 3089
f 3089 3041 3055
f 3088 3089 3090
f 3089 3091 3090
f 3090 3091 3092
f 3060 3093 3061
f 3093 3094 3061
f 3061 3094 3095
f 3094 3096 3095
f 3095 3096 3091
f 3096 3097 3091
f 3091 3097 3092
f 3098 3099 3100
f 3099 3101 3100
f 3100 3101 3102
f 3101 3074 3102
f 3102 3074 3103
f 3074 3073 3103
f 3083 3104 3084
f 3104 3105 3084
f 3084 3105 3071
f 3105 3106 3071
f 3071 3106 3072
f 3099 3065 3101
f 3065 3066 3101
f 3101 3066 3074
f 3066 3057 3074
f 3074 3057 3069
f 3057 3059 3069
f 3069 3059 3071
f 3059 3061 3071
f 3071 3061 3084
f 3061 3095 3084
f 3084 3095 3081
f 3095 3091 3081
f 3081 3091 3077
f 3091 3089 3077
f 3077 3089 3056
f 3089 3055 3056
f 3107 3108 1538
f 1538 3109 3107
f 3109 1498 3107
f 3107 1498 3110
f 1498 1497 3110
f 3108 1489 1538
f 1489 1488 1538
f 1538 1488 3111
f 1488 1487 3111
f 3111 1487 1486
f 3112 3113 3114
f 3113 3115 3114
f 3114 3115 3116
f 3113 3117 3115
f 3117 3118 3115
f 3115 3118 3119
f 3118 3120 3119
f 3119 3120 3121
f 3120 3122 3121
f 3121 3122 3123
f 3122 3124 3123
f 3125 3126 3127
f 3125 3127 3128
f 3127 3129 3128
f 3128 3129 3130
f 3131 1804 3132
f 3131 3132 3133
f 3130 3134 3128
f 3134 3135 3128
f 3128 3135 3132
f 3135 3136 3132
f 3132 3136 3133
f 1482 1489 3137
f 1489 3138 3137
f 3137 3138 3139
f 3138 3140 3139
f 3139 3140 3125
f 3140 3141 3125
f 3125 3141 3126
f 1482 3137 1483
f 3137 3142 1483
f 1483 3142 1484
f 3142 2809 1484
f 1484 2809 1485
f 3143 3144 1497
f 1497 1496 3143
f 1496 1666 3143
f 3143 1666 3145
f 1666 1670 3145
f 3146 3147 1667
f 3147 3148 1667
f 1667 3148 1668
f 3148 3149 1668
f 1668 3149 1670
f 3149 3150 1670
f 1670 3150 3145
f 3151 1651 1650
f 1667 1685 3146
f 1685 1651 3146
f 3146 1651 3152
f 1651 3151 3152
f 3153 3154 1650
f 3154 3155 1650
f 1650 3155 3151
f 1678 1679 3156
f 1679 3157 3156
f 3156 3157 3158
f 1650 1676 3153
f 1676 1678 3153
f 3153 1678 3159
f 1678 3156 3159
f 3160 1606 3161
f 3162 3163 3164
f 3165 3166 3167
f 3168 1634 3169
f 3169 1634 3170
f 3171 3172 3173
f 1588 1587 1654
f 1587 3174 1654
f 1654 3174 1655
f 3174 1675 1655
f 3175 3176 3177
f 3176 3178 3177
f 3177 3178 3179
f 3178 3180 3179
f 3179 3180 1675
f 3181 3182 3175
f 3183 3184 3185
f 3184 3186 3185
f 3185 3186 3181
f 3186 3187 3181
f 3181 3187 3182
f 3188 3189 3190
f 3189 3191 3190
f 3190 3191 3192
f 1591 3168 3193
f 3168 3169 3193
f 3193 3169 3194
f 3169 3170 3194
f 3194 3170 3195
f 3196 3183 3197
f 3183 3185 3197
f 3197 3185 3198
f 3175 3177 3181
f 3177 3164 3181
f 3181 3164 3185
f 3164 3163 3185
f 3185 3163 3198
f 3163 3162 3198
f 3198 3162 3199
f 3172 3188 3173
f 3188 3190 3173
f 3173 3190 3200
f 3201 3202 3203
f 3202 3204 3203
f 3203 3204 3205
f 3204 3206 3205
f 3205 3206 3207
f 3166 3165 3208
f 3165 3209 3208
f 3208 3209 3210
f 3209 3211 3210
f 3210 3211 3212
f 3211 3213 3212
f 3212 3213 3214
f 3213 3215 3214
f 3214 3215 3216
f 3217 3218 3219
f 3207 2889 3220
f 1675 3174 3179
f 3174 3167 3179
f 3179 3167 3177
f 3167 3166 3177
f 3177 3166 3164
f 3166 3208 3164
f 3164 3208 3162
f 3208 3210 3162
f 3162 3210 3199
f 3210 3212 3199
f 3199 3212 3221
f 3212 3214 3221
f 3221 3214 3217
f 3214 3216 3217
f 3217 3216 3218
f 3161 3222 3223
f 3222 3224 3223
f 3223 3224 3203
f 3224 3225 3203
f 3203 3225 3201
f 3226 3227 3223
f 3227 3228 3223
f 3228 1609 3223
f 3223 1609 3161
f 1609 1608 3161
f 3161 1608 3160
f 1637 3229 3230
f 3229 3231 3230
f 3230 3231 1639
f 3231 3232 1639
f 1639 3232 3233
f 1637 3234 3229
f 3234 3226 3229
f 3229 3226 3235
f 1589 1591 3236
f 1591 3193 3236
f 3236 3193 3237
f 3193 3194 3237
f 3237 3194 3238
f 3194 3195 3238
f 3238 3195 3239
f 3195 3240 3239
f 3239 3240 3241
f 3240 3242 3241
f 3241 3242 3243
f 1634 3233 3170
f 3233 3232 3170
f 3170 3232 3195
f 3232 3231 3195
f 3195 3231 3240
f 3231 3229 3240
f 3240 3229 3242
f 3229 3235 3242
f 3242 3235 3243
f 3235 3244 3243
f 3226 3223 3235
f 3223 3203 3235
f 3235 3203 3244
f 3203 3205 3244
f 3244 3205 3245
f 3205 3207 3245
f 3245 3207 3246
f 3207 3220 3246
f 3246 3220 3247
f 3248 3171 3249
f 3171 3173 3249
f 3249 3173 3250
f 3173 3200 3250
f 3250 3200 3251
f 3200 3252 3251
f 3251 3252 3253
f 3252 3254 3253
f 3253 3254 3255
f 3254 3256 3255
f 3196 3197 3192
f 3197 3198 3192
f 3192 3198 3190
f 3198 3199 3190
f 3190 3199 3200
f 3199 3221 3200
f 3200 3221 3252
f 3221 3217 3252
f 3252 3217 3254
f 3217 3219 3254
f 3254 3219 3256
f 1587 1589 3174
f 1589 3236 3174
f 3174 3236 3167
f 3236 3237 3167
f 3167 3237 3165
f 3237 3238 3165
f 3165 3238 3209
f 3238 3239 3209
f 3209 3239 3211
f 3239 3241 3211
f 3211 3241 3213
f 3241 3243 3213
f 3213 3243 3215
f 3243 3244 3215
f 3215 3244 3216
f 3244 3245 3216
f 3216 3245 3218
f 3245 3246 3218
f 3218 3246 3219
f 3246 3247 3219
f 3219 3247 3256
f 3257 3258 3259
f 3258 3257 3260
f 3257 3261 3260
f 3260 3261 3262
f 3263 3264 3262
f 3264 3265 3262
f 3262 3265 3266
f 1674 1675 3180
f 3267 3268 3269
f 3268 1687 3269
f 3269 1687 3270
f 1687 1686 3270
f 3270 1686 3180
f 1686 3271 3180
f 3180 3271 1674
f 3272 1691 3273
f 1691 1690 3273
f 3273 1690 3267
f 1690 3274 3267
f 3267 3274 3268
f 3275 3276 3273
f 3276 3277 3273
f 3273 3277 3272
f 1679 1648 3275
f 1648 1647 3275
f 3275 1647 3276
f 3278 3279 3257
f 3279 3280 3257
f 3257 3280 3261
f 3280 3281 3261
f 3282 3283 3261
f 3283 3284 3261
f 3261 3284 3262
f 3284 3285 3262
f 3262 3285 3263
f 3286 3287 3281
f 3287 3288 3281
f 3281 3288 3261
f 3288 3289 3261
f 3261 3289 3282
f 3290 3291 3286
f 3291 3292 3286
f 3292 3293 3286
f 3286 3293 3287
f 3293 3294 3287
f 3287 3294 3288
f 3294 3295 3288
f 3288 3295 3289
f 3180 3290 3270
f 3290 3286 3270
f 3270 3286 3269
f 3286 3281 3269
f 3269 3281 3267
f 3281 3280 3267
f 3267 3280 3273
f 3280 3279 3273
f 3273 3279 3275
f 3279 1679 3275
f 3296 3297 3298
f 3098 3296 3099
f 3296 3298 3099
f 3099 3298 3299
f 3298 3300 3299
f 3299 3300 3062
f 3300 3301 3062
f 3062 3301 3302
f 3093 3060 3303
f 3304 3305 3306
f 3305 3307 3306
f 3306 3307 3308
f 3309 3310 3311
f 3310 3312 3311
f 3311 3312 3307
f 3312 3313 3307
f 3307 3313 3308
f 3314 3315 3316
f 3315 3317 3316
f 3316 3317 3311
f 3317 3318 3311
f 3311 3318 3309
f 3314 3316 3319
f 3316 3320 3319
f 3319 3320 3321
f 3322 3323 3324
f 3324 3325 3322
f 3325 3326 3322
f 3322 3326 3320
f 3326 3327 3320
f 3320 3327 3321
f 3328 3329 3330
f 3329 3331 3330
f 3330 3331 3322
f 3331 3332 3322
f 3322 3332 3323
f 3333 3334 3335
f 3060 3058 3330
f 3335 3336 3333
f 3336 3330 3333
f 3333 3330 3067
f 3330 3058 3067
f 3097 3096 3337
f 3096 3094 3337
f 3093 3303 3094
f 3088 3090 3338
f 3090 3092 3338
f 3338 3092 3097
f 1850 3088 1767
f 3088 3338 1767
f 1767 3338 1768
f 3338 3339 1768
f 1768 3339 1858
f 3340 3339 1859
f 3339 3341 1859
f 1859 3341 1860
f 3342 3341 1861
f 3341 3343 1861
f 1861 3343 1862
f 3344 3343 1863
f 3343 3345 1863
f 1863 3345 1764
f 3346 3345 1765
f 3345 3347 1765
f 1765 3347 1761
f 1761 3347 1762
f 3347 3348 1762
f 1762 3348 3349
f 1758 3348 1759
f 3348 3350 1759
f 1759 3350 1755
f 3351 3350 1756
f 3350 3352 1756
f 1756 3352 1752
f 3353 3352 1753
f 3352 3354 1753
f 1753 3354 1749
f 1749 3354 1750
f 3354 3355 1750
f 1750 3355 3356
f 3356 3355 1747
f 3355 3357 1747
f 1747 3357 1743
f 3358 3357 1744
f 3357 3359 1744
f 1744 3359 1740
f 3360 3361 3362
f 3361 1698 3362
f 3362 1698 3359
f 1698 1700 3359
f 1700 1711 3359
f 3359 1711 1707
f 1707 3363 3359
f 3363 3364 3359
f 3359 3364 1740
f 3365 1717 1716
f 1716 1715 3365
f 1715 3366 3365
f 3365 3366 3362
f 3366 3367 3362
f 3362 3367 3360
f 1723 3368 1726
f 3368 1778 1726
f 1726 1778 3369
f 3370 1721 3371
f 1721 1720 3371
f 3371 1720 3365
f 1720 1719 3365
f 3365 1719 1717
f 1723 3370 3368
f 3370 3371 3368
f 3368 3371 1738
f 3371 3372 1738
f 1738 3372 1734
f 1734 3372 1735
f 3372 3373 1735
f 1735 3373 1731
f 2901 2899 3373
f 2899 2897 3373
f 3373 2897 3374
f 2897 2895 3374
f 3374 2895 1732
f 2895 2894 1732
f 2906 2904 3375
f 2904 2902 3375
f 2914 2912 3376
f 2912 2910 3376
f 3376 2910 2908
f 2920 2921 3377
f 2921 2915 3377
f 3378 2920 3379
f 2920 3377 3379
f 3379 3377 3380
f 3377 3381 3380
f 3382 3383 3384
f 3383 3385 3384
f 3384 3385 3377
f 3385 3386 3377
f 3377 3386 3387
f 3388 3389 3390
f 3388 3390 3384
f 3390 3391 3384
f 3384 3391 3382
f 3392 3393 3394
f 3393 3395 3394
f 3394 3395 3388
f 3395 3396 3388
f 3388 3396 3389
f 3392 3394 3397
f 3394 3398 3397
f 3397 3398 3399
f 3400 3401 3402
f 3401 3403 3402
f 3403 3404 3402
f 3404 3405 3402
f 3402 3405 3398
f 3405 3406 3398
f 3398 3406 3399
f 3407 3408 3409
f 3408 3410 3409
f 3409 3410 3411
f 3410 3412 3411
f 3407 3413 3408
f 3413 3414 3408
f 3408 3414 3402
f 3414 3415 3402
f 3402 3415 3416
f 3412 3410 3417
f 3410 3418 3417
f 3417 3418 3419
f 3420 3421 3422
f 3421 3423 3422
f 3424 3425 3422
f 3425 3426 3422
f 3422 3426 3418
f 3426 3427 3418
f 3418 3427 3419
f 3420 3422 3428
f 3422 3429 3428
f 3428 3429 3430
f 3304 3431 3305
f 3431 3432 3305
f 3305 3432 3429
f 3432 3433 3429
f 3429 3433 3430
f 3097 3337 3338
f 3337 3434 3338
f 3338 3434 3339
f 3434 3435 3339
f 3339 3435 3341
f 3435 3436 3341
f 3341 3436 3343
f 3436 3437 3343
f 3343 3437 3345
f 3437 3438 3345
f 3345 3438 3347
f 3438 3439 3347
f 3347 3439 3348
f 3439 3440 3348
f 3348 3440 3350
f 3440 3441 3350
f 3350 3441 3352
f 3441 3442 3352
f 3352 3442 3354
f 3442 3443 3354
f 3354 3443 3355
f 3443 3444 3355
f 3355 3444 3357
f 3444 3445 3357
f 3357 3445 3359
f 3445 3446 3359
f 3359 3446 3362
f 3446 3447 3362
f 3362 3447 3365
f 3447 3448 3365
f 3365 3448 3371
f 3448 3449 3371
f 3371 3449 3372
f 3449 3375 3372
f 3372 3375 3373
f 3375 2902 3373
f 3373 2902 2901
f 3094 3303 3337
f 3303 3450 3337
f 3337 3450 3434
f 3450 3451 3434
f 3434 3451 3435
f 3451 3452 3435
f 3435 3452 3436
f 3452 3453 3436
f 3436 3453 3437
f 3453 3454 3437
f 3437 3454 3438
f 3454 3455 3438
f 3438 3455 3439
f 3455 3456 3439
f 3439 3456 3440
f 3456 3457 3440
f 3440 3457 3441
f 3457 3458 3441
f 3441 3458 3442
f 3458 3459 3442
f 3442 3459 3443
f 3459 3460 3443
f 3443 3460 3444
f 3460 3461 3444
f 3444 3461 3445
f 3461 3462 3445
f 3445 3462 3446
f 3462 3463 3446
f 3446 3463 3447
f 3463 3464 3447
f 3447 3464 3448
f 3464 3465 3448
f 3448 3465 3449
f 3465 3376 3449
f 3449 3376 3375
f 3376 2908 3375
f 3375 2908 2906
f 3060 3330 3303
f 3330 3322 3303
f 3303 3322 3450
f 3322 3320 3450
f 3450 3320 3451
f 3320 3316 3451
f 3451 3316 3452
f 3316 3311 3452
f 3452 3311 3453
f 3311 3307 3453
f 3453 3307 3454
f 3307 3305 3454
f 3454 3305 3455
f 3305 3429 3455
f 3455 3429 3456
f 3429 3422 3456
f 3456 3422 3457
f 3422 3418 3457
f 3457 3418 3458
f 3418 3410 3458
f 3458 3410 3459
f 3410 3408 3459
f 3459 3408 3460
f 3408 3402 3460
f 3460 3402 3461
f 3402 3398 3461
f 3461 3398 3462
f 3398 3394 3462
f 3462 3394 3463
f 3394 3388 3463
f 3463 3388 3464
f 3388 3384 3464
f 3464 3384 3465
f 3384 3377 3465
f 3465 3377 3376
f 3377 2915 3376
f 3376 2915 2914
f 3466 3467 3468
f 3469 3470 3471
f 3472 3473 3474
f 3475 3476 3477
f 3478 3479 3480
f 3481 3482 3483
f 3483 3482 3484
f 3485 3486 3487
f 3486 3488 3487
f 3489 3490 3491
f 3492 3493 3491
f 3493 3494 3491
f 3491 3494 3489
f 3495 3496 3497
f 3498 3499 3500
f 3499 3501 3500
f 3502 3503 3504
f 3503 3505 3504
f 3506 3507 3508
f 2626 2625 3509
f 2647 2646 3510
f 2646 2626 3510
f 3510 2626 3511
f 2626 3509 3511
f 3512 3513 3514
f 3513 3515 3514
f 3514 3515 3516
f 2640 2639 3517
f 2637 3518 3519
f 3518 2645 3519
f 3519 2645 2644
f 3520 3521 2635
f 3521 1891 2635
f 3522 1892 3523
f 3524 1978 3525
f 1978 1977 3525
f 3525 1977 3526
f 3524 3525 1964
f 3525 3527 1964
f 1964 3527 2070
f 3527 3528 2070
f 2070 3528 2071
f 3529 3530 3531
f 3530 3532 3531
f 3531 3532 3527
f 3532 3533 3527
f 3527 3533 3528
f 3534 3535 3536
f 3535 3537 3536
f 3536 3537 3531
f 3537 3538 3531
f 3531 3538 3529
f 3479 3539 3536
f 3534 3536 3540
f 3536 3539 3540
f 3540 3539 3541
f 3478 3480 3476
f 3475 3477 3542
f 3543 3544 3545
f 3544 3546 3545
f 3545 3546 3547
f 2037 2926 3548
f 2926 2925 3548
f 3548 2925 2951
f 2032 2031 3469
f 2031 2030 3469
f 3469 2030 3470
f 2028 2034 3549
f 2034 2033 3549
f 2028 3549 2026
f 3549 3550 2026
f 2026 3550 1996
f 1996 3550 1997
f 3550 3551 1997
f 1997 3551 2025
f 3552 3553 3550
f 3553 3554 3550
f 3550 3554 3551
f 3474 3473 3555
f 3473 3556 3555
f 3555 3556 3557
f 3557 3556 3558
f 3556 3559 3558
f 3558 3559 3560
f 3561 3562 3559
f 3562 3563 3559
f 3559 3563 3560
f 3564 3565 3561
f 3565 3566 3561
f 3561 3566 3562
f 3567 3568 3569
f 3568 3570 3569
f 3569 3570 3564
f 3570 3571 3564
f 3564 3571 3565
f 3509 3512 3511
f 3512 3514 3511
f 3511 3514 3506
f 3514 3516 3506
f 3506 3516 3507
f 3505 3500 3504
f 3500 3501 3504
f 3504 3501 3572
f 3501 3573 3572
f 3572 3573 3574
f 3573 3575 3574
f 3574 3575 3517
f 3575 3576 3517
f 3577 3578 3579
f 3578 3580 3579
f 3579 3580 3581
f 3580 3582 3581
f 3581 3582 3583
f 3582 3584 3583
f 3497 3492 3495
f 3492 3491 3495
f 3495 3491 3585
f 3586 3587 3588
f 3587 3589 3588
f 3588 3589 3590
f 3591 3592 3593
f 3592 3594 3593
f 3595 3596 3589
f 3596 3597 3589
f 3589 3597 3590
f 3597 3598 3590
f 3488 3567 3487
f 3567 3569 3487
f 3487 3569 3586
f 3569 3564 3586
f 3586 3564 3595
f 3564 3561 3595
f 3595 3561 3596
f 3561 3559 3596
f 3467 3599 3468
f 3599 3600 3468
f 3468 3600 3601
f 3600 3602 3601
f 3601 3602 3545
f 3602 3548 3545
f 3545 3548 3543
f 3548 2951 3543
f 3592 3598 3594
f 3598 3597 3594
f 3594 3597 3593
f 3597 3596 3593
f 3593 3596 3603
f 3596 3559 3603
f 3603 3559 3604
f 3559 3556 3604
f 3604 3556 3471
f 3556 3473 3471
f 3471 3473 3469
f 3474 3552 3472
f 3552 3550 3472
f 3472 3550 3473
f 3550 3549 3473
f 3473 3549 3469
f 3549 2033 3469
f 3469 2033 2032
f 3479 3536 3480
f 3536 3531 3480
f 3480 3531 3605
f 3531 3527 3605
f 3605 3527 3606
f 3527 3525 3606
f 3606 3525 3523
f 3525 3526 3523
f 3523 3526 3522
f 3607 3466 3608
f 3466 3468 3608
f 3608 3468 3609
f 3468 3601 3609
f 3609 3601 3610
f 3601 3545 3610
f 3610 3545 3477
f 3545 3547 3477
f 3477 3547 3542
f 2638 2637 3611
f 2637 3519 3611
f 3611 3519 3576
f 3519 2644 3576
f 3576 2644 3517
f 2644 3612 3517
f 3517 3612 2640
f 2639 2647 3517
f 2647 3510 3517
f 3517 3510 3574
f 3510 3511 3574
f 3574 3511 3572
f 3511 3506 3572
f 3572 3506 3504
f 3506 3508 3504
f 3504 3508 3502
f 3577 3585 3578
f 3585 3613 3578
f 3578 3613 3580
f 3613 3614 3580
f 3580 3614 3582
f 3614 3615 3582
f 3582 3615 3584
f 3615 3616 3584
f 1892 3481 3523
f 3481 3483 3523
f 3523 3483 3521
f 3483 3484 3521
f 3521 3484 1891
f 3476 3480 3477
f 3480 3605 3477
f 3477 3605 3610
f 3605 3606 3610
f 3610 3606 3609
f 3606 3523 3609
f 3609 3523 3608
f 3523 3521 3608
f 3608 3521 3607
f 3521 3520 3607
f 3607 3520 3611
f 3520 3617 3611
f 3611 3617 2638
f 3591 3616 3592
f 3616 3615 3592
f 3592 3615 3598
f 3615 3614 3598
f 3598 3614 3590
f 3614 3613 3590
f 3590 3613 3588
f 3613 3585 3588
f 3588 3585 3586
f 3585 3491 3586
f 3586 3491 3487
f 3491 3490 3487
f 3487 3490 3485
f 2030 2037 3470
f 2037 3548 3470
f 3470 3548 3471
f 3548 3602 3471
f 3471 3602 3604
f 3602 3600 3604
f 3604 3600 3603
f 3600 3599 3603
f 3603 3599 3593
f 3599 3467 3593
f 3593 3467 3591
f 3467 3466 3591
f 3591 3466 3616
f 3466 3607 3616
f 3616 3607 3584
f 3607 3611 3584
f 3584 3611 3583
f 3611 3576 3583
f 3583 3576 3581
f 3576 3575 3581
f 3581 3575 3579
f 3575 3573 3579
f 3579 3573 3577
f 3573 3501 3577
f 3577 3501 3585
f 3501 3499 3585
f 3585 3499 3495
f 3499 3498 3495
f 3495 3498 3496
f 2066 2065 3618
f 2065 3619 3618
f 3618 3619 3620
f 3621 3622 2060
f 3622 3623 2060
f 2060 3623 2061
f 3623 3624 2061
f 2061 3624 2069
f 3624 3625 2069
f 2069 3625 2062
f 3625 3626 2062
f 2062 3626 2063
f 3626 3627 2063
f 2063 3627 2065
f 3627 3628 2065
f 2065 3628 3619
f 2060 2073 3621
f 2073 2074 3621
f 3621 2074 3629
f 2074 2075 3629
f 3629 2075 3630
f 2075 2076 3630
f 2076 2077 3630
f 3630 2077 3631
f 2077 2078 3631
f 3631 2078 3632
f 3633 3634 2080
f 3634 3635 2080
f 2080 3635 2078
f 3635 3636 2078
f 2078 3636 3632
f 3637 3638 2083
f 3638 3639 2083
f 2083 3639 2082
f 3639 3640 2082
f 2082 3640 2081
f 3640 2080 2081
f 2083 2084 3637
f 2084 2086 3637
f 3637 2086 3641
f 2086 2088 3641
f 3641 2088 3642
f 2088 2090 3642
f 2090 2092 3642
f 3642 2092 3643
f 2095 3644 2094
f 3644 3643 2094
f 2094 3643 2093
f 3643 2092 2093
f 2072 2071 3645
f 2097 3646 2095
f 3646 3647 2095
f 2095 3647 3644
f 2097 2072 3646
f 2072 3645 3646
f 3646 3645 3648
f 3645 3649 3648
f 3650 3651 3652
f 3653 3654 3655
f 3656 3657 3658
f 3657 3659 3658
f 3660 3620 3619
f 3641 3661 3662
f 3661 3663 3662
f 3640 3639 3663
f 3639 3664 3663
f 3663 3664 3662
f 3665 3663 3666
f 3663 3667 3666
f 3666 3667 3635
f 3667 3668 3635
f 3635 3668 3636
f 3636 3668 3632
f 3668 3669 3632
f 3632 3669 3631
f 3631 3669 3630
f 3669 3670 3630
f 3630 3670 3629
f 3671 3624 3672
f 3624 3623 3672
f 3672 3623 3622
f 3627 3626 3671
f 3626 3625 3671
f 3671 3625 3624
f 3673 3674 3675
f 3674 3676 3675
f 3675 3676 3677
f 3678 3679 3680
f 3680 3673 3678
f 3673 3675 3678
f 3678 3675 3681
f 3675 3682 3681
f 3681 3682 3683
f 3682 3659 3683
f 3659 3682 3658
f 3682 3684 3658
f 3658 3684 3685
f 3686 3687 3688
f 3687 3689 3688
f 3688 3689 3656
f 3690 3691 3686
f 3692 3693 3694
f 3693 3695 3694
f 3696 3697 3698
f 3699 3696 3700
f 3696 3701 3700
f 3700 3701 3702
f 3701 3703 3702
f 3702 3703 3704
f 3704 3703 3705
f 3703 3706 3705
f 3705 3706 3707
f 3707 3706 3708
f 3706 3652 3708
f 3708 3652 3709
f 3710 3652 3711
f 3652 3651 3711
f 3711 3651 3712
f 3672 3685 3671
f 3685 3713 3671
f 3671 3713 3714
f 3713 3682 3714
f 3714 3682 3628
f 3682 3675 3628
f 3628 3675 3619
f 3675 3677 3619
f 3619 3677 3660
f 3686 3715 3690
f 3715 3716 3690
f 3690 3716 3717
f 3716 3718 3717
f 3717 3718 3670
f 3656 3658 3688
f 3658 3685 3688
f 3688 3685 3716
f 3685 3672 3716
f 3716 3672 3718
f 3672 3719 3718
f 3718 3719 3670
f 3719 3621 3670
f 3670 3621 3629
f 3661 3653 3663
f 3653 3655 3663
f 3663 3655 3667
f 3655 3720 3667
f 3667 3720 3668
f 3720 3721 3668
f 3668 3721 3669
f 3721 3722 3669
f 3669 3722 3670
f 3722 3723 3670
f 3670 3723 3717
f 3723 3693 3717
f 3717 3693 3690
f 3693 3692 3690
f 3690 3692 3691
f 3654 3650 3655
f 3650 3652 3655
f 3655 3652 3720
f 3652 3706 3720
f 3720 3706 3721
f 3706 3703 3721
f 3721 3703 3722
f 3703 3701 3722
f 3722 3701 3723
f 3701 3696 3723
f 3723 3696 3693
f 3696 3698 3693
f 3693 3698 3695
f 3646 3648 3724
f 3654 3653 3724
f 3725 3726 3727
f 3728 3650 3729
f 3712 3728 3730
f 3728 3729 3730
f 3730 3729 3727
f 3729 3731 3727
f 3727 3731 3725
f 3732 3733 3731
f 3733 3734 3731
f 3731 3734 3725
f 3649 3732 3648
f 3732 3731 3648
f 3648 3731 3724
f 3731 3729 3724
f 3724 3729 3654
f 3729 3650 3654
f 3641 3642 3735
f 3642 3643 3735
f 3735 3643 3653
f 3643 3644 3653
f 3653 3644 3724
f 3644 3647 3724
f 3724 3647 3646
f 3736 3737 3738
f 3739 3740 3741
f 3742 3743 3744
f 3745 3746 3747
f 3748 3749 3750
f 3751 3748 3752
f 3748 3750 3752
f 3752 3750 3753
f 3750 3754 3753
f 3753 3754 3755
f 3754 3756 3755
f 3757 3758 3759
f 3758 3760 3759
f 3759 3760 3761
f 3762 3763 3764
f 3763 3765 3764
f 3764 3765 3760
f 3765 3766 3760
f 3760 3766 3761
f 3762 3764 3767
f 3764 3768 3767
f 3767 3768 3769
f 3769 3768 3770
f 3768 3771 3770
f 3770 3771 3772
f 3773 3774 3771
f 3774 3775 3771
f 3771 3775 3772
f 3776 3777 3773
f 3777 3778 3773
f 3773 3778 3774
f 3779 3780 3781
f 3780 3782 3781
f 3781 3782 3783
f 3782 3784 3783
f 3783 3784 3785
f 3784 3786 3785
f 3785 3786 3773
f 3786 3787 3773
f 3773 3787 3776
f 3788 3789 3790
f 3789 3791 3790
f 3790 3791 3781
f 3791 3792 3781
f 3781 3792 3779
f 3793 3794 3795
f 3794 3796 3795
f 3795 3796 3797
f 3796 3798 3797
f 3798 3799 3797
f 3799 3800 3797
f 3797 3800 3790
f 3800 3801 3790
f 3790 3801 3788
f 3802 3803 3804
f 3803 3805 3804
f 3804 3805 3795
f 3805 3806 3795
f 3795 3806 3793
f 3807 3808 3809
f 3807 3809 3804
f 3809 3810 3804
f 3804 3810 3802
f 3811 3812 3813
f 3813 3814 3811
f 3814 3815 3811
f 3811 3815 3807
f 3815 3816 3807
f 3807 3816 3808
f 3743 3817 3744
f 3817 3818 3744
f 3744 3818 3819
f 3819 3820 3744
f 3820 3821 3744
f 3744 3821 3822
f 3822 3823 3744
f 3823 3824 3744
f 3744 3824 3825
f 3825 3826 3744
f 3826 3827 3744
f 3744 3827 3828
f 3827 3829 3828
f 3829 3830 3828
f 3828 3830 3831
f 3831 3832 3828
f 3832 3833 3828
f 3828 3833 3834
f 3834 3835 3828
f 3835 3836 3828
f 3828 3836 3837
f 3837 3838 3828
f 3838 3839 3828
f 3828 3839 3840
f 3840 3841 3828
f 3841 3842 3828
f 3828 3842 3843
f 3843 3844 3828
f 3844 3845 3828
f 3828 3845 3846
f 3845 3847 3846
f 3848 3849 3850
f 3849 3851 3850
f 3850 3851 3852
f 3852 3853 3850
f 3853 3854 3850
f 3850 3854 3744
f 3854 3855 3744
f 3744 3855 3856
f 3856 3857 3744
f 3857 3858 3744
f 3744 3858 3859
f 3859 3860 3744
f 3860 3861 3744
f 3744 3861 3742
f 3862 3863 3864
f 3863 3865 3864
f 3864 3865 3866
f 3866 3867 3864
f 3867 3868 3864
f 3864 3868 3850
f 3868 3869 3850
f 3869 3870 3850
f 3850 3870 3871
f 3871 3872 3850
f 3872 3873 3850
f 3850 3873 3848
f 3874 3875 3876
f 3875 3877 3876
f 3877 3878 3876
f 3878 3879 3876
f 3876 3879 3864
f 3879 3880 3864
f 3880 3881 3864
f 3864 3881 3882
f 3882 3883 3864
f 3883 3884 3864
f 3864 3884 3862
f 3740 3885 3741
f 3885 3886 3741
f 3741 3886 3876
f 3886 3887 3876
f 3876 3887 3874
f 3888 3889 3741
f 3889 3890 3741
f 3741 3890 3739
f 3891 3892 3893
f 3892 3894 3893
f 3893 3894 3888
f 3894 3895 3888
f 3888 3895 3896
f 3896 3897 3888
f 3897 3898 3888
f 3888 3898 3889
f 3899 3900 3901
f 3899 3901 3893
f 3901 3902 3893
f 3893 3902 3891
f 3903 3904 3905
f 3904 3906 3905
f 3905 3906 3899
f 3906 3907 3899
f 3899 3907 3900
f 3908 3909 3910
f 3909 3911 3910
f 3910 3911 3905
f 3911 3912 3905
f 3905 3912 3903
f 3736 3913 3737
f 3913 3914 3737
f 3737 3914 3910
f 3914 3915 3910
f 3910 3915 3908
f 3916 3917 3918
f 3918 3919 3736
f 3919 3920 3736
f 3736 3920 3913
f 3921 3922 3923
f 3922 3924 3923
f 3923 3924 3916
f 3924 3925 3916
f 3916 3925 3917
f 3921 3923 3926
f 3923 3927 3926
f 3926 3927 3928
f 3929 3930 3931
f 3932 3933 3934
f 3930 3929 3934
f 3929 3935 3934
f 3934 3935 3932
f 3928 3927 3931
f 3927 3936 3931
f 3931 3936 3929
f 3936 3937 3929
f 3929 3937 3935
f 3938 3939 3940
f 3939 3941 3940
f 3940 3941 3936
f 3941 3942 3936
f 3936 3942 3937
f 3943 3944 3938
f 3944 3945 3938
f 3945 3946 3938
f 3938 3946 3939
f 3947 3948 3949
f 3947 3950 3951
f 3950 3952 3951
f 3951 3952 3953
f 3952 3747 3953
f 3953 3747 3954
f 3747 3746 3954
f 3947 3949 3950
f 3949 3754 3950
f 3950 3754 3952
f 3754 3750 3952
f 3952 3750 3747
f 3750 3749 3747
f 3747 3749 3745
f 3828 3811 3744
f 3811 3807 3744
f 3744 3807 3850
f 3807 3804 3850
f 3850 3804 3864
f 3804 3795 3864
f 3864 3795 3876
f 3795 3797 3876
f 3876 3797 3741
f 3797 3790 3741
f 3741 3790 3888
f 3790 3781 3888
f 3888 3781 3893
f 3781 3783 3893
f 3893 3783 3899
f 3783 3785 3899
f 3899 3785 3905
f 3785 3773 3905
f 3905 3773 3910
f 3773 3771 3910
f 3910 3771 3737
f 3771 3768 3737
f 3737 3768 3738
f 3768 3764 3738
f 3738 3764 3948
f 3764 3760 3948
f 3948 3760 3949
f 3760 3758 3949
f 3949 3758 3754
f 3758 3757 3754
f 3754 3757 3756
f 3918 3736 3916
f 3736 3738 3916
f 3916 3738 3923
f 3738 3948 3923
f 3923 3948 3927
f 3948 3947 3927
f 3927 3947 3936
f 3947 3951 3936
f 3936 3951 3940
f 3951 3953 3940
f 3940 3953 3938
f 3953 3954 3938
f 3938 3954 3943
f 3955 3956 3957
f 3958 3959 3960
f 3961 3962 3963
f 3964 3965 3966
f 3967 3968 3969
f 3970 3971 3972
f 3973 3974 3975
f 3976 3977 3978
f 3979 3980 3981
f 3982 2652 3983
f 2694 2693 3984
f 3985 3986 3987
f 3988 3989 3990
f 3991 3992 3993
f 2196 3994 3995
f 3996 2254 3997
f 3998 3999 4000
f 4001 4002 3973
f 4002 4003 3973
f 4004 4005 4006
f 4005 4007 4006
f 4006 4007 4001
f 2184 2243 4008
f 2243 2242 4008
f 2229 2185 4009
f 2185 2184 4009
f 2184 4008 4009
f 4009 4008 4010
f 4008 2242 4010
f 4010 2242 3996
f 2234 2232 4011
f 4012 2236 4013
f 2196 2225 3994
f 2225 2224 3994
f 3994 2224 2222
f 2820 4014 4015
f 4014 4016 4015
f 4015 4016 3995
f 4016 4017 3995
f 3995 4017 2196
f 4018 2817 4019
f 2817 4020 4019
f 4021 4022 4023
f 4022 4024 4023
f 4023 4024 4025
f 4024 4026 4025
f 4025 4026 4027
f 3991 3993 4028
f 3989 3988 4029
f 4029 3988 4030
f 3988 4031 4030
f 4030 4031 4032
f 3746 3745 3988
f 3745 3749 3988
f 3988 3749 4031
f 3946 3945 4033
f 3945 3944 4033
f 4033 3944 3990
f 3944 3943 3990
f 3990 3943 3988
f 3943 3954 3988
f 3988 3954 3746
f 3946 4033 3939
f 4033 4034 3939
f 3939 4034 3941
f 4035 3933 4036
f 3933 3932 4036
f 3932 3935 4036
f 3935 3937 4036
f 4036 3937 4034
f 3937 3942 4034
f 4034 3942 3941
f 4037 4038 4039
f 4040 4041 3985
f 4042 4043 4044
f 4045 4046 4047
f 4048 4049 4042
f 4049 4050 4042
f 4042 4050 4043
f 4051 4052 4053
f 4052 4054 4053
f 2631 2630 4055
f 4055 4051 2631
f 4051 4053 2631
f 2631 4053 2666
f 4053 4056 2666
f 2666 4056 4057
f 4056 2668 4057
f 2668 4056 2670
f 4056 4058 2670
f 2670 4058 2671
f 2672 4059 2669
f 4059 3984 2669
f 2669 3984 2692
f 3984 2693 2692
f 4060 2648 2649
f 3982 3983 2655
f 2625 4061 4062
f 4061 2650 4062
f 3512 4063 3513
f 4063 3515 3513
f 4064 3508 4065
f 3508 3507 4065
f 4065 3507 3516
f 4066 3503 4064
f 3503 3502 4064
f 4064 3502 3508
f 3496 3498 4067
f 3498 3500 4067
f 4067 3500 4066
f 3500 3505 4066
f 4066 3505 3503
f 4068 3492 4067
f 3492 3497 4067
f 4067 3497 3496
f 4069 3494 4068
f 3494 3493 4068
f 4068 3493 3492
f 3488 3486 4070
f 3486 3485 4070
f 4070 3485 4071
f 3485 3490 4071
f 4071 3490 3489
f 4072 4073 4070
f 4073 4074 4070
f 4070 4074 3488
f 4072 4075 4076
f 4075 4077 4076
f 4076 4077 4078
f 4079 4080 3955
f 3955 4080 4081
f 4079 4082 4083
f 4082 4084 4083
f 4083 4084 4085
f 3975 3974 4086
f 2794 4087 2796
f 4087 4088 2796
f 2796 4088 4089
f 4088 4090 4089
f 4089 4090 4091
f 3992 4021 3993
f 4021 4023 3993
f 3993 4023 4092
f 4023 4025 4092
f 4092 4025 4093
f 4025 3987 4093
f 4093 3987 4037
f 3987 3986 4037
f 4037 3986 4038
f 3985 3987 4040
f 3987 4025 4040
f 4040 4025 4019
f 4025 4027 4019
f 4019 4027 4018
f 3979 3981 4094
f 3962 4095 3963
f 4095 4096 3963
f 3963 4096 4097
f 4096 4098 4097
f 4097 4098 4099
f 4100 4101 4102
f 4103 4063 4104
f 4063 3512 4104
f 4104 3512 3509
f 4099 4098 4105
f 4098 4106 4105
f 4105 4106 4107
f 4106 4062 4107
f 4107 4062 4060
f 4062 2650 4060
f 4060 2650 2648
f 2652 2694 3983
f 2694 3984 3983
f 3983 3984 4108
f 3984 4109 4108
f 4110 4111 4112
f 4111 4045 4112
f 4112 4045 4042
f 4045 4047 4042
f 4042 4047 4048
f 4054 4113 4053
f 4113 4046 4053
f 4053 4046 4056
f 4046 4045 4056
f 4056 4045 4058
f 4045 4111 4058
f 4058 4111 4114
f 2672 2671 4059
f 2671 4058 4059
f 4059 4058 3984
f 4058 4114 3984
f 3984 4114 4109
f 4114 4111 4109
f 4109 4111 3981
f 4111 4110 3981
f 3981 4110 4094
f 4003 4091 3973
f 4091 4090 3973
f 3973 4090 3974
f 4090 4088 3974
f 3974 4088 4086
f 4088 4087 4086
f 4086 4087 4084
f 4087 4115 4084
f 4084 4115 4085
f 2235 2234 3978
f 2234 4011 3978
f 3978 4011 3976
f 4011 2232 3976
f 3976 2232 4116
f 4117 4118 4119
f 3964 4120 4121
f 4120 4122 4121
f 4121 4122 4123
f 4122 4124 4123
f 4123 4124 4125
f 4124 4126 4125
f 4125 4126 4127
f 4126 4000 4127
f 4127 4000 4004
f 4000 3999 4004
f 4004 3999 4005
f 2236 2235 4013
f 2235 3978 4013
f 4013 3978 4128
f 3978 3977 4128
f 4128 3977 4129
f 2238 4012 4130
f 4012 4013 4130
f 4130 4013 4131
f 4013 4128 4131
f 4131 4128 4132
f 4128 4129 4132
f 4132 3969 4131
f 3969 4133 4131
f 4131 4133 4130
f 4133 4134 4130
f 4130 4134 2238
f 4134 4135 2238
f 2817 2820 4020
f 2820 4015 4020
f 4020 4015 3972
f 4015 3995 3972
f 3972 3995 3970
f 3968 3971 3969
f 3971 3970 3969
f 3969 3970 4133
f 3970 3995 4133
f 4133 3995 4134
f 3995 3994 4134
f 4134 3994 4135
f 3994 2222 4135
f 4129 4136 4132
f 4136 4137 4132
f 4132 4137 3969
f 4137 4138 3969
f 3969 4138 3967
f 4116 2229 3976
f 2229 4009 3976
f 3976 4009 3977
f 4009 4139 3977
f 3977 4139 4129
f 4139 4140 4129
f 4129 4140 4136
f 4140 4141 4136
f 4136 4141 4137
f 4141 4142 4137
f 4137 4142 4138
f 3966 3965 4143
f 3965 4144 4143
f 4143 4144 4145
f 3958 4146 4147
f 4146 4148 4147
f 4145 3967 4143
f 3967 4138 4143
f 4143 4138 3966
f 4138 4142 3966
f 3966 4142 3964
f 4142 4141 3964
f 3964 4141 4120
f 4141 4140 4120
f 4120 4140 4122
f 4140 4139 4122
f 4122 4139 4124
f 4139 4009 4124
f 4124 4009 4126
f 4009 4010 4126
f 4126 4010 4000
f 4010 2254 4000
f 4000 2254 3998
f 2649 2655 4060
f 2655 3983 4060
f 4060 3983 4107
f 3983 4108 4107
f 4107 4108 4105
f 4108 4109 4105
f 4105 4109 4099
f 4109 3981 4099
f 4099 3981 4097
f 3981 3980 4097
f 4097 3980 3963
f 3980 4149 3963
f 3963 4149 3961
f 4044 4150 4042
f 4150 4041 4042
f 4042 4041 4112
f 4041 4040 4112
f 4112 4040 4110
f 4040 4019 4110
f 4110 4019 4094
f 4019 4020 4094
f 4094 4020 3979
f 4020 3972 3979
f 3979 3972 3980
f 3972 3971 3980
f 3980 3971 4149
f 3971 3968 4149
f 4149 3968 3961
f 3968 3967 3961
f 3961 3967 3962
f 3967 4145 3962
f 4118 4151 4152
f 4151 4153 4152
f 4152 4153 4154
f 4153 4155 4154
f 4154 4155 4156
f 4157 4155 4158
f 4155 4153 4158
f 4158 4153 4159
f 4153 4151 4159
f 4079 3955 4082
f 3955 3957 4082
f 4082 3957 4084
f 3957 4160 4084
f 4084 4160 4086
f 4160 4117 4086
f 4086 4117 3975
f 4117 4119 3975
f 3975 4119 3973
f 4118 4117 4151
f 4117 4160 4151
f 4151 4160 4159
f 4160 3957 4159
f 4159 3957 4158
f 3957 3956 4158
f 4158 3956 4157
f 4147 4161 3958
f 4161 4162 3958
f 3958 4162 3959
f 4162 4163 3959
f 3959 4163 4164
f 4163 4165 4164
f 4164 4165 4166
f 4165 4167 4166
f 4166 4167 4168
f 3960 3959 4169
f 3959 4164 4169
f 4169 4164 4170
f 4164 4166 4170
f 4170 4166 4100
f 4166 4168 4100
f 4100 4168 4101
f 4171 4172 4173
f 4172 4174 4173
f 4173 4174 4175
f 4174 4176 4175
f 4175 4176 4177
f 4176 4178 4177
f 4177 4178 4179
f 4178 4180 4179
f 4179 4180 4181
f 4180 4182 4181
f 4181 4182 4183
f 4182 4184 4183
f 4183 4184 4103
f 4104 4185 4103
f 4185 4102 4103
f 4103 4102 4183
f 4102 4101 4183
f 4183 4101 4181
f 4101 4168 4181
f 4181 4168 4179
f 4168 4167 4179
f 4179 4167 4177
f 4167 4165 4177
f 4177 4165 4175
f 4165 4163 4175
f 4175 4163 4173
f 4163 4162 4173
f 4173 4162 4171
f 4162 4161 4171
f 4156 4155 4186
f 4155 4157 4186
f 4186 4157 4187
f 4157 3956 4187
f 4187 3956 4188
f 3956 3955 4188
f 4188 3955 4189
f 3955 4081 4189
f 4189 4081 4190
f 4081 4191 4190
f 4190 4191 4192
f 4191 4193 4192
f 4192 4193 4194
f 4072 4070 4075
f 4070 4071 4075
f 4075 4071 4069
f 4071 3489 4069
f 4069 3489 3494
f 4193 4195 4194
f 4195 4196 4194
f 4194 4196 4197
f 4196 4198 4197
f 4197 4198 4199
f 4198 4200 4199
f 4199 4200 4201
f 4200 4202 4201
f 4201 4202 4203
f 4202 4204 4203
f 4080 4078 4081
f 4078 4077 4081
f 4081 4077 4191
f 4077 4075 4191
f 4191 4075 4193
f 4075 4069 4193
f 4193 4069 4195
f 4069 4068 4195
f 4195 4068 4196
f 4068 4067 4196
f 4196 4067 4198
f 4067 4066 4198
f 4198 4066 4200
f 4066 4064 4200
f 4200 4064 4202
f 4064 4065 4202
f 4202 4065 4204
f 3516 3515 4065
f 3515 4063 4065
f 4065 4063 4204
f 4063 4103 4204
f 4204 4103 4203
f 4103 4184 4203
f 4203 4184 4201
f 4184 4182 4201
f 4201 4182 4199
f 4182 4180 4199
f 4199 4180 4197
f 4180 4178 4197
f 4197 4178 4194
f 4178 4176 4194
f 4194 4176 4192
f 4176 4174 4192
f 4192 4174 4190
f 4174 4172 4190
f 4190 4172 4189
f 4172 4171 4189
f 4189 4171 4188
f 4171 4161 4188
f 4188 4161 4187
f 4161 4147 4187
f 4187 4147 4186
f 4147 4148 4186
f 4186 4148 4156
f 4001 3973 4006
f 3973 4119 4006
f 4006 4119 4004
f 4119 4118 4004
f 4004 4118 4127
f 4118 4152 4127
f 4127 4152 4125
f 4152 4154 4125
f 4125 4154 4123
f 4154 4156 4123
f 4123 4156 4121
f 4156 4148 4121
f 4121 4148 3964
f 4148 4146 3964
f 3964 4146 3965
f 4146 3958 3965
f 3965 3958 4144
f 3958 3960 4144
f 4144 3960 4145
f 3960 4169 4145
f 4145 4169 3962
f 4169 4170 3962
f 3962 4170 4095
f 4170 4100 4095
f 4095 4100 4096
f 4100 4102 4096
f 4096 4102 4098
f 4102 4185 4098
f 4098 4185 4106
f 4185 4104 4106
f 4106 4104 4062
f 4104 3509 4062
f 4062 3509 2625
f 4029 4028 3989
f 4028 3993 3989
f 3989 3993 3990
f 3993 4092 3990
f 3990 4092 4033
f 4092 4093 4033
f 4033 4093 4034
f 4093 4037 4034
f 4034 4037 4036
f 4037 4039 4036
f 4036 4039 4035
f 4022 4021 4205
f 4021 4206 4205
f 4206 3991 4205
f 4205 3991 4207
f 3991 4028 4207
f 4207 4028 4208
f 4209 4210 4211
f 4209 4211 4212
f 4211 4026 4212
f 4212 4026 4205
f 4026 4213 4205
f 4205 4213 4022
f 4214 4215 4216
f 2889 2888 4217
f 2888 4214 4217
f 4217 4214 4218
f 4214 4216 4218
f 4219 4220 4221
f 4221 4222 4219
f 4222 4223 4219
f 4219 4223 4214
f 4223 4224 4214
f 4214 4224 4215
f 4225 4226 4212
f 4226 2822 4212
f 4212 2822 2821
f 4227 4228 4229
f 4228 4230 4229
f 4229 4230 4212
f 4230 4231 4212
f 4212 4231 4225
f 4232 4233 4234
f 4235 4236 4237
f 4232 4238 4239
f 4238 4240 4239
f 4241 4242 4243
f 4244 4245 4243
f 4237 4246 4235
f 4246 4247 4235
f 4235 4247 4248
f 4234 4249 4232
f 4249 4250 4232
f 4232 4250 4238
f 4251 4243 4252
f 4243 4234 4252
f 4252 4234 4253
f 4234 4233 4253
f 4253 4233 4254
f 4255 4256 4257
f 4248 4258 4235
f 4258 4259 4235
f 4235 4259 4260
f 4259 4261 4260
f 4262 4263 4253
f 4264 4265 4243
f 4236 4235 4253
f 4235 4266 4253
f 4253 4266 4262
f 4263 4267 4253
f 4267 4268 4253
f 4253 4268 4269
f 4269 4270 4253
f 4270 4271 4253
f 4253 4271 4252
f 4265 4272 4243
f 4272 4273 4243
f 4243 4273 4241
f 4242 4274 4243
f 4274 4275 4243
f 4243 4275 4276
f 4276 4277 4243
f 4277 4278 4243
f 4243 4278 4279
f 4256 4280 4257
f 4280 4281 4257
f 4257 4281 4282
f 4243 4283 4284
f 4279 4285 4257
f 4285 4286 4257
f 4257 4286 4255
f 4279 4257 4243
f 4257 4287 4243
f 4243 4287 4244
f 4288 4289 4243
f 4289 4290 4243
f 4243 4290 4283
f 4284 4291 4243
f 4291 4292 4243
f 4243 4292 4264
f 4251 4293 4243
f 4293 4294 4243
f 4243 4294 4288
f 4295 4296 4297
f 4296 4295 4298
f 4295 4299 4298
f 4299 4300 4298
f 4298 4300 2918
f 4300 4301 2918
f 2918 4301 4302
f 4303 4304 4305
f 4304 4306 4305
f 4305 4306 4307
f 4306 4308 4307
f 4307 4308 4309
f 4308 4310 4309
f 4309 4310 4311
f 4310 4312 4311
f 4311 4312 4297
f 4312 4313 4297
f 4297 4313 4295
f 2992 2991 4314
f 2997 4315 4316
f 2989 2988 4317
f 4318 4319 4320
f 4319 4321 4320
f 4318 4320 4322
f 4320 4323 4322
f 4322 4323 4324
f 4325 4326 4327
f 4326 4328 4327
f 4327 4328 4323
f 4328 4329 4323
f 4323 4329 4324
f 4327 3002 4330
f 3004 3006 4327
f 3006 4331 4327
f 4327 4331 4325
f 4332 4333 2989
f 4334 4335 4336
f 4337 4317 4332
f 4317 4338 4332
f 4332 4338 4339
f 4338 4334 4339
f 4339 4334 4340
f 4334 4336 4340
f 4340 4336 4341
f 4342 2999 3001
f 4343 2994 2993
f 2994 4343 4315
f 2992 4314 4344
f 4315 4343 4316
f 4343 4345 4316
f 4316 4345 4346
f 4345 4347 4346
f 4346 4347 4348
f 4321 4349 4320
f 4349 4350 4320
f 4320 4350 4351
f 4351 4352 4320
f 4352 4353 4320
f 4320 4353 4323
f 4353 4342 4323
f 4323 4342 4327
f 4342 3001 4327
f 4327 3001 3002
f 4351 4354 4352
f 4354 4355 4352
f 4352 4355 4356
f 4356 4347 4352
f 4347 4345 4352
f 4352 4345 4353
f 4345 4343 4353
f 4353 4343 4342
f 4343 2998 4342
f 4342 2998 2999
f 4356 4357 4347
f 4357 4358 4347
f 4347 4358 4348
f 4358 4359 4348
f 4348 4359 4360
f 4360 4361 4348
f 4361 4362 4348
f 4348 4362 4346
f 4362 4314 4346
f 4346 4314 4316
f 4314 2991 4316
f 4316 2991 2997
f 4360 4363 4361
f 4363 4364 4361
f 4361 4364 4365
f 2988 4314 4317
f 4314 4362 4317
f 4317 4362 4338
f 4362 4361 4338
f 4338 4361 4334
f 4361 4365 4334
f 4334 4365 4335
f 4366 4367 4368
f 4369 4370 4371
f 2967 4372 4373
f 2970 2971 4374
f 2973 2974 4375
f 4376 4377 4378
f 4379 2980 4380
f 4381 4382 4368
f 2964 4383 4384
f 4385 4386 4387
f 4340 4341 4385
f 4385 4387 4340
f 4387 4388 4340
f 4340 4388 4339
f 4388 4389 4339
f 4339 4389 4332
f 3541 4390 4391
f 4390 4384 4391
f 4391 4384 4392
f 4392 4384 4393
f 4384 4394 4393
f 4393 4394 4395
f 4382 4396 4368
f 4396 4397 4368
f 4368 4397 4394
f 4397 4398 4394
f 4394 4398 4395
f 4381 4368 4399
f 4368 4367 4399
f 4399 4367 4400
f 2984 4332 2985
f 4332 4389 2985
f 2985 4389 2982
f 4389 4401 2982
f 2976 4378 4402
f 2973 4375 4403
f 2967 4373 2965
f 2974 4378 4375
f 4378 4404 4375
f 4375 4404 4405
f 4404 4406 4405
f 4405 4406 4371
f 2980 4389 4380
f 4389 4388 4380
f 4380 4388 4407
f 4388 4387 4407
f 4407 4387 4408
f 4387 4386 4408
f 4408 4386 4409
f 4409 4410 4408
f 4410 4411 4408
f 4408 4411 4412
f 4412 4406 4408
f 4406 4404 4408
f 4408 4404 4407
f 4404 4378 4407
f 4407 4378 4380
f 4378 4377 4380
f 4380 4377 2979
f 4412 4413 4406
f 4413 4414 4406
f 4406 4414 4371
f 4414 4415 4371
f 4371 4415 4369
f 2971 4375 4374
f 4375 4405 4374
f 4374 4405 4416
f 4405 4371 4416
f 4416 4371 4417
f 4371 4370 4417
f 4417 4370 4418
f 4418 4419 4417
f 4419 4420 4417
f 4417 4420 4421
f 4421 4422 4417
f 4422 4423 4417
f 4417 4423 4416
f 4423 4373 4416
f 4416 4373 4374
f 4373 4372 4374
f 4374 4372 2970
f 4421 4424 4422
f 4424 4425 4422
f 4422 4425 4426
f 2965 4373 4384
f 4373 4423 4384
f 4384 4423 4394
f 4423 4422 4394
f 4394 4422 4368
f 4422 4426 4368
f 4368 4426 4366
f 4427 4428 4429
f 4430 4431 4432
f 4433 3144 3143
f 3159 3156 3103
f 3038 1804 3131
f 3131 3133 3038
f 3133 4434 3038
f 3038 4434 3050
f 4435 3043 4434
f 3043 4436 4434
f 4434 4436 3050
f 3080 3051 4437
f 3051 3053 4437
f 3053 3054 4437
f 3054 3047 4437
f 4437 3047 3045
f 3086 3085 4438
f 3085 3078 4438
f 3104 3148 3147
f 3086 3150 3087
f 3150 3149 3087
f 3087 3149 3082
f 3149 3148 3082
f 3082 3148 3083
f 3148 3104 3083
f 3154 3076 3155
f 3076 3068 3155
f 3155 3068 3151
f 3068 3070 3151
f 3151 3070 3152
f 3070 3072 3152
f 3152 3072 3146
f 3072 3106 3146
f 3146 3106 3147
f 3106 3105 3147
f 3147 3105 3104
f 3159 3103 3153
f 3103 3073 3153
f 3153 3073 3154
f 3073 3075 3154
f 3154 3075 3076
f 4439 3297 3296
f 3156 3158 4439
f 3296 3098 4439
f 3098 3100 4439
f 4439 3100 3156
f 3100 3102 3156
f 3156 3102 3103
f 4438 4432 4440
f 4440 4433 4438
f 4433 3143 4438
f 4438 3143 3086
f 3143 3145 3086
f 3086 3145 3150
f 4431 4441 4432
f 4441 4442 4432
f 4432 4442 4440
f 4443 4437 4435
f 4437 3045 4435
f 4435 3045 3043
f 4443 4444 4437
f 4444 4445 4437
f 4437 4445 4446
f 4446 4430 4437
f 4430 4432 4437
f 4437 4432 3080
f 4432 4438 3080
f 3080 4438 3079
f 4438 3078 3079
f 4447 4448 4449
f 4450 4451 4452
f 4451 4453 4452
f 4452 4453 4454
f 4450 4452 4455
f 4452 4456 4455
f 4455 4456 4457
f 4457 4458 4455
f 4458 4459 4455
f 4455 4459 4460
f 4459 4461 4460
f 4460 4461 4462
f 4463 3301 3300
f 3297 4464 3298
f 4464 4449 3298
f 3298 4449 3300
f 4449 4448 3300
f 3300 4448 4463
f 4465 4466 4467
f 4447 4449 4468
f 4449 4469 4468
f 4468 4469 4467
f 4469 4470 4467
f 4467 4470 4465
f 4454 4453 4466
f 4453 4471 4466
f 4466 4471 4467
f 4472 4473 4474
f 4475 4476 4477
f 3248 4478 4479
f 4478 3250 4479
f 3250 4480 4479
f 4480 4475 4479
f 4479 4475 4481
f 4475 4477 4481
f 4476 4475 4482
f 4475 4483 4482
f 4482 4483 4484
f 4485 4486 4487
f 4486 4488 4487
f 4487 4488 4474
f 4489 4490 4491
f 4490 4492 4491
f 4493 4494 4489
f 4494 4495 4489
f 4489 4495 4490
f 4493 4496 4494
f 4496 4497 4494
f 4494 4497 4487
f 4497 4498 4487
f 4487 4498 4485
f 4499 4500 4501
f 4500 4502 4501
f 4473 4503 4504
f 4220 4499 4505
f 4499 4501 4505
f 4505 4501 4506
f 4501 4504 4506
f 4473 4504 4474
f 4504 4501 4474
f 4474 4501 4487
f 4501 4502 4487
f 4487 4502 4494
f 4472 4507 4508
f 4472 4508 4473
f 4508 4509 4473
f 4473 4509 4503
f 4507 4472 4510
f 4472 3220 4510
f 4510 3220 2889
f 4488 4484 4474
f 4484 4483 4474
f 4474 4483 4472
f 4483 4511 4472
f 4472 4511 3220
f 4480 4512 4475
f 4512 4513 4475
f 4475 4513 4483
f 4513 4514 4483
f 4483 4514 4511
f 3260 4515 4516
f 4516 3158 3157
f 3260 4516 3258
f 4516 3157 3258
f 3258 3157 1679
f 3262 3266 3248
f 4515 3260 4517
f 3260 3262 4517
f 4517 3262 4518
f 3262 3248 4518
f 4518 3248 4479
f 4519 4520 4521
f 4521 4522 4523
f 4524 4525 4526
f 4527 4528 4529
f 4460 4530 4531
f 4532 4450 4533
f 4450 4455 4533
f 4533 4455 4534
f 4460 4531 4455
f 4531 4535 4455
f 4455 4535 4534
f 4467 4471 4536
f 4471 4453 4536
f 4536 4453 4451
f 4448 4447 4537
f 4447 4468 4537
f 4538 4537 4539
f 4537 4540 4539
f 3302 3301 4541
f 3301 4538 4541
f 4538 3301 4537
f 3301 4463 4537
f 4537 4463 4448
f 4542 4543 4544
f 4543 4545 4544
f 4544 4545 4537
f 4545 4546 4537
f 4537 4546 4540
f 4547 4548 4549
f 4548 4550 4549
f 4549 4550 4551
f 4547 4526 4552
f 4526 4553 4552
f 4554 4555 4526
f 4555 4556 4526
f 4526 4556 4553
f 4557 4558 4523
f 4558 4559 4523
f 4523 4559 4554
f 4527 4529 4560
f 4529 4561 4560
f 4560 4561 4562
f 4563 4564 4565
f 4564 4566 4565
f 4567 4568 4569
f 4520 4570 4521
f 4570 4571 4521
f 4521 4571 4522
f 4572 4573 4574
f 4573 4575 4574
f 4574 4575 4576
f 4576 4577 4574
f 4577 4578 4574
f 4574 4578 4579
f 4562 4561 4580
f 4561 4536 4580
f 4580 4536 4532
f 4536 4451 4532
f 4532 4451 4450
f 4467 4536 4468
f 4536 4561 4468
f 4468 4561 4537
f 4561 4529 4537
f 4537 4529 4544
f 4581 4582 4566
f 4582 4583 4566
f 4566 4583 4565
f 4569 4584 4567
f 4584 4549 4567
f 4567 4549 4544
f 4549 4551 4544
f 4544 4551 4542
f 4563 4585 4564
f 4585 4586 4564
f 4564 4586 4587
f 4528 4581 4529
f 4581 4566 4529
f 4529 4566 4544
f 4566 4564 4544
f 4544 4564 4567
f 4564 4587 4567
f 4567 4587 4568
f 4569 4588 4584
f 4588 4589 4584
f 4584 4589 4590
f 4547 4549 4526
f 4549 4584 4526
f 4526 4584 4524
f 4584 4590 4524
f 4524 4590 4591
f 4591 4592 4524
f 4592 4593 4524
f 4524 4593 4525
f 4593 4594 4525
f 4525 4594 4595
f 4554 4526 4523
f 4526 4525 4523
f 4523 4525 4521
f 4525 4595 4521
f 4521 4595 4519
f 4579 4596 4574
f 4596 4597 4574
f 4574 4597 4522
f 4597 4598 4522
f 4522 4598 4523
f 4598 4599 4523
f 4523 4599 4557
f 4599 4600 4557
f 4557 4600 4601
f 4571 4602 4522
f 4602 4603 4522
f 4522 4603 4574
f 4603 4604 4574
f 4574 4604 4572
f 4605 4606 4607
f 4608 4609 4610
f 4611 4612 4613
f 4614 4615 4616
f 4617 4618 4619
f 4599 4598 4620
f 4621 4601 4620
f 4601 4600 4620
f 4620 4600 4599
f 4622 4623 4624
f 4623 4625 4624
f 4624 4625 4620
f 4625 4626 4620
f 4620 4626 4621
f 4622 4624 4627
f 4624 4628 4627
f 4627 4628 4629
f 4618 4630 4619
f 4630 4631 4619
f 4619 4631 4628
f 4631 4632 4628
f 4628 4632 4629
f 4617 4619 4633
f 4619 4634 4633
f 4633 4634 4635
f 4636 4637 4638
f 4637 4639 4638
f 4639 4640 4638
f 4640 4641 4638
f 4638 4641 4634
f 4641 4642 4634
f 4634 4642 4635
f 4643 4644 4636
f 4644 4645 4636
f 4636 4645 4637
f 4646 4647 4643
f 4647 4648 4643
f 4643 4648 4644
f 3399 3406 4649
f 3406 4650 4649
f 4649 4650 4651
f 4650 4652 4651
f 4651 4652 4653
f 3399 4649 3397
f 4649 4654 3397
f 3397 4654 4655
f 4655 4654 4656
f 4654 4657 4656
f 4656 4657 4658
f 4659 3390 4657
f 3390 4660 4657
f 4660 3396 4657
f 4657 3396 4658
f 4661 4662 3383
f 4662 4663 3383
f 3383 4663 4664
f 3379 4665 4666
f 4665 3381 4666
f 4666 3381 4663
f 3381 3386 4663
f 4663 3386 4664
f 4309 4311 4666
f 4311 4297 4666
f 2918 3379 4298
f 3379 4666 4298
f 4298 4666 4296
f 4666 4297 4296
f 4573 4667 4575
f 4667 4668 4575
f 4575 4668 4576
f 4668 4577 4576
f 4597 4596 4668
f 4596 4579 4668
f 4579 4578 4668
f 4668 4578 4577
f 4607 4669 4651
f 4670 4669 4671
f 4669 4607 4671
f 4671 4607 4672
f 4607 4606 4672
f 4673 4674 4675
f 4674 4676 4675
f 4675 4676 4616
f 4676 4677 4616
f 4616 4677 4614
f 4670 4678 4669
f 4678 4679 4669
f 4669 4679 4675
f 4679 4680 4675
f 4675 4680 4673
f 4651 4669 4649
f 4669 4675 4649
f 4649 4675 4654
f 4675 4616 4654
f 4654 4616 4657
f 4681 4682 4683
f 4682 4684 4683
f 4683 4684 4685
f 4684 4686 4685
f 4685 4686 4687
f 4611 4613 4688
f 4613 4689 4688
f 4688 4689 4690
f 4687 4691 4685
f 4691 4692 4685
f 4685 4692 4689
f 4692 4693 4689
f 4689 4693 4690
f 4613 4305 4307
f 4307 4309 4613
f 4309 4666 4613
f 4613 4666 4689
f 4666 4663 4689
f 4689 4663 4685
f 4663 4662 4685
f 4685 4662 4683
f 4615 4681 4616
f 4681 4683 4616
f 4616 4683 4657
f 4683 4662 4657
f 4657 4662 4659
f 4662 4661 4659
f 4694 4695 4696
f 4695 4697 4696
f 4696 4697 4698
f 4697 4699 4698
f 4667 4700 4668
f 4700 4701 4668
f 4668 4701 4697
f 4701 4702 4697
f 4697 4702 4699
f 4703 4704 4705
f 4704 4706 4705
f 4705 4706 4707
f 4608 4610 4708
f 4610 4709 4708
f 4708 4709 4710
f 4706 4711 4707
f 4711 4712 4707
f 4707 4712 4709
f 4712 4713 4709
f 4709 4713 4710
f 4694 4714 4695
f 4714 4715 4695
f 4695 4715 4705
f 4715 4716 4705
f 4705 4716 4703
f 4598 4597 4620
f 4597 4668 4620
f 4620 4668 4624
f 4668 4697 4624
f 4624 4697 4628
f 4697 4695 4628
f 4628 4695 4619
f 4695 4717 4619
f 4619 4717 4634
f 4717 4707 4634
f 4634 4707 4638
f 4707 4709 4638
f 4638 4709 4636
f 4709 4610 4636
f 4636 4610 4643
f 4303 4305 4718
f 4305 4613 4718
f 4718 4613 4719
f 4613 4612 4719
f 4609 4605 4610
f 4605 4607 4610
f 4610 4607 4643
f 4607 4651 4643
f 4643 4651 4646
f 4651 4653 4646
f 4429 4720 4721
f 4429 4721 4722
f 4721 4723 4722
f 4722 4723 4724
f 4723 4725 4724
f 4724 4725 4726
f 4726 4725 4727
f 4725 4728 4727
f 4727 4728 4729
f 4730 4731 4732
f 4731 4733 4732
f 4732 4733 4734
f 4733 4727 4734
f 4734 4727 4735
f 4727 4729 4735
f 4730 4736 4731
f 4736 4737 4731
f 4731 4737 4738
f 4737 4739 4738
f 4738 4739 4740
f 4739 4741 4740
f 4740 4741 4742
f 4741 4743 4742
f 4743 4744 4742
f 4742 4744 4745
f 4744 4746 4745
f 4746 4747 4745
f 4745 4747 4748
f 4747 4749 4748
f 4748 4749 4750
f 4749 4751 4750
f 4751 4752 4750
f 4750 4752 4753
f 4752 4754 4753
f 4753 4754 4755
f 4754 4756 4755
f 4755 4756 4757
f 4756 4758 4757
f 4757 4758 4759
f 4758 4760 4759
f 4759 4760 4761
f 4760 4762 4761
f 4761 4762 4763
f 4762 4764 4763
f 4763 4764 4765
f 4764 4766 4765
f 4765 4766 4767
f 4766 4768 4767
f 4767 4768 4769
f 4768 4770 4769
f 4771 4772 4773
f 4772 4774 4773
f 4773 4774 4775
f 4774 4776 4775
f 4775 4776 4770
f 4776 4777 4770
f 4770 4777 4769
f 4778 4779 4780
f 4781 4782 4783
f 4782 3726 4783
f 4783 3726 4784
f 4779 4785 4786
f 4785 4787 4786
f 4786 4787 4788
f 4787 4789 4788
f 4788 4789 4790
f 4791 4792 4793
f 4792 4794 4793
f 4793 4794 4780
f 4794 4795 4780
f 4780 4795 4778
f 4400 4796 4399
f 4796 4792 4399
f 4399 4792 4797
f 4792 4791 4797
f 4797 4791 4798
f 4395 4398 4793
f 4398 4397 4793
f 4793 4397 4791
f 4397 4396 4791
f 4791 4396 4798
f 4799 4392 4393
f 3534 3540 4799
f 4392 4799 4391
f 4799 3540 4391
f 4391 3540 3541
f 3538 3537 4800
f 3537 3535 4800
f 4800 3535 3534
f 3538 4800 4801
f 4800 4802 4801
f 4801 4802 3530
f 3532 4803 3533
f 4803 4804 3533
f 3533 4804 3528
f 4804 2071 3528
f 4805 4806 4804
f 4806 3732 4804
f 3732 3649 4804
f 3649 4807 4804
f 4804 4807 2071
f 4779 4786 4780
f 4786 4799 4780
f 4780 4799 4793
f 4799 4393 4793
f 4793 4393 4395
f 3532 3530 4803
f 3530 4802 4803
f 4803 4802 4804
f 4802 4783 4804
f 4804 4783 4805
f 4783 4784 4805
f 3534 4799 4800
f 4799 4786 4800
f 4800 4786 4802
f 4786 4788 4802
f 4802 4788 4783
f 4788 4790 4783
f 4783 4790 4781
f 4808 4809 4810
f 4811 4812 4813
f 4813 3708 4811
f 3708 3709 4811
f 4811 3709 4814
f 3709 3711 4814
f 4814 3711 3712
f 4815 4811 4816
f 4811 4817 4816
f 4816 4817 4818
f 4819 4817 4820
f 4817 4821 4820
f 4818 4817 4822
f 4817 4819 4822
f 4822 4819 4823
f 4819 4824 4823
f 4823 4824 3698
f 4825 3692 3694
f 3698 4824 3695
f 4824 4826 3695
f 3695 4826 3694
f 4826 4827 3694
f 3694 4827 4825
f 3692 4825 4828
f 4825 4829 4828
f 4828 4829 4830
f 4831 4832 3689
f 4830 4833 4828
f 4833 4834 4828
f 4828 4834 4835
f 4834 4836 4835
f 4834 4837 4838
f 4837 4839 4838
f 4838 4839 3689
f 4839 4840 3689
f 3689 4840 4831
f 4841 3683 4832
f 3683 3659 4832
f 3659 3657 4832
f 3657 3656 4832
f 4832 3656 3689
f 4841 4842 3683
f 4842 4843 3683
f 3683 4843 4844
f 4843 4845 4844
f 4844 4845 3678
f 4845 4846 3678
f 4846 4847 3678
f 4847 4848 3678
f 3678 4848 3679
f 4848 4849 3679
f 3679 4849 4850
f 4849 4851 4850
f 4852 4853 4811
f 4853 4854 4811
f 4811 4854 4817
f 4854 4855 4817
f 4817 4855 4821
f 3712 4808 4814
f 4808 4810 4814
f 4814 4810 4811
f 4810 4856 4811
f 4811 4856 4857
f 4857 4858 4811
f 4858 4859 4811
f 4811 4859 4852
f 4860 4861 4862
f 4863 4864 4865
f 4866 4867 4868
f 4867 4869 4868
f 4865 4870 4871
f 4870 4872 4871
f 4871 4872 4873
f 4874 4875 4876
f 4875 4877 4876
f 4876 4877 4878
f 4877 4879 4878
f 4878 4879 4864
f 4879 4880 4864
f 4864 4880 4865
f 4881 4882 4883
f 4882 4884 4883
f 4883 4884 4885
f 4884 4886 4885
f 4885 4886 4887
f 4873 4888 4863
f 4888 4889 4863
f 4863 4889 4890
f 4891 4892 4893
f 4892 4894 4893
f 4893 4894 4895
f 4881 4883 4896
f 4883 4897 4896
f 4896 4897 4898
f 4898 4897 4899
f 4897 4900 4899
f 4899 4900 4901
f 4902 4903 4904
f 4905 4906 4907
f 4906 4908 4907
f 4907 4908 4909
f 4910 4911 4912
f 4913 4914 4915
f 4914 4892 4915
f 4915 4892 4916
f 4917 4918 4919
f 4920 4921 4922
f 4921 4923 4922
f 4922 4923 4924
f 4923 4925 4924
f 4924 4925 4926
f 4925 4927 4926
f 4928 4929 4930
f 4931 4932 4933
f 4934 4935 4936
f 4935 4937 4936
f 4936 4937 4938
f 4891 4939 4892
f 4939 4940 4892
f 4892 4940 4941
f 4942 4943 4862
f 4943 4944 4862
f 4862 4944 4945
f 4932 4946 4933
f 4946 4947 4933
f 4933 4947 4900
f 4947 4948 4900
f 4900 4948 4949
f 4912 4911 4936
f 4911 4950 4936
f 4936 4950 4951
f 4952 4953 4936
f 4936 4954 4955
f 4955 4956 4936
f 4956 4957 4936
f 4936 4957 4958
f 4913 4959 4914
f 4959 4960 4914
f 4914 4960 4907
f 4960 4961 4907
f 4907 4961 4962
f 4963 4964 4907
f 4964 4965 4907
f 4907 4965 4966
f 4967 4968 4969
f 4970 4912 4971
f 4912 4967 4971
f 4971 4967 4972
f 4973 4974 4892
f 4974 4975 4892
f 4892 4975 4976
f 4977 4978 4892
f 4978 4979 4892
f 4892 4979 4980
f 4981 4982 4892
f 4982 4983 4892
f 4892 4983 4984
f 4903 4985 4904
f 4985 4986 4904
f 4904 4986 4987
f 4986 4988 4987
f 4987 4988 4933
f 4988 4989 4933
f 4933 4989 4990
f 4989 4991 4990
f 4990 4991 4992
f 4991 4993 4992
f 4992 4993 4994
f 4990 4995 4933
f 4995 4996 4933
f 4933 4996 4997
f 4996 4998 4997
f 4999 4936 5000
f 4936 4951 5000
f 5000 4951 5001
f 5002 5003 4936
f 5003 5004 4936
f 4936 5004 4954
f 5004 5005 4954
f 4954 5005 5006
f 5005 5007 5006
f 4966 5008 4907
f 5008 5009 4907
f 4907 5009 5010
f 5011 4967 5012
f 4967 4907 5012
f 4969 5013 4967
f 5013 5014 4967
f 4967 5014 5015
f 4980 5016 4892
f 5016 5017 4892
f 4892 5017 5018
f 4958 5019 4936
f 5019 5020 4936
f 4936 5020 5021
f 5020 5022 5021
f 5021 5022 5023
f 5022 5024 5023
f 5023 5024 4904
f 5025 5026 4904
f 5026 5027 4904
f 4904 5027 4902
f 4938 5028 4936
f 5028 5029 4936
f 4936 5029 5030
f 5030 5031 4936
f 5031 5032 4936
f 4936 5032 4952
f 5011 5033 4967
f 5033 5034 4967
f 4967 5034 4968
f 5015 5035 4967
f 5035 5036 4967
f 4967 5036 4972
f 5037 5038 4907
f 5038 5039 4907
f 4907 5039 5040
f 5024 5041 4904
f 5041 5042 4904
f 4904 5042 5043
f 5040 5044 4907
f 5044 5045 4907
f 4907 5045 5012
f 5043 5046 4904
f 5046 5047 4904
f 4904 5047 5025
f 5048 5049 5050
f 5051 5052 5053
f 5050 5054 5048
f 5054 5055 5048
f 5048 5055 5056
f 5055 5057 5056
f 5056 5057 5058
f 5057 5059 5058
f 5060 5061 5062
f 5063 5064 5065
f 5064 5049 5065
f 5065 5049 5066
f 5049 5048 5066
f 5062 5061 5067
f 5061 5068 5067
f 5068 5069 5067
f 5067 5069 5070
f 5069 5071 5070
f 5070 5071 5059
f 5071 5072 5059
f 5059 5072 5058
f 5073 5074 5075
f 5074 5076 5075
f 5075 5076 5077
f 5076 5078 5077
f 5077 5078 5079
f 5080 5081 5082
f 5081 5083 5082
f 5082 5083 5084
f 5083 5064 5084
f 5084 5064 5085
f 5064 5063 5085
f 5086 5087 5088
f 5087 5089 5088
f 5088 5089 5090
f 5089 5091 5090
f 5090 5091 5092
f 5093 5094 5095
f 5094 5096 5095
f 5095 5096 5097
f 5098 5099 5100
f 5099 5101 5100
f 5100 5101 5102
f 5103 5104 5105
f 5106 5107 5108
f 5107 5109 5108
f 5108 5109 5110
f 5109 5060 5110
f 5110 5060 5111
f 5060 5112 5111
f 5080 5113 5081
f 5113 5114 5081
f 5081 5114 5086
f 5114 5115 5086
f 5086 5115 5087
f 5116 5117 5118
f 5117 5097 5118
f 5118 5097 5119
f 5097 5096 5119
f 5091 5120 5092
f 5120 5121 5092
f 5092 5121 5122
f 5123 5124 5125
f 5124 5126 5125
f 5125 5126 5127
f 5126 5128 5127
f 5127 5128 5129
f 5128 5130 5129
f 5129 5130 5105
f 5122 5131 5092
f 5131 5132 5092
f 5092 5132 5095
f 5132 5133 5095
f 5095 5133 5093
f 5134 5135 5136
f 5135 5137 5136
f 5136 5137 5138
f 5137 5139 5138
f 5138 5139 5125
f 5139 5140 5125
f 5125 5140 5123
f 5116 5141 5117
f 5141 5142 5117
f 5117 5142 5100
f 5142 5143 5100
f 5100 5143 5098
f 5144 5145 5146
f 5145 5147 5146
f 5146 5147 5148
f 5149 5150 5151
f 5150 5152 5151
f 5151 5152 5153
f 5154 5155 5156
f 5157 5158 5159
f 5158 5160 5159
f 5159 5160 5161
f 5160 5162 5161
f 5161 5162 5163
f 5164 5165 5166
f 5146 5167 5144
f 5167 5168 5144
f 5144 5168 5169
f 5168 5170 5169
f 5169 5170 5171
f 5157 5172 5158
f 5172 5173 5158
f 5158 5173 5174
f 5173 5175 5174
f 5174 5175 5176
f 5175 5177 5176
f 5176 5177 5178
f 5177 5179 5178
f 5178 5179 5180
f 5179 5181 5180
f 5153 5152 5182
f 5152 5146 5182
f 5182 5146 5183
f 5146 5148 5183
f 5183 5148 5184
f 5185 5186 5170
f 5186 5187 5170
f 5170 5187 5171
f 5188 5189 5190
f 5189 5191 5190
f 5190 5191 5192
f 5193 5194 5195
f 5194 5196 5195
f 5195 5196 5197
f 5196 5198 5197
f 5197 5198 5199
f 5198 5200 5199
f 5199 5200 5201
f 5200 5202 5201
f 5201 5202 5203
f 5202 5204 5203
f 5203 5204 5163
f 5204 5205 5163
f 5163 5205 5161
f 5181 5206 5180
f 5206 5207 5180
f 5180 5207 5208
f 5208 5207 5209
f 5207 5210 5209
f 5209 5210 5166
f 5210 5211 5166
f 5166 5211 5164
f 5149 5212 5150
f 5212 5213 5150
f 5150 5213 5214
f 5213 5215 5214
f 5214 5215 5216
f 5215 5217 5216
f 5216 5217 5218
f 5219 5220 5221
f 5220 5222 5221
f 5221 5222 5170
f 5222 5223 5170
f 5170 5223 5185
f 5224 5225 5226
f 5227 5228 5229
f 5228 5230 5229
f 5229 5230 5231
f 5230 5232 5231
f 5231 5232 5193
f 5232 5233 5193
f 5193 5233 5194
f 5234 5235 5236
f 5235 5237 5236
f 5234 5238 5239
f 5219 5221 5240
f 5221 5235 5240
f 5240 5235 5241
f 5242 5243 5244
f 5243 5245 5244
f 5244 5245 5246
f 5247 5248 5249
f 5155 5154 5250
f 5154 5251 5250
f 5250 5251 5252
f 5251 5253 5252
f 5252 5253 5254
f 5165 5164 5255
f 5164 5256 5255
f 5255 5256 5257
f 5256 5258 5257
f 5257 5258 5259
f 5258 5260 5259
f 5259 5260 5261
f 5234 5239 5235
f 5239 5262 5235
f 5235 5262 5241
f 5246 5263 5244
f 5263 5264 5244
f 5244 5264 5265
f 5264 5266 5265
f 5267 5268 5269
f 5191 5270 5192
f 5270 5271 5192
f 5192 5271 5272
f 5271 5273 5272
f 5272 5273 5274
f 5273 5275 5274
f 5274 5275 5276
f 5275 5277 5276
f 5276 5277 5278
f 5277 5279 5278
f 5278 5279 5280
f 5279 5281 5280
f 5280 5281 5282
f 5281 5283 5282
f 5282 5283 5284
f 5283 5285 5284
f 5284 5285 5286
f 5287 5288 5289
f 5288 5290 5289
f 5289 5290 5291
f 5290 5292 5291
f 5291 5292 5293
f 5266 5294 5265
f 5294 5295 5265
f 5265 5295 5296
f 5295 5297 5296
f 5296 5297 5287
f 5297 5298 5287
f 5287 5298 5288
f 5249 5248 5299
f 5248 5300 5299
f 5299 5300 5301
f 5302 5303 5304
f 5303 5305 5304
f 5304 5305 5306
f 5305 5307 5306
f 5306 5307 5308
f 5307 5309 5308
f 5308 5309 5310
f 5309 5311 5310
f 5310 5311 5312
f 5311 5313 5312
f 5312 5313 5314
f 5313 5315 5314
f 5314 5315 5316
f 5269 5317 5267
f 5317 5318 5267
f 5267 5318 5319
f 5318 5320 5319
f 5319 5320 5321
f 5320 5322 5321
f 5321 5322 5323
f 5322 5324 5323
f 5323 5324 5325
f 5324 5326 5325
f 5325 5326 5327
f 5326 5328 5327
f 5327 5328 5329
f 5328 5330 5329
f 5329 5330 5331
f 5217 5332 5218
f 5332 5333 5218
f 5218 5333 5334
f 5333 5335 5334
f 5334 5335 5336
f 5335 5337 5336
f 5336 5337 5338
f 5337 5339 5338
f 5338 5339 5261
f 5339 5340 5261
f 5261 5340 5259
f 5341 5300 5342
f 5300 5343 5342
f 5342 5343 5344
f 5343 5345 5344
f 5344 5345 5346
f 5249 5347 5247
f 5347 5348 5247
f 5247 5348 5349
f 5348 5350 5349
f 5349 5350 5351
f 5352 5353 5354
f 5353 5355 5354
f 5354 5355 5356
f 5355 5357 5356
f 5356 5357 5358
f 5357 5359 5358
f 5358 5359 5360
f 5268 5361 5269
f 5361 5362 5269
f 5269 5362 5363
f 5362 5364 5363
f 5363 5364 5365
f 5364 5366 5365
f 5365 5366 5367
f 5366 5368 5367
f 5367 5368 5369
f 5368 5188 5369
f 5369 5188 5370
f 5188 5190 5370
f 5293 5371 5291
f 5371 5372 5291
f 5291 5372 5237
f 5372 5373 5237
f 5237 5373 5236
f 5374 5375 5376
f 5375 5377 5376
f 5376 5377 5378
f 5377 5379 5378
f 5378 5379 5380
f 5379 5381 5380
f 5380 5381 5382
f 5381 5383 5382
f 5384 5385 5386
f 5385 5387 5386
f 5386 5387 5388
f 5387 5389 5388
f 5388 5389 5390
f 5391 5392 5393
f 5392 5394 5393
f 5393 5394 5395
f 5396 5397 5398
f 5397 5399 5398
f 5398 5399 5400
f 5401 5389 5402
f 5389 5403 5402
f 5402 5403 5404
f 5403 5405 5404
f 5404 5405 5406
f 5405 5407 5406
f 5406 5407 5408
f 5409 5410 5411
f 5412 5409 5224
f 5409 5411 5224
f 5224 5411 5413
f 5411 5414 5413
f 5413 5414 5415
f 5416 5417 5418
f 5419 5420 5421
f 5422 5423 5421
f 3812 3811 5424
f 3811 5425 5424
f 5426 5427 5428
f 5428 5429 5426
f 5429 5430 5426
f 5426 5430 5425
f 5431 5432 5427
f 5432 5433 5427
f 5427 5433 5428
f 5434 5435 5436
f 5435 5437 5436
f 5436 5437 5431
f 5437 5438 5431
f 5431 5438 5432
f 5439 5440 5441
f 5440 5418 5441
f 5441 5418 5442
f 5443 5444 5418
f 5444 5445 5418
f 5418 5445 5442
f 5446 5447 5448
f 5447 5449 5448
f 5448 5449 5450
f 5449 5451 5450
f 5450 5451 5443
f 5451 5452 5443
f 5443 5452 5444
f 5453 5454 5455
f 5454 5446 5455
f 5456 5457 5458
f 5457 5453 5458
f 5459 5460 5461
f 5460 5462 5461
f 5463 5464 5459
f 5465 5466 5467
f 5466 5468 5467
f 5469 5470 5471
f 5470 5472 5471
f 5471 5472 5465
f 5473 5474 5469
f 5475 5476 5477
f 5476 5474 5477
f 5477 5474 5478
f 5474 5473 5478
f 5478 5473 5479
f 5423 5480 5421
f 5480 5481 5421
f 5421 5481 5473
f 5481 5482 5473
f 5473 5482 5479
f 5483 5484 5485
f 5483 5485 5420
f 5485 5486 5420
f 5420 5486 5421
f 5486 5487 5421
f 5421 5487 5422
f 3846 3847 5488
f 5425 3811 5426
f 3811 3828 5426
f 5426 3828 3846
f 3846 5488 5426
f 5488 5489 5426
f 5426 5489 5490
f 5491 5492 5450
f 5492 5493 5450
f 5450 5493 5494
f 5446 5448 5455
f 5448 5450 5455
f 5455 5450 5495
f 5450 5494 5495
f 5495 5494 5496
f 5497 5498 5499
f 5498 5500 5499
f 5500 5501 5499
f 5501 5461 5499
f 5499 5461 5458
f 5461 5462 5458
f 5458 5462 5456
f 5496 5502 5495
f 5502 5503 5495
f 5495 5503 5504
f 5453 5455 5458
f 5455 5495 5458
f 5458 5495 5499
f 5495 5504 5499
f 5499 5504 5497
f 5505 5506 5507
f 5506 5508 5507
f 5507 5508 5509
f 5509 5510 5507
f 5510 5467 5507
f 5507 5467 5463
f 5467 5468 5463
f 5463 5468 5464
f 5511 5512 5513
f 5512 5514 5513
f 5469 5471 5473
f 5471 5513 5473
f 5473 5513 5421
f 5513 5514 5421
f 5421 5514 5419
f 5509 5515 5510
f 5515 5516 5510
f 5510 5516 5517
f 5465 5467 5471
f 5467 5510 5471
f 5471 5510 5513
f 5510 5517 5513
f 5513 5517 5511
f 5500 5518 5501
f 5518 5519 5501
f 5501 5519 5520
f 5459 5461 5463
f 5461 5501 5463
f 5463 5501 5507
f 5501 5520 5507
f 5507 5520 5505
f 5521 5522 5431
f 5523 5524 5427
f 5523 5427 5525
f 5524 5526 5427
f 5526 5527 5427
f 5427 5527 5431
f 5527 5528 5431
f 5431 5528 5521
f 5529 5530 5427
f 5530 5531 5427
f 5427 5531 5525
f 5490 5532 5426
f 5532 5533 5426
f 5426 5533 5427
f 5533 5534 5427
f 5427 5534 5529
f 5535 5536 5436
f 5536 5537 5436
f 5436 5537 5538
f 5538 5539 5436
f 5539 5440 5436
f 5436 5440 5434
f 5440 5439 5434
f 5539 5540 5440
f 5540 5541 5440
f 5440 5541 5542
f 5543 5443 5544
f 5443 5418 5544
f 5544 5418 5545
f 5418 5417 5545
f 5542 5546 5440
f 5546 5547 5440
f 5440 5547 5548
f 5548 5549 5440
f 5549 5550 5440
f 5440 5550 5418
f 5550 5551 5418
f 5418 5551 5416
f 5522 5552 5431
f 5552 5553 5431
f 5431 5553 5554
f 5555 5556 5436
f 5556 5557 5436
f 5436 5557 5535
f 5554 5558 5431
f 5558 5559 5431
f 5431 5559 5436
f 5559 5560 5436
f 5436 5560 5555
f 5543 5561 5443
f 5561 5562 5443
f 5443 5562 5563
f 5563 5564 5443
f 5564 5565 5443
f 5443 5565 5450
f 5565 5566 5450
f 5450 5566 5491
f 3727 3726 5567
f 3726 5568 5567
f 5567 5568 5569
f 5570 4809 3730
f 4809 4808 3730
f 3730 4808 3712
f 3727 5571 3730
f 5571 5572 3730
f 3730 5572 5570
f 5573 5574 5575
f 5576 5577 5578
f 5579 5580 5581
f 5582 5583 5584
f 5583 5585 5584
f 5581 5586 5579
f 5586 5587 5579
f 5579 5587 5588
f 5587 5584 5588
f 5588 5584 5589
f 5584 5585 5589
f 5590 5591 5592
f 5591 5593 5592
f 5590 5594 5591
f 5594 5595 5591
f 5591 5595 5580
f 5595 5596 5580
f 5580 5596 5581
f 5578 5577 5597
f 5577 5598 5597
f 5597 5598 5599
f 5599 5600 5597
f 5600 5601 5597
f 5597 5601 5593
f 5601 5602 5593
f 5593 5602 5592
f 5603 5604 5605
f 5604 5606 5605
f 5605 5606 5607
f 5606 5608 5607
f 5607 5608 5578
f 5608 5609 5578
f 5578 5609 5576
f 5603 5605 5610
f 5605 5611 5610
f 5610 5611 5612
f 5575 5574 5611
f 5574 5613 5611
f 5611 5613 5612
f 5614 5615 5616
f 5615 5617 5616
f 5616 5617 5618
f 5614 5619 5615
f 5619 5620 5615
f 5615 5620 5621
f 5620 5622 5621
f 5621 5622 5575
f 5622 5623 5575
f 5575 5623 5573
f 5624 5625 5626
f 5627 5628 5629
f 5624 5626 5629
f 5626 5630 5629
f 5629 5630 5627
f 5628 5631 5629
f 5631 5632 5629
f 5629 5632 5633
f 5632 5634 5633
f 5633 5634 5617
f 5634 5635 5617
f 5617 5635 5618
f 5636 5637 5638
f 5636 5638 5639
f 5638 5640 5639
f 5640 5641 5639
f 5639 5641 5624
f 5641 5642 5624
f 5624 5642 5625
f 5643 5644 5645
f 5644 5646 5645
f 5646 5647 5645
f 5647 5648 5645
f 5645 5648 5636
f 5648 5649 5636
f 5636 5649 5637
f 5650 5651 5652
f 5651 5653 5652
f 5652 5653 5654
f 5650 5655 5651
f 5655 5656 5651
f 5651 5656 5643
f 5656 5657 5643
f 5643 5657 5644
f 5658 5659 5660
f 5659 5661 5660
f 5660 5661 5662
f 5661 5663 5662
f 5662 5663 5653
f 5663 5664 5653
f 5653 5664 5654
f 5665 5666 5667
f 5666 5668 5667
f 5665 5669 5666
f 5669 5670 5666
f 5666 5670 5671
f 5670 5672 5671
f 5671 5672 5673
f 5672 5674 5673
f 5673 5674 5658
f 5674 5675 5658
f 5658 5675 5659
f 5676 5677 5678
f 5676 5679 5677
f 5679 5680 5677
f 5677 5680 5681
f 5680 5682 5681
f 5681 5682 5668
f 5682 5683 5668
f 5668 5683 5667
f 5684 5685 5686
f 5685 5687 5686
f 5686 5687 5678
f 5687 5688 5678
f 5678 5688 5676
f 5689 5690 5691
f 5690 5692 5691
f 5692 5693 5691
f 5691 5693 5686
f 5693 5694 5686
f 5686 5694 5684
f 5695 5696 4030
f 5696 4207 4030
f 4030 4207 5697
f 5691 5698 5689
f 5698 5699 5689
f 5689 5699 5700
f 5699 5701 5700
f 5700 5701 5702
f 5701 5696 5702
f 5702 5696 5703
f 5696 5695 5703
f 5704 5705 4219
f 5705 5706 4219
f 5706 5707 4219
f 5707 5708 4219
f 4219 5708 4220
f 5704 5709 5705
f 5709 5710 5705
f 5705 5710 5711
f 5710 5712 5711
f 5711 5712 5713
f 5712 5714 5713
f 5713 5714 5715
f 5714 5716 5715
f 5716 5714 5717
f 5714 5718 5717
f 5717 5718 5719
f 5718 5720 5719
f 5719 5720 5721
f 5722 5723 5724
f 5723 5725 5724
f 5724 5725 5726
f 5725 5727 5726
f 5726 5727 5720
f 5727 5728 5720
f 5720 5728 5721
f 5729 5730 5731
f 5730 5732 5731
f 5731 5732 5733
f 5732 5734 5733
f 5732 5735 5734
f 5735 5736 5734
f 5734 5736 5737
f 5736 5738 5737
f 5737 5738 5739
f 5738 5740 5739
f 5739 5740 5724
f 5740 5741 5724
f 5724 5741 5722
f 5742 5743 5744
f 5743 5745 5744
f 5744 5745 5729
f 5745 5746 5729
f 5729 5746 5730
f 5747 5748 5749
f 5749 5750 5747
f 5750 5751 5747
f 5747 5751 5742
f 5751 5752 5742
f 5742 5752 5743
f 5753 5754 5755
f 5754 5756 5755
f 5755 5756 5757
f 5756 5758 5757
f 5757 5758 5748
f 5758 5759 5748
f 5748 5759 5749
f 5760 5761 5753
f 5761 5762 5753
f 5753 5762 5754
f 5763 5764 5765
f 5765 5766 5763
f 5766 5767 5763
f 5763 5767 5760
f 5767 5768 5760
f 5760 5768 5761
f 4720 4429 4428
f 5769 5770 5771
f 5770 5772 5771
f 5772 4720 5771
f 4720 4428 5771
f 5771 4428 5773
f 4428 5774 5773
f 5773 5774 5775
f 5775 5776 5773
f 5776 5777 5773
f 5773 5777 5778
f 5778 5779 5773
f 5779 5780 5773
f 5773 5780 5781
f 5764 5782 5765
f 5782 5783 5765
f 5783 5782 5784
f 5782 5785 5784
f 5784 5785 5786
f 5781 5787 5773
f 5787 5788 5773
f 5773 5788 5789
f 5788 5790 5789
f 5791 5792 5793
f 5792 5794 5793
f 5793 5794 5795
f 5794 5796 5795
f 5795 5796 5785
f 5796 5797 5785
f 5785 5797 5786
f 5790 5798 5789
f 5798 5799 5789
f 5789 5799 5793
f 5799 5800 5793
f 5793 5800 5791
f 5801 5802 5803
f 5802 5804 5803
f 5805 5806 5807
f 5808 5809 5807
f 5810 5811 5807
f 5811 5812 5807
f 5807 5812 5808
f 5809 5813 5807
f 5813 5814 5807
f 5807 5814 5805
f 5815 5816 5807
f 5816 5817 5807
f 5817 5818 5807
f 5818 5819 5807
f 5807 5819 5820
f 5820 5821 5807
f 5821 5822 5807
f 5807 5822 5823
f 5824 5825 5807
f 5825 5826 5807
f 5827 5828 5807
f 5828 5829 5807
f 5807 5829 5815
f 5826 5830 5807
f 5830 5831 5807
f 5807 5831 5827
f 5824 5832 5833
f 5833 5834 5824
f 5834 5835 5824
f 5824 5835 5825
f 5824 5836 5837
f 5837 5838 5824
f 5838 5839 5824
f 5824 5839 5840
f 5840 5841 5824
f 5841 5842 5824
f 5824 5842 5832
f 5806 5843 5807
f 5843 5844 5807
f 5807 5844 5845
f 5845 5846 5807
f 5846 5847 5807
f 5807 5847 5824
f 5847 5848 5824
f 5824 5848 5836
f 5849 5850 5851
f 5849 5851 5852
f 5853 5854 5855
f 5854 5856 5855
f 5855 5856 5852
f 5857 5858 5859
f 5859 5860 5857
f 5860 5861 5857
f 5857 5861 5855
f 5861 5862 5855
f 5855 5862 5853
f 5863 5864 5865
f 5864 5866 5865
f 5866 5867 5865
f 5867 5868 5865
f 5865 5868 5869
f 5868 5870 5869
f 5869 5870 5858
f 5871 5872 5863
f 5871 5863 5873
f 5863 5865 5873
f 5873 5865 5874
f 5865 5875 5874
f 5874 5875 5876
f 5877 5878 5869
f 5878 5879 5869
f 5869 5879 5865
f 5879 5880 5865
f 5865 5880 5875
f 5858 5857 5869
f 5857 5881 5869
f 5869 5881 5877
f 5882 5883 5857
f 5883 5884 5857
f 5857 5884 5881
f 5852 5851 5855
f 5851 5885 5855
f 5855 5885 5886
f 5882 5857 5887
f 5857 5855 5887
f 5887 5855 5888
f 5855 5886 5888
f 5888 5886 5889
f 5890 5891 5892
f 5890 5892 5893
f 5894 5895 5896
f 5895 5893 5896
f 5896 5893 5897
f 5893 5892 5897
f 4304 5898 5899
f 5899 5900 4304
f 5900 5901 4304
f 4304 5901 5891
f 5901 5902 5891
f 5891 5902 5892
f 5903 5904 5905
f 5906 5907 5908
f 5909 5910 5911
f 5910 5912 5911
f 5911 5912 5913
f 5912 5914 5913
f 5915 5916 5912
f 5916 5917 5912
f 5912 5917 5914
f 5918 5919 5915
f 5919 5920 5915
f 5915 5920 5916
f 5921 5922 5923
f 5922 5924 5923
f 5923 5924 5925
f 5907 5926 5921
f 5926 5927 5921
f 5921 5927 5922
f 5928 5929 5930
f 5929 5931 5930
f 5931 5932 5930
f 5930 5932 5908
f 5932 5933 5908
f 5908 5933 5906
f 5893 5934 5935
f 5907 5921 5908
f 5921 5936 5908
f 5908 5936 5937
f 4354 4351 5930
f 4351 5905 5930
f 5930 5905 5928
f 5905 5904 5928
f 5937 5938 5908
f 5938 5939 5908
f 5908 5939 5930
f 5939 4355 5930
f 5930 4355 4354
f 4321 5891 4349
f 5891 5905 4349
f 4349 5905 4350
f 5905 4351 4350
f 5935 5903 5893
f 5903 5905 5893
f 5893 5905 5890
f 5905 5891 5890
f 5940 5941 5942
f 5941 5912 5942
f 5942 5912 5943
f 5912 5910 5943
f 5941 5944 5912
f 5944 5945 5912
f 5912 5945 5915
f 5945 4336 5915
f 5915 4336 4335
f 4335 4365 5915
f 4365 5923 5915
f 5915 5923 5918
f 5923 5925 5918
f 4365 4364 5923
f 4364 4363 5923
f 5923 4363 5921
f 4363 5946 5921
f 5921 5946 5936
f 5947 5948 5949
f 5950 5951 5952
f 5953 5954 5955
f 5954 5956 5955
f 5955 5956 4367
f 5956 5957 4367
f 4367 5957 4400
f 5953 5955 5958
f 5955 5959 5958
f 5958 5959 5960
f 5951 5961 5952
f 5961 5962 5952
f 5952 5962 5955
f 5962 5963 5955
f 5955 5963 5959
f 5964 5965 5950
f 5966 5967 5968
f 5967 5969 5968
f 5968 5969 5964
f 5969 5970 5964
f 5964 5970 5965
f 5966 5968 5971
f 5968 5972 5971
f 5971 5972 5973
f 5948 5974 5949
f 5974 5975 5949
f 5949 5975 5972
f 5975 5976 5972
f 5972 5976 5973
f 5977 5978 5979
f 5978 5980 5979
f 5910 5909 5981
f 5949 4414 4413
f 4413 4412 5949
f 4412 5979 5949
f 5949 5979 5947
f 5979 5980 5947
f 4414 5949 4415
f 5949 5972 4415
f 4415 5972 4369
f 5940 5942 4410
f 5942 5979 4410
f 4410 5979 4411
f 5979 4412 4411
f 5981 5977 5910
f 5977 5979 5910
f 5910 5979 5943
f 5979 5942 5943
f 5950 5952 5964
f 5952 4424 5964
f 5964 4424 4421
f 4367 4366 5955
f 4366 4426 5955
f 5955 4426 5952
f 4426 4425 5952
f 5952 4425 4424
f 4421 4420 5964
f 4420 4419 5964
f 5964 4419 5968
f 4419 4418 5968
f 5968 4418 5972
f 4418 4370 5972
f 5972 4370 4369
f 5982 5983 4771
f 5984 5985 5986
f 5985 5987 5986
f 5986 5987 5988
f 5987 5989 5988
f 5988 5989 5990
f 5989 5991 5990
f 5990 5991 4771
f 5991 5992 4771
f 4771 5992 5982
f 5986 5993 5984
f 5993 5994 5984
f 5984 5994 5995
f 5994 5996 5995
f 5997 5998 5999
f 6000 6001 6002
f 6003 6004 6005
f 6006 6007 6008
f 6009 6010 6011
f 6012 6013 6014
f 6015 6016 6017
f 6018 6019 6020
f 6021 6022 6023
f 6024 6025 6026
f 6027 5776 5775
f 4429 6028 5774
f 6028 6012 5774
f 5774 6012 5775
f 5779 5778 6029
f 5778 5777 6029
f 6030 5787 5781
f 6031 5790 6032
f 6033 5799 5798
f 6034 6035 6036
f 6035 6037 6036
f 6036 6037 5800
f 6038 6039 6040
f 6039 6041 6040
f 6019 6042 6020
f 6042 6043 6020
f 6020 6043 6044
f 6043 6045 6044
f 6044 6045 6046
f 6047 6017 6048
f 6017 6016 6048
f 6048 6016 6021
f 6022 6018 6023
f 6018 6020 6023
f 6023 6020 6049
f 6020 6044 6049
f 6049 6044 6050
f 6044 6046 6050
f 6050 6046 6051
f 6021 6023 6048
f 6023 6049 6048
f 6048 6049 6047
f 6049 6050 6047
f 6047 6050 6052
f 6050 6051 6052
f 6052 6051 6053
f 6010 6015 6011
f 6015 6017 6011
f 6011 6017 6054
f 6017 6047 6054
f 6054 6047 6055
f 6047 6052 6055
f 6055 6052 6056
f 6052 6053 6056
f 6056 6053 6057
f 6013 6009 6014
f 6009 6011 6014
f 6014 6011 6058
f 6011 6054 6058
f 6058 6054 6059
f 6054 6055 6059
f 6059 6055 6060
f 6055 6056 6060
f 6060 6056 6061
f 6056 6057 6061
f 6061 6057 6062
f 5775 6012 6027
f 6012 6014 6027
f 6027 6014 6063
f 6014 6058 6063
f 6063 6058 6064
f 6058 6059 6064
f 6064 6059 6065
f 6059 6060 6065
f 6065 6060 6066
f 6060 6061 6066
f 6066 6061 6067
f 6061 6062 6067
f 6067 6062 6068
f 6069 6070 6071
f 6070 6072 6071
f 6071 6072 6073
f 6072 6074 6073
f 6073 6074 6075
f 6074 6076 6075
f 6075 6076 6077
f 6076 6078 6077
f 6077 6078 6079
f 6078 6080 6079
f 6079 6080 6081
f 6080 6082 6081
f 6081 6082 6083
f 6082 6084 6083
f 6083 6084 6029
f 6084 5780 6029
f 6029 5780 5779
f 6085 6086 6087
f 6070 6088 6072
f 6088 6089 6072
f 6072 6089 6074
f 6089 6090 6074
f 6074 6090 6076
f 6090 6091 6076
f 6076 6091 6078
f 6091 6092 6078
f 6078 6092 6080
f 6092 6093 6080
f 6080 6093 6082
f 6093 6030 6082
f 6082 6030 6084
f 6030 5781 6084
f 6084 5781 5780
f 6088 6085 6089
f 6085 6087 6089
f 6089 6087 6090
f 6087 6094 6090
f 6090 6094 6091
f 6094 6095 6091
f 6091 6095 6092
f 6095 6096 6092
f 6092 6096 6093
f 6096 6031 6093
f 6093 6031 6030
f 6031 6032 6030
f 6030 6032 5787
f 6097 6098 6099
f 6098 6100 6099
f 6099 6100 6101
f 6100 6102 6101
f 6101 6102 6103
f 6102 6036 6103
f 6103 6036 6033
f 6036 5800 6033
f 6033 5800 5799
f 6025 6038 6026
f 6038 6040 6026
f 6026 6040 6104
f 5765 6024 6105
f 6024 6026 6105
f 6105 6026 6106
f 6026 6104 6106
f 6106 6104 6107
f 6104 6108 6107
f 6098 6108 6100
f 6108 6104 6100
f 6100 6104 6102
f 6104 6040 6102
f 6102 6040 6036
f 6040 6041 6036
f 6036 6041 6034
f 6086 6097 6087
f 6097 6099 6087
f 6087 6099 6094
f 6099 6101 6094
f 6094 6101 6095
f 6101 6103 6095
f 6095 6103 6096
f 6103 6033 6096
f 6096 6033 6031
f 6033 5798 6031
f 6031 5798 5790
f 6109 6110 6111
f 6110 6112 6111
f 6111 6113 6109
f 6113 6114 6109
f 6109 6114 6115
f 6114 6116 6115
f 6115 6116 6117
f 6118 6119 6120
f 6119 6121 6120
f 6120 6121 6122
f 6123 6124 6125
f 6126 6008 6119
f 6008 6007 6119
f 6119 6007 6121
f 6118 6127 6119
f 6127 6128 6119
f 6119 6128 6126
f 6128 6129 6126
f 6126 6129 6130
f 6131 6132 6133
f 6134 6131 6135
f 6131 6133 6135
f 6135 6133 6136
f 6137 6006 6125
f 6006 6008 6125
f 6125 6008 6123
f 6008 6126 6123
f 6123 6126 6135
f 6126 6130 6135
f 6135 6130 6134
f 6138 6139 6140
f 6139 6138 6141
f 6137 6003 6142
f 6003 6005 6142
f 6142 6005 6143
f 6005 6144 6143
f 6143 6144 6145
f 6146 6144 6147
f 6144 6005 6147
f 6147 6005 6148
f 6005 6004 6148
f 6148 6004 6149
f 6146 6000 6144
f 6000 6002 6144
f 6144 6002 6145
f 6002 6150 6145
f 6145 6150 6151
f 6150 6068 6151
f 6151 6068 6152
f 6068 6062 6152
f 6152 6062 6153
f 6062 6057 6153
f 6153 6057 6154
f 6057 6053 6154
f 6154 6053 6155
f 6053 6051 6155
f 6155 6051 6156
f 6051 6046 6156
f 6156 6046 6157
f 6046 6045 6157
f 6136 6141 6135
f 6141 6138 6135
f 6135 6138 6123
f 6138 6140 6123
f 6123 6140 6124
f 6140 6158 6124
f 6124 6158 6159
f 6137 6125 6003
f 6125 6124 6003
f 6003 6124 6004
f 6124 6159 6004
f 6004 6159 6149
f 6160 6161 6162
f 6161 6163 6162
f 6162 6163 6164
f 6165 6166 6161
f 6166 6167 6161
f 6161 6167 6163
f 6168 6169 6170
f 6169 6171 6170
f 6170 6171 6172
f 6171 6165 6172
f 6165 6161 6172
f 6172 6161 6173
f 6161 6160 6173
f 6173 6160 6174
f 6175 6176 6177
f 6176 6173 6177
f 6177 6173 6178
f 6173 6174 6178
f 6179 6180 6181
f 6180 6182 6181
f 6175 6183 6176
f 6183 6184 6176
f 6176 6184 6182
f 6184 6185 6182
f 6182 6185 6181
f 6179 6186 6180
f 6186 6187 6180
f 6180 6187 6188
f 6187 6189 6188
f 6188 6189 6110
f 6189 6190 6110
f 6110 6190 6112
f 6191 6192 6193
f 6192 6194 6193
f 6193 6194 6195
f 6194 6196 6195
f 6195 6196 6197
f 6196 6198 6197
f 6197 6198 6199
f 6198 6200 6199
f 6199 6200 6201
f 6200 6202 6201
f 6201 6202 6203
f 6202 6204 6203
f 6203 6204 6205
f 6204 6206 6205
f 6205 6206 6207
f 6115 6191 6109
f 6191 6193 6109
f 6109 6193 6110
f 6193 6195 6110
f 6110 6195 6188
f 6195 6197 6188
f 6188 6197 6180
f 6197 6199 6180
f 6180 6199 6182
f 6199 6201 6182
f 6182 6201 6176
f 6201 6203 6176
f 6176 6203 6173
f 6203 6205 6173
f 6173 6205 6172
f 6205 6207 6172
f 6172 6207 6170
f 6208 6209 6210
f 6209 6211 6210
f 6210 6211 6212
f 6211 6213 6212
f 6212 6213 6214
f 6213 6215 6214
f 6214 6215 6216
f 6215 6217 6216
f 6216 6217 6218
f 6217 6219 6218
f 6218 6219 6220
f 6219 6221 6220
f 6220 6221 6222
f 6221 6223 6222
f 6222 6223 6224
f 6223 6225 6224
f 6224 6225 6226
f 6225 6227 6226
f 6226 6227 6228
f 6227 6229 6228
f 6230 5997 6231
f 5997 5999 6231
f 6231 5999 6232
f 5999 6233 6232
f 6232 6233 6234
f 6233 6235 6234
f 6234 6235 6236
f 6235 6237 6236
f 6236 6237 6238
f 6237 6239 6238
f 6238 6239 6240
f 6239 6241 6240
f 6240 6241 6242
f 6241 6243 6242
f 6242 6243 6244
f 6243 6245 6244
f 6244 6245 6246
f 6245 6247 6246
f 6246 6247 6248
f 6209 6248 6211
f 6248 6247 6211
f 6211 6247 6213
f 6247 6245 6213
f 6213 6245 6215
f 6245 6243 6215
f 6215 6243 6217
f 6243 6241 6217
f 6217 6241 6219
f 6241 6239 6219
f 6219 6239 6221
f 6239 6237 6221
f 6221 6237 6223
f 6237 6235 6223
f 6223 6235 6225
f 6235 6233 6225
f 6225 6233 6227
f 6233 5999 6227
f 6227 5999 6229
f 5999 5998 6229
f 6192 6208 6194
f 6208 6210 6194
f 6194 6210 6196
f 6210 6212 6196
f 6196 6212 6198
f 6212 6214 6198
f 6198 6214 6200
f 6214 6216 6200
f 6200 6216 6202
f 6216 6218 6202
f 6202 6218 6204
f 6218 6220 6204
f 6204 6220 6206
f 6220 6222 6206
f 6206 6222 6207
f 6222 6224 6207
f 6207 6224 6170
f 6224 6226 6170
f 6170 6226 6168
f 6226 6228 6168
f 6001 6069 6002
f 6069 6071 6002
f 6002 6071 6150
f 6071 6073 6150
f 6150 6073 6068
f 6073 6075 6068
f 6068 6075 6067
f 6075 6077 6067
f 6067 6077 6066
f 6077 6079 6066
f 6066 6079 6065
f 6079 6081 6065
f 6065 6081 6064
f 6081 6083 6064
f 6064 6083 6063
f 6083 6029 6063
f 6063 6029 6027
f 6029 5777 6027
f 6027 5777 5776
f 6042 6230 6043
f 6230 6231 6043
f 6043 6231 6045
f 6231 6232 6045
f 6045 6232 6157
f 6232 6234 6157
f 6157 6234 6156
f 6234 6236 6156
f 6156 6236 6155
f 6236 6238 6155
f 6155 6238 6154
f 6238 6240 6154
f 6154 6240 6153
f 6240 6242 6153
f 6153 6242 6152
f 6242 6244 6152
f 6152 6244 6151
f 6244 6246 6151
f 6151 6246 6145
f 6246 6248 6145
f 6145 6248 6143
f 6248 6209 6143
f 6143 6209 6142
f 6209 6208 6142
f 6142 6208 6137
f 6208 6192 6137
f 6137 6192 6006
f 6192 6191 6006
f 6006 6191 6007
f 6191 6115 6007
f 6007 6115 6121
f 6115 6117 6121
f 6121 6117 6122
f 6108 6098 6249
f 6136 6250 6251
f 6252 6253 6254
f 6255 6256 6257
f 6258 6259 6260
f 6261 6262 6263
f 6264 6265 6266
f 5756 5754 6267
f 5767 5766 6268
f 6269 6270 6252
f 6271 4502 6272
f 4220 5708 6273
f 5708 6272 6273
f 6273 6272 4500
f 6272 4502 4500
f 4492 4490 6274
f 4490 6275 6274
f 6274 6275 6276
f 6277 6278 6279
f 6280 6281 6277
f 6281 6282 6277
f 6277 6282 6278
f 6283 6284 6280
f 6284 6285 6280
f 6280 6285 6286
f 6287 6288 6289
f 6290 6291 6292
f 6293 6294 6295
f 6295 6296 6293
f 6296 6297 6293
f 6293 6297 6292
f 6297 6298 6292
f 6292 6298 6290
f 6265 6299 6300
f 6300 6301 6265
f 6301 6302 6265
f 6265 6302 6293
f 6302 6303 6293
f 6293 6303 6294
f 6299 6265 6304
f 6265 6264 6304
f 6304 6264 6305
f 6306 6307 6308
f 6309 6306 6310
f 6306 6311 6310
f 6310 6311 6312
f 6311 6313 6312
f 6314 6315 6316
f 6315 6317 6316
f 6316 6317 6318
f 6317 6319 6318
f 6320 6321 6322
f 6321 6323 6322
f 6322 6323 6324
f 6325 6326 6316
f 6326 6327 6316
f 6316 6327 6314
f 6257 6328 6325
f 6328 6329 6325
f 6325 6329 6326
f 6257 6256 6330
f 6330 6331 6257
f 6331 6332 6257
f 6257 6332 6328
f 6333 6334 6256
f 6334 6335 6256
f 6256 6335 6330
f 6251 6336 6269
f 6336 6251 6337
f 6251 6250 6337
f 6337 6250 6132
f 5766 5765 6105
f 5767 6268 6338
f 5762 5761 6339
f 5761 6338 6339
f 5756 6267 5758
f 6267 6340 5758
f 5758 6340 5759
f 6341 5750 6340
f 5750 5749 6340
f 6340 5749 5759
f 5745 5743 6342
f 5743 5752 6342
f 6342 5752 6341
f 5752 5751 6341
f 6341 5751 5750
f 5745 6342 5746
f 6342 6343 5746
f 5746 6343 6344
f 6343 6345 6344
f 6344 6345 5732
f 5740 5738 6346
f 5738 5736 6346
f 6346 5736 6345
f 5736 5735 6345
f 6345 5735 5732
f 5740 6346 5741
f 6346 6347 5741
f 5741 6347 5722
f 5722 6347 5723
f 6347 6348 5723
f 5723 6348 5725
f 6349 5728 6348
f 5728 5727 6348
f 6348 5727 5725
f 5716 5717 6350
f 5717 6351 6350
f 6350 6351 6349
f 6351 5721 6349
f 6349 5721 5728
f 5716 6350 5715
f 6350 6352 5715
f 5715 6352 5713
f 5708 5707 6272
f 5707 5706 6272
f 6272 5706 6353
f 5706 5705 6353
f 6353 5705 6352
f 5705 6354 6352
f 6352 6354 5713
f 6355 6283 6356
f 6283 6280 6356
f 6356 6280 6357
f 6280 6277 6357
f 6357 6277 6358
f 6277 6279 6358
f 6358 6279 6275
f 6279 6359 6275
f 6275 6359 6276
f 6266 6265 6360
f 6265 6293 6360
f 6360 6293 6361
f 6293 6292 6361
f 6361 6292 6287
f 6292 6291 6287
f 6287 6291 6288
f 6362 6363 6364
f 6363 6264 6364
f 6364 6264 6365
f 6264 6266 6365
f 6366 6367 6368
f 6367 6369 6368
f 6368 6369 6370
f 6369 6371 6370
f 6370 6371 6372
f 6371 6373 6372
f 6372 6373 6374
f 6373 6375 6374
f 6374 6375 6376
f 6375 6377 6376
f 6376 6377 6356
f 6378 6379 6258
f 6289 6355 6287
f 6355 6356 6287
f 6287 6356 6361
f 6356 6377 6361
f 6361 6377 6360
f 6377 6375 6360
f 6360 6375 6266
f 6375 6373 6266
f 6266 6373 6365
f 6373 6371 6365
f 6365 6371 6364
f 6371 6369 6364
f 6364 6369 6362
f 6369 6367 6362
f 6258 6379 6259
f 6379 6380 6259
f 6259 6380 6381
f 6382 6383 6384
f 6383 6385 6384
f 6070 6069 6383
f 6069 6001 6383
f 6381 6386 6259
f 6386 6387 6259
f 6259 6387 6260
f 6387 6388 6260
f 6260 6388 6389
f 6001 6000 6383
f 6000 6390 6383
f 6383 6390 6385
f 6390 6147 6385
f 6385 6147 6391
f 6366 6263 6367
f 6263 6262 6367
f 6367 6262 6362
f 6262 6392 6362
f 6362 6392 6363
f 6392 6393 6363
f 6363 6393 6264
f 6393 6308 6264
f 6264 6308 6305
f 6308 6307 6305
f 6319 6320 6318
f 6320 6322 6318
f 6318 6322 6311
f 6322 6324 6311
f 6311 6324 6313
f 6306 6308 6311
f 6308 6393 6311
f 6311 6393 6318
f 6393 6392 6318
f 6318 6392 6316
f 6392 6262 6316
f 6316 6262 6325
f 6262 6261 6325
f 6325 6261 6257
f 6366 6378 6263
f 6378 6258 6263
f 6263 6258 6261
f 6258 6260 6261
f 6261 6260 6257
f 6260 6389 6257
f 6257 6389 6255
f 6394 6395 6396
f 6254 6253 6395
f 6253 6397 6395
f 6395 6397 6396
f 6397 6398 6396
f 6396 6398 6391
f 6398 6399 6391
f 6391 6399 6385
f 6399 6400 6385
f 6385 6400 6384
f 6269 6252 6251
f 6252 6254 6251
f 6251 6254 6136
f 6394 6140 6395
f 6140 6401 6395
f 6395 6401 6254
f 6401 6402 6254
f 6254 6402 6136
f 6147 6403 6391
f 6403 6404 6391
f 6391 6404 6396
f 6404 6405 6396
f 6396 6405 6394
f 6338 6268 6339
f 6268 6249 6339
f 6339 6249 6406
f 6098 6407 6408
f 6098 6408 6249
f 6408 6409 6249
f 6249 6409 6406
f 6086 6410 6411
f 6410 6088 6411
f 6411 6088 6412
f 6088 6070 6412
f 6412 6070 6413
f 6070 6383 6413
f 6383 6382 6413
f 6413 6382 6412
f 6382 6414 6412
f 6412 6414 6411
f 6270 6415 6252
f 6415 6333 6252
f 6252 6333 6253
f 6333 6256 6253
f 6253 6256 6397
f 6256 6255 6397
f 6397 6255 6398
f 6255 6389 6398
f 6398 6389 6399
f 6389 6388 6399
f 6399 6388 6400
f 6388 6387 6400
f 6400 6387 6384
f 6387 6386 6384
f 6384 6386 6382
f 6386 6381 6382
f 6382 6381 6414
f 6381 6409 6414
f 6414 6409 6411
f 6409 6408 6411
f 6411 6408 6086
f 6408 6407 6086
f 5766 6105 6268
f 6105 6106 6268
f 6268 6106 6249
f 6106 6107 6249
f 6249 6107 6108
f 6416 6417 6418
f 6417 6419 6418
f 6418 6419 6420
f 6419 6421 6420
f 6420 6421 6422
f 6421 6423 6422
f 6422 6423 6424
f 6423 6425 6424
f 6424 6425 6426
f 6425 6427 6426
f 6426 6427 6428
f 6427 6429 6428
f 6428 6429 6430
f 6429 6431 6430
f 6430 6431 6432
f 6431 6433 6432
f 6432 6433 6434
f 6433 6435 6434
f 6434 6435 6436
f 6267 6416 6340
f 6416 6418 6340
f 6340 6418 6341
f 6418 6420 6341
f 6341 6420 6342
f 6420 6422 6342
f 6342 6422 6343
f 6422 6424 6343
f 6343 6424 6345
f 6424 6426 6345
f 6345 6426 6346
f 6426 6428 6346
f 6346 6428 6347
f 6428 6430 6347
f 6347 6430 6348
f 6430 6432 6348
f 6348 6432 6349
f 6432 6434 6349
f 6349 6434 6350
f 6434 6436 6350
f 6350 6436 6352
f 6436 6437 6352
f 6352 6437 6353
f 6437 6438 6353
f 6353 6438 6272
f 6438 6439 6272
f 6272 6439 6271
f 6439 4495 6271
f 4490 4495 6275
f 4495 6439 6275
f 6275 6439 6358
f 6439 6438 6358
f 6358 6438 6357
f 6438 6437 6357
f 6357 6437 6356
f 6437 6436 6356
f 6356 6436 6376
f 6436 6435 6376
f 6376 6435 6374
f 6435 6433 6374
f 6374 6433 6372
f 6433 6431 6372
f 6372 6431 6370
f 6431 6429 6370
f 6370 6429 6368
f 6429 6427 6368
f 6368 6427 6366
f 6427 6425 6366
f 6366 6425 6378
f 6425 6423 6378
f 6378 6423 6379
f 6423 6421 6379
f 6379 6421 6380
f 6421 6419 6380
f 6380 6419 6381
f 6419 6417 6381
f 6381 6417 6409
f 6417 6416 6409
f 6409 6416 6406
f 6416 6267 6406
f 6406 6267 6339
f 6267 5754 6339
f 6339 5754 5762
f 6440 6441 6442
f 6443 6444 6445
f 6446 6447 6448
f 6449 6448 6450
f 6451 6452 6453
f 4464 3297 4439
f 6454 4516 4515
f 4469 4449 6454
f 4449 4464 6454
f 6454 4464 4516
f 4464 4439 4516
f 4516 4439 3158
f 4469 6454 4470
f 6454 6455 4470
f 4470 6455 4465
f 6456 4454 4466
f 6457 4456 6456
f 4456 4452 6456
f 6456 4452 4454
f 6458 6459 6453
f 6459 6460 6453
f 6453 6460 6461
f 4459 4458 6457
f 4458 4457 6457
f 6457 4457 4456
f 6462 6458 6463
f 6458 6453 6463
f 6463 6453 6464
f 6453 6452 6464
f 6465 6466 6467
f 6446 6448 6468
f 6469 6447 6470
f 6447 6446 6470
f 6470 6446 6471
f 6446 6468 6471
f 6472 6473 6474
f 6473 6475 6474
f 6474 6475 6476
f 6475 6477 6476
f 6476 6477 6478
f 6479 6480 6481
f 6480 6482 6481
f 6481 6482 6483
f 6482 6484 6483
f 6483 6484 6485
f 6484 6486 6485
f 6485 6486 6487
f 4492 6488 6489
f 6488 6490 6489
f 6489 6490 6491
f 6445 6492 6493
f 6493 6494 6445
f 6494 6495 6445
f 6445 6495 6443
f 6495 6496 6443
f 6443 6496 6497
f 6498 4477 4476
f 4476 4482 6498
f 4482 4484 6498
f 6498 4484 6492
f 4484 6499 6492
f 6492 6499 6493
f 4515 4517 6454
f 4517 4518 6454
f 6454 4518 6455
f 4518 6500 6455
f 6455 6500 6498
f 6500 6501 6498
f 6498 6501 4477
f 6502 6503 6504
f 6505 6472 6506
f 6472 6474 6506
f 6506 6474 6507
f 6474 6476 6507
f 6507 6476 6508
f 6476 6478 6508
f 6509 6505 6510
f 6505 6506 6510
f 6510 6506 6511
f 6506 6507 6511
f 6511 6507 6512
f 6507 6513 6512
f 6444 6514 6445
f 6514 6440 6445
f 6445 6440 6492
f 6440 6442 6492
f 6492 6442 6498
f 6442 6515 6498
f 6498 6515 6455
f 6516 6509 6517
f 6509 6510 6517
f 6517 6510 6518
f 6510 6511 6518
f 6518 6511 6503
f 6511 6512 6503
f 6503 6512 6504
f 6512 6513 6504
f 6504 6513 6519
f 6513 6478 6519
f 6502 6514 6503
f 6514 6444 6503
f 6503 6444 6518
f 6444 6443 6518
f 6518 6443 6517
f 6443 6497 6517
f 6517 6497 6516
f 6497 6520 6516
f 6516 6520 6491
f 6520 6521 6491
f 6491 6521 6489
f 6522 6487 6523
f 6487 6486 6523
f 6523 6486 6524
f 6486 6484 6524
f 6524 6484 6525
f 6484 6482 6525
f 6525 6482 6526
f 6482 6480 6526
f 6488 6522 6490
f 6522 6523 6490
f 6490 6523 6491
f 6523 6524 6491
f 6491 6524 6516
f 6524 6525 6516
f 6516 6525 6509
f 6525 6526 6509
f 6509 6526 6505
f 6526 6480 6505
f 6505 6480 6472
f 6480 6479 6472
f 6472 6479 6473
f 6467 6451 6465
f 6451 6453 6465
f 6465 6453 6457
f 6453 6461 6457
f 6457 6461 4459
f 6477 6469 6478
f 6469 6470 6478
f 6478 6470 6519
f 6470 6471 6519
f 6519 6471 6504
f 6471 6468 6504
f 6504 6468 6502
f 6468 6448 6502
f 6502 6448 6514
f 6448 6449 6514
f 6514 6449 6440
f 6449 6450 6440
f 6440 6450 6441
f 6450 6466 6441
f 6441 6466 6442
f 6466 6465 6442
f 6442 6465 6515
f 6465 6457 6515
f 6515 6457 6455
f 6457 6456 6455
f 6455 6456 4465
f 6456 4466 4465
f 4692 6527 4693
f 4614 4677 6528
f 6528 4677 4676
f 4671 4672 6529
f 4572 4604 6530
f 4587 4586 6531
f 6532 6533 6534
f 6535 6536 6537
f 6538 6539 6540
f 6541 6542 6543
f 6544 6545 6546
f 5863 5872 6547
f 5872 5901 6547
f 6547 5901 6548
f 5901 6549 6548
f 6548 6549 5899
f 6550 5866 5864
f 6527 5859 5858
f 5858 5870 6527
f 5870 5868 6527
f 6527 5868 6550
f 5868 5867 6550
f 6550 5867 5866
f 4687 4686 6551
f 6552 5860 4691
f 5859 6527 5860
f 6527 4692 5860
f 5860 4692 4691
f 4691 4687 6552
f 4687 6551 6552
f 6552 6551 5862
f 6551 5853 5862
f 5853 6551 5854
f 6551 6553 5854
f 5854 6553 5856
f 4674 6554 4676
f 6554 6555 4676
f 4676 6555 6528
f 6555 5850 6528
f 6528 5850 6556
f 5850 5849 6556
f 6556 5849 5852
f 4674 4673 6554
f 4673 6557 6554
f 6554 6557 6558
f 6557 6559 6558
f 6545 6560 6546
f 6560 6561 6546
f 6546 6561 6557
f 6561 6562 6557
f 6557 6562 6559
f 6529 6563 6564
f 6563 6529 6565
f 6529 6566 6565
f 6565 6566 6567
f 6542 6568 6543
f 6568 6569 6543
f 6543 6569 6566
f 6569 6570 6566
f 6566 6570 6567
f 6540 6539 6543
f 6539 6571 6543
f 6543 6571 6541
f 6538 6540 6572
f 6540 6573 6572
f 6572 6573 6574
f 6575 6576 6573
f 6576 6577 6573
f 6577 6578 6573
f 6573 6578 6574
f 6579 6580 6581
f 6582 6583 6584
f 6583 6579 6584
f 6530 6585 6584
f 6585 6586 6584
f 6584 6586 6582
f 6537 6536 6587
f 6588 6589 6530
f 6589 6590 6530
f 6530 6590 6585
f 6535 6591 6536
f 6591 6592 6536
f 6536 6592 6587
f 6593 6594 6595
f 6594 6596 6595
f 6595 6596 6597
f 6598 6599 6600
f 6599 6601 6600
f 6600 6601 6537
f 6601 6602 6537
f 6537 6602 6535
f 6603 6604 6605
f 6604 6606 6605
f 6605 6606 6607
f 6533 6608 6534
f 6608 6603 6534
f 6534 6603 6609
f 6603 6605 6609
f 6609 6605 6596
f 6605 6607 6596
f 6596 6607 6597
f 6610 6611 6612
f 6613 6611 6614
f 6611 6610 6614
f 6614 6610 6615
f 6616 6617 6615
f 6617 6618 6615
f 6615 6618 6614
f 6618 6619 6614
f 6614 6619 6613
f 6620 6621 6622
f 4534 6623 6622
f 6459 6458 6623
f 6458 6462 6623
f 6623 6462 6622
f 6462 6624 6622
f 6622 6624 6620
f 6625 6459 4531
f 6459 6623 4531
f 4531 6623 4535
f 6623 4534 4535
f 4528 4527 6626
f 4527 4560 6626
f 6626 4560 6622
f 4560 4562 6622
f 6622 4562 4580
f 4580 4532 6622
f 4532 4533 6622
f 6622 4533 4534
f 4581 4528 6615
f 4528 6626 6615
f 6615 6626 6616
f 6626 6622 6616
f 6616 6622 6627
f 6622 6621 6627
f 4563 6628 6629
f 6628 4583 6629
f 6629 4583 4582
f 4586 4585 6531
f 4585 4563 6531
f 6531 4563 6610
f 4563 6629 6610
f 6610 6629 6615
f 6629 4582 6615
f 6615 4582 4581
f 4589 4588 6630
f 4588 4569 6630
f 6630 4569 6531
f 4569 4568 6531
f 6531 4568 4587
f 4594 4593 6594
f 4593 4592 6594
f 6594 4592 4591
f 4602 4571 6631
f 4571 4570 6631
f 4570 4520 6631
f 4520 4519 6631
f 6631 4519 6594
f 4519 4595 6594
f 6594 4595 4594
f 4604 4603 6530
f 4603 6537 6530
f 6530 6537 6588
f 6537 6587 6588
f 6579 6581 6584
f 6581 4702 6584
f 6584 4702 4701
f 4701 4700 6584
f 4700 4667 6584
f 6584 4667 6530
f 4667 4573 6530
f 6530 4573 4572
f 4696 4698 6581
f 4698 4699 6581
f 6581 4699 4702
f 6580 6575 6581
f 6575 6573 6581
f 6581 6573 4696
f 6573 4694 4696
f 4703 4716 6540
f 4716 4715 6540
f 6540 4715 6573
f 4715 4714 6573
f 6573 4714 4694
f 4712 4711 6543
f 4711 4706 6543
f 6543 4706 6540
f 4706 4704 6540
f 6540 4704 4703
f 4608 4708 6566
f 4708 4710 6566
f 6566 4710 6543
f 4710 4713 6543
f 6543 4713 4712
f 4672 4606 6529
f 4606 4605 6529
f 6529 4605 6566
f 4605 4609 6566
f 6566 4609 4608
f 4670 4671 6546
f 4671 6529 6546
f 6546 6529 6544
f 6529 6564 6544
f 4673 4680 6557
f 4680 4679 6557
f 6557 4679 6546
f 4679 4678 6546
f 6546 4678 4670
f 5852 5856 6556
f 5856 6553 6556
f 6556 6553 6528
f 6553 4615 6528
f 6528 4615 4614
f 4686 4684 6551
f 4684 4682 6551
f 6551 4682 6553
f 4682 4681 6553
f 6553 4681 4615
f 6632 4611 6550
f 4611 4688 6550
f 6550 4688 6527
f 4688 4690 6527
f 6527 4690 4693
f 4718 4719 6632
f 4719 4612 6632
f 6632 4612 4611
f 4303 4718 5899
f 4718 6632 5899
f 5899 6632 6548
f 6632 6550 6548
f 6548 6550 6547
f 6550 5864 6547
f 6547 5864 5863
f 4591 4590 6594
f 4590 4589 6594
f 6594 4589 6596
f 4589 6630 6596
f 6596 6630 6609
f 6630 6531 6609
f 6609 6531 6534
f 6531 6610 6534
f 6534 6610 6532
f 6610 6612 6532
f 4603 4602 6537
f 4602 6631 6537
f 6537 6631 6600
f 6631 6594 6600
f 6600 6594 6598
f 6594 6593 6598
f 6633 6634 6635
f 6633 6635 6636
f 6637 6638 6639
f 6638 6640 6639
f 6639 6640 6641
f 6640 6642 6641
f 6641 6642 6635
f 6642 6643 6635
f 6635 6643 6636
f 6644 6645 6646
f 6645 6647 6646
f 6647 6648 6646
f 6646 6648 6649
f 6649 6650 6646
f 6650 6651 6646
f 6646 6651 6652
f 6653 6654 6646
f 6654 6655 6646
f 6655 6656 6646
f 6656 6657 6646
f 6646 6657 6644
f 6658 6659 6660
f 6659 6661 6660
f 6660 6661 6646
f 6661 6662 6646
f 6646 6662 6653
f 6663 6664 6665
f 6664 6666 6665
f 6665 6666 6667
f 6667 6668 6665
f 6668 6669 6665
f 6665 6669 6660
f 6669 6670 6660
f 6660 6670 6658
f 6671 6672 6673
f 6672 6674 6673
f 6674 6675 6673
f 6673 6675 6665
f 6675 6676 6665
f 6665 6676 6663
f 6677 6678 6673
f 6677 6673 6679
f 6678 6680 6673
f 6680 6681 6673
f 6673 6681 6671
f 6682 6683 6665
f 6683 6684 6665
f 6665 6684 6673
f 6684 6685 6673
f 6673 6685 6679
f 6686 6687 6665
f 6687 6688 6665
f 6665 6688 6682
f 6652 6689 6646
f 6689 6690 6646
f 6646 6690 6660
f 6690 6691 6660
f 6660 6691 6665
f 6691 6692 6665
f 6665 6692 6686
f 6693 6694 6695
f 6696 6697 6698
f 4725 4723 6699
f 4723 4721 6699
f 6699 4721 4720
f 6699 6700 4725
f 6700 6701 4725
f 4725 6701 4728
f 4728 6701 4729
f 6701 6702 4729
f 4729 6702 4735
f 4735 6702 4734
f 6702 6703 4734
f 4734 6703 4732
f 4732 6703 4730
f 6703 6704 4730
f 4730 6704 4736
f 4744 4743 6705
f 4743 4741 6705
f 6705 4741 6706
f 4741 4739 6706
f 6706 4739 6704
f 4739 4737 6704
f 6704 4737 4736
f 4747 4746 6707
f 4746 6708 6707
f 6709 6710 4749
f 6710 6709 4752
f 6709 6711 4752
f 4752 6711 4754
f 6711 6712 4754
f 4754 6712 4756
f 6713 4758 4756
f 6714 4764 6715
f 4764 4762 6715
f 6715 4762 6716
f 6717 4768 6714
f 4768 6718 6714
f 6714 6718 4764
f 6719 6720 6717
f 6720 6721 6717
f 6717 6721 4768
f 6722 6723 6724
f 6723 6695 6724
f 6724 6695 6725
f 6695 6694 6725
f 6725 6694 6726
f 6727 6728 6729
f 6728 6730 6729
f 6729 6730 6731
f 6731 6730 6732
f 6730 6733 6732
f 6732 6733 6734
f 6734 6733 6735
f 6733 6736 6735
f 6735 6736 6737
f 6737 6736 6738
f 6736 6739 6738
f 6738 6739 6740
f 6740 6739 6741
f 6739 6742 6741
f 6741 6742 6743
f 6696 6698 6744
f 6745 6746 6747
f 6746 6748 6747
f 6747 6748 6749
f 6748 6750 6749
f 6749 6750 6751
f 6750 6752 6751
f 6751 6752 6753
f 6745 6747 6754
f 6747 6707 6754
f 6754 6707 6755
f 6707 6708 6755
f 6755 6708 6756
f 6708 6757 6756
f 6756 6757 6758
f 6757 6759 6758
f 6758 6759 6760
f 6759 6761 6760
f 6760 6761 6762
f 6762 6761 6763
f 6761 6764 6763
f 6763 6764 6765
f 6765 6764 6766
f 6764 6767 6766
f 6766 6767 6768
f 6767 6769 6768
f 6769 6770 6768
f 6768 6770 5769
f 6751 6712 6749
f 6712 6711 6749
f 6749 6711 6747
f 6711 6709 6747
f 6747 6709 6707
f 6709 4749 6707
f 6707 4749 4747
f 6771 6772 6713
f 6772 4760 6713
f 6713 4760 4758
f 4756 6712 6713
f 6712 6751 6713
f 6713 6751 6771
f 6751 6753 6771
f 6771 6753 6773
f 6753 6744 6773
f 6773 6744 6771
f 6744 6698 6771
f 6771 6698 6772
f 6698 6774 6772
f 6772 6774 6775
f 6774 6776 6775
f 6775 6776 6777
f 6697 6743 6698
f 6743 6742 6698
f 6698 6742 6774
f 6742 6739 6774
f 6774 6739 6776
f 6739 6736 6776
f 6776 6736 6777
f 6778 6693 6714
f 6693 6695 6714
f 6714 6695 6717
f 6695 6723 6717
f 6717 6723 6719
f 6723 6722 6719
f 6719 6722 6779
f 6728 6726 6730
f 6726 6694 6730
f 6730 6694 6733
f 6694 6693 6733
f 6733 6693 6736
f 6693 6778 6736
f 6736 6778 6777
f 6778 6714 6777
f 6777 6714 6775
f 6714 6715 6775
f 6775 6715 6772
f 6715 6716 6772
f 6772 6716 4760
f 6716 4762 4760
f 4746 4744 6708
f 4744 6705 6708
f 6708 6705 6757
f 6705 6706 6757
f 6757 6706 6759
f 6706 6704 6759
f 6759 6704 6761
f 6704 6703 6761
f 6761 6703 6764
f 6703 6702 6764
f 6764 6702 6767
f 6702 6701 6767
f 6767 6701 6769
f 6701 6700 6769
f 6769 6700 6770
f 6700 6699 6770
f 6770 6699 6780
f 6699 4720 6780
f 6781 6782 6783
f 6781 6784 6785
f 6784 6786 6785
f 6787 6788 6784
f 6788 6789 6784
f 6784 6789 6786
f 6789 6790 6786
f 6786 6790 6791
f 6792 6793 6794
f 6793 6795 6794
f 6783 6796 6781
f 6796 6795 6781
f 6781 6795 6784
f 6795 6793 6784
f 6784 6793 6787
f 6797 6798 6799
f 6798 6800 6799
f 6799 6800 6801
f 6800 6802 6801
f 6801 6802 6803
f 5954 5953 6804
f 6805 6806 6807
f 5957 5956 6808
f 4400 5957 4796
f 5957 6808 4796
f 4796 6808 4792
f 4787 4785 6809
f 4785 4779 6809
f 4779 4778 6809
f 4778 4795 6809
f 6809 4795 6808
f 4795 4794 6808
f 6808 4794 4792
f 4781 4790 6810
f 4790 4789 6810
f 6811 5569 6810
f 5569 5568 6810
f 4781 6810 4782
f 6810 5568 4782
f 4782 5568 3726
f 6812 6813 6810
f 6814 6815 6807
f 6815 6816 6807
f 6807 6816 6817
f 6813 6818 6810
f 6818 6819 6810
f 6810 6819 6811
f 6820 6806 6821
f 6806 6822 6821
f 6821 6822 6823
f 6820 6824 6806
f 6824 6825 6806
f 6806 6825 6826
f 6827 6828 6807
f 6827 6807 6829
f 6826 6830 6806
f 6830 6831 6806
f 6806 6831 6807
f 6831 6832 6807
f 6807 6832 6829
f 6828 6833 6807
f 6833 6834 6807
f 6807 6834 6814
f 6835 6836 6837
f 6838 6839 6804
f 6839 6840 6804
f 6804 6840 6835
f 6840 6841 6835
f 6835 6841 6836
f 6838 6804 6842
f 6804 5953 6842
f 6842 5953 6843
f 5953 5958 6843
f 6843 5958 5960
f 6817 6812 6807
f 6812 6810 6807
f 6807 6810 6809
f 6810 4789 6809
f 6809 4789 4787
f 5956 5954 6808
f 5954 6804 6808
f 6808 6804 6809
f 6804 6835 6809
f 6809 6835 6807
f 6835 6837 6807
f 6807 6837 6805
f 6844 6845 6846
f 6847 6848 6849
f 6850 6851 6852
f 6853 6854 6855
f 6856 6857 6858
f 6859 6860 6856
f 6861 6862 6863
f 6864 6865 6866
f 6867 6868 6869
f 6870 6871 6872
f 6873 6874 6875
f 6876 6877 6878
f 6879 6880 6881
f 6882 6883 6884
f 6885 6886 6887
f 6888 6889 6890
f 6891 6892 6893
f 6894 6895 6896
f 6897 6898 6899
f 6900 6901 6902
f 6903 6904 6905
f 6906 6907 6908
f 6909 6910 6911
f 6910 6909 6912
f 6913 6914 6915
f 6916 6915 6917
f 6918 6917 6919
f 6920 6919 6921
f 6922 6923 6924
f 6925 6926 6927
f 6926 6928 6927
f 6929 6930 6931
f 6932 6933 6934
f 6935 6936 6937
f 6938 6939 6940
f 6941 6942 6943
f 6944 6945 6946
f 6947 6948 6949
f 6950 6951 6952
f 6953 6954 6955
f 6956 6957 6958
f 6959 6960 6961
f 6962 6963 6964
f 6965 6966 6967
f 6968 6969 6970
f 6971 6972 6973
f 6974 6975 6976
f 6977 6978 6979
f 6980 6981 6982
f 6982 6981 6983
f 6984 6985 6986
f 6987 6988 6989
f 6990 6991 6992
f 6993 6994 6995
f 6996 6997 6998
f 6999 7000 7001
f 7002 7003 7004
f 7005 7006 7007
f 6826 7008 7009
f 6823 7010 7011
f 6902 6901 7012
f 7013 7014 7015
f 7016 7017 7018
f 7019 7020 7021
f 7022 7023 7024
f 7025 7026 7027
f 7026 7028 7029
f 7029 7028 7030
f 7031 7032 7033
f 7034 7035 7036
f 7037 7038 7039
f 7040 7041 7042
f 7043 7044 7045
f 7046 7047 7048
f 7048 7047 7049
f 7050 7051 7052
f 7052 7051 7053
f 7054 7055 7056
f 7057 7058 7059
f 7060 7061 7062
f 7063 7064 7065
f 7066 7067 7068
f 7068 7067 7069
f 7070 7071 7072
f 7073 7074 7075
f 7076 7077 7078
f 7079 7080 7081
f 7082 7083 7084
f 7083 7082 7085
f 7086 7087 7088
f 7089 7090 7091
f 7092 7093 7094
f 7095 7096 7097
f 7098 7099 7100
f 7101 7102 7103
f 7104 7105 7106
f 7107 7108 7109
f 7110 7111 7112
f 7113 7114 7115
f 7116 7117 7118
f 7119 7120 7121
f 7122 7123 7124
f 7125 7126 7127
f 7128 7129 7130
f 7131 7132 7133
f 7134 7135 7133
f 7135 7136 7133
f 7133 7136 7131
f 7137 7138 7139
f 7138 7140 7139
f 7139 7140 7141
f 7142 7143 7144
f 7139 7145 7137
f 7145 7142 7137
f 7137 7142 7146
f 7142 7144 7146
f 7147 7148 7149
f 7148 4824 7149
f 7150 7151 7152
f 7151 7153 7152
f 7152 7153 7154
f 7153 7155 7154
f 7154 7155 7156
f 7152 7157 7150
f 7157 7158 7150
f 7150 7158 7159
f 7130 7129 7158
f 7129 7160 7158
f 7158 7160 7159
f 7161 7162 7163
f 7164 7165 7162
f 7165 7166 7162
f 7162 7166 7163
f 7127 7126 7167
f 7122 7168 7123
f 7168 7169 7123
f 7123 7169 7170
f 7124 7123 7171
f 7123 7170 7171
f 7171 7170 7172
f 7170 7173 7172
f 7172 7173 7174
f 7121 7120 7175
f 7176 7177 7178
f 7177 7175 7178
f 7178 7175 7179
f 7175 7120 7179
f 7179 7120 7169
f 7120 7119 7169
f 7169 7119 7170
f 7180 7181 7182
f 7181 7183 7182
f 7184 7180 7185
f 7180 7182 7185
f 7185 7182 7186
f 7182 7183 7186
f 7187 7188 7189
f 7188 7190 7189
f 7189 7190 7191
f 7117 7116 7192
f 7116 7193 7192
f 7193 7187 7192
f 7192 7187 7194
f 7187 7189 7194
f 7194 7189 7195
f 7196 7197 7198
f 7197 7199 7198
f 7198 7199 7200
f 6953 7201 6954
f 7201 7202 6954
f 6954 7202 6955
f 7203 7204 7205
f 7204 7206 7205
f 7205 7206 7207
f 7203 7205 7208
f 7205 7207 7208
f 7208 7207 7209
f 7207 7210 7209
f 7209 7210 7211
f 7108 7107 7212
f 7107 7213 7212
f 7212 7213 7214
f 7213 7215 7214
f 7214 7215 7216
f 7217 7104 7218
f 7102 7101 7219
f 7099 7098 7220
f 7221 7222 7223
f 7222 7224 7223
f 7223 7224 7225
f 7096 7095 7226
f 7093 7092 7227
f 7090 7089 7228
f 7229 7230 7231
f 7232 7233 7234
f 7233 7235 7234
f 7234 7235 7236
f 7087 7086 7237
f 7086 7238 7237
f 7237 7238 7232
f 7238 7239 7232
f 7232 7239 7233
f 7240 7241 7242
f 7085 7243 7244
f 7245 7246 7247
f 7246 7248 7247
f 7247 7248 7249
f 7248 7250 7249
f 7249 7250 7251
f 7250 7252 7251
f 7251 7252 7084
f 7252 7253 7084
f 7084 7253 7082
f 7254 7255 7256
f 7257 7258 7259
f 7258 7260 7259
f 7259 7260 7261
f 7076 7257 7077
f 7257 7259 7077
f 7077 7259 6860
f 7259 7261 6860
f 6860 7261 6856
f 7261 7262 6856
f 6856 7262 6857
f 7262 7263 6857
f 6857 7263 6858
f 7263 7264 6858
f 6858 7264 7265
f 7075 7074 7266
f 7074 7267 7266
f 7266 7267 7268
f 7269 7268 7270
f 7271 7272 7273
f 7272 7274 7273
f 7273 7274 7275
f 7276 7277 7278
f 7277 7279 7278
f 7278 7279 7280
f 7281 7282 7283
f 7284 7285 7286
f 7285 7281 7286
f 7286 7281 7287
f 7281 7283 7287
f 7288 7289 7290
f 7289 7291 7290
f 7290 7291 7292
f 7291 7293 7292
f 7071 7070 7294
f 7295 7296 7297
f 7298 7299 7300
f 7297 7296 7301
f 7302 7303 7304
f 7303 7302 7305
f 7302 7306 7305
f 7305 7306 7307
f 7306 7308 7307
f 7307 7308 7309
f 7310 6895 7311
f 6895 7312 7311
f 7313 7314 7315
f 7312 6895 7314
f 6895 6894 7314
f 7314 6894 7315
f 7316 7317 7318
f 7318 7317 7319
f 7317 7320 7319
f 7319 7320 7321
f 7322 7323 7324
f 7323 7325 7324
f 7326 7327 7328
f 7327 7329 7328
f 7328 7329 7330
f 7331 7332 7333
f 7332 7334 7333
f 7333 7334 7328
f 7334 7335 7328
f 7328 7335 7326
f 7336 7337 7338
f 7339 7340 7341
f 7340 7342 7341
f 7341 7342 7337
f 7342 7343 7337
f 7337 7343 7338
f 7344 7345 7346
f 7347 7348 7349
f 7348 7350 7349
f 7349 7350 7345
f 7350 7351 7345
f 7345 7351 7346
f 7063 7352 7353
f 7354 7355 7353
f 7355 7356 7353
f 7353 7356 7063
f 7357 7358 7359
f 7358 7360 7359
f 7361 7362 7358
f 7362 7363 7358
f 7358 7363 7360
f 7364 7365 7366
f 7365 7367 7366
f 7367 7368 7366
f 7366 7368 7369
f 7056 7055 7053
f 7055 7370 7053
f 7053 7370 7052
f 7370 7371 7052
f 7052 7371 7050
f 7372 7373 7374
f 7373 7375 7374
f 7042 7041 7376
f 7041 7377 7376
f 7376 7377 7378
f 7379 7380 7377
f 7380 7381 7377
f 7377 7381 7378
f 7382 7383 7379
f 7383 7384 7379
f 7379 7384 7380
f 7038 7385 7039
f 7385 7386 7039
f 7039 7386 7382
f 7386 7387 7382
f 7382 7387 7383
f 6845 6844 7388
f 7388 7389 7390
f 7389 7391 7390
f 7390 7391 7392
f 7391 7393 7392
f 7394 7395 7396
f 7395 7033 7396
f 7397 7396 7398
f 7396 7033 7398
f 7398 7033 7399
f 7033 7032 7399
f 7400 7401 7402
f 7401 7403 7402
f 7402 7403 7404
f 7400 7402 7405
f 7402 7406 7405
f 7405 7406 7407
f 7408 7409 7410
f 7409 7411 7410
f 7410 7411 7412
f 7413 7414 7415
f 7414 7416 7415
f 7413 7417 7414
f 7417 7418 7414
f 7414 7418 7416
f 7419 7420 7413
f 7420 7421 7413
f 7413 7421 7417
f 7422 7423 7419
f 7423 7424 7419
f 7419 7424 7420
f 7419 7425 7426
f 7422 7419 7427
f 7419 7426 7427
f 7427 7426 5484
f 7428 7429 7006
f 7429 7430 7006
f 7006 7430 7007
f 7430 7431 7007
f 7007 7431 7432
f 7433 5477 7434
f 7435 7436 7428
f 7436 7437 7428
f 7428 7437 7429
f 5475 5477 7438
f 5477 7433 7438
f 7438 7433 7439
f 7439 7433 7440
f 7433 7441 7440
f 7440 7441 7442
f 7443 7444 7445
f 7444 7446 7445
f 7024 7023 7447
f 7448 7449 7450
f 7449 7447 7450
f 7450 7447 7451
f 7447 7023 7451
f 7022 7024 7452
f 7024 7453 7452
f 7452 7453 7454
f 7455 7456 7457
f 7456 7458 7457
f 7457 7458 7459
f 7458 7460 7459
f 7460 7461 7459
f 7459 7461 7021
f 7461 7462 7021
f 7021 7462 7019
f 7463 7464 7465
f 7464 7466 7465
f 7465 7466 7457
f 7466 7467 7457
f 7457 7467 7455
f 7017 7468 7018
f 7468 7469 7018
f 7018 7469 7470
f 7016 7018 7471
f 7018 7472 7471
f 7471 7472 7473
f 7472 7474 7473
f 7473 7474 7475
f 7475 7474 7476
f 7474 7477 7476
f 7476 7477 7478
f 7479 7480 7477
f 7480 7481 7477
f 7477 7481 7478
f 7482 7483 7484
f 7483 7485 7484
f 7484 7485 7486
f 7487 7488 7489
f 7488 7490 7489
f 7489 7490 7491
f 7487 7489 7492
f 7489 7493 7492
f 7492 7493 7494
f 7495 7496 7497
f 7496 7498 7497
f 7497 7498 7499
f 7498 7500 7499
f 7499 7500 7501
f 7500 7502 7501
f 7501 7502 7503
f 7504 7505 7506
f 7507 7508 7509
f 7510 7511 7512
f 7511 7513 7512
f 7512 7513 7514
f 7513 7515 7514
f 7514 7515 7516
f 7517 7518 7519
f 7518 7520 7519
f 7520 7521 7519
f 7519 7521 7522
f 7523 7524 7519
f 7524 7525 7519
f 7519 7525 7517
f 7526 7527 7528
f 7527 7529 7528
f 7528 7529 7530
f 7531 7532 7533
f 7528 7534 7526
f 7534 7531 7526
f 7526 7531 7535
f 7531 7533 7535
f 7536 7537 7015
f 7537 7538 7015
f 7015 7538 7013
f 7536 7015 7539
f 7015 7012 7539
f 7539 7012 7540
f 7012 6901 7540
f 7540 6901 7541
f 7541 6901 7542
f 6901 6900 7542
f 7542 6900 7543
f 7543 7544 7545
f 7544 7546 7545
f 7545 7546 7547
f 7548 7549 7550
f 7550 7549 7551
f 6826 6825 7552
f 7553 7554 6827
f 7554 7555 6827
f 6827 7555 7556
f 7555 7557 7556
f 7556 7557 6833
f 7558 6834 7559
f 6834 6833 7559
f 7559 6833 7560
f 6833 7557 7560
f 7560 7557 7561
f 6816 6815 7558
f 6815 6814 7558
f 7558 6814 6834
f 7562 7563 7564
f 7563 7565 7564
f 7564 7565 7566
f 7565 7567 7566
f 7131 7568 7132
f 7568 7569 7132
f 7132 7569 7570
f 7569 7571 7570
f 7570 7571 7564
f 7571 7572 7564
f 7564 7572 7562
f 7572 7573 7562
f 7562 7573 7574
f 7434 7435 7433
f 7435 7428 7433
f 7433 7428 7441
f 7428 7006 7441
f 7441 7006 7575
f 7006 7005 7575
f 7575 7005 7576
f 7005 7577 7576
f 7576 7577 7578
f 7579 7580 7578
f 7580 7581 7578
f 7578 7581 7576
f 7581 7582 7576
f 7576 7582 7575
f 7026 7029 7027
f 7029 7583 7027
f 7027 7583 7584
f 7583 7585 7584
f 7585 7586 7584
f 7584 7586 7587
f 7586 7588 7587
f 7416 7408 7415
f 7408 7410 7415
f 7415 7410 7406
f 7410 7412 7406
f 7406 7412 7407
f 7589 7590 7588
f 7590 7591 7588
f 7588 7591 7587
f 7591 7592 7587
f 7587 7592 7584
f 7592 7593 7584
f 7584 7593 7027
f 7593 7594 7027
f 7027 7594 7025
f 7585 7579 7586
f 7579 7578 7586
f 7586 7578 7588
f 7578 7577 7588
f 7588 7577 7589
f 7577 7005 7589
f 7589 7005 7595
f 7005 7007 7595
f 7595 7007 7596
f 7007 7432 7596
f 7596 7432 7425
f 7425 7419 7596
f 7419 7413 7596
f 7596 7413 7595
f 7413 7597 7595
f 7595 7597 7589
f 7597 7406 7589
f 7589 7406 7590
f 7406 7402 7590
f 7590 7402 7591
f 7402 7404 7591
f 7591 7404 7592
f 7404 7598 7592
f 7592 7598 7593
f 7599 7600 7601
f 7600 7602 7601
f 7603 7604 7600
f 7604 7605 7600
f 7600 7605 7602
f 7605 7606 7602
f 7607 7394 7608
f 7394 7396 7608
f 7608 7396 7036
f 7396 7397 7036
f 7036 7397 7034
f 7085 7244 7083
f 7244 7609 7083
f 7083 7609 7084
f 7609 7610 7084
f 7084 7610 7251
f 7240 7611 7612
f 7611 7613 7612
f 7612 7613 7243
f 7613 7614 7243
f 7243 7614 7244
f 7614 7615 7244
f 7244 7615 7609
f 7615 7616 7609
f 7609 7616 7610
f 6997 6999 7617
f 7618 6994 7619
f 6994 6993 7619
f 7619 6993 7620
f 7240 7242 7611
f 7242 7621 7611
f 7611 7621 7613
f 7621 7622 7613
f 7613 7622 7614
f 7622 7623 7614
f 7614 7623 7615
f 7623 7624 7615
f 7615 7624 7616
f 7625 7626 7627
f 7626 7628 7627
f 7627 7628 6995
f 6995 6994 7627
f 6994 7629 7627
f 7627 7629 7625
f 6999 7001 7617
f 7001 7630 7617
f 7617 7630 7631
f 7630 7632 7631
f 7631 7632 7633
f 7632 7634 7633
f 7633 7634 7635
f 7634 7636 7635
f 7635 7636 7637
f 7636 7638 7637
f 7637 7638 7639
f 6997 7617 6998
f 7617 7631 6998
f 6998 7631 7640
f 7631 7633 7640
f 7640 7633 7641
f 7633 7635 7641
f 7641 7635 7642
f 7635 7637 7642
f 7642 7637 7643
f 7637 7639 7643
f 7643 7639 7644
f 7639 7645 7644
f 7644 7645 7646
f 6996 6998 7647
f 6998 7640 7647
f 7647 7640 7648
f 7640 7641 7648
f 7648 7641 7649
f 7641 7642 7649
f 7649 7642 7650
f 7642 7643 7650
f 7650 7643 7651
f 7643 7644 7651
f 7651 7644 7652
f 7644 7646 7652
f 7652 7646 7653
f 7237 7653 7087
f 7653 7646 7087
f 7087 7646 7088
f 7646 7645 7088
f 7088 7645 7654
f 7645 7639 7654
f 7654 7639 7655
f 7639 7638 7655
f 7655 7638 7656
f 7638 7636 7656
f 7656 7636 7241
f 7636 7634 7241
f 7241 7634 7242
f 7634 7632 7242
f 7242 7632 7621
f 7632 7630 7621
f 7621 7630 7622
f 7630 7001 7622
f 7622 7001 7623
f 7001 7000 7623
f 7623 7000 7624
f 6991 7657 7658
f 7657 7625 7658
f 7658 7625 7659
f 7625 7629 7659
f 6991 6990 7657
f 6990 7660 7657
f 7657 7660 7625
f 7660 7661 7625
f 7625 7661 7626
f 7662 7663 7664
f 7663 7665 7664
f 7664 7665 7666
f 7665 7667 7666
f 7666 7667 7668
f 7667 7669 7668
f 7668 7669 7670
f 7669 7671 7670
f 7670 7671 7672
f 7671 7673 7672
f 7672 7673 7674
f 7618 7674 6994
f 7674 7673 6994
f 6994 7673 7629
f 7673 7671 7629
f 7629 7671 7659
f 7671 7669 7659
f 7659 7669 7658
f 7669 7667 7658
f 7658 7667 6991
f 7667 7665 6991
f 6991 7665 6992
f 7665 7663 6992
f 6987 6989 7675
f 7009 7008 6831
f 7008 7676 6831
f 6831 7676 7677
f 7676 7678 7677
f 7677 7678 7553
f 7678 6989 7553
f 7553 6989 7554
f 6989 6988 7554
f 7554 6988 7555
f 7234 7679 7232
f 7679 7680 7232
f 7232 7680 7237
f 7680 7681 7237
f 7237 7681 7653
f 7681 7682 7653
f 7653 7682 7652
f 7682 7683 7652
f 7652 7683 7651
f 7683 7684 7651
f 7651 7684 7650
f 7684 7685 7650
f 7650 7685 7649
f 7685 7686 7649
f 7649 7686 7648
f 7686 7687 7648
f 7648 7687 7647
f 7687 7688 7647
f 7647 7688 6996
f 7689 7690 6984
f 7691 7692 7693
f 7692 7694 7693
f 7693 7694 7695
f 7694 7696 7695
f 7695 7696 7697
f 7696 7698 7697
f 7697 7698 7699
f 7698 7700 7699
f 6986 6985 7701
f 6985 7702 7701
f 7701 7702 7703
f 7702 7704 7703
f 7703 7704 6983
f 7620 7705 7619
f 7705 7706 7619
f 7619 7706 7618
f 7706 7707 7618
f 7618 7707 7674
f 7707 7708 7674
f 7674 7708 7672
f 7708 7709 7672
f 7672 7709 7670
f 7709 7710 7670
f 7670 7710 7668
f 7710 7711 7668
f 7668 7711 7666
f 7711 7712 7666
f 7666 7712 7664
f 7712 7713 7664
f 7664 7713 7662
f 7713 7714 7662
f 7715 7716 7717
f 7716 7718 7717
f 7717 7718 7719
f 7718 7720 7719
f 7719 7720 7721
f 7720 7722 7721
f 7721 7722 7723
f 7722 7724 7723
f 7723 7724 7725
f 7724 7726 7725
f 7725 7726 7727
f 7726 7728 7727
f 6984 7690 6985
f 7690 7729 6985
f 6985 7729 7702
f 7729 7730 7702
f 7702 7730 7704
f 7730 7731 7704
f 7704 7731 6983
f 7731 7732 6983
f 6983 7732 6982
f 7733 7715 7734
f 7715 7717 7734
f 7734 7717 7735
f 7717 7719 7735
f 7735 7719 7736
f 7719 7721 7736
f 7736 7721 7737
f 7721 7723 7737
f 7737 7723 7738
f 7723 7725 7738
f 7738 7725 7739
f 7725 7727 7739
f 7740 7733 7741
f 7733 7734 7741
f 7741 7734 7742
f 7734 7735 7742
f 7742 7735 7743
f 7735 7736 7743
f 7743 7736 7744
f 7736 7737 7744
f 7744 7737 7745
f 7737 7738 7745
f 7746 7747 7748
f 7747 7749 7748
f 7748 7749 7750
f 7749 7751 7750
f 7750 7751 7752
f 7751 7753 7752
f 7752 7753 7754
f 6981 7755 6983
f 7755 7756 6983
f 6983 7756 7703
f 7756 7757 7703
f 7703 7757 7701
f 7757 7758 7701
f 7701 7758 6986
f 7759 7760 7761
f 7760 7762 7761
f 7761 7762 6980
f 7762 7763 6980
f 6980 7763 6981
f 7763 7764 6981
f 6981 7764 7755
f 6977 6979 7765
f 6979 7766 7765
f 7765 7766 7767
f 7759 6978 7760
f 6978 6977 7760
f 7760 6977 7768
f 6977 7765 7768
f 7768 7765 7769
f 7765 7767 7769
f 7769 7767 7770
f 7771 7772 7773
f 7774 7773 7775
f 7773 7772 7775
f 7775 7772 7776
f 6817 6816 7777
f 6816 7558 7777
f 7777 7558 7771
f 7558 7559 7771
f 7771 7559 7772
f 7559 7560 7772
f 7772 7560 7776
f 7560 7561 7776
f 7778 6817 7779
f 6817 7777 7779
f 7779 7777 7780
f 7777 7771 7780
f 7780 7771 7781
f 7771 7773 7781
f 7782 7746 7783
f 7746 7748 7783
f 7783 7748 7740
f 7748 7750 7740
f 7740 7750 7733
f 7750 7752 7733
f 7733 7752 7715
f 7752 7754 7715
f 7715 7754 7716
f 7092 7784 7227
f 7784 7785 7227
f 7227 7785 7786
f 7785 7787 7786
f 7786 7787 7788
f 7787 7789 7788
f 7788 7789 7790
f 7789 7791 7790
f 7790 7791 7792
f 7784 7097 7785
f 7097 7096 7785
f 7785 7096 7787
f 7096 7226 7787
f 7787 7226 7789
f 7226 7793 7789
f 7789 7793 7791
f 6975 6974 7225
f 6974 7794 7225
f 7225 7794 7223
f 7794 7795 7223
f 7223 7795 7221
f 7795 7796 7221
f 7221 7796 7797
f 6980 7798 7761
f 7798 7799 7761
f 7761 7799 7759
f 7799 7800 7759
f 7759 7800 6978
f 7800 7801 6978
f 6978 7801 6979
f 7801 7802 6979
f 6979 7802 7766
f 7802 7803 7766
f 7766 7803 7767
f 7803 7804 7767
f 7767 7804 7770
f 7804 7805 7770
f 7805 7774 7770
f 7770 7774 7769
f 7774 7775 7769
f 7769 7775 7768
f 7775 7776 7768
f 7768 7776 7760
f 7776 7561 7760
f 7760 7561 7762
f 7561 7557 7762
f 7762 7557 7763
f 7557 7555 7763
f 7763 7555 7764
f 7555 6988 7764
f 7764 6988 7755
f 6988 6987 7755
f 7755 6987 7756
f 6987 7675 7756
f 7756 7675 7757
f 7675 7700 7757
f 7757 7700 7758
f 7700 7698 7758
f 7758 7698 6986
f 7698 7696 6986
f 6986 7696 6984
f 7696 7694 6984
f 6984 7694 7689
f 7694 7692 7689
f 7095 7797 7226
f 7797 7796 7226
f 7226 7796 7793
f 7796 7795 7793
f 7793 7795 7791
f 7795 7794 7791
f 7791 7794 7792
f 7794 6974 7792
f 7792 6974 7806
f 6974 6976 7806
f 7806 6976 7807
f 7808 7809 7810
f 7809 7811 7810
f 7810 7811 7812
f 7811 7813 7812
f 7812 7813 7814
f 7815 6972 7816
f 6972 6971 7816
f 7816 6971 7817
f 7818 7808 7819
f 7808 7810 7819
f 7819 7810 7817
f 7810 7812 7817
f 7817 7812 7816
f 7812 7814 7816
f 7816 7814 7815
f 7820 7821 7822
f 7821 7823 7822
f 7824 7825 7826
f 7825 7827 7826
f 7826 7827 7828
f 7827 7829 7828
f 7828 7829 7830
f 7829 7831 7830
f 7830 7831 7832
f 7831 7833 7832
f 7832 7833 7834
f 7827 7103 7829
f 7103 7102 7829
f 7829 7102 7831
f 7102 7219 7831
f 7831 7219 7833
f 7823 7835 7822
f 7835 7836 7822
f 7822 7836 7837
f 7836 7838 7837
f 7837 7838 7839
f 7838 7840 7839
f 7215 7841 7216
f 7841 6969 7216
f 7216 6969 7214
f 6969 6968 7214
f 7214 6968 7212
f 7842 6965 7843
f 6965 6967 7843
f 7843 6967 7844
f 6967 7845 7844
f 7844 7845 7846
f 7845 7818 7846
f 7846 7818 7847
f 7818 7819 7847
f 7847 7819 7848
f 7819 7817 7848
f 7848 7817 7849
f 7817 6971 7849
f 7849 6971 7850
f 6971 6973 7850
f 7850 6973 7851
f 6973 7852 7851
f 7851 7852 7853
f 7852 7782 7853
f 7853 7782 7854
f 7782 7783 7854
f 7854 7783 7855
f 7783 7740 7855
f 7855 7740 7856
f 7740 7741 7856
f 7856 7741 7857
f 7741 7742 7857
f 7857 7742 7228
f 7742 7743 7228
f 7228 7743 7090
f 7743 7744 7090
f 7090 7744 7091
f 7744 7745 7091
f 7091 7745 7858
f 7745 7738 7858
f 7858 7738 7859
f 7738 7739 7859
f 7859 7739 7860
f 7739 7727 7860
f 7860 7727 7230
f 7727 7728 7230
f 7230 7728 7231
f 7861 6966 7862
f 6966 6965 7862
f 7862 6965 7863
f 6965 7842 7863
f 7863 7842 7864
f 6964 6963 7865
f 6963 7840 7865
f 7865 7840 7866
f 7840 7838 7866
f 7866 7838 7867
f 7838 7836 7867
f 7867 7836 7868
f 7836 7835 7868
f 7868 7835 7869
f 7835 7823 7869
f 7869 7823 7870
f 7823 7821 7870
f 7870 7821 7871
f 7821 7820 7871
f 7871 7820 7872
f 7089 7094 7228
f 7094 7093 7228
f 7228 7093 7857
f 7093 7227 7857
f 7857 7227 7856
f 7227 7786 7856
f 7856 7786 7855
f 7786 7788 7855
f 7855 7788 7854
f 7788 7790 7854
f 7854 7790 7853
f 7790 7792 7853
f 7853 7792 7851
f 7792 7806 7851
f 7851 7806 7850
f 7806 7807 7850
f 7850 7807 7849
f 7807 7873 7849
f 7849 7873 7848
f 7873 7874 7848
f 7848 7874 7847
f 7874 7875 7847
f 7847 7875 7846
f 7875 7876 7846
f 7846 7876 7844
f 7876 7877 7844
f 7844 7877 7843
f 7877 7878 7843
f 7843 7878 7842
f 7878 7879 7842
f 7842 7879 7864
f 7879 7880 7864
f 6964 7881 6962
f 7881 7882 6962
f 6962 7882 7883
f 7866 7884 7865
f 7884 7885 7865
f 7865 7885 6964
f 7885 7886 6964
f 6964 7886 7881
f 7886 7887 7881
f 7881 7887 7882
f 7887 7888 7882
f 7882 7888 7883
f 7805 7889 7774
f 7889 7890 7774
f 7774 7890 7773
f 7890 7891 7773
f 7773 7891 7781
f 7891 7892 7781
f 7781 7892 7780
f 7892 7893 7780
f 7780 7893 7779
f 7893 7894 7779
f 7779 7894 6812
f 7894 7895 6812
f 6812 7895 7567
f 7895 7896 7567
f 7567 7896 7566
f 7896 7897 7566
f 7566 7897 7564
f 7898 7872 7899
f 7872 7820 7899
f 7899 7820 7900
f 7820 7822 7900
f 7900 7822 7901
f 7822 7837 7901
f 7901 7837 7902
f 7837 7839 7902
f 7902 7839 7903
f 7839 7840 7903
f 7903 7840 7904
f 7840 6963 7904
f 7904 6963 7905
f 6963 6962 7905
f 7841 7211 6969
f 7211 7210 6969
f 6969 7210 6970
f 7210 7207 6970
f 6970 7207 7906
f 7207 7206 7906
f 7906 7206 7907
f 7888 7908 7883
f 7908 7909 7883
f 7883 7909 6962
f 7909 7910 6962
f 6962 7910 7905
f 7910 7897 7905
f 7905 7897 7904
f 7897 7896 7904
f 7904 7896 7903
f 7896 7895 7903
f 7903 7895 7902
f 7895 7894 7902
f 7902 7894 7901
f 7894 7893 7901
f 7901 7893 7900
f 7893 7892 7900
f 7900 7892 7899
f 7892 7891 7899
f 7899 7891 7898
f 7911 6960 7912
f 6960 6959 7912
f 7912 6959 7913
f 7914 7915 6958
f 7915 7916 6958
f 7917 7918 7914
f 7918 7919 7914
f 7914 7919 7915
f 7920 7921 7922
f 7921 6957 7922
f 7922 6957 7923
f 6957 6956 7923
f 7924 7112 7925
f 7112 7111 7925
f 7925 7111 6953
f 7111 7110 6953
f 6953 7110 7201
f 7101 7106 7219
f 7106 7217 7219
f 7219 7217 7833
f 7217 7218 7833
f 7833 7218 7834
f 7218 7926 7834
f 7834 7926 7927
f 7926 7928 7927
f 7927 7928 7929
f 7928 7930 7929
f 7929 7930 7931
f 7930 7932 7931
f 7931 7932 7933
f 7932 7934 7933
f 7933 7934 7935
f 7934 7936 7935
f 7935 7936 7937
f 7936 7938 7937
f 7937 7938 7939
f 7938 7940 7939
f 7939 7940 7941
f 7940 7942 7941
f 7941 7942 6950
f 7104 7109 7218
f 7109 7108 7218
f 7218 7108 7926
f 7108 7212 7926
f 7926 7212 7928
f 7212 6968 7928
f 7928 6968 7930
f 6968 6970 7930
f 7930 6970 7932
f 6970 7906 7932
f 7932 7906 7934
f 7906 7907 7934
f 7934 7907 7936
f 7907 7943 7936
f 7936 7943 7938
f 7943 7944 7938
f 7938 7944 7940
f 7944 7945 7940
f 7940 7945 7942
f 7945 7946 7942
f 7942 7946 6950
f 7946 7947 6950
f 6950 7947 6951
f 6952 7948 7949
f 7948 7950 7949
f 7951 7952 7953
f 7952 7924 7953
f 7953 7924 7954
f 7924 7925 7954
f 7954 7925 7955
f 7925 6953 7955
f 7955 6953 7956
f 6953 6955 7956
f 7956 6955 7957
f 6955 7958 7957
f 7957 7958 7959
f 7958 7960 7959
f 7959 7960 7961
f 7960 7962 7961
f 7961 7962 7963
f 7962 7964 7963
f 7963 7964 7965
f 7964 7966 7965
f 7224 7100 7225
f 7100 7099 7225
f 7225 7099 6975
f 7099 7220 6975
f 6975 7220 6976
f 7220 7967 6976
f 6976 7967 7807
f 7967 7968 7807
f 7807 7968 7873
f 7968 7969 7873
f 7873 7969 7874
f 7969 7970 7874
f 7874 7970 7875
f 7970 7971 7875
f 7875 7971 7876
f 7971 7972 7876
f 7876 7972 7877
f 7972 7973 7877
f 7877 7973 7878
f 7973 7974 7878
f 7878 7974 7879
f 7974 7975 7879
f 7879 7975 7880
f 7975 7976 7880
f 7880 7976 7977
f 7976 7978 7977
f 7977 7978 6961
f 7978 7979 6961
f 6961 7979 6959
f 7979 7980 6959
f 6959 7980 7913
f 7980 7981 7913
f 7913 7981 7982
f 7981 6949 7982
f 7982 6949 7983
f 6949 6948 7983
f 7113 7984 7114
f 7984 7200 7114
f 7114 7200 7115
f 7200 7199 7115
f 7202 7196 6955
f 7196 7198 6955
f 6955 7198 7958
f 7198 7200 7958
f 7958 7200 7960
f 7200 7984 7960
f 7960 7984 7962
f 7984 7985 7962
f 7962 7985 7964
f 7985 7986 7964
f 7964 7986 7966
f 7986 7987 7966
f 7204 7951 7206
f 7951 7953 7206
f 7206 7953 7907
f 7953 7954 7907
f 7907 7954 7943
f 7954 7955 7943
f 7943 7955 7944
f 7955 7988 7944
f 7944 7988 7945
f 7988 7957 7945
f 7945 7957 7946
f 7957 7959 7946
f 7946 7959 7947
f 7959 7961 7947
f 7947 7961 6951
f 7961 7963 6951
f 6951 7963 6952
f 7963 7965 6952
f 6952 7965 7948
f 7965 7966 7948
f 7948 7966 7950
f 7966 7987 7950
f 7989 7990 7991
f 7991 7990 7992
f 7990 7993 7992
f 7992 7993 7994
f 7995 7996 7997
f 7996 7998 7997
f 7997 7998 7999
f 7998 8000 7999
f 7999 8000 8001
f 8000 8002 8001
f 8001 8002 8003
f 8002 8004 8003
f 8003 8004 8005
f 8006 8007 8008
f 8007 8009 8008
f 8008 8009 8010
f 8009 8011 8010
f 8010 8011 8005
f 7195 8004 7194
f 8004 8002 7194
f 7194 8002 7192
f 8002 8000 7192
f 7192 8000 7117
f 8000 7998 7117
f 7117 7998 7118
f 7998 7996 7118
f 7118 7996 8012
f 7996 7995 8012
f 8012 7995 8013
f 7995 8014 8013
f 8013 8014 8015
f 7098 7824 7220
f 7824 7826 7220
f 7220 7826 7967
f 7826 7828 7967
f 7967 7828 7968
f 7828 7830 7968
f 7968 7830 7969
f 7830 7832 7969
f 7969 7832 7970
f 7832 7834 7970
f 7970 7834 7971
f 7834 7927 7971
f 7971 7927 7972
f 7927 7929 7972
f 7972 7929 7973
f 7929 7931 7973
f 7973 7931 7974
f 7931 7933 7974
f 7974 7933 7975
f 7933 7935 7975
f 7975 7935 7976
f 7935 7937 7976
f 7976 7937 7978
f 7937 7939 7978
f 7978 7939 7979
f 7939 7941 7979
f 7979 7941 7980
f 7941 6950 7980
f 7980 6950 7981
f 6950 6952 7981
f 7981 6952 6949
f 6952 7949 6949
f 6949 7949 6947
f 7949 8016 6947
f 6958 6957 7914
f 6957 8017 7914
f 7914 8017 7917
f 8017 7920 7917
f 7917 7920 8018
f 8019 8020 8021
f 8019 8021 8022
f 8021 8023 8022
f 8022 8023 7141
f 7141 7140 8022
f 7140 8018 8022
f 8022 8018 8019
f 8018 7920 8019
f 8019 7920 8020
f 7908 7916 7909
f 7916 7915 7909
f 7909 7915 7910
f 7915 7919 7910
f 7910 7919 7897
f 7919 7918 7897
f 7897 7918 7564
f 7918 7917 7564
f 7564 7917 7570
f 7917 8018 7570
f 7570 8018 7132
f 8018 7140 7132
f 7132 7140 7133
f 7140 7138 7133
f 7133 7138 7134
f 7987 7989 7950
f 7989 7991 7950
f 7950 7991 7949
f 7991 7992 7949
f 7949 7992 8016
f 7992 7994 8016
f 8016 7994 8024
f 7994 8025 8024
f 8024 8025 8026
f 8025 8027 8028
f 8027 8029 8028
f 8028 8029 6946
f 7139 8030 7145
f 8030 8031 7145
f 7145 8031 7142
f 8031 7148 7142
f 7142 7148 7143
f 7148 7147 7143
f 6946 6945 8028
f 6945 8032 8028
f 8028 8032 8025
f 8032 8033 8025
f 8025 8033 8026
f 8005 8004 8010
f 8004 7195 8010
f 8010 7195 8008
f 7195 7189 8008
f 8008 7189 8006
f 7189 7191 8006
f 8006 7191 8034
f 7191 8035 8034
f 8034 8035 8036
f 7188 8037 7190
f 8037 7184 7190
f 7190 7184 7191
f 7184 7185 7191
f 7191 7185 8035
f 7185 7186 8035
f 8035 7186 7176
f 7186 7183 7176
f 7176 7183 7177
f 7994 8038 8025
f 8038 8039 8025
f 8025 8039 8027
f 8039 8040 8027
f 8027 8040 8029
f 8040 8041 8029
f 8029 8041 6946
f 8041 8042 6946
f 6946 8042 6944
f 7113 8015 7984
f 8015 8014 7984
f 7984 8014 7985
f 8014 7995 7985
f 7985 7995 7986
f 7995 7997 7986
f 7986 7997 7987
f 7997 7999 7987
f 7987 7999 7989
f 7999 8001 7989
f 7989 8001 7990
f 8001 8003 7990
f 7990 8003 7993
f 8003 8005 7993
f 7993 8005 7994
f 8005 8011 7994
f 7994 8011 8038
f 8011 8009 8038
f 8038 8009 8039
f 8009 8007 8039
f 8039 8007 8040
f 8007 8006 8040
f 8040 8006 8041
f 8006 8034 8041
f 8041 8034 8042
f 8034 8036 8042
f 6944 7148 6945
f 7148 8031 6945
f 6945 8031 8032
f 8031 8030 8032
f 8032 8030 8033
f 8030 7139 8033
f 8033 7139 8026
f 7139 7141 8026
f 8026 7141 8024
f 7141 8023 8024
f 8024 8023 8016
f 8023 8021 8016
f 8016 8021 6947
f 8021 8020 6947
f 6947 8020 6948
f 8020 7920 6948
f 6948 7920 7983
f 7920 7922 7983
f 7983 7922 7982
f 7922 7923 7982
f 7982 7923 7913
f 7923 6956 7913
f 7913 6956 7912
f 6956 6958 7912
f 7912 6958 7911
f 6958 7916 7911
f 7911 7916 6960
f 7916 7908 6960
f 6960 7908 6961
f 7908 7888 6961
f 6961 7888 7977
f 7888 7887 7977
f 7977 7887 7880
f 7887 7886 7880
f 7880 7886 7864
f 7886 7885 7864
f 7864 7885 7863
f 7885 7884 7863
f 7863 7884 7862
f 7884 7866 7862
f 7862 7866 7861
f 7866 7867 7861
f 7861 7867 6966
f 7867 7868 6966
f 6966 7868 6967
f 7868 7869 6967
f 6967 7869 7845
f 7869 7870 7845
f 7845 7870 7818
f 7870 7871 7818
f 7818 7871 7808
f 7871 7872 7808
f 7808 7872 7809
f 7872 7898 7809
f 7809 7898 7811
f 7898 7891 7811
f 7811 7891 7813
f 7891 7890 7813
f 7813 7890 7814
f 7890 7889 7814
f 7814 7889 7815
f 7889 7805 7815
f 7815 7805 6972
f 7805 7804 6972
f 6972 7804 6973
f 7804 7803 6973
f 6973 7803 7852
f 7803 7802 7852
f 7852 7802 7782
f 7802 7801 7782
f 7782 7801 7746
f 7801 7800 7746
f 7746 7800 7747
f 7800 7799 7747
f 7747 7799 7749
f 7799 7798 7749
f 7749 7798 7751
f 7798 6980 7751
f 7751 6980 7753
f 6980 6982 7753
f 7753 6982 7754
f 6982 7732 7754
f 7754 7732 7716
f 7732 7731 7716
f 7716 7731 7718
f 7731 7730 7718
f 7718 7730 7720
f 7730 7729 7720
f 7720 7729 7722
f 7729 7690 7722
f 7722 7690 7724
f 7690 7689 7724
f 7724 7689 7726
f 7689 7692 7726
f 7726 7692 7728
f 7692 7691 7728
f 7728 7691 7231
f 8043 8044 8045
f 8044 8046 8045
f 8045 8046 8047
f 8046 8048 8047
f 6941 6943 8049
f 6943 8050 8049
f 8049 8050 7161
f 8050 8051 7161
f 7161 8051 7162
f 8052 6942 7152
f 6942 6941 7152
f 7152 6941 7157
f 6941 8049 7157
f 7157 8049 7158
f 8049 7161 7158
f 7158 7161 7130
f 7161 7163 7130
f 7130 7163 7128
f 8052 8048 6942
f 8048 8046 6942
f 6942 8046 6943
f 8046 8044 6943
f 6943 8044 8050
f 8044 8043 8050
f 8050 8043 8051
f 8043 7126 8051
f 8051 7126 7162
f 7126 7125 7162
f 7162 7125 7164
f 7125 7127 7164
f 7168 7167 7169
f 7167 7126 7169
f 7169 7126 7179
f 7126 8043 7179
f 7179 8043 7178
f 8043 8045 7178
f 7178 8045 7176
f 8045 8047 7176
f 7176 8047 8035
f 8047 8048 8035
f 8035 8048 8036
f 8048 8052 8036
f 8036 8052 8042
f 8052 7152 8042
f 8042 7152 6944
f 7152 7154 6944
f 6944 7154 7148
f 7154 7156 7148
f 7148 7156 4824
f 7499 8053 7497
f 8053 8054 7497
f 7497 8054 7495
f 8054 7506 7495
f 7495 7506 8055
f 7506 7505 8055
f 8056 8057 8053
f 8057 8058 8053
f 8053 8058 8054
f 8059 8060 8061
f 8060 8062 8061
f 8061 7506 8059
f 7506 8054 8059
f 8059 8054 8063
f 8054 8058 8063
f 8063 8058 8064
f 8058 8057 8064
f 8064 8057 8065
f 8057 8056 8065
f 8065 8056 8066
f 8067 6939 8068
f 6939 6938 8068
f 8068 6938 8069
f 8062 8070 8061
f 8070 8071 8061
f 8061 8071 7506
f 8071 8072 7506
f 7506 8072 7504
f 8062 8073 8070
f 8073 8074 8070
f 8070 8074 8071
f 8074 7509 8071
f 8071 7509 8072
f 7509 7508 8072
f 8072 7508 7504
f 8074 8075 7509
f 8075 8076 7509
f 7509 8076 8077
f 8076 8078 8077
f 8077 8078 8079
f 7064 7066 7065
f 7066 7068 7065
f 7065 7068 6932
f 7068 7069 6932
f 6932 7069 6933
f 7069 8080 6933
f 6933 8080 8081
f 7360 8082 7359
f 8082 7354 7359
f 7359 7354 7357
f 7354 7353 7357
f 7357 7353 8083
f 7353 7352 8083
f 8083 7352 8084
f 7352 6932 8084
f 8084 6932 8085
f 6932 6934 8085
f 8085 6934 8086
f 8087 8086 8088
f 8086 6934 8088
f 8088 6934 8089
f 6934 6933 8089
f 8089 6933 8090
f 6933 8081 8090
f 8090 8081 8091
f 8091 7347 8092
f 7347 7349 8092
f 8092 7349 8093
f 8094 8095 8096
f 8095 8097 8096
f 8096 8097 8098
f 8097 8099 8098
f 8098 8099 8100
f 8101 7361 8102
f 7361 7358 8102
f 8102 7358 8103
f 7358 7357 8103
f 8103 7357 8104
f 7357 8083 8104
f 8104 8083 8105
f 8083 8084 8105
f 8105 8084 8106
f 8084 8085 8106
f 8106 8085 8107
f 8085 8086 8107
f 8107 8086 8108
f 8086 8087 8108
f 8109 6931 7366
f 6931 6930 7366
f 7366 6930 7364
f 8110 6929 8111
f 6929 6931 8111
f 8111 6931 8112
f 6931 8109 8112
f 8112 8109 8113
f 8109 8114 8113
f 8113 8114 8115
f 8114 8116 8115
f 8115 8116 8117
f 8116 8118 8117
f 8117 8118 8119
f 8118 8120 8119
f 8119 8120 8121
f 8120 8122 8121
f 8121 8122 8123
f 8122 8124 8123
f 8123 8124 8125
f 8124 8126 8125
f 8125 8126 6937
f 8126 8127 6937
f 6937 8127 6935
f 8127 8128 6935
f 8129 7062 7059
f 7062 7061 7059
f 7059 7061 8101
f 7061 7060 8101
f 8101 7060 7361
f 7060 8130 7361
f 7361 8130 7362
f 7369 8131 7366
f 8131 7057 7366
f 7366 7057 8109
f 7057 7059 8109
f 8109 7059 8114
f 7059 8101 8114
f 8114 8101 8116
f 8101 8102 8116
f 8116 8102 8118
f 8102 8103 8118
f 8118 8103 8120
f 8103 8104 8120
f 8120 8104 8122
f 8104 8105 8122
f 8122 8105 8124
f 8105 8106 8124
f 8124 8106 8126
f 8106 8107 8126
f 8126 8107 8127
f 8107 8108 8127
f 8127 8108 8128
f 8108 8087 8128
f 8132 7523 8133
f 7523 7519 8133
f 8133 7519 8134
f 7519 7522 8134
f 8134 7522 8135
f 8135 8136 8137
f 8136 8138 8137
f 8138 8139 8137
f 8137 8139 8140
f 8141 8142 8143
f 8142 7532 8143
f 8143 7532 6928
f 7532 7531 6928
f 6928 7531 6927
f 7531 7534 6927
f 6927 7534 8144
f 7534 7528 8144
f 8144 7528 8145
f 7528 7530 8145
f 8145 7530 8146
f 8132 8133 8146
f 8133 8134 8146
f 8146 8134 8145
f 8134 8135 8145
f 8145 8135 8144
f 8135 8137 8144
f 8144 8137 6927
f 8137 8140 6927
f 6927 8140 6925
f 8147 6922 8148
f 6922 6924 8148
f 8148 6924 8149
f 6924 8150 8149
f 7514 8100 7512
f 8100 8099 7512
f 7512 8099 8151
f 8099 8097 8151
f 8151 8097 8152
f 8097 8095 8152
f 8152 8095 8153
f 8095 8094 8153
f 8153 8094 8154
f 8094 8155 8154
f 8154 8155 8156
f 8155 8157 8156
f 8156 8157 6921
f 8147 8158 6922
f 8158 8159 6922
f 6922 8159 6923
f 7324 8160 7330
f 8160 8161 7330
f 7330 8161 7328
f 8161 8162 7328
f 7328 8162 7333
f 8162 7336 7333
f 7333 7336 7331
f 7336 7338 7331
f 7346 7339 7344
f 7339 7341 7344
f 7344 7341 8163
f 7341 7337 8163
f 8163 7337 8164
f 7337 7336 8164
f 8164 7336 8165
f 7336 8162 8165
f 8165 8162 8166
f 8162 8161 8166
f 8138 8167 8139
f 8167 8168 8139
f 8139 8168 8140
f 8168 8169 8140
f 8140 8169 6925
f 8169 8170 6925
f 6925 8170 6926
f 8170 8171 6926
f 6926 8171 6928
f 8171 8172 6928
f 8172 8173 6928
f 8173 8174 6928
f 6928 8174 8143
f 8174 7538 8143
f 8143 7538 8141
f 6914 6913 8175
f 6913 8176 8175
f 8175 8176 8177
f 8178 8179 8180
f 8179 8181 8180
f 8180 8181 8177
f 8181 8182 8177
f 8177 8182 8175
f 8183 8184 8185
f 8184 8186 8185
f 8185 8186 8187
f 8186 8188 8187
f 8187 8188 8189
f 8188 8190 8189
f 8189 8190 8191
f 8190 8192 8191
f 8191 8192 8193
f 8192 8194 8193
f 8193 8194 8195
f 8194 8196 8195
f 8195 8196 8197
f 7516 7507 7514
f 7507 7509 7514
f 7514 7509 8100
f 7509 8077 8100
f 8100 8077 8098
f 8077 8079 8098
f 8098 8079 8096
f 8079 8198 8096
f 8096 8198 8094
f 8198 8197 8094
f 8094 8197 8155
f 8197 8196 8155
f 8155 8196 8157
f 8196 8194 8157
f 8157 8194 6921
f 8194 8192 6921
f 6921 8192 6920
f 8192 8190 6920
f 6920 8190 8199
f 8190 8188 8199
f 8199 8188 8200
f 8188 8186 8200
f 8200 8186 8201
f 8186 8184 8201
f 8201 8184 6909
f 8184 8183 6909
f 6909 8183 6912
f 6919 6920 6918
f 6920 8199 6918
f 6918 8199 8202
f 8199 8200 8202
f 8202 8200 8203
f 8200 8201 8203
f 8203 8201 8204
f 8201 6909 8204
f 8204 6909 8205
f 6909 6911 8205
f 8205 6911 8206
f 8207 8208 8209
f 8208 8210 8209
f 8209 8210 8211
f 8210 8212 8211
f 8211 8212 8213
f 8212 8214 8213
f 8213 8214 8215
f 8214 8216 8215
f 8215 8216 8217
f 8216 8218 8217
f 8217 8218 8219
f 8218 8220 8219
f 8221 8207 8222
f 8207 8209 8222
f 8222 8209 8223
f 8209 8211 8223
f 8223 8211 8224
f 8211 8213 8224
f 8224 8213 8225
f 8213 8215 8225
f 8225 8215 8226
f 8215 8217 8226
f 8226 8217 8227
f 8217 8219 8227
f 8227 8219 8228
f 8219 8220 8228
f 8228 8220 8159
f 6906 6908 8229
f 7325 7316 7324
f 7316 7318 7324
f 7324 7318 8160
f 7318 6908 8160
f 8160 6908 8161
f 6908 6907 8161
f 8161 6907 8166
f 8229 8221 6906
f 8221 8222 6906
f 6906 8222 6907
f 8222 8223 6907
f 6907 8223 8166
f 8223 8224 8166
f 8166 8224 8165
f 8224 8225 8165
f 8165 8225 8164
f 8225 8226 8164
f 8164 8226 8163
f 8226 8227 8163
f 8163 8227 7344
f 8227 8158 7344
f 7344 8158 7345
f 8158 8147 7345
f 7345 8147 7349
f 8147 8148 7349
f 7349 8148 8093
f 8148 8149 8093
f 8230 8231 8232
f 8231 8233 8232
f 8232 8233 8234
f 8233 8235 8234
f 8234 8235 8236
f 8237 8238 6903
f 8238 8239 6903
f 6903 8239 6904
f 6915 6916 6913
f 6916 8240 6913
f 6913 8240 8176
f 8240 8241 8176
f 8176 8241 8177
f 8241 8242 8177
f 8177 8242 8180
f 8242 8243 8180
f 8180 8243 8178
f 6917 6918 6916
f 6918 8202 6916
f 6916 8202 8240
f 8202 8203 8240
f 8240 8203 8241
f 8203 8204 8241
f 8241 8204 8242
f 8204 8205 8242
f 8242 8205 8243
f 8205 8206 8243
f 8243 8206 8178
f 6898 6897 6905
f 6897 8244 6905
f 6905 8244 6903
f 6899 8245 6897
f 8245 8178 6897
f 6897 8178 8244
f 8178 8206 8244
f 8244 8206 6903
f 8206 6911 6903
f 6903 6911 8237
f 8238 8230 8239
f 8230 8232 8239
f 8239 8232 6904
f 8232 8234 6904
f 6904 8234 6905
f 8234 8236 6905
f 6905 8236 6898
f 8246 8247 8248
f 8247 8249 8248
f 8248 8249 8250
f 8251 8252 8250
f 8250 8249 8251
f 8249 8253 8251
f 8251 8253 8254
f 6899 6900 8245
f 6900 6902 8245
f 8245 6902 8178
f 6902 7012 8178
f 8178 7012 8179
f 7012 7015 8179
f 8179 7015 8181
f 7015 7014 8181
f 8181 7014 8182
f 7014 8255 8182
f 8182 8255 8175
f 8255 8173 8175
f 8175 8173 6914
f 8173 8172 6914
f 6914 8172 6915
f 8172 8171 6915
f 6915 8171 6917
f 8171 8170 6917
f 6917 8170 6919
f 8170 8169 6919
f 6919 8169 6921
f 8169 8168 6921
f 6921 8168 8156
f 8168 8167 8156
f 8156 8167 8154
f 8167 8138 8154
f 8154 8138 8153
f 8138 8136 8153
f 8153 8136 8152
f 8136 8135 8152
f 8152 8135 8151
f 8135 7522 8151
f 8151 7522 7512
f 7522 7521 7512
f 7512 7521 7510
f 8256 8257 8258
f 8257 8259 8258
f 8258 8259 8260
f 8259 8261 8260
f 8260 8261 8262
f 8261 8263 8262
f 8262 8263 8264
f 8263 8265 8264
f 8264 8265 8266
f 8254 8267 8251
f 8267 8268 8251
f 8251 8268 8252
f 7320 7313 7321
f 7313 7315 7321
f 7321 7315 7319
f 7315 8269 7319
f 7319 8269 7318
f 8269 8270 7318
f 7318 8270 6908
f 8270 8271 6908
f 6908 8271 8229
f 6894 8272 7315
f 8272 8273 7315
f 7315 8273 8269
f 8273 8274 8269
f 8269 8274 8270
f 8274 8275 8270
f 8270 8275 8271
f 8275 8276 8271
f 8271 8276 8229
f 8276 8277 8229
f 8229 8277 8221
f 8277 8278 8221
f 8221 8278 8207
f 8278 8279 8207
f 8207 8279 8280
f 8281 8265 8282
f 8265 8263 8282
f 8282 8263 8283
f 8263 8261 8283
f 8283 8261 8284
f 8261 8259 8284
f 8284 8259 8285
f 8259 8257 8285
f 8286 8281 8287
f 8281 8282 8287
f 8287 8282 8288
f 8282 8283 8288
f 8288 8283 8289
f 8283 8284 8289
f 8289 8284 8290
f 8284 8285 8290
f 8291 8292 8293
f 8292 8294 8293
f 6891 8295 8296
f 8266 8265 8297
f 8265 8281 8297
f 8297 8281 8298
f 8281 8286 8298
f 8298 8286 8299
f 8286 8300 8299
f 8299 8300 8301
f 8300 8302 8301
f 8301 8302 8295
f 8290 8303 8289
f 8303 8304 8289
f 8289 8304 8288
f 8304 8305 8288
f 8288 8305 8287
f 8305 8306 8287
f 8287 8306 8286
f 8306 8307 8286
f 8286 8307 8300
f 8307 8308 8300
f 8300 8308 8302
f 8308 8309 8302
f 8302 8309 8310
f 8309 8311 8310
f 8310 8311 8312
f 6891 8296 6892
f 8296 8313 6892
f 6892 8313 6893
f 8313 8314 6893
f 6893 8314 8315
f 8295 8302 8296
f 8302 8310 8296
f 8296 8310 8313
f 8310 8312 8313
f 8313 8312 8314
f 8312 8316 8314
f 8314 8316 8315
f 7300 7301 7298
f 7301 7296 7298
f 7298 7296 8317
f 7296 7295 8317
f 8317 7295 8318
f 7295 8319 8318
f 8318 8319 8320
f 8319 8321 8320
f 8320 8321 8322
f 7297 8323 7295
f 8323 8324 7295
f 7295 8324 8319
f 8324 8325 8319
f 8319 8325 8321
f 8326 8327 8328
f 8327 8329 8328
f 8328 8329 8330
f 8329 8331 8330
f 8330 8331 8322
f 8331 8332 8322
f 8322 8332 8320
f 8332 8333 8320
f 8320 8333 8318
f 8333 8334 8318
f 8318 8334 8317
f 8334 8335 8317
f 8317 8335 7298
f 8335 7302 7298
f 7298 7302 7299
f 7302 7304 7299
f 7299 7304 7300
f 7070 7288 7294
f 7288 7290 7294
f 7294 7290 8336
f 7290 7292 8336
f 8336 7292 8337
f 8338 7072 8339
f 7072 7071 8339
f 8339 7071 8340
f 7071 7294 8340
f 8340 7294 8341
f 7294 8336 8341
f 8341 8336 8342
f 8336 8337 8342
f 8342 8337 8343
f 8323 8344 8324
f 8344 8338 8324
f 8324 8338 8325
f 8338 8339 8325
f 8325 8339 8321
f 8339 8340 8321
f 8321 8340 8322
f 8340 8341 8322
f 8322 8341 8330
f 8341 8342 8330
f 8330 8342 8328
f 8342 8343 8328
f 8328 8343 8326
f 8326 8345 8327
f 8345 8346 8327
f 8327 8346 8329
f 8346 8347 8329
f 8329 8347 8331
f 8347 8348 8331
f 8331 8348 8332
f 8348 8349 8332
f 8332 8349 8333
f 8349 8350 8333
f 8333 8350 8334
f 8350 8351 8334
f 8334 8351 8335
f 8351 8352 8335
f 8335 8352 7302
f 8352 8353 7302
f 7302 8353 7306
f 8353 8354 7306
f 7306 8354 7308
f 7271 8355 8356
f 8355 8357 8356
f 8356 8357 8358
f 8357 8359 8358
f 8358 8359 8360
f 8359 8361 8360
f 7282 7280 7283
f 7280 7279 7283
f 7283 7279 7287
f 7279 8362 7287
f 7287 8362 7286
f 8362 8363 7286
f 8360 8363 8358
f 8363 8362 8358
f 8358 8362 8356
f 8362 7279 8356
f 8356 7279 7271
f 7279 7277 7271
f 7271 7277 7272
f 7277 7276 7272
f 7274 8364 7275
f 8364 8365 7275
f 7275 8365 7273
f 8365 8366 7273
f 7273 8366 7271
f 8366 8367 7271
f 8367 8368 7271
f 7271 8368 8355
f 8368 8369 8355
f 8355 8369 8357
f 8369 8370 8357
f 8357 8370 8359
f 8370 8371 8359
f 8359 8371 8361
f 8253 8291 8254
f 8291 8293 8254
f 8254 8293 8267
f 8293 8372 8267
f 8267 8372 8373
f 8294 8374 8293
f 8374 8375 8293
f 8293 8375 8372
f 8375 8376 8372
f 8372 8376 8373
f 8376 8377 8373
f 8373 8377 8378
f 8377 7548 8378
f 8378 7548 8379
f 7548 7550 8379
f 8235 8246 8236
f 8246 8248 8236
f 8236 8248 6898
f 8248 8250 6898
f 6898 8250 6899
f 8250 8252 6899
f 6899 8252 6900
f 8252 8268 6900
f 6900 8268 7543
f 8268 8267 7543
f 7543 8267 7544
f 8267 8373 7544
f 7544 8373 7546
f 8373 8378 7546
f 7546 8378 7547
f 8378 8379 7547
f 8311 8380 8312
f 8380 8381 8312
f 8312 8381 8316
f 8381 8382 8316
f 8316 8382 8315
f 8382 8377 8315
f 8315 8377 6893
f 8377 8376 6893
f 6893 8376 6891
f 8376 8375 6891
f 6891 8375 8295
f 8375 8374 8295
f 8295 8374 8301
f 8374 8294 8301
f 8301 8294 8299
f 8294 8292 8299
f 8299 8292 8298
f 8292 8291 8298
f 8298 8291 8297
f 8291 8253 8297
f 8297 8253 8266
f 8253 8249 8266
f 8266 8249 8264
f 8249 8247 8264
f 8264 8247 8262
f 8247 8246 8262
f 8262 8246 8260
f 8246 8235 8260
f 8260 8235 8258
f 8235 8233 8258
f 8258 8233 8256
f 8233 8231 8256
f 6886 6885 8383
f 6885 8384 8383
f 8383 8384 6889
f 7010 7551 7011
f 7551 7549 7011
f 7011 7549 8385
f 7549 7548 8385
f 8386 6883 8387
f 6883 6882 8387
f 8387 6882 8388
f 6889 6888 8383
f 6888 8389 8383
f 8383 8389 6886
f 8389 8390 6886
f 6886 8390 6887
f 8390 8391 6887
f 6887 8391 8392
f 6881 6880 8392
f 8392 8391 6881
f 8391 8393 6881
f 6881 8393 6879
f 6878 8394 8395
f 8394 8396 8395
f 8380 6890 8381
f 6890 6889 8381
f 8381 6889 8382
f 6889 8384 8382
f 8382 8384 8377
f 8384 6885 8377
f 8377 6885 7548
f 6885 6887 7548
f 7548 6887 8385
f 6887 8392 8385
f 8385 8392 7011
f 8392 8397 7011
f 7011 8397 6823
f 8397 8398 6823
f 6823 8398 6821
f 8398 6820 6821
f 6880 8399 8392
f 8399 8400 8392
f 8392 8400 8397
f 8400 8401 8397
f 8397 8401 8398
f 8401 8402 8398
f 8398 8402 6820
f 8402 8403 6820
f 6820 8403 6824
f 8198 8150 8197
f 8150 6924 8197
f 8197 6924 8195
f 6924 6923 8195
f 8195 6923 8193
f 6923 8159 8193
f 8193 8159 8191
f 8159 8220 8191
f 8191 8220 8189
f 8220 8218 8189
f 8189 8218 8187
f 8218 8216 8187
f 8187 8216 8185
f 8216 8214 8185
f 8185 8214 8183
f 8214 8212 8183
f 8183 8212 6912
f 8212 8210 6912
f 6912 8210 6910
f 8210 8208 6910
f 6910 8208 6911
f 8208 8279 6911
f 6911 8279 8237
f 8279 8278 8237
f 8237 8278 8238
f 8278 8277 8238
f 8238 8277 8230
f 8277 8276 8230
f 8230 8276 8231
f 8276 8275 8231
f 8231 8275 8256
f 8275 8274 8256
f 8256 8274 8257
f 8274 8273 8257
f 8257 8273 8285
f 8273 8272 8285
f 8285 8272 8290
f 8272 6894 8290
f 8290 6894 8303
f 6894 6896 8303
f 8303 6896 8304
f 6896 8404 8304
f 8304 8404 8305
f 8404 8405 8305
f 8305 8405 8306
f 8405 8406 8306
f 8306 8406 8307
f 8406 8407 8307
f 8307 8407 8308
f 8407 8408 8308
f 8308 8408 8309
f 8408 8409 8309
f 8309 8409 8311
f 8409 8410 8311
f 8311 8410 8380
f 8410 8411 8380
f 8380 8411 6890
f 8411 8412 6890
f 6890 8412 6888
f 8412 6884 6888
f 6888 6884 8389
f 6884 6883 8389
f 8389 6883 8390
f 6883 8386 8390
f 8390 8386 8391
f 8386 8387 8391
f 8391 8387 8393
f 8387 8388 8393
f 8393 8388 6879
f 8388 8413 6879
f 6879 8413 6880
f 8413 8414 6880
f 6880 8414 8399
f 8414 8415 8399
f 8399 8415 8400
f 8415 8416 8400
f 8400 8416 8401
f 8416 8417 8401
f 8401 8417 8402
f 8418 8419 8420
f 8419 8421 8420
f 8420 8421 8422
f 8421 8423 8422
f 8422 8423 8424
f 6877 8424 6878
f 8424 8423 6878
f 6878 8423 8394
f 8423 8421 8394
f 8394 8421 8396
f 8421 8419 8396
f 6876 8425 6877
f 8425 8426 6877
f 6877 8426 8424
f 8426 8427 8424
f 8424 8427 8422
f 8427 8428 8422
f 8422 8428 8420
f 8428 8429 8420
f 8420 8429 8418
f 6875 8430 8431
f 8431 8430 8432
f 8430 8433 8432
f 8432 8433 6867
f 8434 8435 8365
f 8435 8434 8436
f 8434 8437 8436
f 8436 8437 8438
f 6875 6874 8430
f 6874 8439 8430
f 8430 8439 8433
f 8439 8440 8433
f 8433 8440 6867
f 8440 8441 6867
f 6867 8441 6868
f 8418 6873 8419
f 6873 6875 8419
f 8419 6875 8396
f 6875 8431 8396
f 8396 8431 8395
f 8431 8432 8395
f 8395 8432 8442
f 8432 6867 8442
f 8442 6867 8443
f 6867 6869 8443
f 8443 6869 8444
f 6869 8445 8444
f 8446 8447 8448
f 8447 8449 8448
f 8448 8449 8450
f 8451 8452 8453
f 8452 8450 8453
f 8454 7309 8455
f 7309 7308 8455
f 8455 7308 8456
f 7308 8354 8456
f 8456 8354 8457
f 8354 8353 8457
f 8457 8353 8458
f 8353 8352 8458
f 8458 8352 8459
f 8352 8351 8459
f 8459 8351 8460
f 8351 8350 8460
f 8460 8350 8461
f 8350 8349 8461
f 8461 8349 8462
f 8349 8348 8462
f 8462 8348 8463
f 8348 8347 8463
f 8463 8347 8464
f 8347 8346 8464
f 8464 8346 8465
f 8346 8345 8465
f 8465 8345 8466
f 8345 6876 8466
f 8466 6876 8467
f 6876 6878 8467
f 8467 6878 8468
f 6878 8395 8468
f 8468 8395 8469
f 8395 8442 8469
f 8469 8442 8470
f 8442 8443 8470
f 8470 8443 8471
f 8443 8444 8471
f 8471 8444 8472
f 8444 8445 8472
f 7268 7267 7270
f 7267 8473 7270
f 7270 8473 7269
f 8364 7269 8365
f 7269 8473 8365
f 8365 8473 8434
f 8473 7267 8434
f 8434 7267 8437
f 7267 8474 8437
f 8437 8474 8438
f 8474 8475 8438
f 7077 8476 7078
f 8476 8477 7078
f 7078 8477 8478
f 8477 8479 8478
f 7073 7076 7074
f 7076 7078 7074
f 7074 7078 7267
f 7078 8478 7267
f 7267 8478 8474
f 8478 8479 8474
f 8474 8479 8475
f 6870 6872 8480
f 6872 8481 8480
f 8480 8481 8482
f 8481 8483 8482
f 8482 8483 8484
f 8483 8485 8484
f 8484 8485 8486
f 6859 8486 6860
f 8486 8485 6860
f 6860 8485 7077
f 8485 8483 7077
f 7077 8483 8476
f 8483 8481 8476
f 8476 8481 8477
f 8481 6872 8477
f 8477 6872 8479
f 6872 6871 8479
f 8479 6871 8475
f 8452 8487 8488
f 8489 8490 8491
f 8490 8492 8491
f 8491 8492 8493
f 8492 8487 8493
f 8487 8492 8488
f 8492 8494 8488
f 8488 8494 8495
f 8450 8452 8448
f 8452 8496 8448
f 8448 8496 8446
f 8452 8488 8496
f 8488 8495 8496
f 8496 8495 8446
f 8495 8497 8446
f 8446 8497 8447
f 8497 8472 8447
f 8447 8472 8449
f 8472 8445 8449
f 8449 8445 8450
f 8445 6869 8450
f 8450 6869 8453
f 7310 8498 6895
f 8498 8454 6895
f 6895 8454 6896
f 8454 8455 6896
f 6896 8455 8404
f 8455 8456 8404
f 8404 8456 8405
f 8456 8457 8405
f 8405 8457 8406
f 8457 8458 8406
f 8406 8458 8407
f 8458 8459 8407
f 8407 8459 8408
f 8459 8460 8408
f 8408 8460 8409
f 8460 8461 8409
f 8409 8461 8410
f 8461 8462 8410
f 8410 8462 8411
f 8462 8463 8411
f 8411 8463 8412
f 8463 8464 8412
f 8412 8464 6884
f 8464 8465 6884
f 6884 8465 6882
f 8465 8466 6882
f 6882 8466 8388
f 8466 8467 8388
f 8388 8467 8413
f 8467 8468 8413
f 8413 8468 8414
f 8468 8469 8414
f 8414 8469 8415
f 8469 8470 8415
f 8415 8470 8416
f 8470 8471 8416
f 8416 8471 8417
f 8471 8472 8417
f 8417 8472 8402
f 8472 8497 8402
f 8402 8497 8403
f 8497 7552 8403
f 8403 7552 6824
f 7552 6825 6824
f 8499 8500 8501
f 8500 8502 8501
f 6862 6861 8503
f 6861 8504 8503
f 8503 8504 8505
f 6858 8506 6856
f 8506 8507 6856
f 6856 8507 6859
f 8507 8508 6859
f 6859 8508 8486
f 8508 8509 8486
f 8486 8509 8484
f 8509 8510 8484
f 8484 8510 8482
f 8510 6866 8482
f 8482 6866 8480
f 6866 6865 8480
f 8480 6865 6870
f 8511 8512 8513
f 8512 8514 8513
f 8513 8514 8515
f 8514 8516 8515
f 8515 8516 8517
f 8516 8518 8517
f 8517 8518 8519
f 8518 8520 8519
f 8519 8520 8521
f 8451 8521 8452
f 8521 8520 8452
f 8452 8520 8487
f 8520 8518 8487
f 8487 8518 8493
f 8518 8516 8493
f 8493 8516 8491
f 8516 8514 8491
f 8491 8514 8489
f 8514 8512 8489
f 6855 8522 8523
f 6864 6866 8524
f 6866 8510 8524
f 8524 8510 8525
f 8510 8509 8525
f 8525 8509 8526
f 8509 8508 8526
f 8526 8508 8527
f 8508 8507 8527
f 8527 8507 8528
f 8507 8506 8528
f 8528 8506 8529
f 8506 6858 8529
f 8529 6858 8530
f 6858 7265 8530
f 8530 7265 8531
f 8531 8511 8530
f 8511 8513 8530
f 8530 8513 8529
f 8513 8515 8529
f 8529 8515 8528
f 8515 8517 8528
f 8528 8517 8527
f 8517 8519 8527
f 8527 8519 8526
f 8519 8521 8526
f 8526 8521 8525
f 8521 8451 8525
f 8525 8451 8524
f 8451 8453 8524
f 8524 8453 6864
f 8453 6869 6864
f 6864 6869 6865
f 6869 6868 6865
f 6865 6868 6870
f 6868 8441 6870
f 6870 8441 6871
f 8441 8440 6871
f 6871 8440 8475
f 8440 8439 8475
f 8475 8439 8438
f 8439 6874 8438
f 8438 6874 8436
f 6874 6873 8436
f 8436 6873 8435
f 6873 8418 8435
f 8435 8418 8365
f 8418 8429 8365
f 8365 8429 8366
f 8429 8428 8366
f 8366 8428 8367
f 8428 8427 8367
f 8367 8427 8368
f 8427 8426 8368
f 8368 8426 8369
f 8426 8425 8369
f 8369 8425 8370
f 8425 6876 8370
f 8370 6876 8371
f 6876 8345 8371
f 8371 8345 8361
f 8345 8326 8361
f 8361 8326 8360
f 8326 8343 8360
f 8360 8343 8363
f 8343 8337 8363
f 8363 8337 7286
f 8337 7292 7286
f 7286 7292 7284
f 7292 7293 7284
f 7284 7293 7285
f 8502 8532 8533
f 8532 8534 8533
f 8533 8534 8535
f 8534 8536 8535
f 8535 8536 8537
f 8536 8538 8537
f 8537 8538 8539
f 8538 8540 8539
f 8539 8540 7256
f 8540 8541 7256
f 7256 8541 7254
f 8541 8542 7254
f 7081 7080 8543
f 7080 8544 8543
f 8543 8544 8545
f 8546 8545 8547
f 8545 8544 8547
f 8547 8544 8548
f 8544 7080 8548
f 8548 7080 7245
f 7080 7079 7245
f 7245 7079 7246
f 8523 8522 8549
f 8522 8550 8549
f 8549 8550 8551
f 6855 6854 8522
f 6854 8552 8522
f 8522 8552 8550
f 8552 8553 8550
f 8550 8553 8551
f 8553 8554 8551
f 8554 6852 8551
f 8551 6852 8555
f 6852 6851 8555
f 6853 8556 6854
f 8556 8557 6854
f 6854 8557 8552
f 8557 8558 8552
f 8552 8558 8553
f 8558 8559 8553
f 8553 8559 8554
f 8559 8560 8554
f 8554 8560 6852
f 8560 8561 6852
f 6852 8561 6850
f 8556 8562 8557
f 8562 8563 8557
f 8557 8563 8558
f 8563 8564 8558
f 8558 8564 8559
f 8564 8565 8559
f 8559 8565 8560
f 8565 8566 8560
f 8560 8566 8561
f 8566 8567 8561
f 8561 8567 6850
f 8567 8568 6850
f 6850 8568 8569
f 6863 8500 6861
f 8500 8499 6861
f 6861 8499 8504
f 8499 8570 8504
f 8504 8570 8505
f 8570 8571 8505
f 8505 8571 8572
f 8571 8573 8572
f 8572 8573 8574
f 8573 8575 8574
f 8570 8576 8571
f 8576 8577 8571
f 8571 8577 8573
f 8577 8578 8573
f 8573 8578 8575
f 8579 8580 8581
f 8580 8582 8581
f 8581 8582 8583
f 8582 8584 8583
f 8583 8584 8585
f 8584 8586 8585
f 8585 8586 8587
f 8586 8588 8587
f 8587 8588 8589
f 8588 8590 8589
f 8589 8590 8591
f 8590 8592 8591
f 8591 8592 8593
f 8592 8594 8593
f 8595 8594 8596
f 8594 8592 8596
f 8596 8592 8597
f 8592 8590 8597
f 8597 8590 8598
f 8590 8588 8598
f 8598 8588 8599
f 8588 8586 8599
f 8599 8586 8600
f 8586 8584 8600
f 8600 8584 8601
f 8584 8582 8601
f 8601 8582 8602
f 8582 8580 8602
f 8602 8580 8603
f 8580 8579 8603
f 8562 8595 8563
f 8595 8596 8563
f 8563 8596 8564
f 8596 8597 8564
f 8564 8597 8565
f 8597 8598 8565
f 8565 8598 8566
f 8598 8599 8566
f 8566 8599 8567
f 8599 8600 8567
f 8567 8600 8568
f 8600 8601 8568
f 8568 8601 8569
f 8601 8602 8569
f 8569 8602 8604
f 8602 8603 8604
f 8604 8603 8605
f 8603 8606 8605
f 8605 8606 8607
f 8606 8608 8607
f 8607 8608 8609
f 8608 8610 8609
f 8609 8610 8611
f 8579 8612 8603
f 8612 8613 8603
f 8603 8613 8606
f 8613 7620 8606
f 8606 7620 8608
f 7620 6993 8608
f 8608 6993 8610
f 6993 6995 8610
f 8610 6995 8611
f 6995 7628 8611
f 8611 7628 8614
f 7628 8615 8614
f 8614 8615 8616
f 8615 7661 8616
f 7264 8542 7265
f 8542 8541 7265
f 7265 8541 8531
f 8541 8540 8531
f 8531 8540 8511
f 8540 8538 8511
f 8511 8538 8512
f 8538 8536 8512
f 8512 8536 8489
f 8536 8534 8489
f 8489 8534 8490
f 8534 8532 8490
f 8490 8532 8492
f 8532 8502 8492
f 8492 8502 8494
f 8502 8500 8494
f 8494 8500 8495
f 8500 6863 8495
f 8495 6863 8497
f 6863 6862 8497
f 8497 6862 7552
f 6862 8503 7552
f 7552 8503 6826
f 8503 8505 6826
f 6826 8505 7008
f 8505 8572 7008
f 7008 8572 7676
f 7236 7714 7234
f 7714 7713 7234
f 7234 7713 7679
f 7713 7712 7679
f 7679 7712 7680
f 7712 7711 7680
f 7680 7711 7681
f 7711 7710 7681
f 7681 7710 7682
f 7710 7709 7682
f 7682 7709 7683
f 7709 7708 7683
f 7683 7708 7684
f 7708 7707 7684
f 7684 7707 7685
f 7707 7706 7685
f 7685 7706 7686
f 7706 7705 7686
f 7686 7705 7687
f 7705 7620 7687
f 7687 7620 7688
f 7620 8613 7688
f 7688 8613 6996
f 8613 8612 6996
f 6996 8612 6997
f 8612 8579 6997
f 6997 8579 6999
f 8579 8581 6999
f 6999 8581 7000
f 8581 8583 7000
f 7000 8583 7624
f 8583 8585 7624
f 7624 8585 7616
f 8585 8587 7616
f 7616 8587 7610
f 8587 8589 7610
f 7610 8589 7251
f 8589 8591 7251
f 7251 8591 7249
f 8591 8593 7249
f 7249 8593 7247
f 8593 8594 7247
f 7247 8594 7245
f 8594 8595 7245
f 7245 8595 8548
f 8595 8562 8548
f 8548 8562 8547
f 8562 8556 8547
f 8547 8556 8546
f 8556 6853 8546
f 7235 7229 7236
f 7229 7231 7236
f 7236 7231 7714
f 7231 7691 7714
f 7714 7691 7662
f 7691 7693 7662
f 7662 7693 7663
f 7693 7695 7663
f 7663 7695 6992
f 7695 7697 6992
f 6992 7697 6990
f 7697 7699 6990
f 6990 7699 7660
f 7699 7700 7660
f 7660 7700 7661
f 7700 7675 7661
f 7661 7675 8616
f 7675 6989 8616
f 8616 6989 8614
f 6989 7678 8614
f 8614 7678 8611
f 7678 7676 8611
f 8611 7676 8609
f 7676 8572 8609
f 8609 8572 8607
f 8572 8574 8607
f 8607 8574 8605
f 8574 8575 8605
f 8605 8575 8604
f 8575 8578 8604
f 8604 8578 8569
f 8578 8577 8569
f 8569 8577 6850
f 8577 8576 6850
f 6850 8576 6851
f 8576 8570 6851
f 6851 8570 8555
f 8570 8499 8555
f 8555 8499 8551
f 8499 8501 8551
f 8551 8501 8549
f 8501 8502 8549
f 8549 8502 8523
f 8502 8533 8523
f 8523 8533 6855
f 8533 8535 6855
f 6855 8535 6853
f 8535 8537 6853
f 6853 8537 8546
f 8537 8539 8546
f 8546 8539 8545
f 8539 7256 8545
f 8545 7256 8543
f 7256 7255 8543
f 8543 7255 7081
f 7493 8617 8618
f 8617 8619 8618
f 8618 8619 8620
f 8619 8621 8620
f 8620 8621 8622
f 8621 8066 8622
f 8066 8056 8622
f 8056 8053 8622
f 8622 8053 8620
f 8053 7499 8620
f 8620 7499 8618
f 7499 7501 8618
f 8618 7501 7493
f 7501 7503 7493
f 7493 7503 7494
f 7448 7443 7449
f 7443 7445 7449
f 7449 7445 7447
f 7445 8623 7447
f 7469 7463 7470
f 7463 7465 7470
f 7470 7465 8624
f 7465 7457 8624
f 8624 7457 8625
f 7457 7459 8625
f 7446 7442 7445
f 7442 7441 7445
f 7445 7441 8623
f 7441 7575 8623
f 8623 7575 8626
f 7575 7582 8626
f 8626 7582 8627
f 7582 7581 8627
f 8627 7581 8628
f 7581 7580 8628
f 8628 7580 8629
f 8630 8631 8632
f 8633 8630 8634
f 8630 8632 8634
f 8634 8632 7483
f 8632 8635 7483
f 7483 8635 7485
f 7482 7479 7483
f 7479 7477 7483
f 7483 7477 8634
f 7477 7474 8634
f 8634 7474 8633
f 7474 7472 8633
f 8633 7472 8636
f 8637 7489 7485
f 7489 7491 7485
f 7485 7491 7486
f 8638 8639 8640
f 8639 8641 8640
f 8640 8641 8642
f 8639 8643 8641
f 8643 8644 8641
f 8641 8644 8642
f 8644 8645 8642
f 8642 8645 8646
f 8647 8638 8648
f 8638 8640 8648
f 8648 8640 8649
f 8640 8642 8649
f 8649 8642 8650
f 8642 8646 8650
f 8650 8646 8651
f 8652 8653 8654
f 8653 8655 8654
f 8654 8655 8656
f 8655 8657 8656
f 8656 8657 8658
f 8659 8647 8660
f 8647 8648 8660
f 8660 8648 8661
f 8648 8649 8661
f 8661 8649 8662
f 8649 8650 8662
f 8662 8650 8663
f 8650 8651 8663
f 8663 8651 8664
f 6936 8665 6937
f 8665 8666 6937
f 6937 8666 8125
f 8666 8667 8125
f 8125 8667 8123
f 8667 8668 8123
f 8123 8668 8121
f 8668 8669 8121
f 8121 8669 8119
f 8669 8670 8119
f 8119 8670 8117
f 8670 8671 8117
f 8117 8671 8115
f 8671 8672 8115
f 8115 8672 8113
f 8672 8673 8113
f 8113 8673 8112
f 8673 8674 8112
f 8112 8674 8111
f 8674 8675 8111
f 8111 8675 8110
f 8675 8676 8110
f 8110 8676 8677
f 8676 8678 8677
f 8677 8678 8679
f 8678 8680 8679
f 8679 8680 8681
f 7044 7046 7045
f 7046 7048 7045
f 7045 7048 7371
f 7048 7049 7371
f 7371 7049 7050
f 8682 8683 8684
f 8683 7043 8684
f 8684 7043 8681
f 7043 7045 8681
f 8681 7045 8679
f 7045 7371 8679
f 8679 7371 8677
f 7371 7370 8677
f 8677 7370 8110
f 7370 7055 8110
f 8110 7055 6929
f 7055 7054 6929
f 6929 7054 6930
f 7054 8685 6930
f 6930 8685 7364
f 8665 8686 8666
f 8686 8687 8666
f 8666 8687 8667
f 8687 8688 8667
f 8667 8688 8668
f 8688 8069 8668
f 8668 8069 8669
f 8069 6938 8669
f 8669 6938 8670
f 6938 6940 8670
f 8670 6940 8671
f 6940 8689 8671
f 8671 8689 8672
f 8689 8659 8672
f 8672 8659 8673
f 8659 8690 8673
f 8673 8690 8674
f 8690 8661 8674
f 8674 8661 8675
f 8661 8662 8675
f 8675 8662 8676
f 8662 8663 8676
f 8676 8663 8678
f 8663 8664 8678
f 8678 8664 8680
f 8636 8691 8633
f 8691 8692 8633
f 8633 8692 8630
f 8692 8693 8630
f 8630 8693 8631
f 6848 6847 8694
f 6847 8695 8694
f 8694 8695 8696
f 8695 8697 8696
f 8696 8697 8698
f 8697 8699 8698
f 8698 8699 8658
f 8699 8700 8658
f 8658 8700 8656
f 8700 8701 8656
f 8656 8701 8654
f 8702 8703 8704
f 8703 8636 8704
f 8704 8636 8705
f 8636 7472 8705
f 8705 7472 8629
f 7472 7018 8629
f 8629 7018 8628
f 7018 7470 8628
f 8628 7470 8627
f 7470 8624 8627
f 8627 8624 8626
f 8624 8625 8626
f 8626 8625 8623
f 8625 7459 8623
f 8623 7459 7447
f 7459 7021 7447
f 7447 7021 7024
f 7021 7020 7024
f 7024 7020 7453
f 8706 8707 8708
f 7031 7033 7606
f 7033 7395 7606
f 7606 7395 7602
f 7395 7394 7602
f 7602 7394 7601
f 7394 7607 7601
f 7601 7607 8709
f 7388 6844 7389
f 6844 7003 7389
f 7389 7003 7391
f 7003 7002 7391
f 7391 7002 7393
f 8710 8706 7004
f 8711 8708 8712
f 8708 8707 8712
f 8712 8707 8713
f 8707 8714 8713
f 8713 8714 8715
f 8714 8716 8715
f 8715 8716 6849
f 8716 8717 6849
f 6849 8717 6847
f 8717 8718 6847
f 6847 8718 8695
f 8718 8719 8695
f 8695 8719 8697
f 8719 8720 8697
f 8697 8720 8699
f 8720 8721 8699
f 8699 8721 8700
f 8721 8722 8700
f 8700 8722 8701
f 8706 8710 8707
f 8710 8723 8707
f 8707 8723 8714
f 8723 8724 8714
f 8714 8724 8716
f 8724 8725 8716
f 8716 8725 8717
f 8725 8726 8717
f 8717 8726 8718
f 8726 8727 8718
f 8718 8727 8719
f 8727 8728 8719
f 8719 8728 8720
f 8728 8729 8720
f 8720 8729 8721
f 8729 8730 8721
f 8721 8730 8731
f 7388 8732 6845
f 8732 7037 6845
f 6845 7037 6846
f 7037 7039 6846
f 6846 7039 8733
f 7039 7382 8733
f 8733 7382 8734
f 7382 7379 8734
f 8734 7379 8735
f 7379 7377 8735
f 8735 7377 8736
f 7377 7041 8736
f 8736 7041 7372
f 7041 7040 7372
f 7372 7040 7373
f 7040 8737 7373
f 7373 8737 7375
f 7004 7003 8710
f 7003 6844 8710
f 8710 6844 8723
f 6844 6846 8723
f 8723 6846 8724
f 6846 8733 8724
f 8724 8733 8725
f 8733 8734 8725
f 8725 8734 8726
f 8734 8735 8726
f 8726 8735 8727
f 8735 8736 8727
f 8727 8736 8728
f 8736 7372 8728
f 8728 7372 8729
f 7372 7374 8729
f 8729 7374 8730
f 7035 7393 7036
f 7393 7002 7036
f 7036 7002 7608
f 7002 7004 7608
f 7608 7004 7607
f 7004 8706 7607
f 7607 8706 8709
f 8706 8708 8709
f 8709 8708 7601
f 8708 8711 7601
f 7601 8711 7599
f 8711 8738 7599
f 7599 8738 7600
f 8738 8739 7600
f 7600 8739 7603
f 8652 8637 8653
f 8637 7485 8653
f 8653 7485 8655
f 7485 8635 8655
f 8655 8635 8657
f 8635 8632 8657
f 8657 8632 8658
f 8632 8631 8658
f 8658 8631 8698
f 8631 8693 8698
f 8698 8693 8696
f 8693 8692 8696
f 8696 8692 8694
f 8692 8691 8694
f 8694 8691 6848
f 8691 8636 6848
f 6848 8636 6849
f 8636 8703 6849
f 6849 8703 8715
f 8703 8702 8715
f 8715 8702 8713
f 8702 8704 8713
f 8713 8704 8712
f 8704 8705 8712
f 8712 8705 8711
f 8705 8629 8711
f 8711 8629 8738
f 8629 7580 8738
f 8738 7580 8739
f 7580 7579 8739
f 8739 7579 7603
f 7579 7585 7603
f 7603 7585 7604
f 7585 7583 7604
f 7604 7583 7605
f 7583 7029 7605
f 7605 7029 7606
f 7029 7030 7606
f 7606 7030 7031
f 8091 8092 8090
f 8092 8093 8090
f 8090 8093 8089
f 8093 8149 8089
f 8089 8149 8088
f 8149 8150 8088
f 8088 8150 8087
f 8150 8198 8087
f 8087 8198 8128
f 8198 8079 8128
f 8128 8079 6935
f 8079 8078 6935
f 6935 8078 6936
f 8078 8076 6936
f 6936 8076 8665
f 8076 8075 8665
f 8665 8075 8686
f 8075 8074 8686
f 8686 8074 8687
f 8074 8073 8687
f 8687 8073 8688
f 8073 8062 8688
f 8688 8062 8069
f 8062 8060 8069
f 8069 8060 8068
f 8060 8059 8068
f 8068 8059 8067
f 8059 8063 8067
f 8067 8063 6939
f 8063 8064 6939
f 6939 8064 6940
f 8064 8065 6940
f 6940 8065 8689
f 8065 8066 8689
f 8689 8066 8659
f 8066 8621 8659
f 8659 8621 8647
f 8621 8619 8647
f 8647 8619 8638
f 8619 8740 8638
f 8638 8740 8639
f 8740 7493 8639
f 8639 7493 8643
f 7493 7489 8643
f 8643 7489 8644
f 7489 8637 8644
f 8644 8637 8645
f 8637 8652 8645
f 8645 8652 8646
f 8652 8654 8646
f 8646 8654 8651
f 8654 8701 8651
f 8651 8701 8664
f 8701 8731 8664
f 8664 8731 8680
f 8731 8730 8680
f 8680 8730 8681
f 8730 7374 8681
f 8681 7374 8684
f 7374 7375 8684
f 8684 7375 8682
f 7439 7440 8741
f 5589 8742 5588
f 8742 8743 5588
f 8744 8745 8746
f 8745 8747 8746
f 8746 8747 8748
f 8749 8750 8751
f 8750 8752 8751
f 8751 8752 8753
f 8744 8746 8754
f 8746 8755 8754
f 8754 8755 8756
f 8752 8757 8758
f 8758 8759 8752
f 8759 8760 8752
f 8752 8760 8753
f 7454 8757 8761
f 8757 8752 8761
f 8761 8752 7022
f 8752 7023 7022
f 8741 8762 8750
f 8762 7443 8750
f 7443 7448 8750
f 7448 8763 8750
f 8750 8763 8752
f 8763 8764 8752
f 8752 8764 7023
f 7440 8765 8741
f 8765 8766 8741
f 8741 8766 8762
f 5585 5583 8767
f 5583 5582 8767
f 8767 5582 7438
f 5585 8767 5589
f 8767 8748 5589
f 5589 8748 8742
f 8748 8747 8742
f 8742 8747 8743
f 7438 7439 8767
f 7439 8741 8767
f 8767 8741 8748
f 8741 8750 8748
f 8748 8750 8746
f 8750 8749 8746
f 8746 8749 8755
f 8768 8769 8770
f 8771 8772 8773
f 8774 8775 8776
f 8777 8778 8779
f 8773 8780 8771
f 8780 8781 8771
f 8771 8781 8782
f 8783 8784 8785
f 8784 8786 8785
f 8787 8788 8770
f 8788 8789 8770
f 8770 8789 8768
f 8790 8791 8792
f 8779 8778 8793
f 8778 8794 8793
f 8793 8794 8795
f 8782 8796 8771
f 8796 8797 8771
f 8771 8797 8785
f 8797 8798 8785
f 8785 8798 8783
f 8786 8799 8785
f 8799 8800 8785
f 8785 8800 8801
f 8802 8803 8804
f 8805 8806 8807
f 8806 8808 8807
f 8809 8810 8811
f 8774 8776 8812
f 8776 8813 8812
f 8812 8813 8814
f 8815 8816 8817
f 8816 8818 8817
f 8817 8818 8813
f 8818 8819 8813
f 8813 8819 8814
f 8791 8820 8792
f 8820 8821 8792
f 8792 8821 8817
f 8821 8822 8817
f 8817 8822 8815
f 8790 8792 8823
f 8792 8824 8823
f 8823 8824 8825
f 8802 8804 8824
f 8804 8826 8824
f 8824 8826 8825
f 8795 8827 8793
f 8827 8828 8793
f 8793 8828 8802
f 8828 8829 8802
f 8802 8829 8803
f 8805 8830 8806
f 8830 8831 8806
f 8806 8831 8832
f 8831 8833 8832
f 8832 8833 8779
f 8833 8834 8779
f 8779 8834 8777
f 8835 8836 8837
f 8769 8838 8770
f 8838 8839 8770
f 8770 8839 8840
f 8839 8841 8840
f 8840 8841 8832
f 8841 8842 8832
f 8832 8842 8806
f 8811 8835 8809
f 8835 8837 8809
f 8809 8837 8770
f 8837 8843 8770
f 8770 8843 8787
f 8836 8844 8837
f 8844 8845 8837
f 8837 8845 8846
f 8845 8785 8846
f 8846 8785 8847
f 8785 8801 8847
f 8848 8849 8850
f 8851 8852 8853
f 8854 8855 8856
f 8857 8858 8859
f 6618 6617 8860
f 8861 8862 8863
f 8864 8865 8860
f 8864 8860 8866
f 8861 8863 8865
f 8865 8863 8860
f 8863 8867 8860
f 8860 8867 8868
f 8869 8870 8860
f 8870 8871 8860
f 8860 8871 8866
f 6617 6616 8860
f 6616 6627 8860
f 8860 6627 8869
f 6627 6621 8869
f 8869 6621 6620
f 6533 6532 8872
f 6532 6612 8872
f 6612 6611 8872
f 6611 6613 8872
f 8872 6613 8860
f 6613 6619 8860
f 8860 6619 6618
f 6606 6604 8850
f 6604 6603 8850
f 8850 6603 8872
f 6603 6608 8872
f 8872 6608 6533
f 8873 6598 6593
f 6593 6595 8873
f 6595 6597 8873
f 8873 6597 8850
f 6597 6607 8850
f 8850 6607 6606
f 6602 6601 8873
f 6601 6599 8873
f 8873 6599 6598
f 8874 6535 6602
f 6587 6592 8874
f 6592 6591 8874
f 8874 6591 6535
f 6585 6590 8875
f 6590 6589 8875
f 8875 6589 6588
f 6580 6579 8876
f 6579 6583 8876
f 8876 6583 8853
f 6583 6582 8853
f 8853 6582 6586
f 8856 6577 6576
f 8856 6576 8876
f 6576 6575 8876
f 8876 6575 6580
f 6538 6572 8877
f 6572 6574 8877
f 8877 6574 8856
f 6574 6578 8856
f 8856 6578 6577
f 8878 6541 6571
f 8878 6571 8877
f 6571 6539 8877
f 8877 6539 6538
f 6570 6569 8859
f 6569 6568 8859
f 8859 6568 8878
f 6568 6542 8878
f 8878 6542 6541
f 6570 8859 6567
f 8859 8858 6567
f 6567 8858 6565
f 8857 8859 8879
f 8859 8880 8879
f 8879 8880 8881
f 8882 8883 8878
f 8883 8884 8878
f 8884 8885 8878
f 8885 8886 8878
f 8878 8886 8859
f 8886 8887 8859
f 8859 8887 8880
f 8882 8878 8888
f 8878 8877 8888
f 8888 8877 8889
f 8855 8890 8856
f 8890 8891 8856
f 8856 8891 8877
f 8891 8892 8877
f 8877 8892 8889
f 8852 8893 8853
f 8893 8894 8853
f 8853 8894 8876
f 8894 8895 8876
f 8895 8896 8876
f 8896 8897 8876
f 8876 8897 8856
f 8897 8898 8856
f 8856 8898 8854
f 8899 8851 8875
f 8851 8853 8875
f 8875 8853 6585
f 8853 6586 6585
f 8900 8901 8875
f 8901 8902 8875
f 8875 8902 8899
f 8903 8900 8874
f 8900 8875 8874
f 8874 8875 6587
f 8875 6588 6587
f 6602 8873 8874
f 8873 8904 8874
f 8874 8904 8905
f 8905 8906 8874
f 8906 8907 8874
f 8874 8907 8903
f 8849 8908 8850
f 8908 8909 8850
f 8850 8909 8873
f 8909 8910 8873
f 8873 8910 8904
f 8848 8850 8911
f 8850 8872 8911
f 8911 8872 8912
f 8868 8913 8860
f 8913 8914 8860
f 8860 8914 8872
f 8914 8915 8872
f 8872 8915 8912
f 8916 8917 8918
f 8919 8920 8921
f 8922 8923 8924
f 5806 5805 8925
f 5806 8925 5843
f 8926 5846 8927
f 5846 8928 8927
f 8927 8928 8929
f 8924 8923 8930
f 8923 8931 8930
f 8930 8931 5835
f 5835 8932 8930
f 8932 8933 8930
f 8930 8933 8934
f 8934 5842 8918
f 5842 5841 8918
f 5841 8935 8918
f 8918 8935 8936
f 8937 8938 8939
f 8938 8940 8939
f 8939 8940 8941
f 8942 8943 8924
f 8943 5831 8924
f 8924 5831 8922
f 8944 5816 8942
f 5816 5815 8942
f 5815 5829 8942
f 5829 5828 8942
f 8942 5828 8945
f 8920 8946 8942
f 8946 8947 8942
f 8942 8947 8944
f 8919 8921 8948
f 8949 8950 8951
f 8950 8952 8951
f 8951 8952 8948
f 8953 8954 8949
f 8954 8953 8955
f 8953 8956 8955
f 8955 8956 8957
f 8958 8959 8960
f 8959 8961 8960
f 8960 8961 8953
f 8961 8962 8953
f 8953 8962 8956
f 8963 8964 8965
f 8964 8966 8965
f 8965 8966 8960
f 8966 8967 8960
f 8960 8967 8958
f 8965 8968 8969
f 8970 8963 8971
f 8963 8965 8971
f 8971 8965 8972
f 8965 8969 8972
f 6545 6544 8973
f 6544 6564 8973
f 8973 6564 6563
f 8857 8973 8858
f 8973 6563 8858
f 8858 6563 6565
f 6562 6561 8974
f 6561 6560 8974
f 6554 6558 8975
f 6558 6559 8975
f 5886 5885 6555
f 5885 5851 6555
f 6555 5851 5850
f 8934 8918 8930
f 8918 8917 8930
f 8930 8917 8976
f 8977 8978 8979
f 8978 8980 8979
f 8949 8951 8953
f 8951 8981 8953
f 8953 8981 8960
f 8981 8978 8960
f 8960 8978 8965
f 8978 8977 8965
f 8965 8977 8968
f 8982 8983 8984
f 8983 8985 8984
f 8948 8921 8951
f 8921 8986 8951
f 8951 8986 8981
f 8986 8983 8981
f 8981 8983 8978
f 8983 8982 8978
f 8978 8982 8980
f 8976 8987 8930
f 8987 8988 8930
f 8930 8988 8989
f 8920 8942 8921
f 8942 8924 8921
f 8921 8924 8986
f 8924 8930 8986
f 8986 8930 8983
f 8930 8989 8983
f 8983 8989 8985
f 8990 8991 8992
f 8990 8992 8993
f 8857 8879 8973
f 8879 8881 8973
f 8973 8881 8990
f 8881 8994 8990
f 8990 8994 8991
f 8936 8937 8918
f 8937 8939 8918
f 8918 8939 8993
f 8939 8995 8993
f 8993 8995 8990
f 8995 8996 8990
f 8990 8996 8973
f 8996 8974 8973
f 8973 8974 6545
f 8974 6560 6545
f 8975 8997 8998
f 6555 6554 5886
f 6554 8975 5886
f 5886 8975 5889
f 8975 8998 5889
f 8999 9000 9001
f 9000 9002 9001
f 9001 9002 8997
f 9002 9003 8997
f 8997 9003 8998
f 8999 9001 9004
f 9001 8927 9004
f 9004 8927 8925
f 8927 8929 8925
f 8925 8929 5843
f 8992 9005 8993
f 9005 9006 8993
f 8993 9006 8918
f 9006 9007 8918
f 8918 9007 8916
f 8941 8926 8939
f 8926 8927 8939
f 8939 8927 8995
f 8927 9001 8995
f 8995 9001 8996
f 9001 8997 8996
f 8996 8997 8974
f 8997 8975 8974
f 8974 8975 6562
f 8975 6559 6562
f 9008 9009 9010
f 9011 8949 9012
f 9013 9014 9015
f 9016 5876 5875
f 9017 9018 5879
f 9018 9016 5879
f 5879 9016 5880
f 9016 5875 5880
f 9019 9020 9021
f 9020 9022 9021
f 9021 9022 9017
f 9023 9024 9025
f 9024 9026 9025
f 9025 9026 9019
f 9026 9027 9019
f 9019 9027 9020
f 9028 9029 9025
f 9029 9030 9025
f 9025 9030 9023
f 9031 9032 9033
f 9032 9034 9033
f 9033 9034 9028
f 9034 9035 9028
f 9028 9035 9029
f 9036 9037 9038
f 9037 9039 9038
f 9038 9039 9033
f 9039 9040 9033
f 9033 9040 9031
f 9036 9038 9041
f 9038 9042 9041
f 9041 9042 9015
f 9042 9043 9015
f 9015 9043 9013
f 9044 9045 9042
f 9045 9046 9042
f 9042 9046 9043
f 9047 9048 9008
f 9048 9049 9008
f 9008 9049 9009
f 9049 9050 9009
f 9009 9050 9051
f 9052 9053 9012
f 9053 9054 9012
f 8957 9055 8955
f 9055 9056 8955
f 8955 9056 8954
f 9052 9012 9056
f 9012 8949 9056
f 9056 8949 8954
f 8919 8948 9057
f 8948 8952 9057
f 9058 8947 8946
f 9058 8946 9057
f 8946 8920 9057
f 9057 8920 8919
f 9059 5821 9058
f 5821 5820 9058
f 5820 5819 9058
f 5819 9060 9058
f 9058 9060 9061
f 9061 5816 9058
f 5816 8944 9058
f 9058 8944 8947
f 9062 9063 9064
f 9063 8925 9064
f 9064 8925 5805
f 9062 5809 9063
f 5809 5808 9063
f 9063 5808 9059
f 5808 5812 9059
f 9059 5812 5811
f 5811 5810 9059
f 5810 5822 9059
f 9059 5822 5821
f 9065 8999 9063
f 8999 9004 9063
f 9063 9004 8925
f 8998 9003 9066
f 9003 9002 9066
f 9066 9002 9065
f 9002 9000 9065
f 9065 9000 8999
f 5888 5889 8998
f 9067 5883 9066
f 5883 5882 9066
f 9066 5882 8998
f 5882 5887 8998
f 8998 5887 5888
f 9017 5879 9021
f 5879 5878 9021
f 9021 5878 5877
f 9054 9047 9012
f 9047 9008 9012
f 9012 9008 9068
f 9008 9010 9068
f 9068 9010 9069
f 5881 9067 9070
f 9067 9066 9070
f 9070 9066 9071
f 9066 9065 9071
f 9071 9065 9072
f 9065 9063 9072
f 9072 9063 9073
f 9063 9059 9073
f 9073 9059 9069
f 9059 9058 9069
f 9069 9058 9068
f 9058 9057 9068
f 9068 9057 9012
f 9057 8952 9012
f 9012 8952 9011
f 9051 9044 9009
f 9044 9042 9009
f 9009 9042 9010
f 9042 9038 9010
f 9010 9038 9069
f 9038 9033 9069
f 9069 9033 9073
f 9033 9028 9073
f 9073 9028 9072
f 9028 9025 9072
f 9072 9025 9071
f 9025 9019 9071
f 9071 9019 9070
f 9019 9021 9070
f 9070 9021 5881
f 9021 5877 5881
f 9074 9075 9076
f 9075 9077 9076
f 9076 9077 9078
f 9077 9079 9078
f 9078 9079 9080
f 9079 5895 9080
f 9080 5895 5894
f 9076 9081 9074
f 9081 9082 9074
f 9074 9082 9083
f 9082 9084 9083
f 9083 9084 9085
f 9084 9086 9085
f 9085 9086 9087
f 9086 9088 9087
f 9087 9088 9089
f 9088 9090 9089
f 9089 9090 9091
f 9090 9092 9091
f 9091 9092 9093
f 9092 9094 9093
f 9093 9094 9095
f 9094 9096 9095
f 9095 9096 9097
f 9096 9098 9097
f 9097 9098 9099
f 9098 9100 9099
f 9099 9100 9101
f 9100 9102 9101
f 9100 9103 9102
f 9103 9040 9102
f 9102 9040 9104
f 9040 9039 9104
f 9104 9039 9105
f 9039 9037 9105
f 9105 9037 9106
f 9037 9036 9106
f 9106 9036 9107
f 9036 9041 9107
f 9107 9041 9108
f 9041 9109 9108
f 9108 9109 9110
f 9109 9111 9110
f 9110 9111 9112
f 5918 5925 9113
f 9114 9077 9115
f 9074 9083 9116
f 9087 9089 9117
f 9112 9118 9110
f 9118 9119 9110
f 9120 9121 9122
f 9121 9123 9122
f 9122 9123 9119
f 9123 9108 9119
f 9119 9108 9110
f 9120 9122 9124
f 9122 9125 9124
f 9124 9125 9126
f 9091 9093 9127
f 9093 9128 9127
f 9129 9130 9127
f 9130 9131 9127
f 9127 9131 9125
f 9131 9132 9125
f 9125 9132 9126
f 9087 9117 9085
f 9074 9116 9075
f 5935 5934 9114
f 5935 9114 5903
f 9114 9115 5903
f 5903 9115 5904
f 5932 5931 9133
f 5931 5929 9133
f 9133 5929 5928
f 5907 5906 9134
f 5906 5933 9134
f 5925 5924 9113
f 5924 5922 9113
f 9113 5922 9135
f 5922 5927 9135
f 9135 5927 5926
f 5918 9113 5919
f 9113 9136 5919
f 5919 9136 5920
f 5913 5914 9137
f 5914 5917 9137
f 9137 5917 9136
f 5917 5916 9136
f 9136 5916 5920
f 5913 9137 5911
f 9137 9138 5911
f 5911 9138 5909
f 9139 9140 9137
f 9140 9141 9137
f 9137 9141 9138
f 9142 9143 9144
f 9142 9144 9145
f 9146 9147 9148
f 9146 9148 9149
f 9150 9151 9152
f 9151 9153 9152
f 9152 9153 9154
f 9150 9155 9151
f 9155 9156 9151
f 9151 9156 9157
f 9156 9158 9157
f 9157 9158 9159
f 9160 9161 9162
f 9161 9163 9162
f 9162 9163 9153
f 9163 9164 9153
f 9153 9164 9154
f 9165 9166 9167
f 9168 9169 9170
f 9160 9162 9171
f 9162 9170 9171
f 9171 9170 9167
f 9170 9169 9167
f 9167 9169 9165
f 9172 9173 9166
f 9173 9174 9166
f 9166 9174 9167
f 9175 9176 9170
f 9176 9177 9170
f 9170 9177 9168
f 9178 9179 9180
f 9179 9181 9180
f 9182 9183 9184
f 9183 9185 9184
f 9184 9185 9186
f 9187 9188 9189
f 9188 9190 9189
f 9189 9190 9191
f 9188 9192 9190
f 9192 9193 9190
f 9190 9193 9194
f 9195 9196 9197
f 9196 9198 9197
f 9199 9200 9201
f 9118 9202 9119
f 9202 9203 9119
f 9119 9203 9204
f 9181 9175 9180
f 9175 9170 9180
f 9180 9170 9205
f 9170 9162 9205
f 9205 9162 9206
f 9162 9153 9206
f 9206 9153 9207
f 9153 9151 9207
f 9207 9151 9208
f 9151 9157 9208
f 9208 9209 9207
f 9209 9210 9207
f 9207 9210 9206
f 9210 9211 9206
f 9206 9211 9205
f 9211 9185 9205
f 9205 9185 9180
f 9185 9183 9180
f 9180 9183 9178
f 9183 9182 9178
f 9194 9186 9190
f 9186 9185 9190
f 9190 9185 9191
f 9185 9211 9191
f 9191 9211 9212
f 9211 9210 9212
f 9212 9210 9213
f 9210 9214 9213
f 9089 9091 9117
f 9091 9127 9117
f 9117 9127 9215
f 9127 9125 9215
f 9215 9125 9216
f 9125 9122 9216
f 9216 9122 9217
f 9122 9119 9217
f 9217 9119 9199
f 9119 9204 9199
f 9199 9204 9200
f 9218 9085 9116
f 9085 9117 9116
f 9116 9117 9219
f 9117 9215 9219
f 9219 9215 9220
f 9215 9216 9220
f 9220 9216 9221
f 9216 9217 9221
f 9221 9217 9222
f 9217 9199 9222
f 9222 9199 9197
f 9199 9201 9197
f 9197 9201 9195
f 9077 9075 9115
f 9075 9116 9115
f 9115 9116 9223
f 9116 9219 9223
f 9223 9219 9224
f 9219 9220 9224
f 9224 9220 9213
f 9220 9221 9213
f 9213 9221 9212
f 9221 9222 9212
f 9212 9222 9191
f 9222 9197 9191
f 9191 9197 9189
f 9197 9198 9189
f 9189 9198 9187
f 9147 9145 9148
f 9145 9144 9148
f 9148 9144 9225
f 9144 9226 9225
f 9225 9226 9227
f 9226 9228 9227
f 9227 9228 9229
f 9228 9230 9229
f 9229 9230 9231
f 9230 9134 9231
f 9231 9134 9133
f 9134 5933 9133
f 9133 5933 5932
f 9143 9139 9144
f 9139 9137 9144
f 9144 9137 9226
f 9137 9136 9226
f 9226 9136 9228
f 9136 9113 9228
f 9228 9113 9230
f 9113 9135 9230
f 9230 9135 9134
f 9135 5926 9134
f 9134 5926 5907
f 9159 9149 9157
f 9149 9148 9157
f 9157 9148 9208
f 9148 9225 9208
f 9208 9225 9209
f 9225 9227 9209
f 9209 9227 9213
f 9227 9229 9213
f 9213 9229 9224
f 9229 9231 9224
f 9224 9231 9223
f 9231 9133 9223
f 9223 9133 9115
f 9133 5928 9115
f 9115 5928 5904
f 9232 9233 9234
f 9233 9235 9234
f 9234 9235 9236
f 9237 9238 9239
f 9238 9240 9239
f 9241 9242 9238
f 9242 9243 9238
f 9238 9243 9244
f 9237 9245 9238
f 9245 9246 9238
f 9238 9246 9241
f 5966 5971 9247
f 9138 9141 9248
f 9139 9143 9249
f 9145 9147 9250
f 9161 9160 9251
f 9252 9253 9254
f 9255 9256 9257
f 9258 9259 9260
f 9259 9261 9260
f 9260 9261 9262
f 9261 9263 9262
f 9262 9263 9264
f 9258 9260 9265
f 9260 9266 9265
f 9265 9266 9267
f 9268 9269 9270
f 9270 9271 9268
f 9271 9272 9268
f 9268 9272 9266
f 9272 9273 9266
f 9266 9273 9267
f 9274 9275 9268
f 9275 9276 9268
f 9276 9277 9268
f 9277 9278 9268
f 9268 9278 9269
f 9279 9280 9281
f 9280 9282 9281
f 9255 9257 9283
f 9252 9254 9284
f 9285 9286 9287
f 9285 9287 9288
f 9289 9290 9291
f 9173 9172 9292
f 9292 9293 9173
f 9293 9294 9173
f 9173 9294 9295
f 9160 9171 9251
f 9171 9167 9251
f 9251 9167 9295
f 9167 9296 9295
f 9295 9296 9173
f 9152 9297 9150
f 9297 9298 9150
f 9150 9298 9155
f 9152 9154 9297
f 9154 9164 9297
f 9297 9164 9251
f 9164 9163 9251
f 9251 9163 9161
f 9299 9158 9298
f 9158 9156 9298
f 9298 9156 9155
f 9146 9149 9299
f 9149 9159 9299
f 9299 9159 9158
f 9145 9250 9142
f 9139 9249 9140
f 5909 9138 5981
f 9138 9248 5981
f 5981 9248 5977
f 9248 5978 5977
f 5948 5947 9300
f 5947 5980 9300
f 5973 5976 9301
f 5976 5975 9301
f 9301 5975 5974
f 5970 5969 9302
f 5969 5967 9302
f 5951 5950 9303
f 5950 5965 9303
f 5963 5962 9304
f 5962 5961 9304
f 5960 5959 9305
f 5959 5963 9305
f 9305 5963 9306
f 5963 9304 9306
f 9306 9304 9307
f 9308 9309 9310
f 9309 9311 9310
f 9310 9311 9304
f 9311 9312 9304
f 9304 9312 9307
f 9313 9314 9315
f 9314 9316 9315
f 9315 9316 9310
f 9316 9317 9310
f 9310 9317 9308
f 9318 9319 9320
f 9319 9321 9320
f 9320 9321 9322
f 9322 9323 9320
f 9323 9324 9320
f 9320 9324 9315
f 9324 9325 9315
f 9315 9325 9313
f 9282 9274 9281
f 9274 9268 9281
f 9281 9268 9326
f 9268 9266 9326
f 9326 9266 9327
f 9266 9260 9327
f 9327 9260 9328
f 9260 9262 9328
f 9328 9262 9329
f 9330 9331 9254
f 9331 9287 9254
f 9254 9287 9284
f 9287 9286 9284
f 9290 9288 9291
f 9288 9287 9291
f 9291 9287 9332
f 9287 9331 9332
f 9332 9331 9333
f 9147 9146 9250
f 9146 9299 9250
f 9250 9299 9334
f 9299 9298 9334
f 9334 9298 9335
f 9298 9297 9335
f 9335 9297 9336
f 9297 9251 9336
f 9293 9289 9294
f 9289 9291 9294
f 9294 9291 9295
f 9291 9332 9295
f 9295 9332 9251
f 9332 9333 9251
f 9251 9333 9336
f 5971 5973 9247
f 5973 9301 9247
f 9247 9301 9337
f 9338 9337 9339
f 9337 9301 9339
f 9339 9301 9300
f 9301 5974 9300
f 9300 5974 5948
f 9340 9338 9341
f 9338 9339 9341
f 9341 9339 9342
f 9339 9300 9342
f 9342 9300 9248
f 9300 5980 9248
f 9248 5980 5978
f 9143 9142 9249
f 9142 9250 9249
f 9249 9250 9343
f 9250 9334 9343
f 9343 9334 9344
f 9334 9335 9344
f 9344 9335 9345
f 9335 9336 9345
f 9345 9336 9346
f 9336 9333 9346
f 9346 9333 9347
f 9333 9331 9347
f 9347 9331 9348
f 9331 9330 9348
f 9141 9140 9248
f 9140 9249 9248
f 9248 9249 9342
f 9249 9343 9342
f 9342 9343 9341
f 9343 9344 9341
f 9341 9344 9340
f 9344 9345 9340
f 9340 9345 9349
f 9345 9346 9349
f 9349 9346 9350
f 9346 9347 9350
f 9350 9347 9351
f 9347 9348 9351
f 9256 9279 9257
f 9279 9281 9257
f 9257 9281 9352
f 9281 9326 9352
f 9352 9326 9353
f 9326 9327 9353
f 9353 9327 9354
f 9327 9328 9354
f 9354 9328 9355
f 9328 9329 9355
f 9355 9329 9356
f 9329 9357 9356
f 9356 9357 9358
f 9357 9359 9358
f 9358 9359 9360
f 9359 9303 9360
f 9360 9303 9302
f 9303 5965 9302
f 9302 5965 5970
f 9264 9318 9262
f 9318 9320 9262
f 9262 9320 9329
f 9320 9315 9329
f 9329 9315 9357
f 9315 9310 9357
f 9357 9310 9359
f 9310 9304 9359
f 9359 9304 9303
f 9304 5961 9303
f 9303 5961 5951
f 9253 9283 9254
f 9283 9257 9254
f 9254 9257 9330
f 9257 9352 9330
f 9330 9352 9348
f 9352 9353 9348
f 9348 9353 9351
f 9353 9354 9351
f 9351 9354 9350
f 9354 9355 9350
f 9350 9355 9349
f 9355 9356 9349
f 9349 9356 9340
f 9356 9358 9340
f 9340 9358 9338
f 9358 9360 9338
f 9338 9360 9337
f 9360 9302 9337
f 9337 9302 9247
f 9302 5967 9247
f 9247 5967 5966
f 9361 6803 9362
f 6803 9363 9362
f 9362 9363 9364
f 9365 9366 9367
f 9366 9368 9367
f 9368 9369 9367
f 9367 9369 9370
f 9371 9372 9373
f 9373 9374 9371
f 9374 9375 9371
f 9371 9375 9365
f 9376 9377 9372
f 9377 9378 9372
f 9378 9379 9372
f 9379 9380 9372
f 9372 9380 9373
f 9381 9372 9382
f 9372 9383 9382
f 9381 9384 9372
f 9384 9385 9372
f 9372 9385 9376
f 9383 9372 9386
f 9372 9371 9386
f 9386 9371 9387
f 9388 9389 9390
f 9389 9391 9390
f 9390 9391 9371
f 9391 9392 9371
f 9371 9392 9387
f 9393 9394 9395
f 9396 9394 9397
f 9394 9393 9397
f 9397 9393 9398
f 9393 9399 9398
f 9400 9401 9402
f 9400 9402 9393
f 9402 9403 9393
f 9393 9403 9399
f 9401 9404 9405
f 9404 9406 9405
f 6634 9407 6635
f 9407 9400 6635
f 6635 9400 6641
f 9407 9408 9400
f 9408 9409 9400
f 9400 9409 9401
f 9409 9410 9401
f 9401 9410 9404
f 6641 9400 6639
f 9400 9393 6639
f 6639 9393 9390
f 9393 9395 9390
f 9390 9395 9388
f 6638 9367 6640
f 9367 9370 6640
f 6640 9370 6642
f 9365 9367 9371
f 9367 6638 9371
f 9371 6638 9390
f 6638 6637 9390
f 9390 6637 6639
f 9411 9412 9413
f 9414 9415 9416
f 9417 9418 9419
f 9420 9421 9422
f 9423 9424 9425
f 9426 9427 9428
f 9374 9429 9375
f 9386 9387 9430
f 9431 9432 9433
f 9434 9435 9436
f 9437 9438 9439
f 9440 9441 9442
f 8865 9443 8861
f 9444 9445 9446
f 6278 9447 9448
f 9448 9447 6281
f 6284 9449 9450
f 6327 9451 9452
f 6331 9453 9454
f 6334 9455 9456
f 9457 9458 9459
f 9460 9461 9462
f 9463 9464 9465
f 9465 9464 9466
f 9467 9468 9469
f 9470 9471 9472
f 9473 9474 6643
f 9474 9475 6643
f 6643 9475 6636
f 9407 6634 9475
f 6634 6633 9475
f 9475 6633 6636
f 9472 9410 9476
f 9477 9478 9472
f 9410 9472 9404
f 9472 9478 9404
f 9404 9478 9406
f 9468 9479 9469
f 9479 9480 9469
f 9469 9480 9481
f 9480 9482 9481
f 9481 9482 9483
f 9482 9484 9483
f 9483 9484 9485
f 9486 9487 9488
f 9487 9489 9488
f 9490 9491 9492
f 9491 9493 9492
f 9492 9493 9494
f 9495 9496 9490
f 9496 9497 9490
f 9490 9497 9491
f 9498 9499 9500
f 9499 9501 9500
f 9500 9501 9465
f 9501 9502 9465
f 9465 9502 9463
f 9503 9504 9500
f 9498 9500 9505
f 9500 9504 9505
f 9505 9504 9506
f 9507 9508 9500
f 9508 6174 9500
f 9500 6174 9503
f 9509 9510 9511
f 9511 9512 9509
f 9512 6183 9509
f 9509 6183 9513
f 9510 9509 9514
f 9509 9495 9514
f 9514 9495 9515
f 9495 9516 9515
f 9515 9516 9517
f 9518 9519 9520
f 9518 9521 9522
f 9522 9523 9518
f 9523 9524 9518
f 9518 9524 9519
f 9525 9526 9527
f 9526 9521 9527
f 9527 9521 9528
f 9521 9518 9528
f 9528 9518 9516
f 9518 9520 9516
f 9516 9520 9517
f 9462 9461 9527
f 9461 9529 9527
f 9527 9529 9525
f 9530 9531 9462
f 9531 9532 9462
f 9462 9532 9460
f 9533 9534 9535
f 9534 9457 9535
f 9535 9457 9536
f 9457 9459 9536
f 9536 9459 6132
f 9459 9537 6132
f 9455 6415 9456
f 6415 6270 9456
f 9456 6270 9538
f 6270 9539 9538
f 9538 9539 9540
f 9454 9453 9456
f 9453 6335 9456
f 9456 6335 6334
f 9451 6329 9452
f 6329 6328 9452
f 9452 6328 9454
f 6328 6332 9454
f 9454 6332 6331
f 9541 9542 9543
f 9542 9544 9543
f 9543 9544 9545
f 9546 9547 6323
f 6321 6320 9541
f 6320 6319 9541
f 9541 6319 9542
f 9548 6312 9546
f 6312 6313 9546
f 9546 6313 9547
f 9549 6309 9550
f 6309 9551 9550
f 9552 6299 9553
f 6299 9554 9553
f 9553 9554 9555
f 9554 9556 9555
f 9555 9556 9557
f 9558 9559 6302
f 9559 9560 6302
f 6302 9560 9561
f 9562 9563 6296
f 9563 9564 6296
f 9564 9563 6298
f 9563 9565 6298
f 6298 9565 6290
f 9450 9566 9565
f 9566 9567 9565
f 9565 9567 6290
f 9449 6355 9450
f 6355 9568 9450
f 9450 9568 9566
f 9445 9444 6279
f 9569 6276 9444
f 6276 9570 9444
f 9444 9570 6279
f 6488 4492 9569
f 9444 6466 6450
f 6450 6448 9444
f 6448 6447 9444
f 9444 6447 6469
f 6469 6477 9444
f 6477 6475 9444
f 9444 6475 6473
f 6473 6479 9444
f 6479 6481 9444
f 9444 6481 6483
f 6483 6485 9444
f 6485 6487 9444
f 9444 6487 9569
f 6487 6522 9569
f 9569 6522 6488
f 6464 6452 9446
f 6452 6451 9446
f 9446 6451 9444
f 6451 6467 9444
f 9444 6467 6466
f 8871 9571 9572
f 9571 8869 9572
f 6462 6463 6624
f 6463 6620 6624
f 9443 8865 9573
f 8865 8864 9573
f 9573 8864 9572
f 8864 8866 9572
f 9572 8866 8871
f 9574 9575 9576
f 9575 9577 9576
f 9576 9577 9578
f 9577 9579 9578
f 9437 9580 9438
f 9580 9581 9438
f 9438 9581 9582
f 9583 9584 9585
f 9584 9586 9585
f 9585 9586 9587
f 9586 9588 9587
f 9587 9588 9589
f 9590 9591 9592
f 9593 9594 9595
f 9594 9593 9596
f 9593 9597 9596
f 9596 9597 9598
f 9599 9600 9601
f 9600 9602 9601
f 9601 9602 9597
f 9602 9603 9597
f 9597 9603 9598
f 9604 9431 9605
f 9431 9433 9605
f 9605 9433 9606
f 9433 9607 9606
f 9606 9607 9608
f 9607 9609 9608
f 9608 9609 9610
f 9609 9611 9610
f 9612 9613 9614
f 9613 9615 9614
f 9614 9615 9616
f 9386 9430 9383
f 9430 9617 9383
f 9383 9617 9382
f 9617 9612 9382
f 9382 9612 9381
f 9429 9374 9415
f 9374 9373 9415
f 9415 9373 9380
f 9376 9385 9416
f 9385 9384 9416
f 9416 9384 9381
f 9380 9379 9415
f 9379 9378 9415
f 9415 9378 9416
f 9378 9377 9416
f 9416 9377 9376
f 9366 9365 9618
f 9473 9370 9619
f 9370 9369 9619
f 9619 9369 9618
f 9369 9368 9618
f 9618 9368 9366
f 9620 6692 6691
f 9620 6691 9621
f 6691 6690 9621
f 9621 6690 9622
f 6682 6688 9623
f 6688 6687 9623
f 9623 6687 9620
f 6687 9624 9620
f 9620 9624 6692
f 9625 6679 9626
f 6671 9627 9628
f 9627 9629 9628
f 9628 9629 9626
f 9629 6678 9626
f 9626 6678 9625
f 6679 9630 9626
f 9630 6684 9626
f 9626 6684 9623
f 6684 6683 9623
f 9623 6683 6682
f 9631 9632 9633
f 9632 6674 9633
f 9633 6674 9628
f 6674 6672 9628
f 9628 6672 6671
f 9634 6666 9635
f 6666 9636 9635
f 9635 9636 9637
f 9638 6669 9639
f 9640 6661 9641
f 6661 6659 9641
f 9641 6659 6658
f 9642 6644 9643
f 6644 9644 9643
f 9643 9644 9645
f 9644 9646 9645
f 9645 9646 9647
f 9647 9648 9645
f 9648 9649 9645
f 9645 9649 9650
f 9622 6652 9621
f 6652 9651 9621
f 9621 9651 9652
f 9651 9653 9652
f 9653 9654 9652
f 9654 9655 9652
f 9652 9655 9643
f 9655 6647 9643
f 9643 6647 9642
f 9615 9611 9616
f 9611 9609 9616
f 9616 9609 9656
f 9609 9607 9656
f 9657 9436 9658
f 9587 9659 9585
f 9659 9590 9585
f 9585 9590 9583
f 9590 9592 9583
f 9660 9661 9662
f 9661 9659 9662
f 9662 9659 9663
f 9659 9587 9663
f 9663 9587 9439
f 9587 9589 9439
f 9439 9589 9437
f 9664 9665 9666
f 9665 9591 9666
f 9666 9591 9667
f 9591 9590 9667
f 9667 9590 9668
f 9590 9659 9668
f 9668 9659 9669
f 9659 9661 9669
f 9669 9661 9670
f 9661 9671 9670
f 9672 9673 9674
f 9675 9674 9676
f 9674 9673 9676
f 9676 9673 9677
f 9673 9543 9677
f 6321 9541 6323
f 9541 9678 6323
f 6323 9678 9546
f 9678 9679 9546
f 9546 9679 9548
f 9543 9673 9541
f 9673 9672 9541
f 9541 9672 9678
f 9672 9680 9678
f 9678 9680 9679
f 9681 9682 9683
f 9682 9550 9683
f 9683 9550 9660
f 9681 9684 9682
f 9684 9553 9682
f 9682 9553 9550
f 9553 9555 9550
f 9550 9555 9549
f 9555 9557 9549
f 9660 9662 9683
f 9662 9663 9683
f 9683 9663 9681
f 9663 9439 9681
f 9681 9439 9684
f 9439 9438 9684
f 9684 9438 9574
f 9438 9582 9574
f 9574 9582 9575
f 9685 9561 9686
f 9561 9560 9686
f 9686 9560 9687
f 9560 9559 9687
f 6285 6284 9688
f 6284 9450 9688
f 9688 9450 9689
f 9450 9565 9689
f 9689 9565 9690
f 9565 9563 9690
f 9690 9563 9686
f 9563 9562 9686
f 9686 9562 9685
f 9558 9552 9559
f 9552 9553 9559
f 9559 9553 9687
f 9553 9684 9687
f 9687 9684 9686
f 9684 9574 9686
f 9686 9574 9690
f 9574 9576 9690
f 9690 9576 9689
f 9576 9578 9689
f 9689 9578 9688
f 6279 6278 9445
f 6278 9448 9445
f 9445 9448 9688
f 9448 6281 9688
f 9688 6281 6285
f 9573 9691 9443
f 9691 9692 9443
f 9443 9692 8861
f 9692 9441 8861
f 8861 9441 8862
f 9441 9440 8862
f 6620 6463 8869
f 6463 6464 8869
f 8869 6464 9572
f 6464 9446 9572
f 9572 9446 9573
f 9446 9445 9573
f 9573 9445 9691
f 9445 9688 9691
f 9691 9688 9692
f 9688 9578 9692
f 9692 9578 9441
f 9578 9579 9441
f 9441 9579 9442
f 9693 9694 9695
f 9694 9696 9695
f 9695 9696 9697
f 9696 9698 9697
f 9697 9698 9699
f 9698 9700 9699
f 9699 9700 9701
f 9701 9702 9699
f 9702 9703 9699
f 9699 9703 9697
f 9703 9704 9697
f 9697 9704 9695
f 9704 9705 9695
f 9695 9705 9693
f 9701 9706 9702
f 9706 9707 9702
f 9702 9707 9703
f 9707 9708 9703
f 9703 9708 9704
f 9708 9709 9704
f 9704 9709 9705
f 9709 9710 9705
f 9705 9710 9693
f 9494 9487 9492
f 9487 9486 9492
f 9492 9486 9711
f 9486 9712 9711
f 9711 9712 9713
f 9712 9714 9713
f 9713 9714 9715
f 9714 9716 9715
f 9715 9716 9717
f 9716 9718 9717
f 9717 9718 9458
f 9421 9420 9719
f 9420 9720 9719
f 9719 9720 9721
f 9720 9722 9721
f 9721 9722 9723
f 9722 9724 9723
f 9723 9724 9725
f 9726 9727 9728
f 9727 9729 9728
f 9728 9729 9730
f 9729 9731 9730
f 9730 9731 9732
f 9731 9733 9732
f 9732 9733 9734
f 9725 9735 9723
f 9735 9736 9723
f 9723 9736 9721
f 9736 9737 9721
f 9721 9737 9719
f 9737 9738 9719
f 9719 9738 9421
f 9423 9425 9739
f 9425 9740 9739
f 9739 9740 9741
f 9742 9743 9744
f 9743 9745 9744
f 9744 9745 9746
f 9745 9747 9746
f 9746 9747 9748
f 9747 9749 9748
f 9748 9749 9750
f 9749 9751 9750
f 9750 9751 9752
f 9488 9752 9486
f 9752 9751 9486
f 9486 9751 9712
f 9751 9749 9712
f 9712 9749 9714
f 9749 9747 9714
f 9714 9747 9716
f 9747 9745 9716
f 9716 9745 9718
f 9745 9743 9718
f 9718 9743 9458
f 9743 9742 9458
f 9458 9742 9459
f 9742 9538 9459
f 9459 9538 9537
f 9538 9540 9537
f 9742 9753 9538
f 9753 9754 9538
f 9538 9754 9456
f 9754 9741 9456
f 9456 9741 9454
f 9741 9740 9454
f 9454 9740 9452
f 9545 6327 9543
f 6327 9452 9543
f 9543 9452 9677
f 9452 9740 9677
f 9677 9740 9676
f 9740 9425 9676
f 9676 9425 9675
f 9425 9424 9675
f 9675 9424 9755
f 9533 9530 9534
f 9530 9462 9534
f 9534 9462 9457
f 9462 9707 9457
f 9457 9707 9458
f 9707 9706 9458
f 9458 9706 9756
f 9706 9701 9756
f 9756 9701 9715
f 9701 9700 9715
f 9715 9700 9713
f 9700 9698 9713
f 9713 9698 9711
f 9698 9696 9711
f 9711 9696 9492
f 9696 9694 9492
f 9492 9694 9490
f 9694 9693 9490
f 9490 9693 9495
f 9693 9710 9495
f 9495 9710 9516
f 9710 9709 9516
f 9516 9709 9528
f 9709 9708 9528
f 9528 9708 9527
f 9708 9707 9527
f 9527 9707 9462
f 9757 9496 9466
f 9496 9495 9466
f 9466 9495 9465
f 9495 9509 9465
f 9465 9509 9500
f 9509 9513 9500
f 9500 9513 9507
f 9489 9758 9488
f 9758 9759 9488
f 9488 9759 9752
f 9759 9760 9752
f 9752 9760 9419
f 9417 9419 9761
f 9664 9762 9763
f 9762 9764 9763
f 9763 9764 9765
f 9764 9766 9765
f 9765 9766 9767
f 9766 9768 9767
f 9767 9768 9474
f 9768 9769 9474
f 9474 9769 9475
f 9657 9658 9770
f 9658 9771 9770
f 9770 9771 9772
f 9771 9773 9772
f 9772 9773 9414
f 9773 9774 9414
f 9414 9774 9415
f 9774 9618 9415
f 9415 9618 9429
f 9618 9365 9429
f 9429 9365 9375
f 9473 9619 9474
f 9619 9618 9474
f 9474 9618 9767
f 9618 9774 9767
f 9767 9774 9765
f 9774 9773 9765
f 9765 9773 9763
f 9773 9771 9763
f 9763 9771 9664
f 9771 9658 9664
f 9664 9658 9665
f 9658 9436 9665
f 9665 9436 9591
f 9436 9435 9591
f 9591 9435 9592
f 9432 9599 9433
f 9599 9601 9433
f 9433 9601 9607
f 9601 9597 9607
f 9607 9597 9656
f 9597 9593 9656
f 9656 9593 9616
f 9593 9775 9616
f 9616 9775 9614
f 9381 9612 9416
f 9612 9614 9416
f 9416 9614 9414
f 9614 9775 9414
f 9414 9775 9772
f 9775 9593 9772
f 9772 9593 9770
f 9593 9595 9770
f 9770 9595 9657
f 9595 9776 9657
f 9657 9776 9436
f 9776 9777 9436
f 9436 9777 9434
f 9483 9778 9481
f 9778 9761 9481
f 9481 9761 9469
f 9761 9419 9469
f 9469 9419 9467
f 9419 9760 9467
f 9467 9760 9779
f 9760 9759 9779
f 9485 9477 9483
f 9477 9472 9483
f 9483 9472 9778
f 9472 9471 9778
f 9778 9471 9780
f 9471 9781 9780
f 9780 9781 9782
f 9783 9784 9785
f 9784 9786 9785
f 9785 9786 9787
f 9786 9788 9787
f 9787 9788 9789
f 9788 9790 9789
f 9791 9783 9792
f 9783 9785 9792
f 9792 9785 9793
f 9785 9787 9793
f 9793 9787 9794
f 9787 9789 9794
f 9412 9411 9795
f 9411 9418 9795
f 9795 9418 9790
f 9418 9417 9790
f 9790 9417 9789
f 9417 9761 9789
f 9789 9761 9794
f 9761 9778 9794
f 9794 9778 9793
f 9778 9780 9793
f 9793 9780 9792
f 9780 9782 9792
f 9792 9782 9791
f 9784 9796 9786
f 9796 9797 9786
f 9786 9797 9788
f 9797 9798 9788
f 9788 9798 9790
f 9798 9799 9790
f 9790 9799 9795
f 9799 9800 9795
f 9795 9800 9412
f 9800 9801 9412
f 9412 9801 9413
f 9801 9802 9413
f 9803 9804 9805
f 9804 9806 9805
f 9805 9806 9807
f 9806 9808 9807
f 9807 9808 9809
f 9428 9803 9426
f 9803 9805 9426
f 9426 9805 9810
f 9805 9807 9810
f 9810 9807 9811
f 9807 9809 9811
f 9811 9809 9812
f 9428 9802 9803
f 9802 9801 9803
f 9803 9801 9813
f 9801 9800 9813
f 9813 9800 9806
f 9800 9799 9806
f 9806 9799 9808
f 9799 9798 9808
f 9808 9798 9809
f 9798 9797 9809
f 9809 9797 9812
f 9797 9796 9812
f 9649 9640 9650
f 9640 9641 9650
f 9650 9641 9814
f 9641 9815 9814
f 9814 9815 9816
f 9815 9817 9816
f 9816 9817 9818
f 9819 9820 9821
f 9822 9823 9821
f 6658 9638 9641
f 9638 9639 9641
f 9641 9639 9815
f 9639 9822 9815
f 9815 9822 9817
f 9822 9821 9817
f 9817 9821 9818
f 9821 9820 9818
f 6669 6668 9639
f 6668 9634 9639
f 9639 9634 9822
f 9634 9635 9822
f 9822 9635 9823
f 9781 9652 9782
f 9652 9643 9782
f 9782 9643 9791
f 9643 9645 9791
f 9791 9645 9783
f 9645 9650 9783
f 9783 9650 9784
f 9650 9814 9784
f 9784 9814 9796
f 9814 9816 9796
f 9796 9816 9812
f 9816 9818 9812
f 9812 9818 9811
f 9818 9820 9811
f 9811 9820 9810
f 9820 9819 9810
f 9810 9819 9426
f 9819 9824 9426
f 9426 9824 9427
f 9476 9408 9472
f 9408 9407 9472
f 9472 9407 9470
f 9407 9475 9470
f 9470 9475 9471
f 9475 9769 9471
f 9471 9769 9781
f 9769 9768 9781
f 9781 9768 9652
f 9768 9766 9652
f 9652 9766 9621
f 9766 9764 9621
f 9621 9764 9620
f 9764 9762 9620
f 9620 9762 9623
f 9762 9664 9623
f 9623 9664 9626
f 9664 9666 9626
f 9626 9666 9628
f 9666 9667 9628
f 9628 9667 9633
f 9667 9668 9633
f 9633 9668 9755
f 9668 9669 9755
f 9755 9669 9675
f 9669 9670 9675
f 9675 9670 9674
f 9670 9671 9674
f 9674 9671 9672
f 9671 9661 9672
f 9672 9661 9680
f 9661 9660 9680
f 9680 9660 9679
f 9660 9550 9679
f 9679 9550 9548
f 9550 9551 9548
f 9548 9551 6312
f 9422 9726 9420
f 9726 9728 9420
f 9420 9728 9720
f 9728 9730 9720
f 9720 9730 9722
f 9730 9732 9722
f 9722 9732 9724
f 9732 9734 9724
f 9724 9734 9725
f 9427 9734 9428
f 9734 9733 9428
f 9428 9733 9802
f 9733 9731 9802
f 9802 9731 9413
f 9731 9729 9413
f 9413 9729 9411
f 9729 9727 9411
f 9411 9727 9418
f 9727 9726 9418
f 9418 9726 9419
f 9726 9422 9419
f 9419 9422 9752
f 9422 9421 9752
f 9752 9421 9750
f 9421 9738 9750
f 9750 9738 9748
f 9738 9737 9748
f 9748 9737 9746
f 9737 9736 9746
f 9746 9736 9744
f 9736 9735 9744
f 9744 9735 9742
f 9735 9725 9742
f 9742 9725 9753
f 9725 9734 9753
f 9753 9734 9754
f 9734 9427 9754
f 9754 9427 9741
f 9427 9824 9741
f 9741 9824 9739
f 9824 9819 9739
f 9739 9819 9423
f 9819 9821 9423
f 9423 9821 9424
f 9821 9823 9424
f 9424 9823 9755
f 9823 9635 9755
f 9755 9635 9633
f 9635 9637 9633
f 9633 9637 9631
f 9825 9826 9827
f 9828 9829 9827
f 9829 9830 9827
f 9827 9830 9825
f 9831 9832 9833
f 9834 9835 9836
f 9837 9838 9839
f 9840 9841 9842
f 9838 9837 9843
f 9844 9845 9846
f 9847 9848 9845
f 9849 9850 9851
f 9852 9853 9854
f 9855 9856 9857
f 9858 9859 9860
f 9861 9862 9863
f 9864 9865 9866
f 9867 9868 9869
f 9870 9871 9872
f 9873 9874 9875
f 7502 7500 9876
f 7510 9877 9878
f 9316 9314 9879
f 9880 9881 9882
f 9883 9884 9885
f 9886 9887 9888
f 9889 9890 9891
f 9891 9890 9892
f 9893 9894 9895
f 9896 9897 9898
f 9898 9897 9899
f 9900 9901 9902
f 9903 9904 9905
f 9906 9907 9908
f 9909 9910 9911
f 9912 9913 9914
f 9914 9913 9915
f 9916 9917 9832
f 9918 9919 9920
f 9919 9921 9920
f 9922 9923 9924
f 9923 9925 9924
f 9925 9926 9924
f 9924 9926 9927
f 9928 9929 9930
f 9929 9931 9930
f 9932 9933 9924
f 9933 9934 9924
f 9924 9934 9922
f 6803 9935 9936
f 9937 9938 9939
f 9938 9940 9939
f 9939 9940 9941
f 9942 9943 9944
f 9945 9946 9947
f 9948 9949 9950
f 9949 9951 9950
f 9950 9951 9952
f 9951 9953 9952
f 9952 9953 9946
f 9953 9954 9946
f 9946 9954 9947
f 9832 9917 9833
f 9917 9955 9833
f 9833 9955 9956
f 9957 9958 9831
f 9958 9959 9831
f 9831 9959 9832
f 9959 9960 9832
f 9832 9960 9916
f 9831 9961 9957
f 9961 9962 9957
f 9957 9962 9963
f 9962 9964 9963
f 9907 9965 9908
f 9965 9966 9908
f 9908 9966 9967
f 9966 9968 9967
f 9967 9968 9969
f 9968 9912 9969
f 9969 9912 9970
f 9912 9914 9970
f 9970 9914 9962
f 9914 9915 9962
f 9962 9915 9964
f 9971 9972 9907
f 9972 9973 9907
f 9907 9973 9965
f 9974 9975 9976
f 9975 9977 9976
f 9976 9977 9978
f 9979 9980 9981
f 9980 9982 9981
f 9981 9982 9983
f 9982 9984 9983
f 9985 9986 9987
f 9894 9893 9864
f 9988 9989 9990
f 9989 9988 9991
f 9988 9992 9991
f 9991 9992 9993
f 9861 9994 9995
f 9994 9996 9995
f 9995 9996 9997
f 9998 9999 10000
f 9999 10001 10000
f 10000 10001 9863
f 9998 10002 10003
f 10002 10004 10003
f 9998 10000 10002
f 10000 10005 10002
f 10002 10005 10004
f 10005 10006 10004
f 10004 10006 10007
f 9887 9886 10006
f 9886 10008 10006
f 10006 10008 10007
f 10009 10010 10011
f 10010 10012 10011
f 10011 10012 10013
f 10012 10014 10013
f 10015 10016 10017
f 10018 10019 10017
f 10020 10021 10022
f 10021 10023 10022
f 10022 10023 10024
f 10023 10025 10024
f 10026 10027 10028
f 10029 10030 10031
f 10030 10032 10031
f 10033 10034 10026
f 10034 10035 10026
f 10026 10035 10027
f 9883 9885 10036
f 10037 10038 10039
f 10038 10040 10039
f 10039 10040 9881
f 10040 10041 9881
f 9881 10041 9882
f 10042 10037 10043
f 10037 10039 10043
f 10043 10039 9269
f 10039 9881 9269
f 9269 9881 10044
f 9881 10045 10044
f 10046 10047 9273
f 10047 10048 9273
f 10049 10050 10051
f 10051 9258 10049
f 9258 10052 10049
f 10049 10052 10048
f 10052 10053 10048
f 10048 10053 9273
f 9318 9264 10054
f 9264 9263 10054
f 10054 9263 10050
f 9263 9261 10050
f 10050 9261 10051
f 9318 10054 9319
f 10054 10055 9319
f 9319 10055 9321
f 9322 10056 9323
f 10056 10057 9323
f 9314 9313 9879
f 9313 9325 9879
f 9879 9325 10057
f 9325 9324 10057
f 10057 9324 9323
f 10058 10059 10060
f 9309 10061 9311
f 10061 9312 9311
f 9312 10061 9307
f 10061 10062 9307
f 9307 10062 9306
f 10062 6842 6843
f 9306 10062 9305
f 10062 6843 9305
f 9305 6843 5960
f 6841 6840 10063
f 6840 6839 10063
f 10063 6839 6838
f 10064 6837 6836
f 6822 6806 10065
f 6806 6805 10065
f 7535 10066 10065
f 10066 7532 10065
f 10065 7532 8142
f 8142 8141 10065
f 8141 7538 10065
f 10065 7538 10067
f 10067 7536 10065
f 7536 7539 10065
f 10065 7539 7540
f 7540 7541 10065
f 7541 10068 10065
f 10065 10068 6822
f 10068 7543 6822
f 6822 7543 10069
f 10069 7547 6822
f 7547 8379 6822
f 6822 8379 7550
f 7550 7551 6822
f 7551 7010 6822
f 6822 7010 6823
f 7535 10065 10070
f 10065 10071 10070
f 10070 10071 7527
f 7525 10072 10073
f 9877 10074 7517
f 7525 10073 7517
f 10072 7523 10073
f 7523 8132 10073
f 10073 8132 10075
f 10075 7530 10073
f 7530 7529 10073
f 10073 7529 7527
f 7510 10076 9877
f 10076 7520 9877
f 9877 7520 10074
f 7516 10077 10078
f 10077 7513 10078
f 10078 7513 7511
f 10079 7505 10080
f 7505 7504 10080
f 7504 10081 10080
f 10080 10081 7507
f 9876 7500 10082
f 7500 7498 10082
f 10082 7498 9869
f 7498 7496 9869
f 9869 7496 7495
f 7502 9876 7503
f 9876 10083 7503
f 7503 10083 7494
f 7494 10083 7492
f 10083 10084 7492
f 7492 10084 7487
f 9871 9870 10084
f 9870 7488 10084
f 10084 7488 7487
f 7486 7491 9870
f 7491 7490 9870
f 9870 7490 7488
f 7480 7479 10085
f 7479 7482 10085
f 10085 7482 10086
f 7482 10087 10086
f 10086 10087 7486
f 7016 7471 10088
f 7471 7473 10088
f 7475 7476 10089
f 7476 10090 10089
f 10089 10090 10085
f 10090 7481 10085
f 10085 7481 7480
f 7455 7467 10091
f 7467 7466 10091
f 10091 7466 10092
f 7466 7464 10092
f 10092 7464 7463
f 7463 7469 10092
f 7469 7468 10092
f 10092 7468 10088
f 7468 7017 10088
f 10088 7017 7016
f 7461 7460 10093
f 7460 7458 10093
f 10093 7458 10091
f 7458 7456 10091
f 10091 7456 7455
f 7019 7462 10094
f 8757 10095 8758
f 10095 8759 8758
f 8757 7454 10095
f 7454 7453 10095
f 10095 7453 10094
f 7453 7020 10094
f 10094 7020 7019
f 8749 8751 10096
f 9927 10097 9924
f 10097 8756 9924
f 9924 8756 8755
f 8749 10096 8755
f 8751 8753 10096
f 8753 8760 10096
f 10096 8760 10098
f 10088 10099 10092
f 10099 10100 10092
f 10092 10100 10091
f 10100 10094 10091
f 10091 10094 10093
f 10094 7462 10093
f 10093 7462 7461
f 8760 8759 10098
f 8759 10095 10098
f 10098 10095 10101
f 10095 10094 10101
f 10101 10094 10102
f 10094 10100 10102
f 10102 10100 10103
f 10100 10099 10103
f 10103 10099 10104
f 10099 10088 10104
f 10104 10088 10089
f 10088 7473 10089
f 10089 7473 7475
f 10084 10105 9871
f 10105 10106 9871
f 9871 10106 9872
f 10106 10107 9872
f 9872 10107 10108
f 10107 10109 10108
f 10108 10109 10110
f 10109 10111 10110
f 9875 9874 10112
f 9874 10113 10112
f 10112 10113 10114
f 10113 10115 10114
f 10114 10115 10116
f 10115 10117 10116
f 10116 10117 10118
f 10117 10119 10118
f 10118 10119 10120
f 10119 10121 10120
f 10120 10121 10122
f 10121 10123 10122
f 10122 10123 10124
f 10123 10125 10124
f 10124 10125 10126
f 10125 9928 10126
f 10126 9928 10127
f 9928 9930 10127
f 10127 9930 9932
f 9930 9931 9932
f 9932 9931 9933
f 10128 10111 10129
f 10111 10109 10129
f 10129 10109 10130
f 10109 10107 10130
f 10130 10107 10131
f 10107 10106 10131
f 10131 10106 10132
f 10106 10105 10132
f 10132 10105 10133
f 10105 10084 10133
f 7486 9870 10086
f 9870 9872 10086
f 10086 9872 10085
f 9872 10108 10085
f 10085 10108 10089
f 10108 10110 10089
f 10089 10110 10104
f 10110 10111 10104
f 10104 10111 10103
f 10111 10128 10103
f 10103 10128 10102
f 9869 9868 10082
f 9868 10134 10082
f 10082 10134 9876
f 10134 10135 9876
f 9876 10135 10083
f 10135 10136 10083
f 10083 10136 10084
f 10136 10137 10084
f 10084 10137 10133
f 10138 10139 10140
f 9875 10141 9873
f 10141 10142 9873
f 9873 10142 10143
f 10142 10144 10143
f 10145 10144 10146
f 10144 10142 10146
f 10146 10142 10147
f 10142 10141 10147
f 10138 10148 10139
f 10148 10149 10139
f 10139 10149 10150
f 10149 10151 10150
f 10150 10151 10152
f 9935 9929 9936
f 9929 9928 9936
f 9936 9928 10153
f 9928 10125 10153
f 10153 10125 10154
f 10125 10123 10154
f 10154 10123 10155
f 10123 10121 10155
f 10155 10121 10156
f 10121 10119 10156
f 10156 10119 10157
f 10119 10117 10157
f 10157 10117 10158
f 10117 10115 10158
f 10158 10115 10159
f 10115 10113 10159
f 10159 10113 10160
f 10113 9874 10160
f 10160 9874 10161
f 9874 9873 10161
f 10161 9873 10140
f 9873 10143 10140
f 10140 10143 10138
f 10143 10144 10138
f 10138 10144 10148
f 10144 10145 10148
f 8755 10096 9924
f 10096 10098 9924
f 9924 10098 9932
f 10098 10101 9932
f 9932 10101 10127
f 10101 10102 10127
f 10127 10102 10126
f 10102 10128 10126
f 10126 10128 10124
f 10128 10129 10124
f 10124 10129 10122
f 10129 10130 10122
f 10122 10130 10120
f 10130 10131 10120
f 10120 10131 10118
f 10131 10132 10118
f 10118 10132 10116
f 10132 10133 10116
f 10116 10133 10114
f 10133 10137 10114
f 10114 10137 10112
f 10137 10136 10112
f 10112 10136 9875
f 10136 10135 9875
f 9875 10135 10141
f 10135 10134 10141
f 10141 10134 10147
f 10134 9868 10147
f 10147 9868 10146
f 9868 9867 10146
f 10146 9867 10145
f 7507 7516 10080
f 7516 10078 10080
f 10080 10078 10162
f 10078 10163 10162
f 10162 10163 10164
f 10163 10165 10164
f 10164 10165 10166
f 10165 10167 10166
f 10166 10167 10168
f 10167 10169 10168
f 10170 10171 10172
f 10173 10172 10174
f 7517 10073 9877
f 10073 10175 9877
f 9877 10175 9878
f 7527 10071 10073
f 10071 10173 10073
f 10073 10173 10175
f 10173 10174 10175
f 10175 10174 9878
f 9308 10058 9309
f 10058 10060 9309
f 9309 10060 10061
f 10060 10063 10061
f 10061 10063 10062
f 10063 6838 10062
f 10062 6838 6842
f 10170 10172 10176
f 10172 10173 10176
f 10176 10173 10177
f 10173 10071 10177
f 10177 10071 10178
f 10071 10065 10178
f 10178 10065 10064
f 10065 6805 10064
f 10064 6805 6837
f 9979 10179 9980
f 10179 10180 9980
f 9980 10180 9982
f 10180 10181 9982
f 9987 10182 10183
f 9893 10184 9864
f 10184 10185 9864
f 9864 10185 9865
f 10186 10187 9866
f 10187 9992 9866
f 9866 9992 9864
f 9992 9988 9864
f 9864 9988 9894
f 9988 9990 9894
f 9894 9990 9895
f 10001 9889 9863
f 9889 10188 9863
f 9863 10188 9861
f 10188 9892 9861
f 9861 9892 9994
f 9858 10189 10186
f 10189 10190 10186
f 10186 10190 10187
f 9858 9860 10189
f 9860 9854 10189
f 10189 9854 10191
f 10005 10192 10006
f 10192 10010 10006
f 10006 10010 9887
f 10010 10009 9887
f 9887 10009 9888
f 9853 10193 9854
f 10193 10194 9854
f 9854 10194 10191
f 10192 10195 10010
f 10195 10196 10010
f 10010 10196 10012
f 10196 10015 10012
f 10012 10015 10014
f 10015 10017 10014
f 10014 10017 10197
f 10017 10019 10197
f 10198 10199 10200
f 9996 9993 9997
f 9993 9992 9997
f 9997 9992 9995
f 9992 10187 9995
f 9995 10187 9861
f 10187 10190 9861
f 9861 10190 9862
f 10190 10189 9862
f 9862 10189 9863
f 10189 10191 9863
f 9863 10191 10000
f 10191 10194 10000
f 10000 10194 10005
f 10194 10193 10005
f 10005 10193 10192
f 10193 9853 10192
f 10192 9853 10195
f 9853 9852 10195
f 10195 9852 10196
f 9852 10198 10196
f 10196 10198 10015
f 10198 10200 10015
f 10015 10200 10016
f 10199 10201 10200
f 10201 10202 10200
f 10200 10202 10016
f 10202 10022 10016
f 10016 10022 10017
f 10022 10024 10017
f 10017 10024 10018
f 10024 10025 10018
f 10203 10020 10204
f 10020 10022 10204
f 10204 10022 9849
f 10022 10202 9849
f 9849 10202 9850
f 10202 10201 9850
f 9850 10201 10205
f 10201 10199 10205
f 10205 10199 10206
f 10199 10198 10206
f 10206 10198 10207
f 10198 9852 10207
f 10208 10209 10210
f 10209 10211 10210
f 9856 10208 10212
f 10208 10210 10212
f 10212 10210 10213
f 10214 10213 10215
f 10213 10210 10215
f 10215 10210 9847
f 10210 10211 9847
f 9847 10211 9848
f 10216 10217 10218
f 10217 10219 10218
f 10218 10219 10220
f 10219 10221 10220
f 10220 10221 10222
f 10221 10223 10222
f 9846 10216 9844
f 10216 10218 9844
f 9844 10218 10224
f 10218 10220 10224
f 10224 10220 10225
f 10220 10222 10225
f 9845 9844 9847
f 9844 10224 9847
f 9847 10224 10215
f 10224 10225 10215
f 10215 10225 10214
f 10225 10222 10214
f 10214 10222 10226
f 10222 10223 10226
f 10226 10223 10227
f 10149 10228 10151
f 10228 10229 10151
f 10151 10229 10152
f 10229 10230 10152
f 10231 10230 10232
f 10230 10229 10232
f 10232 10229 10233
f 10229 10228 10233
f 10233 10228 10168
f 10228 10149 10168
f 10168 10149 10166
f 10149 10148 10166
f 10166 10148 10164
f 10148 10145 10164
f 10164 10145 10162
f 10145 9867 10162
f 10162 9867 10080
f 9867 9869 10080
f 10080 9869 10079
f 9869 7495 10079
f 10234 10235 10236
f 10235 10237 10236
f 10236 10237 10238
f 10237 10239 10238
f 10238 10239 10240
f 9859 9855 9860
f 9855 9857 9860
f 9860 9857 9854
f 9857 10213 9854
f 9854 10213 9852
f 10213 10214 9852
f 9852 10214 10207
f 10214 10226 10207
f 10207 10226 10206
f 10226 10227 10206
f 10206 10227 10205
f 10227 10241 10205
f 10205 10241 9850
f 10241 10242 9850
f 9850 10242 9851
f 10242 10243 9851
f 10032 10033 10031
f 10033 10026 10031
f 10031 10026 10244
f 9884 10029 9885
f 10029 10031 9885
f 9885 10031 10245
f 10031 10244 10245
f 10245 10244 10246
f 10247 10246 10243
f 10246 10244 10243
f 10243 10244 9851
f 10244 10026 9851
f 9851 10026 9849
f 10026 10028 9849
f 9849 10028 10204
f 10028 10248 10204
f 10204 10248 10203
f 10249 10250 10251
f 10251 10250 9880
f 10250 10252 9880
f 9880 10252 9881
f 10046 10045 10047
f 10045 9881 10047
f 10047 9881 10048
f 9881 10252 10048
f 10048 10252 10049
f 10252 10250 10049
f 10049 10250 10050
f 10250 10249 10050
f 10050 10249 10054
f 10253 10036 10254
f 10036 9885 10254
f 10254 9885 10255
f 9885 10245 10255
f 10255 10245 9843
f 10245 10246 9843
f 9843 10246 9838
f 10246 10247 9838
f 9838 10247 9839
f 9841 9840 10256
f 9840 10257 10256
f 10256 10257 10258
f 10257 10259 10258
f 10258 10259 10260
f 9842 10234 9840
f 10234 10261 9840
f 9840 10261 10257
f 10261 10262 10257
f 10257 10262 10259
f 10171 10263 10240
f 9322 9321 10056
f 9321 10055 10056
f 10056 10055 9839
f 10055 10054 9839
f 9839 10054 9837
f 10054 10249 9837
f 9837 10249 9843
f 10249 10251 9843
f 9843 10251 10255
f 10251 9880 10255
f 10255 9880 10254
f 9880 9882 10254
f 10254 9882 10253
f 10056 10264 10057
f 10264 10265 10057
f 10057 10265 9879
f 10265 10059 9879
f 9879 10059 9316
f 10059 10058 9316
f 9316 10058 9317
f 10058 9308 9317
f 10234 10236 10261
f 10236 10238 10261
f 10261 10238 10262
f 10238 10240 10262
f 10262 10240 10259
f 10240 10263 10259
f 10259 10263 10260
f 10171 10170 10263
f 10170 10266 10263
f 10263 10266 10260
f 10266 10267 10260
f 10260 10267 10258
f 10267 10268 10258
f 10258 10268 10256
f 10268 10269 10256
f 10256 10269 9841
f 7511 7510 10078
f 7510 9878 10078
f 10078 9878 10163
f 9878 10174 10163
f 10163 10174 10165
f 10174 10172 10165
f 10165 10172 10167
f 10172 10171 10167
f 10167 10171 10169
f 10171 10240 10169
f 10169 10240 10168
f 10240 10239 10168
f 10168 10239 10233
f 10239 10237 10233
f 10233 10237 10232
f 10237 10235 10232
f 10232 10235 10231
f 10235 10234 10231
f 9970 10270 9969
f 10270 10271 9969
f 9969 10271 9967
f 10271 10272 9967
f 9967 10272 9908
f 10272 10273 9908
f 9908 10273 9906
f 10273 10274 9906
f 9906 10274 9907
f 10274 9910 9907
f 9907 9910 9971
f 9910 9909 9971
f 9902 9901 9978
f 9901 10275 9978
f 9978 10275 9976
f 10275 10276 9976
f 9976 10276 9974
f 10276 10277 9974
f 9974 10277 9975
f 10179 9896 10180
f 9896 9898 10180
f 10180 9898 10276
f 9898 9899 10276
f 10276 9899 10277
f 9905 9904 9900
f 9904 10278 9900
f 9900 10278 9901
f 10278 10279 9901
f 9901 10279 10275
f 10279 9835 10275
f 10275 9835 10276
f 9835 9834 10276
f 10276 9834 10180
f 9834 9836 10180
f 10180 9836 10181
f 9833 10280 9831
f 10280 9836 9831
f 9831 9836 9961
f 9836 9835 9961
f 9961 9835 9962
f 9835 10279 9962
f 9962 10279 9970
f 10279 10278 9970
f 9970 10278 10270
f 10278 9904 10270
f 10270 9904 10271
f 9904 9903 10271
f 10271 9903 10272
f 10280 10281 9836
f 10281 10183 9836
f 9836 10183 10181
f 10183 10182 10181
f 10181 10182 9982
f 10182 9987 9982
f 9982 9987 9984
f 9987 9986 9984
f 9984 9986 9983
f 9921 10282 9920
f 10282 9945 9920
f 9920 9945 9918
f 9945 9947 9918
f 9955 9948 9956
f 9948 9950 9956
f 9956 9950 10283
f 9950 9952 10283
f 10283 9952 10284
f 9952 9946 10284
f 10284 9946 10285
f 9946 9945 10285
f 10282 10286 9945
f 10286 10287 9945
f 9945 10287 10285
f 10287 10288 10285
f 10285 10288 10289
f 10288 10290 10289
f 9944 9938 9942
f 9938 9937 9942
f 9942 9937 10291
f 9937 10292 10291
f 10291 10292 10293
f 10292 10294 10293
f 10293 10294 10295
f 10294 10296 10295
f 10295 10296 10297
f 10296 10298 10297
f 10297 10298 10299
f 10298 10300 10299
f 10299 10300 10301
f 10300 10302 10301
f 10301 10302 10303
f 10302 10304 10303
f 10161 10304 10160
f 10304 10302 10160
f 10160 10302 10159
f 10302 10300 10159
f 10159 10300 10158
f 10300 10298 10158
f 10158 10298 10157
f 10298 10296 10157
f 10157 10296 10156
f 10296 10294 10156
f 10156 10294 10155
f 10294 10292 10155
f 10155 10292 10154
f 10292 9937 10154
f 10154 9937 10153
f 9937 9939 10153
f 10153 9939 9936
f 9939 9941 9936
f 9936 9941 6803
f 10290 10211 10289
f 10211 10209 10289
f 10289 10209 10285
f 10209 10208 10285
f 10285 10208 10284
f 10208 9856 10284
f 10284 9856 10283
f 9856 9855 10283
f 10283 9855 9956
f 9855 9859 9956
f 9956 9859 9833
f 9859 9858 9833
f 9833 9858 10280
f 9858 10186 10280
f 10280 10186 10281
f 10186 9866 10281
f 10281 9866 10183
f 9866 9865 10183
f 10183 9865 9987
f 9865 10185 9987
f 9987 10185 9985
f 10185 10184 9985
f 6836 6841 10064
f 6841 10063 10064
f 10064 10063 10178
f 10063 10060 10178
f 10178 10060 10177
f 10060 10059 10177
f 10177 10059 10176
f 10059 10265 10176
f 10176 10265 10170
f 10265 10264 10170
f 10170 10264 10266
f 10264 10056 10266
f 10266 10056 10267
f 10056 9839 10267
f 10267 9839 10268
f 9839 10247 10268
f 10268 10247 10269
f 10247 10243 10269
f 10269 10243 9841
f 10243 10242 9841
f 9841 10242 9842
f 10242 10241 9842
f 9842 10241 10234
f 10241 10227 10234
f 10234 10227 10231
f 10227 10223 10231
f 10231 10223 10230
f 10223 10221 10230
f 10230 10221 10152
f 10221 10219 10152
f 10152 10219 10150
f 10219 10217 10150
f 10150 10217 10139
f 10217 10216 10139
f 10139 10216 10140
f 10216 9846 10140
f 10140 9846 10161
f 9846 9845 10161
f 10161 9845 10304
f 9845 9848 10304
f 10304 9848 10303
f 9848 10211 10303
f 10303 10211 10301
f 10211 10290 10301
f 10301 10290 10299
f 10290 10288 10299
f 10299 10288 10297
f 10288 10287 10297
f 10297 10287 10295
f 10287 10286 10295
f 10295 10286 10293
f 10286 10282 10293
f 10293 10282 10291
f 10282 9921 10291
f 10291 9921 9942
f 9921 10305 9942
f 9942 10305 9943
f 10306 10307 10308
f 10309 10310 10311
f 10312 10313 10314
f 10313 10315 10314
f 10316 10317 10318
f 10319 10320 10321
f 10322 10323 10324
f 10325 10326 10327
f 8917 8916 10328
f 8897 8896 10329
f 8868 8867 10306
f 10330 10331 10332
f 10330 10332 10333
f 10334 10335 10336
f 10335 10337 10336
f 10336 10337 10332
f 10337 10338 10332
f 10332 10338 10333
f 10339 9604 10340
f 9604 10341 10340
f 10340 10341 10336
f 10341 10342 10336
f 10336 10342 10334
f 10343 9432 10339
f 9432 9431 10339
f 10339 9431 9604
f 10344 9598 10343
f 9598 9603 10343
f 10343 9603 9602
f 9602 9600 10343
f 9600 9599 10343
f 10343 9599 9432
f 10345 9434 9777
f 10345 9777 10344
f 9777 9776 10344
f 10344 9776 9595
f 9595 9594 10344
f 9594 9596 10344
f 10344 9596 9598
f 9434 10345 9435
f 10345 10346 9435
f 9435 10346 9592
f 9586 9584 10346
f 9584 9583 10346
f 10346 9583 9592
f 9580 9437 10347
f 9437 9589 10347
f 10347 9589 9588
f 9579 9577 10306
f 9577 9575 10306
f 10306 9575 10307
f 9575 9582 10307
f 10307 9582 9581
f 9579 10306 9442
f 10306 8867 9442
f 9442 8867 9440
f 8867 8863 9440
f 9440 8863 8862
f 8915 8914 10348
f 8914 8913 10348
f 8911 8912 10349
f 8912 8915 10349
f 10350 8849 8848
f 10351 10352 10353
f 10352 8909 10353
f 10353 8909 10350
f 8909 8908 10350
f 10350 8908 8849
f 10354 8906 8905
f 10355 8903 10354
f 8903 8907 10354
f 10354 8907 8906
f 8899 8902 10356
f 8902 8901 10356
f 10356 8901 10355
f 8901 8900 10355
f 10355 8900 8903
f 8899 10356 8851
f 10356 10357 8851
f 8851 10357 8852
f 8896 8895 10329
f 8895 8894 10329
f 10329 8894 10357
f 8894 8893 10357
f 10357 8893 8852
f 8897 10329 8898
f 10329 10358 8898
f 8898 10358 8854
f 10359 8890 10358
f 8890 8855 10358
f 10358 8855 8854
f 8888 8889 10360
f 8889 8892 10360
f 10360 8892 10359
f 8892 8891 10359
f 10359 8891 8890
f 8888 10360 8882
f 10360 10361 8882
f 8882 10361 8883
f 10362 8885 10361
f 8885 8884 10361
f 10361 8884 8883
f 8994 8881 10362
f 8881 8880 10362
f 8880 8887 10362
f 8887 8886 10362
f 10362 8886 8885
f 9005 8992 10362
f 8992 8991 10362
f 10362 8991 8994
f 9007 9006 10363
f 8917 10328 8976
f 8989 8988 10364
f 8988 8987 10364
f 8980 8982 10365
f 8982 8984 10365
f 10365 8984 8985
f 10366 8977 8979
f 8972 8969 10367
f 8969 8968 10367
f 8970 8971 10368
f 8971 10369 10368
f 10370 10371 10372
f 10371 10373 10372
f 10372 10373 10369
f 10373 10374 10369
f 10369 10374 10368
f 10327 10326 10372
f 10326 10375 10372
f 10372 10375 10370
f 10376 10377 10327
f 10377 10378 10327
f 10327 10378 10325
f 10379 10380 10381
f 10380 10382 10381
f 10381 10382 10376
f 10382 10383 10376
f 10376 10383 10377
f 10324 10323 10381
f 10323 10384 10381
f 10381 10384 10379
f 10385 10386 10387
f 10386 10388 10387
f 10389 10390 10391
f 10390 10392 10391
f 10393 10394 10395
f 10394 10396 10395
f 10397 10398 10399
f 10398 10400 10399
f 10401 10402 10403
f 10402 10404 10403
f 10405 10406 10407
f 10406 10408 10407
f 10409 10410 10411
f 10410 10412 10411
f 8979 8980 10366
f 8980 10365 10366
f 10366 10365 10413
f 10318 10317 10414
f 10317 10415 10414
f 10414 10415 10416
f 10417 10418 10419
f 10418 10420 10419
f 10415 10420 10416
f 10420 10418 10416
f 10416 10418 10421
f 10418 10417 10421
f 10421 10417 10422
f 10417 10315 10422
f 10423 10324 10424
f 10324 10381 10424
f 10424 10381 10425
f 10381 10376 10425
f 10425 10376 10426
f 10376 10327 10426
f 10426 10327 10427
f 10327 10372 10427
f 10427 10372 10428
f 10372 10369 10428
f 10428 10369 10367
f 10369 8971 10367
f 10367 8971 8972
f 10429 10310 10430
f 10310 10309 10430
f 10430 10309 10431
f 10417 10432 10315
f 10432 10431 10315
f 10315 10431 10314
f 10431 10309 10314
f 10314 10309 10312
f 10309 10311 10312
f 10311 10433 10312
f 10433 10434 10312
f 10312 10434 10313
f 10434 10435 10313
f 10313 10435 10315
f 10435 10436 10315
f 10315 10436 10422
f 10436 10437 10422
f 10422 10437 10421
f 10437 10438 10421
f 10421 10438 10416
f 10438 10439 10416
f 10416 10439 10414
f 10439 10440 10414
f 10414 10440 10318
f 10433 10441 10434
f 10441 10442 10434
f 10434 10442 10435
f 10442 10443 10435
f 10435 10443 10436
f 10443 10444 10436
f 10436 10444 10437
f 10444 10445 10437
f 10437 10445 10438
f 10445 10446 10438
f 10438 10446 10439
f 10446 10447 10439
f 10439 10447 10440
f 10447 10413 10440
f 10440 10413 10318
f 10413 10365 10318
f 10318 10365 10316
f 10365 8985 10316
f 10441 10448 10442
f 10448 10423 10442
f 10442 10423 10443
f 10423 10424 10443
f 10443 10424 10444
f 10424 10425 10444
f 10444 10425 10445
f 10425 10426 10445
f 10445 10426 10446
f 10426 10427 10446
f 10446 10427 10447
f 10427 10428 10447
f 10447 10428 10413
f 10428 10367 10413
f 10413 10367 10366
f 10367 8968 10366
f 10366 8968 8977
f 10401 10393 10402
f 10393 10395 10402
f 10402 10395 10449
f 10449 10450 10402
f 10450 10399 10402
f 10402 10399 10404
f 10399 10400 10404
f 10343 10451 10344
f 10451 10452 10344
f 10344 10452 10345
f 10452 10453 10345
f 10345 10453 10346
f 10408 10397 10407
f 10397 10399 10407
f 10407 10399 10454
f 10399 10450 10454
f 10454 10450 10455
f 10409 10405 10410
f 10405 10407 10410
f 10410 10407 10456
f 10407 10454 10456
f 10456 10454 10457
f 10454 10455 10457
f 10457 10455 10458
f 10459 10458 10460
f 10458 10455 10460
f 10460 10455 10461
f 10455 10450 10461
f 10461 10450 10462
f 10450 10449 10462
f 10462 10449 10463
f 10449 10395 10463
f 10463 10395 10391
f 10395 10396 10391
f 10391 10396 10389
f 10331 10412 10332
f 10412 10410 10332
f 10332 10410 10336
f 10410 10456 10336
f 10336 10456 10340
f 10456 10457 10340
f 10340 10457 10339
f 10457 10458 10339
f 10339 10458 10343
f 10458 10459 10343
f 10343 10459 10451
f 10464 10465 10466
f 10465 10429 10466
f 10466 10353 10464
f 10353 10350 10464
f 10464 10350 10349
f 10350 8848 10349
f 10349 8848 8911
f 10320 10467 10321
f 10467 10468 10321
f 10321 10468 10469
f 10468 10470 10469
f 10469 10470 10471
f 10470 10472 10471
f 10471 10472 10473
f 10472 10474 10473
f 10473 10474 10475
f 10474 10476 10475
f 10475 10476 10477
f 10476 10478 10477
f 10477 10478 10479
f 10478 10480 10479
f 10479 10480 10481
f 10480 10482 10481
f 10481 10482 10483
f 10482 10484 10483
f 10483 10484 10485
f 10484 10486 10485
f 10485 10486 10308
f 10486 10348 10308
f 10308 10348 10306
f 10348 8913 10306
f 10306 8913 8868
f 9588 9586 10347
f 9586 10346 10347
f 10347 10346 10487
f 10346 10453 10487
f 10487 10453 10488
f 10453 10452 10488
f 10488 10452 10489
f 10452 10451 10489
f 10489 10451 10490
f 10451 10459 10490
f 10490 10459 10491
f 10459 10460 10491
f 10491 10460 10492
f 10460 10461 10492
f 10492 10461 10493
f 10461 10462 10493
f 10493 10462 10494
f 10462 10463 10494
f 10494 10463 10495
f 10463 10391 10495
f 10495 10391 10387
f 10391 10392 10387
f 10387 10392 10385
f 9581 9580 10307
f 9580 10347 10307
f 10307 10347 10308
f 10347 10487 10308
f 10308 10487 10485
f 10487 10488 10485
f 10485 10488 10483
f 10488 10489 10483
f 10483 10489 10481
f 10489 10490 10481
f 10481 10490 10479
f 10490 10491 10479
f 10479 10491 10477
f 10491 10492 10477
f 10477 10492 10475
f 10492 10493 10475
f 10475 10493 10473
f 10493 10494 10473
f 10473 10494 10471
f 10494 10495 10471
f 10471 10495 10469
f 10495 10387 10469
f 10469 10387 10321
f 10387 10388 10321
f 10321 10388 10319
f 8915 10348 10349
f 10348 10486 10349
f 10349 10486 10464
f 10486 10484 10464
f 10464 10484 10465
f 10484 10482 10465
f 10465 10482 10429
f 10482 10480 10429
f 10429 10480 10310
f 10480 10478 10310
f 10310 10478 10311
f 10478 10476 10311
f 10311 10476 10433
f 10476 10474 10433
f 10433 10474 10441
f 10474 10472 10441
f 10441 10472 10448
f 10472 10470 10448
f 10448 10470 10423
f 10470 10468 10423
f 10423 10468 10324
f 10468 10467 10324
f 10324 10467 10322
f 10496 10497 10498
f 10497 10499 10498
f 10498 10499 10500
f 10499 10501 10500
f 10500 10501 10363
f 10501 10328 10363
f 10363 10328 9007
f 10328 8916 9007
f 10496 10502 10497
f 10502 10503 10497
f 10497 10503 10499
f 10503 10504 10499
f 10499 10504 10501
f 10504 10505 10501
f 10501 10505 10328
f 10505 10364 10328
f 10328 10364 8976
f 10364 8987 8976
f 10354 10506 10355
f 10506 10507 10355
f 10355 10507 10356
f 10507 10508 10356
f 10356 10508 10357
f 10508 10509 10357
f 10357 10509 10329
f 10509 10510 10329
f 10329 10510 10358
f 10510 10502 10358
f 10358 10502 10359
f 10502 10496 10359
f 10359 10496 10360
f 10496 10498 10360
f 10360 10498 10361
f 10498 10500 10361
f 10361 10500 10362
f 10500 10363 10362
f 10362 10363 9005
f 10363 9006 9005
f 8985 8989 10316
f 8989 10364 10316
f 10316 10364 10317
f 10364 10505 10317
f 10317 10505 10415
f 10505 10504 10415
f 10415 10504 10420
f 10504 10503 10420
f 10420 10503 10419
f 10503 10502 10419
f 10419 10502 10417
f 10502 10510 10417
f 10417 10510 10432
f 10510 10509 10432
f 10432 10509 10431
f 10509 10508 10431
f 10431 10508 10430
f 10508 10507 10430
f 10430 10507 10429
f 10507 10506 10429
f 10429 10506 10466
f 10506 10354 10466
f 10466 10354 10353
f 10354 8905 10353
f 10353 8905 10351
f 10511 10512 10513
f 10513 10514 10515
f 10511 10513 10516
f 10515 10517 10513
f 10517 10518 10513
f 10513 10518 10516
f 10519 10520 10521
f 10520 10522 10521
f 10521 10522 10523
f 10522 10524 10523
f 10523 10524 10525
f 10526 10527 10528
f 10528 10527 10529
f 10530 10531 10532
f 10527 10533 10529
f 10533 10534 10529
f 10529 10534 10532
f 10534 10535 10532
f 10532 10535 10530
f 10526 10528 10536
f 10528 10537 10536
f 10536 10537 10538
f 10539 10540 10541
f 10539 10541 10537
f 10541 10542 10537
f 10537 10542 10543
f 10543 10544 10537
f 10544 10545 10537
f 10537 10545 10538
f 10546 10547 10548
f 10547 10540 10548
f 10548 10540 10539
f 10549 10550 10551
f 10550 10552 10551
f 10551 10552 10548
f 10552 10553 10548
f 10548 10553 10546
f 10554 10555 10556
f 10556 10557 10554
f 10557 10558 10554
f 10554 10558 10549
f 10558 10559 10549
f 10549 10559 10550
f 10560 10561 10562
f 10563 10556 10555
f 10562 10561 10555
f 10561 10564 10555
f 10555 10564 10563
f 10565 10566 10567
f 10565 10567 10562
f 10567 10568 10562
f 10562 10568 10560
f 10569 10570 10565
f 10570 10566 10565
f 10571 10572 10573
f 10572 10574 10573
f 10573 10574 10575
f 10574 10576 10575
f 10575 10576 10577
f 10578 10579 10580
f 10580 10581 10578
f 10581 10582 10578
f 10578 10582 10576
f 10582 10583 10576
f 10576 10583 10577
f 10584 10585 10586
f 10585 10587 10586
f 10586 10587 10588
f 10589 10590 10591
f 10590 10592 10591
f 10591 10592 10587
f 10592 10593 10587
f 10587 10593 10588
f 10594 10595 10596
f 10595 10597 10596
f 10596 10597 10591
f 10597 10598 10591
f 10591 10598 10589
f 10599 10600 10601
f 10601 10602 10599
f 10602 10603 10599
f 10599 10603 10604
f 10604 10605 10599
f 10605 10606 10599
f 10599 10606 10596
f 10606 10607 10596
f 10596 10607 10594
f 10600 10599 10608
f 10599 10609 10608
f 9236 9235 10609
f 9235 10610 10609
f 10609 10610 10608
f 10610 10611 10608
f 10608 10611 10612
f 10611 10613 10612
f 10612 10613 10614
f 10614 10613 10615
f 10613 10616 10615
f 10615 10616 10617
f 10616 10618 10617
f 10617 10618 10619
f 10614 10615 10620
f 10615 10621 10620
f 10620 10621 10622
f 10623 10624 10625
f 10624 10626 10625
f 10625 10626 10621
f 10626 10627 10621
f 10621 10627 10622
f 10628 10629 10630
f 10629 10631 10630
f 10630 10631 10632
f 10631 10633 10632
f 10632 10633 10623
f 10633 10634 10623
f 10623 10634 10624
f 10635 10636 10637
f 10636 10638 10637
f 10637 10638 10639
f 10638 10640 10639
f 10639 10640 10630
f 10640 10641 10630
f 10630 10641 10628
f 10642 10643 10644
f 10642 10644 10645
f 10644 10646 10645
f 10646 10647 10645
f 10645 10647 10637
f 10647 10648 10637
f 10637 10648 10635
f 10649 10650 10651
f 10652 10653 10654
f 10652 10655 10653
f 10655 10656 10653
f 10653 10656 10657
f 10658 10659 10660
f 10659 10661 10660
f 10660 10661 10662
f 10661 10663 10662
f 10662 10663 10664
f 10663 10665 10664
f 10664 10665 10654
f 10665 10666 10654
f 10654 10666 10652
f 10660 10667 10658
f 10667 9396 10658
f 10658 9396 10668
f 9396 10669 10668
f 10668 10669 10670
f 10671 10672 10673
f 10672 10674 10673
f 10673 10674 10669
f 10674 10675 10669
f 10669 10675 10670
f 10676 10677 10678
f 10677 10679 10678
f 10678 10679 10671
f 10679 10680 10671
f 10671 10680 10672
f 10676 10681 10677
f 10681 10682 10677
f 10677 10682 10683
f 10682 10684 10683
f 10683 10684 10685
f 10684 10686 10685
f 10685 10686 10687
f 10687 10686 10688
f 10686 9477 10688
f 10688 9477 10689
f 9477 9485 10689
f 10689 9485 10690
f 10691 10692 10693
f 10692 10694 10693
f 10693 10694 10695
f 10694 10690 10695
f 10695 10690 10696
f 10690 9485 10696
f 10697 10698 10699
f 10699 10698 10700
f 10698 10701 10700
f 10700 10701 10702
f 10701 10703 10702
f 10702 10703 10691
f 10703 10704 10691
f 10691 10704 10692
f 10699 10705 10697
f 10705 10706 10697
f 10697 10706 10707
f 10706 10708 10707
f 10707 10708 10709
f 10708 10710 10709
f 10708 10711 10710
f 10711 10712 10710
f 10710 10712 10651
f 10712 10713 10651
f 10651 10713 10649
f 10714 10715 10716
f 10717 10718 10719
f 10720 10721 10722
f 10334 10342 10723
f 10724 9395 10725
f 10662 10724 10726
f 10724 10725 10726
f 10726 10725 10667
f 10725 9396 10667
f 10716 10727 9389
f 10716 9389 10724
f 9389 9388 10724
f 10724 9388 9395
f 10727 10716 9392
f 10716 10719 9392
f 9392 10719 9387
f 9387 10719 10728
f 10719 10729 10728
f 10728 10729 10730
f 9611 10731 10732
f 10731 9613 10732
f 10732 9613 10729
f 9613 9612 10729
f 10729 9612 10730
f 10723 10733 10734
f 9604 9605 10341
f 9605 10342 10341
f 10342 9605 10723
f 9605 9606 10723
f 10723 9606 10733
f 10334 10723 10335
f 10723 10722 10335
f 10335 10722 10337
f 10721 10735 10722
f 10735 10736 10722
f 10722 10736 10337
f 10736 10737 10337
f 10337 10737 10338
f 10737 10333 10338
f 10738 10739 10740
f 10739 10732 10740
f 10740 10732 10741
f 10732 10729 10741
f 10741 10729 10742
f 10719 10718 10729
f 10718 10743 10729
f 10729 10743 10742
f 10716 10715 10719
f 10715 10744 10719
f 10719 10744 10717
f 10714 10716 10745
f 10716 10724 10745
f 10745 10724 10746
f 10747 10748 10654
f 10748 10749 10654
f 10654 10749 10664
f 10664 10750 10662
f 10750 10751 10662
f 10662 10751 10724
f 10751 10752 10724
f 10724 10752 10746
f 10734 9611 10723
f 9611 10732 10723
f 10723 10732 10722
f 10732 10739 10722
f 10722 10739 10720
f 10739 10738 10720
f 10753 10754 10755
f 10756 10757 10758
f 10643 10642 10759
f 10642 10756 10759
f 10759 10756 10760
f 10756 10758 10760
f 10761 10762 10763
f 10764 10761 10756
f 10761 10763 10756
f 10756 10763 10757
f 10763 10765 10757
f 10757 10765 10766
f 10765 10767 10766
f 10766 10767 10768
f 10767 10769 10768
f 10768 10769 10770
f 10770 10769 10771
f 10769 10772 10771
f 10771 10772 10773
f 10773 10774 10771
f 10774 10775 10771
f 10771 10775 10776
f 10775 10777 10776
f 10778 10779 10780
f 10779 10781 10780
f 10780 10781 10782
f 10781 10783 10782
f 10782 10783 10784
f 10783 10785 10784
f 10784 10785 10786
f 10785 10787 10786
f 10786 10787 10788
f 10787 10789 10788
f 10788 10789 10790
f 10789 10791 10790
f 10790 10791 10777
f 10791 10792 10777
f 10777 10792 10776
f 10793 10794 10795
f 10780 10796 10778
f 10796 10797 10778
f 10778 10797 10798
f 10797 10799 10798
f 10798 10799 10800
f 10799 10801 10800
f 10800 10801 10802
f 10801 10793 10802
f 10802 10793 10803
f 10793 10795 10803
f 10793 10804 10794
f 10804 10805 10794
f 10794 10805 10806
f 10805 10807 10806
f 10806 10807 10808
f 10807 10809 10808
f 10809 10807 10810
f 10807 10811 10810
f 10810 10811 10812
f 10811 10813 10812
f 10812 10813 10814
f 10813 10815 10814
f 10814 10815 10816
f 10815 10817 10816
f 10816 10817 10818
f 10819 10820 10817
f 10820 10821 10817
f 10817 10821 10818
f 10822 10823 10824
f 10823 10825 10824
f 10824 10825 10819
f 10825 10826 10819
f 10819 10826 10820
f 10824 10827 10822
f 10827 10828 10822
f 10822 10828 10829
f 10828 10830 10829
f 10831 10832 10833
f 10832 10834 10833
f 10833 10834 10835
f 10834 10836 10835
f 10835 10836 10837
f 10836 10838 10837
f 10837 10838 10828
f 10838 10839 10828
f 10828 10839 10830
f 10840 10841 10842
f 10841 10843 10842
f 10842 10843 10844
f 10843 10845 10844
f 10844 10845 10831
f 10845 10846 10831
f 10831 10846 10832
f 10847 10848 10849
f 10848 10850 10849
f 10849 10850 10851
f 10847 10852 10848
f 10852 10853 10848
f 10848 10853 10842
f 10853 10854 10842
f 10842 10854 10840
f 10851 10850 10855
f 10850 10856 10855
f 10855 10856 10857
f 10858 10859 10860
f 10859 10755 10860
f 10860 10755 10861
f 10755 10754 10861
f 10858 10862 10859
f 10862 10863 10859
f 10859 10863 10856
f 10863 10864 10856
f 10856 10864 10857
f 10865 10866 10867
f 10866 10868 10867
f 10867 10868 10869
f 10869 10870 10867
f 10870 10871 10867
f 10867 10871 10755
f 10871 10872 10755
f 10755 10872 10753
f 10873 10874 10875
f 10876 10877 10878
f 10877 10879 10878
f 10878 10879 10880
f 10879 10881 10880
f 10880 10881 10882
f 10881 10883 10882
f 10882 10883 10875
f 10883 10884 10875
f 10875 10884 10873
f 10878 10885 10876
f 10885 10886 10876
f 10876 10886 10887
f 10886 10888 10887
f 10887 10888 10889
f 10889 10888 10890
f 10888 10891 10890
f 10890 10891 10892
f 10891 10893 10892
f 10892 10893 10894
f 10893 10895 10894
f 10894 10895 10896
f 10895 10897 10896
f 10896 10897 10898
f 10897 10899 10898
f 10898 10899 10900
f 10899 10901 10900
f 10900 10901 10902
f 10901 10903 10902
f 10902 10903 10904
f 10903 10905 10904
f 10904 10905 10906
f 10905 10907 10906
f 10906 10907 10908
f 10909 10910 10911
f 10910 10908 10911
f 10911 10908 10912
f 10908 10907 10912
f 10913 10914 10915
f 10916 10917 10918
f 10919 10920 10921
f 10920 10922 10921
f 10921 10922 10923
f 10922 10533 10923
f 10924 10925 10926
f 10925 10927 10926
f 10926 10927 10922
f 10927 10534 10922
f 10922 10534 10533
f 10919 10928 10920
f 10928 10929 10920
f 10920 10929 10930
f 10929 10931 10930
f 10931 10932 10930
f 10930 10932 10933
f 10932 10934 10933
f 10934 10935 10933
f 10933 10935 10936
f 10937 10938 10939
f 10938 10936 10939
f 10939 10936 10940
f 10936 10935 10940
f 10937 10941 10938
f 10941 10942 10938
f 10938 10942 10943
f 10942 10944 10943
f 10944 10945 10943
f 10943 10945 10946
f 10945 10947 10946
f 10947 10948 10946
f 10946 10948 10918
f 10948 10949 10918
f 10918 10949 10916
f 10917 10950 10951
f 10950 10952 10951
f 10951 10952 10953
f 10954 10918 10955
f 10918 10917 10955
f 10955 10917 10956
f 10917 10951 10956
f 10956 10951 10957
f 10958 10959 10960
f 10959 10961 10960
f 10962 10963 10964
f 10963 10965 10964
f 10964 10965 10961
f 10965 10966 10961
f 10961 10966 10960
f 10964 10913 10962
f 10913 10915 10962
f 10962 10915 10967
f 10915 10953 10967
f 10967 10953 10968
f 10953 10952 10968
f 10969 10970 10971
f 10970 10972 10971
f 10971 10972 10973
f 10973 10972 10974
f 10972 10975 10974
f 10974 10975 10976
f 10975 10977 10976
f 10976 10977 10958
f 10977 10978 10958
f 10958 10978 10959
f 10910 10909 10979
f 10910 10979 10980
f 10979 10981 10980
f 10980 10981 10982
f 10981 10983 10982
f 10982 10983 10984
f 10983 10985 10984
f 10984 10985 10986
f 10985 10987 10986
f 10986 10987 10988
f 10987 10989 10988
f 10988 10989 10990
f 10989 10991 10990
f 10990 10991 10992
f 10991 10993 10992
f 10992 10993 10969
f 10993 10994 10969
f 10969 10994 10970
f 10995 10996 10997
f 10996 10998 10997
f 10997 10998 10999
f 11000 11001 11002
f 11001 11003 11002
f 10874 10873 11004
f 10873 11005 11004
f 11004 11005 11006
f 11005 11002 11006
f 11006 11002 11007
f 11002 11008 11007

