# https://github.com/mikedh/trimesh
v -0.01837353 0.03826104 0.09774681
v -0.01839646 0.03819358 0.09500001
v -0.01826949 0.03856717 0.09768247
v -0.01813397 0.03884172 0.09759925
v -0.01809675 0.03891712 0.09757640
v -0.01809675 0.03891712 0.09500001
v -0.01767555 0.03946604 0.09735961
v -0.01762000 0.03953844 0.09500001
v -0.01762000 0.03953844 0.09733101
v -0.01699868 0.04001520 0.09500001
v -0.01713318 0.03992523 0.09718014
v -0.01732729 0.03979539 0.09722435
v -0.01627514 0.04031490 0.09500001
v -0.01664614 0.04018900 0.09712288
v -0.01699868 0.04001520 0.09714950
v -0.01549868 0.04041712 0.09500001
v -0.01588523 0.04039211 0.09722486
v -0.01627514 0.04031490 0.09714950
v -0.01472222 0.04031490 0.09500001
v -0.01540820 0.04040521 0.09735961
v -0.01549868 0.04041712 0.09733101
v -0.01406262 0.04004668 0.09774679
v -0.01435429 0.04019028 0.09768204
v -0.01399868 0.04001520 0.09500001
v -0.01464257 0.04028792 0.09759927
v -0.01472222 0.04031490 0.09757640
v -0.01337736 0.03953844 0.09500001
v -0.01359767 0.03973793 0.09780001
v -0.01399868 0.04001520 0.09776099
v -0.01839646 0.03819358 0.09776099
v -0.01848396 0.03771397 0.09780001
v -0.01849868 0.03741712 0.09500001
v -0.01849868 0.03741712 0.09780001
v -0.01839646 0.03664066 0.09500001
v -0.01839646 0.03664066 0.09780001
v -0.01809675 0.03591712 0.09500001
v -0.01809675 0.03591712 0.09780001
v -0.01762000 0.03529580 0.09500001
v -0.01762000 0.03529580 0.09780001
v -0.01699868 0.03481904 0.09500001
v -0.01699868 0.03481904 0.09780001
v -0.01627514 0.03451934 0.09500001
v -0.01627514 0.03451934 0.09780001
v -0.01549868 0.03441712 0.09500001
v -0.01549868 0.03441712 0.09780001
v -0.01472222 0.03451934 0.09500001
v -0.01472222 0.03451934 0.09780001
v -0.01399868 0.03481904 0.09500001
v -0.01399868 0.03481904 0.09780001
v -0.01337736 0.03529580 0.09500001
v -0.01337736 0.03529580 0.09780001
v -0.01290060 0.03591712 0.09500001
v -0.01290060 0.03591712 0.09780001
v -0.01260090 0.03664066 0.09500001
v -0.01260090 0.03664066 0.09780001
v -0.01249868 0.03741712 0.09500001
v -0.01249868 0.03741712 0.09780001
v -0.01260090 0.03819358 0.09500001
v -0.01260090 0.03819358 0.09780001
v -0.01290060 0.03891712 0.09500001
v -0.01290060 0.03891712 0.09780001
v -0.01337736 0.03953844 0.09780001
v 0.01435263 0.04018959 0.09768247
v 0.01406260 0.04004669 0.09774681
v 0.01399868 0.04001520 0.09500001
v 0.01588735 0.04039184 0.09722435
v 0.01549868 0.04041712 0.09733101
v 0.01549868 0.04041712 0.09500001
v 0.01540820 0.04040521 0.09735961
v 0.01472222 0.04031490 0.09500001
v 0.01472222 0.04031490 0.09757640
v 0.01464259 0.04028790 0.09759925
v 0.01627514 0.04031490 0.09714950
v 0.01627514 0.04031490 0.09500001
v 0.01664732 0.04018852 0.09712288
v 0.01699868 0.04001520 0.09500001
v 0.01699868 0.04001520 0.09714950
v 0.01713315 0.03992518 0.09718017
v 0.01762000 0.03953844 0.09500001
v 0.01732898 0.03979409 0.09722486
v 0.01809675 0.03891712 0.09500001
v 0.01767555 0.03946604 0.09735961
v 0.01762000 0.03953844 0.09733101
v 0.01837350 0.03826105 0.09774679
v 0.01826880 0.03856884 0.09768204
v 0.01839646 0.03819358 0.09500001
v 0.01813400 0.03884172 0.09759927
v 0.01809675 0.03891712 0.09757640
v 0.01849868 0.03741712 0.09500001
v 0.01848396 0.03771397 0.09780001
v 0.01839646 0.03819358 0.09776099
v 0.01399868 0.04001520 0.09776099
v 0.01359767 0.03973793 0.09780001
v 0.01337736 0.03953844 0.09500001
v 0.01337736 0.03953844 0.09780001
v 0.01290060 0.03891712 0.09500001
v 0.01290060 0.03891712 0.09780001
v 0.01260090 0.03819358 0.09500001
v 0.01260090 0.03819358 0.09780001
v 0.01249868 0.03741712 0.09500001
v 0.01249868 0.03741712 0.09780001
v 0.01260090 0.03664066 0.09500001
v 0.01260090 0.03664066 0.09780001
v 0.01290060 0.03591712 0.09500001
v 0.01290060 0.03591712 0.09780001
v 0.01337736 0.03529580 0.09500001
v 0.01337736 0.03529580 0.09780001
v 0.01399868 0.03481904 0.09500001
v 0.01399868 0.03481904 0.09780001
v 0.01472222 0.03451934 0.09500001
v 0.01472222 0.03451934 0.09780001
v 0.01549868 0.03441712 0.09500001
v 0.01549868 0.03441712 0.09780001
v 0.01627514 0.03451934 0.09500001
v 0.01627514 0.03451934 0.09780001
v 0.01699868 0.03481904 0.09500001
v 0.01699868 0.03481904 0.09780001
v 0.01762000 0.03529580 0.09500001
v 0.01762000 0.03529580 0.09780001
v 0.01809675 0.03591712 0.09500001
v 0.01809675 0.03591712 0.09780001
v 0.01839646 0.03664066 0.09500001
v 0.01839646 0.03664066 0.09780001
v 0.01849868 0.03741712 0.09780001
v 0.03856717 0.01826948 0.09768247
v 0.03826104 0.01837352 0.09774680
v 0.03819358 0.01839646 0.09500000
v 0.03979539 0.01732728 0.09722434
v 0.03953844 0.01762000 0.09733101
v 0.03953844 0.01762000 0.09500000
v 0.03946604 0.01767555 0.09735960
v 0.03891712 0.01809675 0.09500000
v 0.03891712 0.01809675 0.09757639
v 0.03884172 0.01813397 0.09759924
v 0.04001520 0.01699868 0.09714950
v 0.04001520 0.01699868 0.09500000
v 0.04018900 0.01664613 0.09712288
v 0.04031490 0.01627514 0.09500000
v 0.04031490 0.01627514 0.09714949
v 0.04039211 0.01588523 0.09722485
v 0.04041712 0.01549868 0.09500000
v 0.04041712 0.01549868 0.09733101
v 0.04040521 0.01540820 0.09735960
v 0.04031490 0.01472222 0.09500000
v 0.04034389 0.01494246 0.09750679
v 0.04004668 0.01406262 0.09774678
v 0.04019028 0.01435428 0.09768203
v 0.04001520 0.01399868 0.09500000
v 0.04028792 0.01464256 0.09759926
v 0.04031490 0.01472222 0.09757639
v 0.03953844 0.01337736 0.09500000
v 0.03973793 0.01359766 0.09780000
v 0.04001520 0.01399868 0.09776098
v 0.03819358 0.01839645 0.09776098
v 0.03771397 0.01848395 0.09780000
v 0.03741712 0.01849868 0.09500000
v 0.03741712 0.01849868 0.09780000
v 0.03664066 0.01839646 0.09500000
v 0.03664066 0.01839645 0.09780000
v 0.03591712 0.01809675 0.09500000
v 0.03591712 0.01809675 0.09780000
v 0.03529580 0.01762000 0.09500000
v 0.03529580 0.01762000 0.09780000
v 0.03481904 0.01699868 0.09500000
v 0.03481904 0.01699868 0.09780000
v 0.03451934 0.01627514 0.09500000
v 0.03451934 0.01627514 0.09780000
v 0.03441712 0.01549868 0.09500000
v 0.03441712 0.01549868 0.09780000
v 0.03451934 0.01472222 0.09500000
v 0.03451934 0.01472222 0.09780000
v 0.03481904 0.01399868 0.09500000
v 0.03481904 0.01399868 0.09780000
v 0.03529580 0.01337736 0.09500000
v 0.03529580 0.01337736 0.09780000
v 0.03591712 0.01290060 0.09500000
v 0.03591712 0.01290060 0.09780000
v 0.03664066 0.01260089 0.09500000
v 0.03664066 0.01260089 0.09780000
v 0.03741712 0.01249868 0.09500000
v 0.03741712 0.01249868 0.09780000
v 0.03819358 0.01260089 0.09500000
v 0.03819358 0.01260089 0.09780000
v 0.03891712 0.01290060 0.09500000
v 0.03891712 0.01290060 0.09780000
v 0.03953844 0.01337736 0.09780000
v 0.04034389 -0.01494248 0.09750679
v 0.04031490 -0.01472223 0.09757639
v 0.04031490 -0.01472223 0.09500000
v 0.04018959 -0.01435264 0.09768246
v 0.04004669 -0.01406261 0.09774680
v 0.04001520 -0.01399869 0.09500000
v 0.04028790 -0.01464260 0.09759924
v 0.04040521 -0.01540821 0.09735960
v 0.04041712 -0.01549869 0.09500000
v 0.04041712 -0.01549869 0.09733100
v 0.04001520 -0.01699869 0.09500000
v 0.04018852 -0.01664733 0.09712287
v 0.04031490 -0.01627515 0.09500000
v 0.04031490 -0.01627515 0.09714949
v 0.04039184 -0.01588736 0.09722434
v 0.03953844 -0.01762001 0.09500000
v 0.03979409 -0.01732899 0.09722485
v 0.04001520 -0.01699869 0.09714949
v 0.03891712 -0.01809676 0.09500000
v 0.03946604 -0.01767556 0.09735960
v 0.03953844 -0.01762001 0.09733100
v 0.03826105 -0.01837351 0.09774678
v 0.03856884 -0.01826881 0.09768203
v 0.03819358 -0.01839647 0.09500000
v 0.03884172 -0.01813401 0.09759926
v 0.03891712 -0.01809676 0.09757639
v 0.03741712 -0.01849869 0.09500000
v 0.03771397 -0.01848397 0.09780000
v 0.03819358 -0.01839647 0.09776098
v 0.04001520 -0.01399869 0.09776098
v 0.03973793 -0.01359768 0.09780000
v 0.03953844 -0.01337737 0.09500000
v 0.03953844 -0.01337737 0.09780000
v 0.03891712 -0.01290061 0.09500000
v 0.03891712 -0.01290061 0.09780000
v 0.03819358 -0.01260091 0.09500000
v 0.03819358 -0.01260091 0.09780000
v 0.03741712 -0.01249869 0.09500000
v 0.03741712 -0.01249869 0.09780000
v 0.03664066 -0.01260091 0.09500000
v 0.03664066 -0.01260091 0.09780000
v 0.03591712 -0.01290061 0.09500000
v 0.03591712 -0.01290061 0.09780000
v 0.03529580 -0.01337737 0.09500000
v 0.03529580 -0.01337737 0.09780000
v 0.03481904 -0.01399869 0.09500000
v 0.03481904 -0.01399869 0.09780000
v 0.03451934 -0.01472223 0.09500000
v 0.03451934 -0.01472223 0.09780000
v 0.03441712 -0.01549869 0.09500000
v 0.03441712 -0.01549869 0.09780000
v 0.03451934 -0.01627515 0.09500000
v 0.03451934 -0.01627515 0.09780000
v 0.03481904 -0.01699869 0.09500000
v 0.03481904 -0.01699869 0.09780000
v 0.03529580 -0.01762001 0.09500000
v 0.03529580 -0.01762001 0.09780000
v 0.03591712 -0.01809676 0.09500000
v 0.03591712 -0.01809676 0.09780000
v 0.03664066 -0.01839647 0.09500000
v 0.03664066 -0.01839647 0.09780000
v 0.03741712 -0.01849869 0.09780000
v 0.01837353 -0.03826105 0.09774680
v 0.01839646 -0.03819359 0.09500000
v 0.01826949 -0.03856718 0.09768246
v 0.01813397 -0.03884173 0.09759924
v 0.01809675 -0.03891713 0.09757639
v 0.01809675 -0.03891713 0.09500000
v 0.01767555 -0.03946605 0.09735960
v 0.01762000 -0.03953845 0.09500000
v 0.01762000 -0.03953845 0.09733100
v 0.01699868 -0.04001521 0.09500000
v 0.01713318 -0.03992523 0.09718013
v 0.01732729 -0.03979540 0.09722434
v 0.01627514 -0.04031491 0.09500000
v 0.01664614 -0.04018901 0.09712287
v 0.01699868 -0.04001521 0.09714949
v 0.01549868 -0.04041713 0.09500000
v 0.01588523 -0.04039212 0.09722485
v 0.01627514 -0.04031491 0.09714949
v 0.01472222 -0.04031491 0.09500000
v 0.01540820 -0.04040522 0.09735960
v 0.01549868 -0.04041713 0.09733100
v 0.01406262 -0.04004669 0.09774678
v 0.01435429 -0.04019029 0.09768203
v 0.01399868 -0.04001521 0.09500000
v 0.01464257 -0.04028793 0.09759926
v 0.01472222 -0.04031491 0.09757639
v 0.01337736 -0.03953845 0.09500000
v 0.01359767 -0.03973794 0.09780000
v 0.01399868 -0.04001521 0.09776098
v 0.01839646 -0.03819359 0.09776098
v 0.01848396 -0.03771398 0.09780000
v 0.01849868 -0.03741713 0.09500000
v 0.01849868 -0.03741713 0.09780000
v 0.01839646 -0.03664067 0.09500000
v 0.01839646 -0.03664067 0.09780000
v 0.01809675 -0.03591713 0.09500000
v 0.01809675 -0.03591713 0.09780000
v 0.01762000 -0.03529581 0.09500000
v 0.01762000 -0.03529581 0.09780000
v 0.01699868 -0.03481904 0.09500000
v 0.01699868 -0.03481904 0.09780000
v 0.01627514 -0.03451935 0.09500000
v 0.01627514 -0.03451935 0.09780000
v 0.01549868 -0.03441713 0.09500000
v 0.01549868 -0.03441713 0.09780000
v 0.01472222 -0.03451935 0.09500000
v 0.01472222 -0.03451935 0.09780000
v 0.01399868 -0.03481904 0.09500000
v 0.01399868 -0.03481904 0.09780000
v 0.01337736 -0.03529581 0.09500000
v 0.01337736 -0.03529581 0.09780000
v 0.01290060 -0.03591713 0.09500000
v 0.01290060 -0.03591713 0.09780000
v 0.01260090 -0.03664067 0.09500000
v 0.01260090 -0.03664067 0.09780000
v 0.01249868 -0.03741713 0.09500000
v 0.01249868 -0.03741713 0.09780000
v 0.01260090 -0.03819359 0.09500000
v 0.01260090 -0.03819359 0.09780000
v 0.01290060 -0.03891713 0.09500000
v 0.01290060 -0.03891713 0.09780000
v 0.01337736 -0.03953845 0.09780000
v -0.01435263 -0.04018960 0.09768246
v -0.01406260 -0.04004670 0.09774680
v -0.01399868 -0.04001521 0.09500000
v -0.01588735 -0.04039185 0.09722434
v -0.01549868 -0.04041713 0.09733100
v -0.01549868 -0.04041713 0.09500000
v -0.01540820 -0.04040521 0.09735960
v -0.01472222 -0.04031490 0.09500000
v -0.01472222 -0.04031490 0.09757639
v -0.01464259 -0.04028790 0.09759924
v -0.01627514 -0.04031490 0.09714949
v -0.01627514 -0.04031490 0.09500000
v -0.01664732 -0.04018852 0.09712287
v -0.01699868 -0.04001521 0.09500000
v -0.01699868 -0.04001521 0.09714949
v -0.01713315 -0.03992518 0.09718017
v -0.01762000 -0.03953845 0.09500000
v -0.01732898 -0.03979410 0.09722485
v -0.01809675 -0.03891713 0.09500000
v -0.01767555 -0.03946605 0.09735960
v -0.01762000 -0.03953845 0.09733100
v -0.01837350 -0.03826106 0.09774678
v -0.01826880 -0.03856885 0.09768203
v -0.01839646 -0.03819359 0.09500000
v -0.01813400 -0.03884173 0.09759926
v -0.01809675 -0.03891713 0.09757639
v -0.01849868 -0.03741713 0.09500000
v -0.01848396 -0.03771398 0.09780000
v -0.01839646 -0.03819359 0.09776098
v -0.01399868 -0.04001521 0.09776098
v -0.01359767 -0.03973794 0.09780000
v -0.01337736 -0.03953845 0.09500000
v -0.01337736 -0.03953845 0.09780000
v -0.01290060 -0.03891713 0.09500000
v -0.01290060 -0.03891713 0.09780000
v -0.01260090 -0.03819359 0.09500000
v -0.01260090 -0.03819359 0.09780000
v -0.01249868 -0.03741713 0.09500000
v -0.01249868 -0.03741713 0.09780000
v -0.01260090 -0.03664066 0.09500000
v -0.01260090 -0.03664066 0.09780000
v -0.01290060 -0.03591713 0.09500000
v -0.01290060 -0.03591713 0.09780000
v -0.01337736 -0.03529580 0.09500000
v -0.01337736 -0.03529580 0.09780000
v -0.01399868 -0.03481904 0.09500000
v -0.01399868 -0.03481904 0.09780000
v -0.01472222 -0.03451935 0.09500000
v -0.01472222 -0.03451935 0.09780000
v -0.01549868 -0.03441713 0.09500000
v -0.01549868 -0.03441713 0.09780000
v -0.01627514 -0.03451935 0.09500000
v -0.01627514 -0.03451935 0.09780000
v -0.01699868 -0.03481904 0.09500000
v -0.01699868 -0.03481904 0.09780000
v -0.01762000 -0.03529580 0.09500000
v -0.01762000 -0.03529580 0.09780000
v -0.01809675 -0.03591713 0.09500000
v -0.01809675 -0.03591713 0.09780000
v -0.01839646 -0.03664066 0.09500000
v -0.01839646 -0.03664066 0.09780000
v -0.01849868 -0.03741713 0.09780000
v -0.03856717 -0.01826949 0.09768246
v -0.03826104 -0.01837353 0.09774680
v -0.03819358 -0.01839646 0.09500000
v -0.03979539 -0.01732729 0.09722434
v -0.03953844 -0.01762000 0.09733100
v -0.03953844 -0.01762000 0.09500000
v -0.03946604 -0.01767555 0.09735960
v -0.03891712 -0.01809675 0.09500000
v -0.03891712 -0.01809675 0.09757639
v -0.03884172 -0.01813397 0.09759924
v -0.04001520 -0.01699868 0.09714949
v -0.04001520 -0.01699868 0.09500000
v -0.04018900 -0.01664614 0.09712287
v -0.04031490 -0.01627514 0.09500000
v -0.04031490 -0.01627514 0.09714949
v -0.04039211 -0.01588523 0.09722485
v -0.04041712 -0.01549868 0.09500000
v -0.04041712 -0.01549868 0.09733100
v -0.04040521 -0.01540820 0.09735960
v -0.04031490 -0.01472222 0.09500000
v -0.04034389 -0.01494247 0.09750679
v -0.04004668 -0.01406262 0.09774678
v -0.04019028 -0.01435429 0.09768203
v -0.04001520 -0.01399868 0.09500000
v -0.04028792 -0.01464257 0.09759926
v -0.04031490 -0.01472222 0.09757639
v -0.03953844 -0.01337736 0.09500000
v -0.03973793 -0.01359767 0.09780000
v -0.04001520 -0.01399868 0.09776098
v -0.03819358 -0.01839646 0.09776098
v -0.03771397 -0.01848396 0.09780000
v -0.03741712 -0.01849868 0.09500000
v -0.03741712 -0.01849868 0.09780000
v -0.03664066 -0.01839646 0.09500000
v -0.03664066 -0.01839646 0.09780000
v -0.03591712 -0.01809675 0.09500000
v -0.03591712 -0.01809675 0.09780000
v -0.03529580 -0.01762000 0.09500000
v -0.03529580 -0.01762000 0.09780000
v -0.03481904 -0.01699868 0.09500000
v -0.03481904 -0.01699868 0.09780000
v -0.03451934 -0.01627514 0.09500000
v -0.03451934 -0.01627514 0.09780000
v -0.03441712 -0.01549868 0.09500000
v -0.03441712 -0.01549868 0.09780000
v -0.03451934 -0.01472222 0.09500000
v -0.03451934 -0.01472222 0.09780000
v -0.03481904 -0.01399868 0.09500000
v -0.03481904 -0.01399868 0.09780000
v -0.03529580 -0.01337736 0.09500000
v -0.03529580 -0.01337736 0.09780000
v -0.03591712 -0.01290060 0.09500000
v -0.03591712 -0.01290060 0.09780000
v -0.03664066 -0.01260090 0.09500000
v -0.03664066 -0.01260090 0.09780000
v -0.03741712 -0.01249868 0.09500000
v -0.03741712 -0.01249868 0.09780000
v -0.03819358 -0.01260090 0.09500000
v -0.03819358 -0.01260090 0.09780000
v -0.03891712 -0.01290060 0.09500000
v -0.03891712 -0.01290060 0.09780000
v -0.03953844 -0.01337736 0.09780000
v -0.04034389 0.01494247 0.09750679
v -0.04031490 0.01472222 0.09757639
v -0.04031490 0.01472222 0.09500000
v -0.04018959 0.01435263 0.09768247
v -0.04004669 0.01406260 0.09774680
v -0.04001520 0.01399868 0.09500000
v -0.04028790 0.01464259 0.09759924
v -0.04040521 0.01540820 0.09735960
v -0.04041712 0.01549868 0.09500000
v -0.04041712 0.01549868 0.09733101
v -0.04001520 0.01699868 0.09500000
v -0.04018852 0.01664732 0.09712288
v -0.04031490 0.01627514 0.09500000
v -0.04031490 0.01627514 0.09714949
v -0.04039184 0.01588735 0.09722434
v -0.03953844 0.01762000 0.09500000
v -0.03979409 0.01732898 0.09722485
v -0.04001520 0.01699868 0.09714950
v -0.03891712 0.01809675 0.09500000
v -0.03946604 0.01767555 0.09735960
v -0.03953844 0.01762000 0.09733101
v -0.03826105 0.01837350 0.09774679
v -0.03856884 0.01826880 0.09768203
v -0.03819358 0.01839646 0.09500000
v -0.03884172 0.01813400 0.09759926
v -0.03891712 0.01809675 0.09757639
v -0.03741712 0.01849868 0.09500000
v -0.03771397 0.01848396 0.09780000
v -0.03819358 0.01839646 0.09776098
v -0.04001520 0.01399868 0.09776098
v -0.03973793 0.01359767 0.09780000
v -0.03953844 0.01337736 0.09500000
v -0.03953844 0.01337736 0.09780000
v -0.03891712 0.01290060 0.09500000
v -0.03891712 0.01290060 0.09780000
v -0.03819358 0.01260090 0.09500000
v -0.03819358 0.01260090 0.09780000
v -0.03741712 0.01249868 0.09500000
v -0.03741712 0.01249868 0.09780000
v -0.03664066 0.01260090 0.09500000
v -0.03664066 0.01260090 0.09780000
v -0.03591712 0.01290060 0.09500000
v -0.03591712 0.01290060 0.09780000
v -0.03529580 0.01337736 0.09500000
v -0.03529580 0.01337736 0.09780000
v -0.03481904 0.01399868 0.09500000
v -0.03481904 0.01399868 0.09780000
v -0.03451934 0.01472222 0.09500000
v -0.03451934 0.01472222 0.09780000
v -0.03441712 0.01549868 0.09500000
v -0.03441712 0.01549868 0.09780000
v -0.03451934 0.01627514 0.09500000
v -0.03451934 0.01627514 0.09780000
v -0.03481904 0.01699868 0.09500000
v -0.03481904 0.01699868 0.09780000
v -0.03529580 0.01762000 0.09500000
v -0.03529580 0.01762000 0.09780000
v -0.03591712 0.01809675 0.09500000
v -0.03591712 0.01809675 0.09780000
v -0.03664066 0.01839646 0.09500000
v -0.03664066 0.01839646 0.09780000
v -0.03741712 0.01849868 0.09780000
v 0.01767767 -0.02192768 0.09500000
v 0.01767767 -0.02192768 0.10385255
v 0.01877765 -0.02178286 0.09500000
v 0.01877765 -0.02178286 0.10385255
v 0.01980267 -0.02135829 0.09500000
v 0.01980267 -0.02135829 0.10385255
v 0.02068287 -0.02068288 0.09500000
v 0.02068287 -0.02068288 0.10385255
v 0.02135828 -0.01980268 0.09500000
v 0.02135828 -0.01980268 0.10385255
v 0.02178285 -0.01877766 0.09500000
v 0.02178285 -0.01877766 0.10385255
v 0.02192767 -0.01767768 0.09500000
v 0.02192767 -0.01767768 0.10385255
v 0.02178285 -0.01657770 0.09500000
v 0.02178285 -0.01657770 0.10385255
v 0.02135828 -0.01555267 0.09500000
v 0.02135828 -0.01555268 0.10385255
v 0.02068287 -0.01467248 0.09500000
v 0.02068287 -0.01467248 0.10385255
v 0.01980267 -0.01399707 0.09500000
v 0.01980267 -0.01399707 0.10385255
v 0.01877765 -0.01357249 0.09500000
v 0.01877765 -0.01357249 0.10385255
v 0.01767767 -0.01342767 0.09500000
v 0.01767767 -0.01342768 0.10385255
v 0.01657769 -0.01357249 0.09500000
v 0.01657769 -0.01357249 0.10385255
v 0.01555267 -0.01399706 0.09500000
v 0.01555267 -0.01399707 0.10385255
v 0.01467247 -0.01467248 0.09500000
v 0.01467247 -0.01467248 0.10385255
v 0.01399706 -0.01555267 0.09500000
v 0.01399706 -0.01555268 0.10385255
v 0.01357248 -0.01657770 0.09500000
v 0.01357248 -0.01657770 0.10385255
v 0.01342767 -0.01767767 0.09500000
v 0.01342767 -0.01767768 0.10385255
v 0.01357248 -0.01877766 0.09500000
v 0.01357248 -0.01877766 0.10385255
v 0.01399706 -0.01980267 0.09500000
v 0.01399706 -0.01980268 0.10385255
v 0.01467247 -0.02068288 0.09500000
v 0.01467247 -0.02068288 0.10385255
v 0.01555267 -0.02135829 0.09500000
v 0.01555267 -0.02135829 0.10385255
v 0.01657769 -0.02178286 0.09500000
v 0.01657769 -0.02178286 0.10385255
v -0.01767767 -0.02192767 0.09500000
v -0.01767767 -0.02192767 0.10385255
v -0.01657769 -0.02178285 0.09500000
v -0.01657769 -0.02178286 0.10385255
v -0.01555267 -0.02135828 0.09500000
v -0.01555267 -0.02135829 0.10385255
v -0.01467247 -0.02068287 0.09500000
v -0.01467247 -0.02068288 0.10385255
v -0.01399706 -0.01980267 0.09500000
v -0.01399706 -0.01980267 0.10385255
v -0.01357248 -0.01877765 0.09500000
v -0.01357248 -0.01877766 0.10385255
v -0.01342767 -0.01767767 0.09500000
v -0.01342767 -0.01767767 0.10385255
v -0.01357248 -0.01657769 0.09500000
v -0.01357248 -0.01657769 0.10385255
v -0.01399706 -0.01555267 0.09500000
v -0.01399706 -0.01555267 0.10385255
v -0.01467247 -0.01467247 0.09500000
v -0.01467247 -0.01467247 0.10385255
v -0.01555267 -0.01399706 0.09500000
v -0.01555267 -0.01399706 0.10385255
v -0.01657769 -0.01357248 0.09500000
v -0.01657769 -0.01357248 0.10385255
v -0.01767767 -0.01342767 0.09500000
v -0.01767767 -0.01342767 0.10385255
v -0.01877765 -0.01357248 0.09500000
v -0.01877765 -0.01357248 0.10385255
v -0.01980267 -0.01399706 0.09500000
v -0.01980267 -0.01399706 0.10385255
v -0.02068287 -0.01467247 0.09500000
v -0.02068287 -0.01467247 0.10385255
v -0.02135828 -0.01555267 0.09500000
v -0.02135828 -0.01555267 0.10385255
v -0.02178285 -0.01657769 0.09500000
v -0.02178285 -0.01657769 0.10385255
v -0.02192767 -0.01767767 0.09500000
v -0.02192767 -0.01767767 0.10385255
v -0.02178285 -0.01877765 0.09500000
v -0.02178285 -0.01877766 0.10385255
v -0.02135828 -0.01980267 0.09500000
v -0.02135828 -0.01980267 0.10385255
v -0.02068287 -0.02068287 0.09500000
v -0.02068287 -0.02068288 0.10385255
v -0.01980267 -0.02135828 0.09500000
v -0.01980267 -0.02135828 0.10385255
v -0.01877765 -0.02178285 0.09500000
v -0.01877765 -0.02178286 0.10385255
v -0.01767767 0.01342767 0.09500000
v -0.01767767 0.01342767 0.10385256
v -0.01657769 0.01357248 0.09500000
v -0.01657769 0.01357248 0.10385256
v -0.01555267 0.01399706 0.09500000
v -0.01555267 0.01399706 0.10385256
v -0.01467247 0.01467247 0.09500000
v -0.01467247 0.01467247 0.10385256
v -0.01399706 0.01555267 0.09500000
v -0.01399706 0.01555267 0.10385256
v -0.01357248 0.01657769 0.09500000
v -0.01357248 0.01657769 0.10385256
v -0.01342767 0.01767767 0.09500000
v -0.01342767 0.01767767 0.10385256
v -0.01357248 0.01877765 0.09500000
v -0.01357248 0.01877765 0.10385256
v -0.01399706 0.01980267 0.09500000
v -0.01399706 0.01980267 0.10385256
v -0.01467247 0.02068287 0.09500000
v -0.01467247 0.02068287 0.10385256
v -0.01555267 0.02135828 0.09500000
v -0.01555267 0.02135828 0.10385256
v -0.01657769 0.02178285 0.09500001
v -0.01657769 0.02178285 0.10385256
v -0.01767767 0.02192767 0.09500001
v -0.01767767 0.02192767 0.10385256
v -0.01877765 0.02178285 0.09500001
v -0.01877765 0.02178285 0.10385256
v -0.01980267 0.02135828 0.09500000
v -0.01980267 0.02135828 0.10385256
v -0.02068287 0.02068287 0.09500000
v -0.02068287 0.02068287 0.10385256
v -0.02135828 0.01980267 0.09500000
v -0.02135828 0.01980267 0.10385256
v -0.02178285 0.01877765 0.09500000
v -0.02178285 0.01877765 0.10385256
v -0.02192767 0.01767767 0.09500000
v -0.02192767 0.01767767 0.10385256
v -0.02178285 0.01657769 0.09500000
v -0.02178285 0.01657769 0.10385256
v -0.02135828 0.01555267 0.09500000
v -0.02135828 0.01555267 0.10385256
v -0.02068287 0.01467247 0.09500000
v -0.02068287 0.01467247 0.10385256
v -0.01980267 0.01399706 0.09500000
v -0.01980267 0.01399706 0.10385256
v -0.01877765 0.01357248 0.09500000
v -0.01877765 0.01357248 0.10385256
v 0.01767767 0.01342767 0.09500000
v 0.01767767 0.01342766 0.10385256
v 0.01877765 0.01357248 0.09500000
v 0.01877765 0.01357248 0.10385256
v 0.01980267 0.01399706 0.09500000
v 0.01980267 0.01399706 0.10385256
v 0.02068287 0.01467247 0.09500000
v 0.02068287 0.01467247 0.10385256
v 0.02135828 0.01555267 0.09500000
v 0.02135828 0.01555266 0.10385256
v 0.02178285 0.01657769 0.09500000
v 0.02178285 0.01657769 0.10385256
v 0.02192767 0.01767767 0.09500000
v 0.02192767 0.01767766 0.10385256
v 0.02178285 0.01877765 0.09500000
v 0.02178285 0.01877765 0.10385256
v 0.02135828 0.01980267 0.09500000
v 0.02135828 0.01980266 0.10385256
v 0.02068287 0.02068287 0.09500000
v 0.02068287 0.02068287 0.10385256
v 0.01980267 0.02135828 0.09500000
v 0.01980267 0.02135828 0.10385256
v 0.01877765 0.02178285 0.09500001
v 0.01877765 0.02178285 0.10385256
v 0.01767767 0.02192767 0.09500001
v 0.01767767 0.02192767 0.10385256
v 0.01657769 0.02178285 0.09500001
v 0.01657769 0.02178285 0.10385256
v 0.01555267 0.02135828 0.09500000
v 0.01555267 0.02135828 0.10385256
v 0.01467247 0.02068287 0.09500000
v 0.01467247 0.02068287 0.10385256
v 0.01399706 0.01980267 0.09500000
v 0.01399706 0.01980267 0.10385256
v 0.01357248 0.01877765 0.09500000
v 0.01357248 0.01877765 0.10385256
v 0.01342767 0.01767767 0.09500000
v 0.01342767 0.01767767 0.10385256
v 0.01357248 0.01657769 0.09500000
v 0.01357248 0.01657769 0.10385256
v 0.01399706 0.01555267 0.09500000
v 0.01399706 0.01555267 0.10385256
v 0.01467247 0.01467247 0.09500000
v 0.01467247 0.01467247 0.10385256
v 0.01555267 0.01399706 0.09500000
v 0.01555267 0.01399706 0.10385256
v 0.01657769 0.01357248 0.09500000
v 0.01657769 0.01357248 0.10385256
v -0.01352016 0.04187129 0.07679540
v -0.01347515 0.04188580 0.07520001
v -0.01815818 0.04007843 0.07520001
v -0.03325618 -0.02881018 0.07880000
v -0.03325618 -0.02881018 0.07520000
v -0.02881018 -0.03325618 0.07520000
v -0.02287720 -0.03758502 0.07980000
v -0.02377586 -0.03702308 0.07980000
v -0.02377586 -0.03702308 0.07520000
v -0.02468515 -0.03642312 0.07980000
v -0.02502068 -0.03619345 0.07940000
v -0.02520906 -0.03606249 0.07949879
v -0.02528832 -0.03600696 0.07934711
v -0.02533744 -0.03597241 0.07917802
v -0.02535408 -0.03596068 0.07900000
v -0.02535408 -0.03596068 0.07880000
v -0.02483493 -0.03632115 0.07977994
v -0.02497671 -0.03622380 0.07972078
v -0.02510349 -0.03613606 0.07962547
v -0.02374811 -0.03697854 0.09580000
v -0.02377586 -0.03702308 0.09280000
v -0.02287720 -0.03758502 0.09280000
v -0.02135329 -0.03847125 0.09580000
v -0.02105748 -0.03863395 0.09124352
v -0.02100850 -0.03866061 0.09097493
v -0.01823887 -0.03999896 0.09580000
v -0.02138839 -0.03845176 0.09197895
v -0.02124911 -0.03852889 0.09175000
v -0.02113878 -0.03858954 0.09150508
v -0.02239679 -0.03787326 0.09272845
v -0.02194441 -0.03813717 0.09251865
v -0.02155230 -0.03836012 0.09218492
v -0.02099194 -0.03866961 0.09070000
v -0.02099194 -0.03866961 0.08190000
v -0.01825604 -0.04003395 0.07520000
v -0.02104017 -0.03864338 0.08143271
v -0.02118217 -0.03856573 0.08098884
v -0.02140999 -0.03843972 0.08059067
v -0.02171102 -0.03827051 0.08025815
v -0.02206888 -0.03806527 0.08000797
v -0.02246448 -0.03783315 0.07985265
v -0.02513580 -0.03611359 0.09580000
v -0.02866039 -0.03338536 0.09580000
v -0.02881018 -0.03325618 0.09280000
v -0.02880358 -0.03324925 0.09580000
v -0.03325618 -0.02881018 0.09280000
v -0.03189089 -0.03031455 0.09580000
v -0.04003395 -0.01825604 0.07520000
v -0.03702308 -0.02377586 0.07520000
v -0.03758502 -0.02287720 0.07980000
v -0.03866961 -0.02099194 0.09070000
v -0.03864338 -0.02104017 0.09116729
v -0.03999226 -0.01823815 0.09580000
v -0.03787326 -0.02239679 0.07987156
v -0.03813716 -0.02194441 0.08008135
v -0.03836011 -0.02155230 0.08041508
v -0.03845175 -0.02138839 0.08062105
v -0.03852889 -0.02124911 0.08085000
v -0.03858953 -0.02113878 0.08109491
v -0.03863395 -0.02105748 0.08135648
v -0.03866061 -0.02100850 0.08162507
v -0.03866961 -0.02099194 0.08190000
v -0.03856573 -0.02118217 0.09161116
v -0.03843972 -0.02140999 0.09200933
v -0.03950340 -0.01937734 0.09580000
v -0.03827051 -0.02171102 0.09234185
v -0.03806527 -0.02206888 0.09259203
v -0.03734035 -0.02327442 0.09580000
v -0.03321367 -0.02877368 0.09580000
v -0.03479413 -0.02693266 0.09580000
v -0.03702308 -0.02377586 0.09280000
v -0.03700169 -0.02376098 0.09580000
v -0.03758502 -0.02287720 0.09280000
v -0.03783315 -0.02246448 0.09274735
v -0.03622380 -0.02497671 0.07972078
v -0.03632115 -0.02483493 0.07977994
v -0.03619345 -0.02502068 0.07940000
v -0.03642312 -0.02468515 0.07980000
v -0.03702308 -0.02377586 0.07980000
v -0.03600696 -0.02528832 0.07934711
v -0.03606249 -0.02520906 0.07949879
v -0.03613606 -0.02510349 0.07962547
v -0.03596068 -0.02535408 0.07880000
v -0.03596068 -0.02535408 0.07900000
v -0.03597241 -0.02533744 0.07917802
v -0.02881018 -0.03325618 0.07880000
v -0.01225070 0.04222066 0.09580001
v -0.01225988 0.04225622 0.09122449
v -0.01317198 0.04198212 0.09580001
v -0.01246568 0.04219673 0.09084559
v -0.01252733 0.04217891 0.09073210
v -0.01253578 0.04217647 0.09071654
v -0.01735166 0.04043414 0.09580001
v -0.01814240 0.04004627 0.09580001
v -0.01300525 0.04203407 0.08945872
v -0.01316512 0.04198428 0.08886188
v -0.01319703 0.04197417 0.08867633
v -0.01324392 0.04195931 0.08840363
v -0.01342020 0.04190344 0.08737845
v -0.01350376 0.04187660 0.08613770
v -0.01357121 0.04185478 0.08146738
v -0.01357072 0.04185493 0.08113769
v -0.01356768 0.04185592 0.08053769
v -0.00725505 0.04339775 0.09580001
v -0.00766946 0.04332186 0.09557279
v -0.00885713 0.04309932 0.09580001
v -0.00859345 0.04315267 0.09506619
v -0.00912463 0.04303967 0.09469478
v -0.00971533 0.04291401 0.09428174
v -0.01043467 0.04274233 0.09363300
v -0.01052195 0.04272150 0.09355428
v -0.01071238 0.04267605 0.09338255
v -0.01156603 0.04245264 0.09237396
v -0.01158552 0.04244725 0.09234553
v -0.01190078 0.04236002 0.09188561
v 0.04245264 -0.01156604 0.09237395
v 0.04267605 -0.01071239 0.09338254
v 0.04221334 -0.01224640 0.09580000
v 0.04244725 -0.01158553 0.09234552
v 0.04272150 -0.01052196 0.09355427
v 0.04274233 -0.01043468 0.09363299
v 0.04259539 -0.01102872 0.09580000
v 0.04291401 -0.00971534 0.09428173
v 0.04303967 -0.00912464 0.09469477
v 0.04315267 -0.00859345 0.09506618
v 0.04332186 -0.00766947 0.09557278
v 0.04339775 -0.00725505 0.09580000
v 0.04196081 -0.01323973 0.08053768
v 0.04197668 -0.01318971 0.08113768
v 0.04185592 -0.01356769 0.08053768
v 0.04185493 -0.01357072 0.08113768
v 0.04192718 -0.01334586 0.08793764
v 0.04193680 -0.01331558 0.08812329
v 0.04003465 -0.01813940 0.09580000
v 0.04188580 -0.01347515 0.07520000
v 0.04187129 -0.01352016 0.07679539
v 0.04007843 -0.01815818 0.07520000
v 0.04185478 -0.01357121 0.08146737
v 0.04190344 -0.01342021 0.08737845
v 0.04191051 -0.01339811 0.08756521
v 0.04191842 -0.01337335 0.08775161
v 0.04188943 -0.01346388 0.08691485
v 0.04189356 -0.01345103 0.08706962
v 0.04189822 -0.01343648 0.08722415
v 0.04187660 -0.01350377 0.08613769
v 0.04187725 -0.01350170 0.08621566
v 0.04187810 -0.01349906 0.08629356
v 0.04187908 -0.01349603 0.08637141
v 0.04188018 -0.01349262 0.08644921
v 0.04188275 -0.01348464 0.08660464
v 0.04188422 -0.01348005 0.08668228
v 0.04188583 -0.01347507 0.08675986
v 0.04195404 -0.01326094 0.08839151
v 0.04197264 -0.01320200 0.08868087
v 0.04198428 -0.01316513 0.08886187
v 0.04219673 -0.01246569 0.09084558
v 0.04225622 -0.01225989 0.09122448
v 0.04236002 -0.01190079 0.09188560
v 0.04203407 -0.01300526 0.08945871
v 0.04217647 -0.01253579 0.09071653
v 0.04126110 -0.01528144 0.09580000
v 0.04217891 -0.01252734 0.09073209
v -0.01318970 0.04197668 0.08113769
v -0.01323973 0.04196081 0.08053769
v -0.02135329 0.03847125 0.09580001
v -0.02368535 0.03708105 0.07520001
v -0.02365689 0.03703540 0.09580001
v -0.02513580 0.03611359 0.09580001
v -0.03318570 0.02889134 0.07520001
v -0.03189089 0.03031455 0.09580001
v -0.02872885 0.03332646 0.07520001
v -0.02872576 0.03332321 0.09580001
v -0.02866039 0.03338536 0.09580001
v -0.03734035 0.02327442 0.09580000
v -0.03694033 0.02384915 0.09580000
v -0.03696488 0.02386624 0.07520001
v -0.03479413 0.02693266 0.09580000
v -0.03314365 0.02885524 0.09580000
v -0.03950340 0.01937734 0.09580000
v -0.03998923 0.01835379 0.07520000
v -0.03994989 0.01833690 0.09580000
v -0.04126110 0.01528143 0.09580000
v -0.04219699 0.01246654 0.07520000
v -0.04214899 0.01245148 0.09580000
v -0.04259539 0.01102871 0.09580000
v -0.04354306 0.00632472 0.07520000
v -0.04349261 0.00666282 0.09580000
v -0.04399996 0.00005375 0.07520000
v -0.04394353 0.00222856 0.09580000
v -0.04352715 0.00632310 0.09580000
v -0.04355838 -0.00621832 0.07520000
v -0.04394353 -0.00222857 0.09580000
v -0.04394353 0.00005374 0.09580000
v -0.04218117 -0.01234893 0.09580000
v -0.04259539 -0.01102871 0.09580000
v -0.04222731 -0.01236341 0.07520000
v -0.04349261 -0.00666282 0.09580000
v -0.04353802 -0.00621626 0.09580000
v -0.04126110 -0.01528143 0.09580000
v -0.01735166 -0.04043414 0.09580000
v -0.01236341 -0.04222731 0.07520000
v -0.01317198 -0.04198213 0.09580000
v -0.00445141 -0.04377426 0.09580000
v -0.00621012 -0.04350483 0.09580000
v -0.00621833 -0.04355838 0.07520000
v -0.00885714 -0.04309932 0.09580000
v -0.01235472 -0.04219373 0.09580000
v 0.00632472 -0.04354306 0.07520000
v 0.00445140 -0.04377426 0.09580000
v 0.00005374 -0.04399997 0.07520000
v 0.00005361 -0.04399729 0.09580000
v -0.00000000 -0.04400001 0.09580000
v 0.01246654 -0.04219700 0.07520000
v 0.00885713 -0.04309933 0.09580000
v 0.00631637 -0.04348855 0.09580000
v 0.01833534 -0.03995162 0.09580000
v 0.01735166 -0.04043415 0.09580000
v 0.01835379 -0.03998924 0.07520000
v 0.01317198 -0.04198213 0.09580000
v 0.01245872 -0.04216681 0.09580000
v 0.02135329 -0.03847126 0.09580000
v 0.02386624 -0.03696489 0.07520000
v 0.02383932 -0.03692170 0.09580000
v 0.02513580 -0.03611360 0.09580000
v 0.02889134 -0.03318570 0.07520000
v 0.02866039 -0.03338537 0.09580000
v 0.03332646 -0.02872885 0.07520000
v 0.03189089 -0.03031456 0.09580000
v 0.02888142 -0.03317526 0.09580000
v 0.03708105 -0.02368536 0.07520000
v 0.03479413 -0.02693267 0.09580000
v 0.03328368 -0.02869214 0.09580000
v 0.03950340 -0.01937735 0.09580000
v 0.03734035 -0.02327443 0.09580000
v 0.03706305 -0.02367283 0.09580000
v -0.01053584 -0.04271997 0.05780000
v -0.01053584 -0.04271997 0.05220000
v -0.00585943 -0.04360811 0.05780000
v -0.00585943 -0.04360811 0.05220000
v -0.00436073 -0.04370040 0.05780000
v -0.00436073 -0.04370040 0.05220000
v 0.00046451 -0.04399755 0.05780000
v 0.00046451 -0.04399755 0.05220000
v 0.00188606 -0.04387983 0.05780000
v 0.00188606 -0.04387983 0.05220000
v 0.00677882 -0.04347468 0.05780000
v 0.00677882 -0.04347468 0.05220000
v 0.00809551 -0.04317090 0.05780000
v 0.00809551 -0.04317090 0.05220000
v 0.01295257 -0.04205033 0.05780000
v 0.01295257 -0.04205033 0.05220000
v 0.01414196 -0.04158783 0.05780000
v 0.01414196 -0.04158783 0.05220000
v 0.01885775 -0.03975406 0.05780000
v 0.01885775 -0.03975406 0.05220000
v 0.01990300 -0.03916253 0.05780000
v 0.01990300 -0.03916253 0.05220000
v 0.02437189 -0.03663346 0.05780000
v 0.02437189 -0.03663346 0.05220000
v 0.02526197 -0.03594394 0.05780000
v 0.02526197 -0.03594394 0.05220000
v 0.02938068 -0.03275326 0.05780000
v 0.02938068 -0.03275326 0.05220000
v 0.03011033 -0.03199710 0.05780000
v 0.03011033 -0.03199710 0.05220000
v 0.03378023 -0.02819390 0.05780000
v 0.03378023 -0.02819390 0.05220000
v 0.03434988 -0.02740175 0.05780000
v 0.03434988 -0.02740175 0.05220000
v 0.03747934 -0.02304992 0.05780000
v 0.03747934 -0.02304992 0.05220000
v 0.03789468 -0.02225081 0.05780000
v 0.03789468 -0.02225081 0.05220000
v 0.04040130 -0.01742799 0.05780000
v 0.04040130 -0.01742799 0.05220000
v 0.04067285 -0.01664842 0.05780000
v 0.04067285 -0.01664842 0.05220000
v 0.04248552 -0.01144468 0.05780000
v 0.04248552 -0.01144468 0.05220000
v 0.04262803 -0.01070792 0.05780000
v 0.04262803 -0.01070792 0.05220000
v 0.04368878 -0.00522406 0.05780000
v 0.04368878 -0.00522406 0.05220000
v 0.04372047 -0.00454947 0.05780000
v 0.04372047 -0.00454946 0.05220000
v 0.04398612 0.00110488 0.05780000
v 0.04398612 0.00110488 0.05220000
v 0.04392789 0.00170232 0.05780000
v 0.04392789 0.00170232 0.05220000
v 0.04337140 0.00741091 0.05780000
v 0.04337140 0.00741091 0.05220000
v 0.04324589 0.00792090 0.05780000
v 0.04324589 0.00792090 0.05220000
v 0.04185734 0.01356328 0.05780000
v 0.04185734 0.01356328 0.05220000
v 0.04168811 0.01398041 0.05780000
v 0.04168811 0.01398041 0.05220000
v 0.03947536 0.01943440 0.05780000
v 0.03947536 0.01943440 0.05220000
v 0.03928588 0.01975813 0.05780000
v 0.03928588 0.01975813 0.05220000
v 0.03627483 0.02490254 0.05780000
v 0.03627483 0.02490254 0.05220000
v 0.03608763 0.02513705 0.05780000
v 0.03608763 0.02513705 0.05220000
v 0.03232213 0.02985431 0.05780000
v 0.03232213 0.02985431 0.05220000
v 0.03215793 0.03000820 0.05780000
v 0.03215793 0.03000820 0.05220000
v 0.02769921 0.03418704 0.05780000
v 0.02769921 0.03418704 0.05220000
v 0.02757616 0.03427284 0.05780000
v 0.02757616 0.03427284 0.05220000
v 0.02250194 0.03781088 0.05780000
v 0.02250194 0.03781088 0.05220000
v 0.02243489 0.03784450 0.05780000
v 0.01089624 0.04262396 0.05220000
v 0.01683807 0.04065070 0.05780001
v 0.01683807 0.04065070 0.05220000
v 0.02243489 0.03784450 0.05220000
v -0.02275762 -0.03765755 0.05220000
v -0.02275762 -0.03765755 0.05780000
v -0.02669235 -0.03497883 0.05220000
v -0.02669235 -0.03497883 0.05780000
v -0.02781735 -0.03398435 0.05220000
v -0.02781735 -0.03398435 0.05780000
v -0.03143942 -0.03078250 0.05220000
v -0.03143942 -0.03078250 0.05780000
v -0.03236137 -0.02969408 0.05220000
v -0.03236137 -0.02969408 0.05780000
v -0.03553459 -0.02594789 0.05220000
v -0.03553459 -0.02594789 0.05780000
v -0.03625083 -0.02480205 0.05220000
v -0.03625083 -0.02480205 0.05780000
v -0.03889293 -0.02057523 0.05220000
v -0.03889293 -0.02057523 0.05780000
v -0.03940692 -0.01940716 0.05220000
v -0.03940692 -0.01940716 0.05780000
v -0.04144480 -0.01477593 0.05220000
v -0.04144480 -0.01477593 0.05780000
v -0.04176563 -0.01361855 0.05220000
v -0.04176563 -0.01361855 0.05780000
v -0.04313731 -0.00867024 0.05220000
v -0.04313731 -0.00867024 0.05780000
v -0.04327911 -0.00755330 0.05220000
v -0.04327911 -0.00755330 0.05780000
v -0.04393532 -0.00238478 0.05220000
v -0.04393532 -0.00238478 0.05780000
v -0.04391659 -0.00133414 0.05220000
v -0.04391659 -0.00133414 0.05780000
v -0.04382233 0.00395014 0.05220000
v -0.04382233 0.00395014 0.05780000
v -0.04366500 0.00491307 0.05220000
v -0.04366500 0.00491307 0.05780000
v -0.04280065 0.01020315 0.05220000
v -0.04280065 0.01020315 0.05780000
v -0.04252928 0.01106188 0.05220000
v -0.04252928 0.01106188 0.05780000
v -0.04089148 0.01624459 0.05220000
v -0.04089148 0.01624459 0.05780000
v -0.04053226 0.01698784 0.05220000
v -0.04053226 0.01698784 0.05780000
v -0.03813441 0.02194919 0.05220000
v -0.03813441 0.02194919 0.05780000
v -0.03771421 0.02257093 0.05220000
v -0.03771421 0.02257093 0.05780000
v -0.03458660 0.02719866 0.05220000
v -0.03458660 0.02719866 0.05780000
v -0.03413199 0.02769808 0.05220000
v -0.03413199 0.02769808 0.05780000
v -0.03032162 0.03188416 0.05220000
v -0.03032162 0.03188416 0.05780000
v -0.02985799 0.03226543 0.05220000
v -0.02985799 0.03226543 0.05780000
v -0.02542791 0.03590851 0.05220000
v -0.02542791 0.03590851 0.05780000
v -0.02497854 0.03618039 0.05220000
v -0.02497854 0.03618039 0.05780000
v -0.02000693 0.03918830 0.05220000
v -0.02000693 0.03918830 0.05780000
v -0.01959231 0.03936359 0.05220000
v -0.01959231 0.03936359 0.05780000
v -0.01417110 0.04165549 0.05220000
v -0.01417110 0.04165549 0.05780001
v -0.01380820 0.04175042 0.05220000
v -0.01380820 0.04175042 0.05780001
v -0.00804143 0.04325893 0.05220000
v -0.00804143 0.04325893 0.05780001
v -0.00774323 0.04329239 0.05220000
v -0.00774323 0.04329239 0.05780001
v -0.00174501 0.04396538 0.05220000
v -0.00174501 0.04396538 0.05780001
v -0.00152009 0.04395809 0.05220000
v -0.00152009 0.04395809 0.05780001
v 0.00458759 0.04376019 0.05220000
v 0.00458759 0.04376019 0.05780001
v 0.00473527 0.04373384 0.05220000
v 0.00473527 0.04373384 0.05780001
v 0.01082506 0.04264760 0.05220000
v 0.01082506 0.04264760 0.05780001
v 0.01089624 0.04262396 0.05780001
v 0.04299446 -0.00935288 0.05820000
v 0.04299425 -0.00935283 0.06417762
v 0.04122579 -0.01537642 0.05820000
v 0.04295436 -0.00952644 0.06429084
v 0.04276011 -0.01037173 0.06484211
v 0.04266922 -0.01073104 0.06517560
v 0.04254884 -0.01120698 0.06561736
v 0.04241421 -0.01170046 0.06627167
v 0.04234527 -0.01195317 0.06660675
v 0.04220689 -0.01243186 0.06752623
v 0.04219189 -0.01248376 0.06762593
v 0.04206129 -0.01291660 0.06889687
v 0.04205541 -0.01293610 0.06895412
v 0.04197426 -0.01319701 0.07025588
v 0.04197223 -0.01320350 0.07032359
v 0.04122579 -0.01537642 0.07500000
v 0.04193270 -0.01332935 0.07163768
v 0.04188800 -0.01346829 0.07500000
v 0.04348657 -0.00670211 0.06321775
v 0.04324729 -0.00810381 0.06361978
v 0.04350601 -0.00657087 0.06319085
v 0.04387755 -0.00310946 0.06281869
v 0.04387536 -0.00313796 0.06281999
v 0.04388789 -0.00313893 0.05820000
v 0.04377400 -0.00445390 0.06287996
v 0.04356200 -0.00619294 0.06311341
v 0.04324234 -0.00812829 0.06363064
v 0.04299829 -0.00933528 0.06416618
v 0.04399509 0.00065713 0.06286360
v 0.04399836 0.00037995 0.06284820
v 0.04388789 0.00313892 0.05820000
v 0.04399996 0.00005549 0.06283190
v 0.04393972 -0.00230231 0.06278191
v 0.00313893 0.04388789 0.05820001
v 0.00935288 0.04299446 0.06288769
v 0.00935288 0.04299446 0.05820000
v 0.01537642 0.04122579 0.06288769
v 0.01537642 0.04122579 0.05820000
v 0.02108696 0.03861787 0.06288769
v 0.02108696 0.03861787 0.05820000
v 0.02636822 0.03522381 0.06288768
v 0.02636822 0.03522381 0.05820000
v 0.03111270 0.03111270 0.06288768
v 0.03111270 0.03111270 0.05820000
v 0.03522381 0.02636822 0.06288768
v 0.03522381 0.02636822 0.05820000
v 0.03861787 0.02108696 0.06288768
v 0.03861787 0.02108696 0.05820000
v 0.04122579 0.01537642 0.06288768
v 0.04122579 0.01537642 0.05820000
v 0.04299446 0.00935287 0.06288768
v 0.04299446 0.00935287 0.05820000
v 0.04388789 0.00313892 0.06288768
v 0.04397510 0.00148003 0.06288768
v -0.00313892 0.04388789 0.05820001
v -0.00230230 0.04393972 0.06278192
v 0.00005550 0.04399996 0.06283191
v 0.00037995 0.04399836 0.06284821
v 0.00065714 0.04399509 0.06286361
v 0.00148004 0.04397510 0.06288769
v 0.00313893 0.04388789 0.06288769
v -0.00445390 0.04377400 0.06287997
v -0.00313796 0.04387536 0.06282000
v -0.00310946 0.04387755 0.06281870
v -0.00933527 0.04299829 0.06416619
v -0.00935287 0.04299446 0.05820000
v -0.00812829 0.04324234 0.06363065
v -0.00810380 0.04324729 0.06361978
v -0.00670210 0.04348657 0.06321776
v -0.00657086 0.04350601 0.06319086
v -0.00619294 0.04356200 0.06311342
v -0.01346829 0.04188800 0.07500001
v -0.01332935 0.04193270 0.07163768
v -0.01537642 0.04122579 0.07500001
v -0.01320350 0.04197223 0.07032359
v -0.01319701 0.04197426 0.07025589
v -0.01537642 0.04122579 0.05820000
v -0.01293610 0.04205541 0.06895413
v -0.01291660 0.04206129 0.06889688
v -0.01248376 0.04219189 0.06762594
v -0.01243186 0.04220689 0.06752624
v -0.01195317 0.04234527 0.06660676
v -0.01170046 0.04241421 0.06627168
v -0.01120698 0.04254884 0.06561737
v -0.01073104 0.04266922 0.06517561
v -0.01037173 0.04276011 0.06484212
v -0.00952643 0.04295436 0.06429085
v -0.00935282 0.04299425 0.06417763
v 0.03861787 -0.02108696 0.07500000
v 0.03861787 -0.02108696 0.05820000
v 0.03522381 -0.02636822 0.07500000
v 0.03522381 -0.02636822 0.05820000
v 0.03111270 -0.03111270 0.07500000
v 0.03111270 -0.03111270 0.05820000
v 0.02636822 -0.03522381 0.07500000
v 0.02636822 -0.03522381 0.05820000
v 0.02108696 -0.03861788 0.07500000
v 0.02108696 -0.03861787 0.05820000
v 0.01537642 -0.04122579 0.07500000
v 0.01537642 -0.04122579 0.05820000
v 0.00935287 -0.04299447 0.07500000
v 0.00935287 -0.04299446 0.05820000
v 0.00313892 -0.04388789 0.07500000
v 0.00313892 -0.04388789 0.05820000
v -0.00313893 -0.04388789 0.07500000
v -0.00313893 -0.04388789 0.05820000
v -0.00935288 -0.04299446 0.07500000
v -0.00935288 -0.04299446 0.05820000
v -0.01537642 -0.04122579 0.07500000
v -0.01537642 -0.04122579 0.05820000
v -0.02108696 -0.03861787 0.07500000
v -0.02108696 -0.03861787 0.05820000
v -0.02636822 -0.03522381 0.07500000
v -0.02636822 -0.03522381 0.05820000
v -0.03111270 -0.03111270 0.07500000
v -0.03111270 -0.03111270 0.05820000
v -0.03522381 -0.02636822 0.07500000
v -0.03522381 -0.02636822 0.05820000
v -0.03861787 -0.02108696 0.07500000
v -0.03861787 -0.02108696 0.05820000
v -0.04122579 -0.01537642 0.07500000
v -0.04122579 -0.01537642 0.05820000
v -0.04299446 -0.00935287 0.07500000
v -0.04299446 -0.00935287 0.05820000
v -0.04388789 -0.00313892 0.07500000
v -0.04388789 -0.00313892 0.05820000
v -0.04388789 0.00313892 0.07500000
v -0.04388789 0.00313893 0.05820000
v -0.04299446 0.00935287 0.07500000
v -0.04299446 0.00935287 0.05820000
v -0.04122579 0.01537642 0.07500000
v -0.04122579 0.01537642 0.05820000
v -0.03861787 0.02108696 0.07500000
v -0.03861787 0.02108696 0.05820000
v -0.03522381 0.02636822 0.07500000
v -0.03522381 0.02636822 0.05820000
v -0.03111270 0.03111270 0.07500000
v -0.03111270 0.03111270 0.05820000
v -0.02636822 0.03522381 0.07500001
v -0.02636822 0.03522381 0.05820000
v -0.02108696 0.03861787 0.07500001
v -0.02108696 0.03861787 0.05820000
v 0.03844482 0.02140084 0.07520000
v 0.04103483 0.01587901 0.07520000
v 0.04103840 0.01530653 0.07520000
v 0.04283638 0.01005208 0.07520000
v 0.04279903 0.00931036 0.07520000
v 0.04381487 0.00403200 0.07520000
v 0.04368840 0.00312465 0.07520000
v 0.04395149 -0.00206555 0.07520000
v 0.04368840 -0.00312466 0.07520000
v 0.04324362 -0.00812341 0.07520000
v 0.04279903 -0.00931036 0.07520000
v 0.04188580 -0.01347515 0.07520000
v 0.04103840 -0.01530653 0.07520000
v 0.04007843 -0.01815818 0.07520000
v 0.03844234 -0.02099111 0.07520000
v 0.03708105 -0.02368536 0.07520000
v 0.03506370 -0.02624836 0.07520000
v 0.03332646 -0.02872885 0.07520000
v 0.03097128 -0.03097128 0.07520000
v 0.02889134 -0.03318570 0.07520000
v 0.02624836 -0.03506371 0.07520000
v 0.02386624 -0.03696489 0.07520000
v 0.02099111 -0.03844235 0.07520000
v 0.01835379 -0.03998924 0.07520000
v 0.01530653 -0.04103840 0.07520000
v 0.01246654 -0.04219700 0.07520000
v 0.00931036 -0.04279903 0.07520000
v 0.00632472 -0.04354306 0.07520000
v 0.00312465 -0.04368840 0.07520000
v 0.00005374 -0.04399997 0.07520000
v -0.00312466 -0.04368840 0.07520000
v -0.00621833 -0.04355838 0.07520000
v -0.00931036 -0.04279903 0.07520000
v -0.01236341 -0.04222731 0.07520000
v -0.01530653 -0.04103840 0.07520000
v -0.01825604 -0.04003395 0.07520000
v -0.02099111 -0.03844234 0.07520000
v -0.02377586 -0.03702308 0.07520000
v -0.02624836 -0.03506370 0.07520000
v -0.02881018 -0.03325618 0.07520000
v -0.03097128 -0.03097128 0.07520000
v -0.03325618 -0.02881018 0.07520000
v -0.03506370 -0.02624836 0.07520000
v -0.03702308 -0.02377586 0.07520000
v -0.03844234 -0.02099111 0.07520000
v -0.04003395 -0.01825604 0.07520000
v -0.04103840 -0.01530653 0.07520000
v -0.04222731 -0.01236341 0.07520000
v -0.04279903 -0.00931036 0.07520000
v -0.04355838 -0.00621832 0.07520000
v -0.04368840 -0.00312466 0.07520000
v -0.04399996 0.00005375 0.07520000
v -0.04368840 0.00312466 0.07520000
v -0.04354306 0.00632472 0.07520000
v -0.04279903 0.00931036 0.07520000
v -0.04219699 0.01246654 0.07520000
v -0.04103840 0.01530653 0.07520000
v -0.03998923 0.01835379 0.07520000
v -0.03844234 0.02099111 0.07520000
v -0.03696488 0.02386624 0.07520001
v -0.03506370 0.02624836 0.07520001
v -0.03318570 0.02889134 0.07520001
v -0.03097128 0.03097128 0.07520001
v -0.02872885 0.03332646 0.07520001
v -0.02624836 0.03506370 0.07520001
v -0.02368535 0.03708105 0.07520001
v -0.02099111 0.03844234 0.07520001
v -0.01815818 0.04007843 0.07520001
v -0.01530653 0.04103840 0.07520001
v -0.01347515 0.04188580 0.07520001
v -0.00931036 0.04279903 0.07520001
v -0.00812340 0.04324362 0.07520001
v -0.00312465 0.04368840 0.07520001
v -0.00206554 0.04395149 0.07520001
v 0.00312466 0.04368840 0.07520001
v 0.00403201 0.04381487 0.07520001
v 0.00931036 0.04279903 0.07520001
v 0.01005208 0.04283638 0.07520001
v 0.01530653 0.04103840 0.07520001
v 0.01587901 0.04103483 0.07520001
v 0.02099111 0.03844234 0.07520001
v 0.02140084 0.03844482 0.07520001
v 0.02624836 0.03506370 0.07520001
v 0.02651147 0.03511612 0.07520001
v 0.03097128 0.03097128 0.07520001
v 0.03111270 0.03111270 0.07520001
v 0.03506370 0.02624836 0.07520001
v 0.03511612 0.02651147 0.07520001
v 0.03844234 0.02099111 0.07520000
v -0.00000000 -0.01525000 0.09880000
v 0.00257726 -0.01503064 0.09880000
v 0.00000000 -0.00000000 0.09880000
v -0.00743735 -0.01331346 0.09880000
v -0.00508038 -0.01437888 0.09880000
v -0.00257726 -0.01503064 0.09880000
v -0.01298582 -0.00799569 0.09880000
v -0.01144775 -0.01007529 0.09880000
v -0.00958036 -0.01186504 0.09880000
v -0.01523626 -0.00064723 0.09880000
v -0.01490772 -0.00321286 0.09880000
v -0.01415031 -0.00568606 0.09880000
v -0.01361712 0.00686560 0.09880000
v -0.01458154 0.00446554 0.09880000
v -0.01512648 0.00193702 0.09880000
v -0.00853962 0.01263477 0.09880000
v -0.01055207 0.01100983 0.09880000
v -0.01226096 0.00906815 0.09880000
v -0.00129329 0.01519506 0.09880000
v -0.00384266 0.01475793 0.09880000
v -0.00628149 0.01389623 0.09880000
v 0.00628150 0.01389623 0.09880000
v 0.00384267 0.01475793 0.09880000
v 0.00129329 0.01519506 0.09880000
v 0.01226096 0.00906815 0.09880000
v 0.01055207 0.01100983 0.09880000
v 0.00853962 0.01263477 0.09880000
v 0.01512648 0.00193702 0.09880000
v 0.01458154 0.00446554 0.09880000
v 0.01361712 0.00686560 0.09880000
v 0.01415031 -0.00568607 0.09880000
v 0.01490772 -0.00321286 0.09880000
v 0.01523626 -0.00064723 0.09880000
v 0.00958035 -0.01186504 0.09880000
v 0.01144775 -0.01007529 0.09880000
v 0.01298582 -0.00799569 0.09880000
v 0.00508038 -0.01437888 0.09880000
v 0.00743735 -0.01331347 0.09880000
v 0.00374481 0.01518932 0.10580000
v 0.00396866 0.01524179 0.09930000
v 0.00538682 0.01480016 0.10580000
v 0.00648744 0.01435185 0.09930000
v 0.00727273 0.01385302 0.10580000
v 0.00729434 0.01390109 0.09930000
v 0.00865477 0.01315893 0.10580000
v 0.00881960 0.01304903 0.09930000
v 0.01037938 0.01171181 0.10580000
v 0.01041888 0.01175770 0.09930000
v 0.01145613 0.01080830 0.10580000
v 0.01089804 0.01137081 0.09930000
v 0.01266295 0.00936547 0.09930000
v 0.01288467 0.00888945 0.10580000
v 0.01293198 0.00892854 0.09930000
v 0.01363990 0.00787500 0.10580000
v 0.01406358 0.00709070 0.09930000
v 0.01464320 0.00554909 0.10580000
v 0.01467666 0.00556499 0.09930000
v 0.01508833 0.00451715 0.10580000
v 0.01505963 0.00461195 0.09930000
v 0.01562243 0.00200053 0.09930000
v 0.01555265 0.00188390 0.10580000
v 0.01562678 0.00189809 0.09930000
v 0.01572335 0.00091578 0.10580000
v 0.01573581 -0.00066845 0.09930000
v 0.01555970 -0.00189406 0.10580000
v 0.01557922 -0.00189129 0.09930000
v 0.01551072 -0.00273496 0.10580000
v 0.01539650 -0.00331820 0.09930000
v 0.01466315 -0.00556606 0.10580000
v 0.01470436 -0.00557825 0.09930000
v 0.01446190 -0.00623826 0.10580000
v 0.01461425 -0.00587249 0.09930000
v 0.01341158 -0.00825785 0.09930000
v 0.01291400 -0.00891931 0.10580000
v 0.01292313 -0.00891828 0.09930000
v 0.01263344 -0.00940525 0.10580000
v 0.01182309 -0.01040564 0.09930000
v 0.01041258 -0.01175924 0.10580000
v 0.01041329 -0.01175682 0.09930000
v 0.01012390 -0.01206521 0.10580000
v 0.00989447 -0.01225406 0.09930000
v 0.00768119 -0.01374998 0.09930000
v 0.00730278 -0.01392069 0.10580000
v 0.00730722 -0.01391902 0.09930000
v 0.00706859 -0.01407472 0.10580000
v 0.00524695 -0.01485032 0.09930000
v 0.00376384 -0.01527755 0.10580000
v 0.00375526 -0.01523874 0.09930000
v 0.00363220 -0.01532547 0.10580000
v 0.00266176 -0.01552345 0.09930000
v -0.00000000 -0.01575001 0.10580000
v -0.00000000 -0.01575000 0.09930000
v -0.00266176 -0.01552345 0.09930000
v -0.00363220 -0.01532547 0.10580000
v -0.00375526 -0.01523874 0.09930000
v -0.00376384 -0.01527755 0.10580000
v -0.00524695 -0.01485032 0.09930000
v -0.00706859 -0.01407471 0.10580000
v -0.00730722 -0.01391902 0.09930000
v -0.00730278 -0.01392069 0.10580000
v -0.00768120 -0.01374997 0.09930000
v -0.01012390 -0.01206520 0.10580000
v -0.00989447 -0.01225406 0.09930000
v -0.01041258 -0.01175923 0.10580000
v -0.01041329 -0.01175681 0.09930000
v -0.01182309 -0.01040563 0.09930000
v -0.01263344 -0.00940525 0.10580000
v -0.01292313 -0.00891828 0.09930000
v -0.01291400 -0.00891931 0.10580000
v -0.01341158 -0.00825785 0.09930000
v -0.01446190 -0.00623826 0.10580000
v -0.01461425 -0.00587249 0.09930000
v -0.01466315 -0.00556606 0.10580000
v -0.01470436 -0.00557825 0.09930000
v -0.01551072 -0.00273496 0.10580000
v -0.01539650 -0.00331820 0.09930000
v -0.01555970 -0.00189406 0.10580000
v -0.01557922 -0.00189129 0.09930000
v -0.01573581 -0.00066845 0.09930000
v -0.01572335 0.00091578 0.10580000
v -0.01562678 0.00189809 0.09930000
v -0.01555265 0.00188390 0.10580000
v -0.01562243 0.00200053 0.09930000
v -0.01508833 0.00451715 0.10580000
v -0.01505963 0.00461196 0.09930000
v -0.01464320 0.00554909 0.10580000
v -0.01467666 0.00556499 0.09930000
v -0.01363990 0.00787500 0.10580000
v -0.01406358 0.00709071 0.09930000
v -0.01288467 0.00888945 0.10580000
v -0.01293198 0.00892854 0.09930000
v -0.01266295 0.00936547 0.09930000
v -0.01145613 0.01080831 0.10580000
v -0.01089804 0.01137081 0.09930000
v -0.01037938 0.01171181 0.10580000
v -0.01041888 0.01175770 0.09930000
v -0.00865477 0.01315893 0.10580000
v -0.00881960 0.01304903 0.09930000
v -0.00727273 0.01385302 0.10580000
v -0.00729434 0.01390109 0.09930000
v -0.00648744 0.01435185 0.09930000
v -0.00538682 0.01480016 0.10580000
v -0.00396865 0.01524179 0.09930000
v -0.00374481 0.01518932 0.10580000
v -0.00376650 0.01527646 0.09930000
v -0.00182846 0.01564350 0.10580000
v -0.00133569 0.01569326 0.09930000
v 0.00000000 0.01564350 0.10580000
v 0.00000000 0.01569326 0.09930000
v 0.00182846 0.01564350 0.10580000
v 0.00133569 0.01569326 0.09930000
v 0.00376650 0.01527646 0.09930000
v -0.01899765 0.01275145 0.10680000
v -0.01976383 0.01306881 0.10680000
v -0.01976383 0.01257757 0.10680000
v -0.01170620 0.01944792 0.10680000
v -0.01184356 0.01976383 0.10680000
v -0.01257757 0.01976383 0.10680000
v 0.02022767 0.01326093 0.10680000
v 0.01932500 0.01288704 0.10680000
v 0.01932500 0.01257756 0.10680000
v -0.01181266 -0.02554699 0.10680000
v -0.01257757 -0.02778433 0.10680000
v -0.01086545 -0.02682708 0.10680000
v -0.01256299 -0.02779248 0.10680000
v -0.00943482 -0.01725448 0.10680000
v -0.01257757 -0.01453366 0.10680000
v -0.01071489 -0.01820168 0.10680000
v -0.01170620 -0.01944793 0.10680000
v -0.01239628 -0.02406539 0.10680000
v -0.01257655 -0.02248320 0.10680000
v -0.01234117 -0.02090827 0.10680000
v -0.00000000 -0.01675001 0.10680000
v 0.00161733 -0.01732468 0.10680000
v 0.00386282 -0.01629851 0.10680000
v 0.00479609 -0.01672596 0.10680000
v 0.00751739 -0.01496836 0.10680000
v 0.00637102 -0.01649059 0.10680000
v 0.00817830 -0.01453367 0.10680000
v 0.01256299 -0.02779248 0.10680000
v 0.00961921 -0.02781838 0.10680000
v 0.00768533 -0.02951587 0.10680000
v 0.00815886 -0.02845336 0.10680000
v 0.00258658 -0.03039013 0.10680000
v 0.00411952 -0.02931195 0.10680000
v -0.00000000 -0.03050001 0.10680000
v -0.00000000 -0.02960001 0.10680000
v -0.00258658 -0.03039013 0.10680000
v -0.00411953 -0.02931195 0.10680000
v -0.00768533 -0.02951587 0.10680000
v -0.00815887 -0.02845336 0.10680000
v -0.00961921 -0.02781838 0.10680000
v -0.00817830 -0.01453367 0.10680000
v -0.00795320 -0.01667086 0.10680000
v -0.00751739 -0.01496836 0.10680000
v -0.00637102 -0.01649058 0.10680000
v -0.00386282 -0.01629851 0.10680000
v -0.00479609 -0.01672596 0.10680000
v -0.00161733 -0.01732468 0.10680000
v 0.01170620 -0.01944793 0.10680000
v 0.01234117 -0.02090827 0.10680000
v 0.01257757 -0.01453367 0.10680000
v 0.01257655 -0.02248320 0.10680000
v 0.01257757 -0.02778433 0.10680000
v 0.00795320 -0.01667086 0.10680000
v 0.00943482 -0.01725448 0.10680000
v 0.01071489 -0.01820169 0.10680000
v 0.01239628 -0.02406539 0.10680000
v 0.01181266 -0.02554700 0.10680000
v 0.01086545 -0.02682708 0.10680000
v -0.01326094 -0.02022768 0.10680000
v -0.01407142 -0.02128392 0.10680000
v -0.01326094 -0.01512768 0.10680000
v -0.01275145 -0.01635770 0.10680000
v -0.01257767 -0.01767767 0.10680000
v -0.01275145 -0.01899766 0.10680000
v -0.01899765 -0.02260389 0.10680000
v -0.01976383 -0.02310188 0.10680000
v -0.01767767 -0.02277768 0.10680000
v -0.01707923 -0.02526956 0.10680000
v -0.01635769 -0.02260389 0.10680000
v -0.01512767 -0.02209441 0.10680000
v -0.01976383 -0.02228653 0.10680000
v -0.02022767 -0.02209441 0.10680000
v -0.02110414 -0.02201967 0.10680000
v -0.02452191 -0.01813632 0.10680000
v -0.02277767 -0.01767767 0.10680000
v -0.02674015 -0.01453366 0.10680000
v -0.02260389 -0.01635770 0.10680000
v -0.02128391 -0.02128392 0.10680000
v -0.02209440 -0.02022768 0.10680000
v -0.02260389 -0.01899765 0.10680000
v -0.01976383 -0.01306882 0.10680000
v -0.01976383 -0.01257757 0.10680000
v -0.02022767 -0.01326094 0.10680000
v -0.02769781 -0.01257757 0.10680000
v -0.02128391 -0.01407142 0.10680000
v -0.02723424 -0.01373121 0.10680000
v -0.02163860 -0.01453366 0.10680000
v -0.02209440 -0.01512767 0.10680000
v -0.02554699 -0.01181266 0.10680000
v -0.02682707 -0.01086545 0.10680000
v -0.02916308 -0.00893110 0.10680000
v -0.01976383 -0.01184356 0.10680000
v -0.02090826 -0.01234117 0.10680000
v -0.02248319 -0.01257655 0.10680000
v -0.02406538 -0.01239628 0.10680000
v -0.02781837 -0.00961922 0.10680000
v -0.02845335 -0.00815887 0.10680000
v -0.03005000 -0.00481580 0.10680000
v -0.03025296 -0.00387405 0.10680000
v -0.03047252 0.00129445 0.10680000
v -0.03005000 0.00459396 0.10680000
v -0.02248319 0.01257655 0.10680000
v -0.02090826 0.01234117 0.10680000
v -0.02769284 0.01257757 0.10680000
v -0.02406538 0.01239628 0.10680000
v -0.02554699 0.01181266 0.10680000
v -0.02931194 -0.00411953 0.10680000
v -0.02960000 -0.00000000 0.10680000
v -0.02931194 0.00411952 0.10680000
v -0.02981544 0.00642571 0.10680000
v -0.02852139 0.00783874 0.10680000
v -0.02938270 0.00783874 0.10680000
v -0.02845335 0.00815886 0.10680000
v -0.02830062 0.01137212 0.10680000
v -0.02781837 0.00961921 0.10680000
v -0.02682707 0.01086545 0.10680000
v -0.02022767 0.01326094 0.10680000
v -0.02128391 0.01407142 0.10680000
v -0.02209440 0.01512767 0.10680000
v -0.02597164 0.01599137 0.10680000
v -0.02260389 0.01635769 0.10680000
v -0.02277767 0.01767767 0.10680000
v -0.02318154 0.01976383 0.10680000
v -0.01976383 0.02315204 0.10680000
v -0.02289551 0.02015058 0.10680000
v -0.02128391 0.02128391 0.10680000
v -0.02260389 0.01899765 0.10680000
v -0.02228653 0.01976383 0.10680000
v -0.02209440 0.02022767 0.10680000
v -0.01487470 0.02662693 0.10680001
v -0.01635769 0.02260389 0.10680000
v -0.01257757 0.02766530 0.10680001
v -0.01512767 0.02209440 0.10680000
v -0.01306881 0.01976383 0.10680000
v -0.01326094 0.02022767 0.10680000
v -0.01407142 0.02128391 0.10680000
v -0.02022767 0.02209440 0.10680000
v -0.01976383 0.02228653 0.10680000
v -0.01916071 0.02373009 0.10680000
v -0.01899765 0.02260389 0.10680000
v -0.01767767 0.02277767 0.10680000
v -0.01239628 0.02406538 0.10680001
v -0.01257655 0.02248319 0.10680000
v -0.01234117 0.02090826 0.10680000
v 0.01257655 0.02248319 0.10680000
v 0.01234117 0.02090826 0.10680000
v 0.01257757 0.01976383 0.10680000
v 0.01181266 0.02554699 0.10680001
v 0.01239628 0.02406538 0.10680001
v 0.01257757 0.02766530 0.10680001
v -0.01181266 0.02554699 0.10680001
v -0.01086545 0.02682707 0.10680001
v -0.01016076 0.02875776 0.10680001
v 0.01016076 0.02875776 0.10680001
v 0.00961921 0.02781837 0.10680001
v 0.01086545 0.02682707 0.10680001
v -0.00961921 0.02781837 0.10680001
v -0.00815886 0.02845335 0.10680001
v -0.00519786 0.03005000 0.10680001
v -0.00411952 0.02931194 0.10680001
v 0.00000000 0.02960000 0.10680001
v 0.00519787 0.03005000 0.10680001
v 0.00411953 0.02931194 0.10680001
v 0.00815887 0.02845335 0.10680001
v 0.00515453 0.03006129 0.10680001
v 0.00000000 0.03050000 0.10680001
v -0.00515452 0.03006129 0.10680001
v 0.01306881 0.01976383 0.10680000
v 0.01326094 0.02022767 0.10680000
v 0.01407142 0.02128391 0.10680000
v 0.01512767 0.02209440 0.10680000
v 0.01487470 0.02662693 0.10680001
v 0.01635769 0.02260389 0.10680000
v 0.01767767 0.02277767 0.10680000
v 0.01916071 0.02373008 0.10680000
v 0.01899765 0.02260388 0.10680000
v 0.01932500 0.02357263 0.10680000
v 0.01932500 0.02246830 0.10680000
v 0.02022767 0.02209440 0.10680000
v 0.02128391 0.02128391 0.10680000
v 0.02289551 0.02015057 0.10680000
v 0.02209440 0.02022767 0.10680000
v 0.02318154 0.01976383 0.10680000
v 0.02228653 0.01976383 0.10680000
v 0.02260389 0.01899765 0.10680000
v 0.02597164 0.01599137 0.10680000
v 0.02277767 0.01767766 0.10680000
v 0.02260389 0.01635769 0.10680000
v 0.02769284 0.01257756 0.10680000
v 0.02209440 0.01512767 0.10680000
v 0.02128391 0.01407141 0.10680000
v 0.02419766 -0.00299438 0.10680000
v 0.02345000 -0.00268468 0.10680000
v 0.01932500 -0.01257758 0.10680000
v 0.02280797 -0.00219204 0.10680000
v 0.02231532 -0.00155001 0.10680000
v 0.02830062 0.01137211 0.10680000
v 0.01932500 0.00783873 0.10680000
v 0.02938270 0.00783873 0.10680000
v 0.02419766 0.00299436 0.10680000
v 0.02500000 0.00309999 0.10680000
v 0.02200563 -0.00080234 0.10680000
v 0.02190000 -0.00000001 0.10680000
v 0.02200563 0.00080233 0.10680000
v 0.02231532 0.00154999 0.10680000
v 0.02280797 0.00219203 0.10680000
v 0.02345000 0.00268467 0.10680000
v 0.02580234 0.00299436 0.10680000
v 0.02655000 0.00268467 0.10680000
v 0.02981544 0.00642571 0.10680000
v 0.02719203 0.00219203 0.10680000
v 0.03047252 0.00129445 0.10680000
v 0.02768468 0.00154999 0.10680000
v 0.02799437 -0.00080235 0.10680000
v 0.03025296 -0.00387405 0.10680000
v 0.02810000 -0.00000001 0.10680000
v 0.02799437 0.00080233 0.10680000
v 0.02768468 -0.00155001 0.10680000
v 0.02719203 -0.00219204 0.10680000
v 0.02916308 -0.00893110 0.10680000
v 0.02655000 -0.00268469 0.10680000
v 0.02769781 -0.01257758 0.10680000
v 0.02580234 -0.00299438 0.10680000
v 0.02500000 -0.00310001 0.10680000
v 0.01932500 -0.01288705 0.10680000
v 0.02128391 -0.01407143 0.10680000
v 0.02163860 -0.01453367 0.10680000
v 0.02674015 -0.01453367 0.10680000
v 0.02022767 -0.01326095 0.10680000
v 0.02723424 -0.01373122 0.10680000
v 0.02277767 -0.01767768 0.10680000
v 0.02452191 -0.01813632 0.10680000
v 0.02260389 -0.01635770 0.10680000
v 0.02209440 -0.01512768 0.10680000
v 0.02022767 -0.02209441 0.10680000
v 0.01932500 -0.02345622 0.10680000
v 0.02128391 -0.02128392 0.10680000
v 0.02110414 -0.02201967 0.10680000
v 0.02209440 -0.02022768 0.10680000
v 0.02260389 -0.01899766 0.10680000
v 0.01932500 -0.02246831 0.10680000
v 0.01899765 -0.02260390 0.10680000
v 0.01707923 -0.02526956 0.10680000
v 0.01767767 -0.02277768 0.10680000
v 0.01635769 -0.02260390 0.10680000
v 0.01512767 -0.02209441 0.10680000
v 0.01407142 -0.02128392 0.10680000
v 0.01326094 -0.02022768 0.10680000
v 0.01275145 -0.01635770 0.10680000
v 0.01257767 -0.01767768 0.10680000
v 0.01275145 -0.01899766 0.10680000
v 0.01257757 -0.01257758 0.10680000
v 0.01100602 -0.01257758 0.10680000
v 0.01076669 -0.01283125 0.10680000
v 0.01649553 -0.00290861 0.10680000
v 0.01538012 -0.00663434 0.10680000
v 0.01343556 -0.01000242 0.10680000
v 0.01257757 -0.01091183 0.10680000
v 0.01672166 0.00097392 0.10680000
v 0.01604633 0.00480395 0.10680000
v 0.01257757 0.01257757 0.10680000
v 0.01257757 0.01096523 0.10680000
v 0.01450592 0.00837499 0.10680000
v 0.01473725 0.00783873 0.10680000
v 0.00920428 0.01399442 0.10680000
v 0.01089281 0.01257757 0.10680000
v 0.01218351 0.01149454 0.10680000
v 0.01184356 0.01976383 0.10680000
v 0.01170620 0.01944792 0.10680000
v 0.01071489 0.01820167 0.10680000
v 0.00943482 0.01725447 0.10680000
v 0.00795320 0.01667085 0.10680000
v 0.00572884 0.01573985 0.10680000
v -0.00572884 0.01573985 0.10680000
v -0.00637102 0.01649058 0.10680000
v -0.00920428 0.01399442 0.10680000
v -0.00795320 0.01667085 0.10680000
v -0.00943482 0.01725447 0.10680000
v 0.00637102 0.01649058 0.10680000
v 0.00479609 0.01672595 0.10680000
v 0.00194456 0.01663674 0.10680000
v 0.00161733 0.01732467 0.10680000
v -0.00194456 0.01663674 0.10680000
v -0.00161733 0.01732467 0.10680000
v -0.00479609 0.01672595 0.10680000
v -0.01071489 0.01820168 0.10680000
v -0.01257757 0.01257757 0.10680000
v -0.01089281 0.01257757 0.10680000
v -0.01976383 0.01184356 0.10680000
v -0.01944792 0.01170620 0.10680000
v -0.01820168 0.01071489 0.10680000
v -0.01725447 0.00943481 0.10680000
v -0.01473725 0.00783874 0.10680000
v -0.01450592 0.00837500 0.10680000
v -0.01667085 0.00795320 0.10680000
v -0.01257757 0.01096523 0.10680000
v -0.01218351 0.01149455 0.10680000
v -0.01649553 -0.00290861 0.10680000
v -0.01672595 -0.00479609 0.10680000
v -0.01538012 -0.00663434 0.10680000
v -0.01649058 -0.00637102 0.10680000
v -0.01343556 -0.01000241 0.10680000
v -0.01100602 -0.01257757 0.10680000
v -0.01257757 -0.01091183 0.10680000
v -0.01257757 -0.01257757 0.10680000
v -0.01665781 0.00783874 0.10680000
v -0.01649058 0.00637101 0.10680000
v -0.01604633 0.00480395 0.10680000
v -0.01672595 0.00479609 0.10680000
v -0.01672166 0.00097392 0.10680000
v -0.01732467 0.00161732 0.10680000
v -0.01732467 -0.00161733 0.10680000
v -0.01667085 -0.00795321 0.10680000
v -0.01725447 -0.00943482 0.10680000
v -0.01820168 -0.01071489 0.10680000
v -0.01944792 -0.01170620 0.10680000
v -0.01076669 -0.01283124 0.10680000
v -0.01635769 -0.01275145 0.10680000
v -0.01767767 -0.01257767 0.10680000
v -0.01899765 -0.01275145 0.10680000
v -0.01512767 -0.01326094 0.10680000
v -0.01407142 -0.01407142 0.10680000
v -0.01371674 -0.01453366 0.10680000
v -0.01767767 0.01257767 0.10680000
v -0.01635769 0.01275145 0.10680000
v -0.01326094 0.01512767 0.10680000
v -0.01407142 0.01407142 0.10680000
v -0.01512767 0.01326094 0.10680000
v -0.01275145 0.01899765 0.10680000
v -0.01257767 0.01767767 0.10680000
v -0.01275145 0.01635769 0.10680000
v 0.01512767 0.01326093 0.10680000
v 0.01407142 0.01407141 0.10680000
v 0.01326094 0.01512767 0.10680000
v 0.01899765 0.01275144 0.10680000
v 0.01767767 0.01257767 0.10680000
v 0.01635769 0.01275144 0.10680000
v 0.01275145 0.01635769 0.10680000
v 0.01257767 0.01767767 0.10680000
v 0.01275145 0.01899765 0.10680000
v 0.01326094 -0.01512768 0.10680000
v 0.01371674 -0.01453367 0.10680000
v 0.01407142 -0.01407143 0.10680000
v 0.01512767 -0.01326095 0.10680000
v 0.01635769 -0.01275146 0.10680000
v 0.01767767 -0.01257768 0.10680000
v 0.01899765 -0.01275146 0.10680000
v -0.00518473 0.03107038 0.09880001
v -0.00532352 0.03104690 0.10580001
v 0.00000000 0.03150000 0.10580001
v -0.00532075 0.03103594 0.09880001
v -0.01022803 0.02979324 0.09880001
v -0.01049390 0.02970064 0.10580001
v -0.01048507 0.02968050 0.09880001
v -0.01499234 0.02770342 0.09880000
v -0.01536239 0.02749995 0.10580001
v -0.01534486 0.02747311 0.09880000
v -0.01934770 0.02485793 0.09880000
v -0.01978893 0.02450813 0.10580001
v -0.01976084 0.02447761 0.09880000
v -0.02317530 0.02133437 0.09880000
v -0.02364618 0.02081126 0.10580000
v -0.02360650 0.02078037 0.09880000
v -0.02637074 0.01722887 0.09880000
v -0.02682317 0.01651568 0.10580000
v -0.02677176 0.01648786 0.09880000
v -0.02884686 0.01265341 0.09880000
v -0.02922850 0.01174498 0.10580000
v -0.02916608 0.01172355 0.09880000
v -0.03053611 0.00773279 0.09880000
v -0.03079299 0.00663639 0.10580000
v -0.03072107 0.00662439 0.09880000
v -0.03139241 0.00260125 0.09880000
v -0.03147162 0.00133689 0.10580000
v -0.03139241 0.00133690 0.09880000
v -0.03139241 -0.00260125 0.09880000
v -0.03124486 -0.00400106 0.10580000
v -0.03116116 -0.00398710 0.09880000
v -0.03053611 -0.00773280 0.09880000
v -0.03011925 -0.00922392 0.10580000
v -0.03003423 -0.00919473 0.09880000
v -0.02884686 -0.01265341 0.09880000
v -0.02812716 -0.01418142 0.10580000
v -0.02804423 -0.01413654 0.09880000
v -0.02637074 -0.01722887 0.09880000
v -0.02532591 -0.01873095 0.10580000
v -0.02524851 -0.01867071 0.09880000
v -0.02317530 -0.02133437 0.09880000
v -0.02179607 -0.02274162 0.10580000
v -0.02172752 -0.02266715 0.09880000
v -0.01934770 -0.02485793 0.09880000
v -0.01763920 -0.02609805 0.10580000
v -0.01758247 -0.02601121 0.09880000
v -0.01499234 -0.02770343 0.09880000
v -0.01297489 -0.02870370 0.10580000
v -0.01293246 -0.02860697 0.09880000
v -0.01022803 -0.02979324 0.09880000
v -0.00793731 -0.03048359 0.10580000
v -0.00791107 -0.03037999 0.09880000
v -0.00518473 -0.03107038 0.09880000
v -0.00267139 -0.03138653 0.10580000
v -0.00266251 -0.03127939 0.09880000
v -0.00000000 -0.03150001 0.10580000
v -0.00000000 -0.03150001 0.09880000
v 0.00267138 -0.03138653 0.10580000
v 0.00266251 -0.03127939 0.09880000
v 0.00518473 -0.03107039 0.09880000
v 0.00793731 -0.03048360 0.10580000
v 0.00791107 -0.03037999 0.09880000
v 0.01022803 -0.02979325 0.09880000
v 0.01297489 -0.02870371 0.10580000
v 0.01293246 -0.02860698 0.09880000
v 0.01499234 -0.02770343 0.09880000
v 0.01763920 -0.02609806 0.10580000
v 0.01758247 -0.02601122 0.09880000
v 0.01934770 -0.02485794 0.09880000
v 0.02179607 -0.02274163 0.10580000
v 0.02172752 -0.02266716 0.09880000
v 0.02317530 -0.02133438 0.09880000
v 0.02532591 -0.01873096 0.10580000
v 0.02524851 -0.01867072 0.09880000
v 0.02637074 -0.01722888 0.09880000
v 0.02812716 -0.01418143 0.10580000
v 0.02804423 -0.01413655 0.09880000
v 0.02884686 -0.01265342 0.09880000
v 0.03011925 -0.00922392 0.10580000
v 0.03003423 -0.00919473 0.09880000
v 0.03053611 -0.00773280 0.09880000
v 0.03124486 -0.00400107 0.10580000
v 0.03116116 -0.00398710 0.09880000
v 0.03139241 -0.00260125 0.09880000
v 0.03147162 0.00133689 0.10580000
v 0.03139241 0.00133689 0.09880000
v 0.03139241 0.00260124 0.09880000
v 0.03079299 0.00663639 0.10580000
v 0.03072107 0.00662439 0.09880000
v 0.03053611 0.00773279 0.09880000
v 0.02922850 0.01174497 0.10580000
v 0.02916608 0.01172355 0.09880000
v 0.02884686 0.01265341 0.09880000
v 0.02682317 0.01651568 0.10580000
v 0.02677176 0.01648786 0.09880000
v 0.02637074 0.01722887 0.09880000
v 0.02364618 0.02081126 0.10580000
v 0.02360650 0.02078037 0.09880000
v 0.02317530 0.02133437 0.09880000
v 0.01978893 0.02450812 0.10580001
v 0.01976084 0.02447761 0.09880000
v 0.01934770 0.02485793 0.09880000
v 0.01536239 0.02749995 0.10580001
v 0.01534486 0.02747311 0.09880000
v 0.01499234 0.02770342 0.09880000
v 0.01049390 0.02970064 0.10580001
v 0.01048507 0.02968050 0.09880001
v 0.01022803 0.02979324 0.09880001
v 0.00532353 0.03104690 0.10580001
v 0.00532075 0.03103594 0.09880001
v 0.00518473 0.03107038 0.09880001
v 0.00000000 0.03150000 0.09880001
v -0.01022803 0.02979324 0.09880001
v -0.00532075 0.03103594 0.09880001
v -0.01055273 0.03073906 0.09780001
v -0.00534932 0.03205674 0.09780001
v -0.01048507 0.02968050 0.09880001
v -0.01546829 0.02858290 0.09780000
v -0.01499234 0.02770342 0.09880000
v -0.01534486 0.02747311 0.09880000
v -0.01996191 0.02564707 0.09780000
v -0.01934770 0.02485793 0.09880000
v -0.01976084 0.02447761 0.09880000
v -0.02391103 0.02201165 0.09780000
v -0.02317530 0.02133437 0.09880000
v -0.02360650 0.02078037 0.09880000
v -0.02720791 0.01777581 0.09780000
v -0.02637074 0.01722887 0.09880000
v -0.02976263 0.01305510 0.09780000
v -0.03150551 0.00797828 0.09780000
v -0.03053611 0.00773279 0.09880000
v -0.02916608 0.01172355 0.09880000
v -0.02884686 0.01265341 0.09880000
v -0.02677176 0.01648786 0.09880000
v -0.03238899 0.00268383 0.09780000
v -0.03238899 -0.00268383 0.09780000
v -0.03139241 -0.00260125 0.09880000
v -0.03139241 0.00133690 0.09880000
v -0.03139241 0.00260125 0.09880000
v -0.03072107 0.00662439 0.09880000
v -0.03150551 -0.00797828 0.09780000
v -0.02976263 -0.01305510 0.09780000
v -0.02884686 -0.01265341 0.09880000
v -0.03003423 -0.00919473 0.09880000
v -0.03053611 -0.00773280 0.09880000
v -0.03116116 -0.00398710 0.09880000
v -0.02720791 -0.01777581 0.09780000
v -0.02391103 -0.02201165 0.09780000
v -0.02317530 -0.02133437 0.09880000
v -0.02524851 -0.01867071 0.09880000
v -0.02637074 -0.01722887 0.09880000
v -0.02804423 -0.01413654 0.09880000
v -0.01996191 -0.02564707 0.09780000
v -0.01546829 -0.02858290 0.09780000
v -0.01499234 -0.02770343 0.09880000
v -0.01758247 -0.02601121 0.09880000
v -0.01934770 -0.02485793 0.09880000
v -0.02172752 -0.02266715 0.09880000
v -0.01055273 -0.03073906 0.09780000
v -0.00534933 -0.03205675 0.09780000
v -0.00518473 -0.03107038 0.09880000
v -0.00791107 -0.03037999 0.09880000
v -0.01022803 -0.02979324 0.09880000
v -0.01293246 -0.02860697 0.09880000
v 0.00534932 -0.03205675 0.09780000
v 0.00266251 -0.03127939 0.09880000
v -0.00000000 -0.03250001 0.09780000
v -0.00000000 -0.03150001 0.09880000
v -0.00266251 -0.03127939 0.09880000
v 0.01055273 -0.03073907 0.09780000
v 0.00791107 -0.03037999 0.09880000
v 0.00518473 -0.03107039 0.09880000
v 0.01546829 -0.02858291 0.09780000
v 0.01293246 -0.02860698 0.09880000
v 0.01022803 -0.02979325 0.09880000
v 0.01996191 -0.02564708 0.09780000
v 0.01758247 -0.02601122 0.09880000
v 0.01499234 -0.02770343 0.09880000
v 0.02391103 -0.02201166 0.09780000
v 0.02172752 -0.02266716 0.09880000
v 0.01934770 -0.02485794 0.09880000
v 0.02720791 -0.01777582 0.09780000
v 0.02524851 -0.01867072 0.09880000
v 0.02317530 -0.02133438 0.09880000
v 0.02976263 -0.01305511 0.09780000
v 0.02804423 -0.01413655 0.09880000
v 0.02637074 -0.01722888 0.09880000
v 0.03150551 -0.00797828 0.09780000
v 0.03003423 -0.00919473 0.09880000
v 0.02884686 -0.01265342 0.09880000
v 0.03238899 -0.00268383 0.09780000
v 0.03116116 -0.00398710 0.09880000
v 0.03053611 -0.00773280 0.09880000
v 0.03238899 0.00268382 0.09780000
v 0.03139241 0.00133689 0.09880000
v 0.03139241 -0.00260125 0.09880000
v 0.03150551 0.00797827 0.09780000
v 0.03072107 0.00662439 0.09880000
v 0.03139241 0.00260124 0.09880000
v 0.02976263 0.01305510 0.09780000
v 0.02916608 0.01172355 0.09880000
v 0.03053611 0.00773279 0.09880000
v 0.02720791 0.01777581 0.09780000
v 0.02677176 0.01648786 0.09880000
v 0.02884686 0.01265341 0.09880000
v 0.02391103 0.02201165 0.09780000
v 0.02360650 0.02078037 0.09880000
v 0.02637074 0.01722887 0.09880000
v 0.01996191 0.02564707 0.09780000
v 0.01976084 0.02447761 0.09880000
v 0.02317530 0.02133437 0.09880000
v 0.01546829 0.02858290 0.09780000
v 0.01534486 0.02747311 0.09880000
v 0.01934770 0.02485793 0.09880000
v 0.01055273 0.03073906 0.09780001
v 0.01048507 0.02968050 0.09880001
v 0.01499234 0.02770342 0.09880000
v -0.00518473 0.03107038 0.09880001
v 0.00000000 0.03150000 0.09880001
v 0.00000000 0.03250000 0.09780001
v 0.00518473 0.03107038 0.09880001
v 0.00534933 0.03205674 0.09780001
v 0.00532075 0.03103594 0.09880001
v 0.01022803 0.02979324 0.09880001
v 0.02735764 -0.03186785 0.09780000
v 0.03044130 -0.02893662 0.09780000
v 0.01809675 -0.03591713 0.09780000
v -0.01260090 -0.03664066 0.09780000
v -0.01249868 -0.03741713 0.09780000
v -0.00000000 -0.04200001 0.09780000
v -0.01260090 -0.03819359 0.09780000
v -0.00424907 -0.04178452 0.09780000
v 0.03044130 0.02893661 0.09780001
v 0.01809675 0.03591712 0.09780001
v 0.01762000 0.03529580 0.09780001
v 0.03529580 0.01762000 0.09780000
v 0.03591712 0.01809675 0.09780000
v 0.03564306 0.02221649 0.09780000
v -0.00845454 -0.04114026 0.09780000
v -0.01290060 -0.03891713 0.09780000
v -0.01257325 -0.04007385 0.09780000
v -0.01337736 -0.03953845 0.09780000
v -0.01359767 -0.03973794 0.09780000
v 0.02399327 -0.03447207 0.09780000
v 0.01839646 -0.03664067 0.09780000
v 0.02038268 -0.03672257 0.09780000
v 0.01849868 -0.03741713 0.09780000
v 0.01848396 -0.03771398 0.09780000
v 0.01257325 -0.04007386 0.09780000
v 0.01359767 -0.03973794 0.09780000
v 0.01337736 -0.03953845 0.09780000
v 0.03529580 -0.01762001 0.09780000
v 0.01472222 -0.03451935 0.09780000
v 0.01549868 -0.03441713 0.09780000
v 0.01627514 -0.03451935 0.09780000
v 0.01699868 -0.03481904 0.09780000
v 0.01762000 -0.03529581 0.09780000
v 0.00845454 -0.04114027 0.09780000
v 0.00424907 -0.04178452 0.09780000
v 0.01260090 -0.03819359 0.09780000
v 0.01290060 -0.03891713 0.09780000
v -0.01257325 0.04007385 0.09780001
v -0.01359767 0.03973793 0.09780001
v -0.01337736 0.03953844 0.09780001
v 0.03321258 0.02570845 0.09780000
v 0.03451934 0.01627514 0.09780000
v 0.03481904 0.01699868 0.09780000
v -0.02735764 0.03186784 0.09780001
v -0.03044130 0.02893661 0.09780001
v -0.01809675 0.03591712 0.09780001
v 0.03664066 0.01839645 0.09780000
v 0.03741712 0.01849868 0.09780000
v 0.03770779 0.01849654 0.09780000
v 0.03771397 0.01848395 0.09780000
v 0.02735764 0.03186784 0.09780001
v 0.02399327 0.03447206 0.09780001
v 0.01839646 0.03664066 0.09780001
v 0.02038268 0.03672256 0.09780001
v 0.01849868 0.03741712 0.09780001
v 0.01848396 0.03771397 0.09780001
v 0.01699868 0.03481904 0.09780001
v 0.01627514 0.03451934 0.09780001
v 0.01996191 0.02564707 0.09780000
v 0.03591712 -0.01809676 0.09780000
v 0.03321258 -0.02570846 0.09780000
v 0.03664066 -0.01839647 0.09780000
v 0.03564306 -0.02221650 0.09780000
v 0.03741712 -0.01849869 0.09780000
v 0.03770779 -0.01849656 0.09780000
v 0.03771397 -0.01848397 0.09780000
v 0.02720791 -0.01777582 0.09780000
v 0.02391103 -0.02201166 0.09780000
v 0.03481904 -0.01699869 0.09780000
v 0.03451934 -0.01627515 0.09780000
v 0.03441712 -0.01549869 0.09780000
v 0.02976263 -0.01305511 0.09780000
v 0.03451934 -0.01472223 0.09780000
v 0.03481904 -0.01399869 0.09780000
v 0.03664066 0.01260089 0.09780000
v 0.03529580 -0.01337737 0.09780000
v -0.02399327 0.03447206 0.09780001
v -0.01839646 0.03664066 0.09780001
v -0.02038268 0.03672256 0.09780001
v -0.01849868 0.03741712 0.09780001
v -0.01848396 0.03771397 0.09780001
v 0.01996191 -0.02564708 0.09780000
v 0.01546829 -0.02858291 0.09780000
v 0.01337736 -0.03529581 0.09780000
v 0.01055273 -0.03073907 0.09780000
v 0.01290060 -0.03591713 0.09780000
v 0.00534932 -0.03205675 0.09780000
v 0.01260090 -0.03664067 0.09780000
v -0.00000000 -0.03250001 0.09780000
v 0.01249868 -0.03741713 0.09780000
v 0.01546829 0.02858290 0.09780000
v 0.04194609 -0.00212727 0.09780000
v 0.03819358 0.01260089 0.09780000
v 0.03741712 0.01249868 0.09780000
v 0.03441712 0.01549868 0.09780000
v 0.03451934 0.01472222 0.09780000
v -0.01055273 0.03073906 0.09780001
v -0.00534932 0.03205674 0.09780001
v -0.01290060 0.03591712 0.09780001
v -0.01337736 0.03529580 0.09780001
v -0.01399868 0.03481904 0.09780001
v -0.01546829 0.02858290 0.09780000
v 0.01399868 -0.03481904 0.09780000
v 0.03819358 -0.01260091 0.09780000
v 0.03891712 -0.01290061 0.09780000
v 0.04065924 -0.01052742 0.09780000
v 0.03953844 -0.01337737 0.09780000
v 0.03973793 -0.01359768 0.09780000
v 0.02391103 0.02201165 0.09780000
v 0.02720791 0.01777581 0.09780000
v 0.03481904 0.01399868 0.09780000
v 0.02976263 0.01305510 0.09780000
v 0.03529580 0.01337736 0.09780000
v 0.03150551 0.00797827 0.09780000
v 0.03591712 0.01290060 0.09780000
v 0.03238899 0.00268382 0.09780000
v 0.03238899 -0.00268383 0.09780000
v 0.03150551 -0.00797828 0.09780000
v -0.03481904 0.01699868 0.09780000
v -0.03451934 0.01627514 0.09780000
v -0.02720791 0.01777581 0.09780000
v -0.03441712 0.01549868 0.09780000
v -0.02976263 0.01305510 0.09780000
v 0.03973793 0.01359766 0.09780000
v 0.03953844 0.01337736 0.09780000
v 0.04065924 0.01052740 0.09780000
v 0.03891712 0.01290060 0.09780000
v 0.04151567 0.00635996 0.09780000
v 0.04194609 0.00212726 0.09780000
v 0.03591712 -0.01290061 0.09780000
v 0.03664066 -0.01260091 0.09780000
v 0.03741712 -0.01249869 0.09780000
v 0.04151567 -0.00635997 0.09780000
v 0.01549868 0.03441712 0.09780001
v 0.01472222 0.03451934 0.09780001
v 0.01055273 0.03073906 0.09780001
v 0.00424907 0.04178451 0.09780001
v 0.00000000 0.04200000 0.09780001
v 0.01260090 0.03819358 0.09780001
v -0.01472222 0.03451934 0.09780001
v -0.01549868 0.03441712 0.09780001
v -0.01996191 0.02564707 0.09780000
v -0.01627514 0.03451934 0.09780001
v -0.02391103 0.02201165 0.09780000
v -0.03953844 0.01337736 0.09780000
v -0.03973793 0.01359767 0.09780000
v -0.04065924 0.01052741 0.09780000
v -0.02720791 -0.01777581 0.09780000
v -0.02976263 -0.01305510 0.09780000
v -0.03451934 -0.01472222 0.09780000
v -0.03771397 -0.01848396 0.09780000
v -0.03770779 -0.01849655 0.09780000
v -0.03741712 -0.01849868 0.09780000
v -0.03564306 -0.02221649 0.09780000
v -0.03664066 -0.01839646 0.09780000
v -0.00845454 0.04114026 0.09780001
v -0.01290060 0.03891712 0.09780001
v -0.01260090 0.03819358 0.09780001
v -0.01762000 0.03529580 0.09780001
v -0.03529580 0.01762000 0.09780000
v -0.03591712 0.01809675 0.09780000
v -0.03321258 0.02570845 0.09780000
v -0.03664066 0.01839646 0.09780000
v -0.03564306 0.02221649 0.09780000
v -0.03741712 0.01849868 0.09780000
v -0.03770779 0.01849655 0.09780000
v -0.03771397 0.01848396 0.09780000
v -0.01699868 0.03481904 0.09780001
v -0.03591712 -0.01809675 0.09780000
v -0.03321258 -0.02570845 0.09780000
v -0.03044130 -0.02893661 0.09780000
v 0.00845454 0.04114026 0.09780001
v 0.01290060 0.03891712 0.09780001
v 0.01257325 0.04007385 0.09780001
v 0.01337736 0.03953844 0.09780001
v 0.01359767 0.03973793 0.09780001
v 0.01249868 0.03741712 0.09780001
v -0.01249868 0.03741712 0.09780001
v 0.01260090 0.03664066 0.09780001
v -0.01260090 0.03664066 0.09780001
v 0.01399868 0.03481904 0.09780001
v 0.01337736 0.03529580 0.09780001
v 0.00534933 0.03205674 0.09780001
v 0.01290060 0.03591712 0.09780001
v 0.00000000 0.03250000 0.09780001
v -0.00424907 0.04178451 0.09780001
v -0.01762000 -0.03529580 0.09780000
v -0.01699868 -0.03481904 0.09780000
v -0.01996191 -0.02564707 0.09780000
v -0.01627514 -0.03451935 0.09780000
v -0.01546829 -0.02858290 0.09780000
v -0.01549868 -0.03441713 0.09780000
v -0.01472222 -0.03451935 0.09780000
v -0.01055273 -0.03073906 0.09780000
v -0.01399868 -0.03481904 0.09780000
v -0.00534933 -0.03205675 0.09780000
v -0.01290060 -0.03591713 0.09780000
v -0.01337736 -0.03529580 0.09780000
v -0.03664066 -0.01260090 0.09780000
v -0.03150551 -0.00797828 0.09780000
v -0.03664066 0.01260090 0.09780000
v -0.03238899 -0.00268383 0.09780000
v -0.03591712 0.01290060 0.09780000
v -0.03238899 0.00268383 0.09780000
v -0.03529580 0.01337736 0.09780000
v -0.03150551 0.00797828 0.09780000
v -0.03481904 0.01399868 0.09780000
v -0.03451934 0.01472222 0.09780000
v -0.03741712 -0.01249868 0.09780000
v -0.03741712 0.01249868 0.09780000
v -0.03819358 0.01260090 0.09780000
v -0.02735764 -0.03186784 0.09780000
v -0.01809675 -0.03591713 0.09780000
v -0.02399327 -0.03447207 0.09780000
v -0.01839646 -0.03664066 0.09780000
v -0.02038268 -0.03672257 0.09780000
v -0.01849868 -0.03741713 0.09780000
v -0.01848396 -0.03771398 0.09780000
v -0.03973793 -0.01359767 0.09780000
v -0.03953844 -0.01337736 0.09780000
v -0.04065924 -0.01052741 0.09780000
v -0.03891712 -0.01290060 0.09780000
v -0.04151567 -0.00635997 0.09780000
v -0.03819358 -0.01260090 0.09780000
v -0.04194609 -0.00212727 0.09780000
v -0.04151567 0.00635996 0.09780000
v -0.03891712 0.01290060 0.09780000
v -0.04194609 0.00212726 0.09780000
v -0.03529580 -0.01762000 0.09780000
v -0.03481904 -0.01699868 0.09780000
v -0.02391103 -0.02201165 0.09780000
v -0.03451934 -0.01627514 0.09780000
v -0.03441712 -0.01549868 0.09780000
v -0.03591712 -0.01290060 0.09780000
v -0.03529580 -0.01337736 0.09780000
v -0.03481904 -0.01399868 0.09780000
v -0.00386282 -0.01629851 0.10680000
v -0.00376384 -0.01527755 0.10580000
v -0.00751739 -0.01496836 0.10680000
v -0.00706859 -0.01407471 0.10580000
v -0.00817830 -0.01453367 0.10680000
v -0.00730278 -0.01392069 0.10580000
v -0.01076669 -0.01283124 0.10680000
v -0.01012390 -0.01206520 0.10580000
v -0.01100602 -0.01257757 0.10680000
v -0.01041258 -0.01175923 0.10580000
v -0.01257757 -0.01091183 0.10680000
v -0.01263344 -0.00940525 0.10580000
v -0.01343556 -0.01000241 0.10680000
v -0.01291400 -0.00891931 0.10580000
v -0.01538012 -0.00663434 0.10680000
v -0.01446190 -0.00623826 0.10580000
v -0.01466315 -0.00556606 0.10580000
v -0.01649553 -0.00290861 0.10680000
v -0.01551072 -0.00273496 0.10580000
v -0.01555970 -0.00189406 0.10580000
v -0.01672166 0.00097392 0.10680000
v -0.01572335 0.00091578 0.10580000
v -0.01555265 0.00188390 0.10580000
v -0.01604633 0.00480395 0.10680000
v -0.01508833 0.00451715 0.10580000
v -0.01464320 0.00554909 0.10580000
v -0.01473725 0.00783874 0.10680000
v -0.01363990 0.00787500 0.10580000
v -0.01450592 0.00837500 0.10680000
v -0.01288467 0.00888945 0.10580000
v -0.01257757 0.01096523 0.10680000
v -0.01145613 0.01080831 0.10580000
v -0.01218351 0.01149455 0.10680000
v -0.01089281 0.01257757 0.10680000
v -0.01037938 0.01171181 0.10580000
v -0.00920428 0.01399442 0.10680000
v -0.00865477 0.01315893 0.10580000
v -0.00727273 0.01385302 0.10580000
v -0.00572884 0.01573985 0.10680000
v -0.00538682 0.01480016 0.10580000
v -0.00374481 0.01518932 0.10580000
v -0.00194456 0.01663674 0.10680000
v -0.00182846 0.01564350 0.10580000
v 0.00000000 0.01564350 0.10580000
v 0.00194456 0.01663674 0.10680000
v 0.00182846 0.01564350 0.10580000
v 0.00572884 0.01573985 0.10680000
v 0.00374481 0.01518932 0.10580000
v 0.00538682 0.01480016 0.10580000
v 0.00920428 0.01399442 0.10680000
v 0.00727273 0.01385302 0.10580000
v 0.00865477 0.01315893 0.10580000
v 0.01089281 0.01257757 0.10680000
v 0.01037938 0.01171181 0.10580000
v 0.01218351 0.01149454 0.10680000
v 0.01145613 0.01080830 0.10580000
v 0.01257757 0.01096523 0.10680000
v 0.01450592 0.00837499 0.10680000
v 0.01288467 0.00888945 0.10580000
v 0.01363990 0.00787500 0.10580000
v 0.01473725 0.00783873 0.10680000
v 0.01604633 0.00480395 0.10680000
v 0.01464320 0.00554909 0.10580000
v 0.01508833 0.00451715 0.10580000
v 0.01672166 0.00097392 0.10680000
v 0.01555265 0.00188390 0.10580000
v 0.01572335 0.00091578 0.10580000
v 0.01649553 -0.00290861 0.10680000
v 0.01555970 -0.00189406 0.10580000
v 0.01551072 -0.00273496 0.10580000
v 0.01538012 -0.00663434 0.10680000
v 0.01466315 -0.00556606 0.10580000
v 0.01446190 -0.00623826 0.10580000
v 0.01291400 -0.00891931 0.10580000
v 0.01343556 -0.01000242 0.10680000
v 0.01263344 -0.00940525 0.10580000
v 0.01257757 -0.01091183 0.10680000
v 0.01100602 -0.01257758 0.10680000
v 0.01041258 -0.01175924 0.10580000
v 0.01076669 -0.01283125 0.10680000
v 0.01012390 -0.01206521 0.10580000
v 0.00817830 -0.01453367 0.10680000
v 0.00730278 -0.01392069 0.10580000
v 0.00751739 -0.01496836 0.10680000
v 0.00706859 -0.01407472 0.10580000
v 0.00376384 -0.01527755 0.10580000
v 0.00386282 -0.01629851 0.10680000
v 0.00363220 -0.01532547 0.10580000
v -0.00000000 -0.01675001 0.10680000
v -0.00000000 -0.01575001 0.10580000
v -0.00363220 -0.01532547 0.10580000
v 0.02769284 0.01257756 0.10680000
v 0.02830062 0.01137211 0.10680000
v 0.02922850 0.01174497 0.10580000
v -0.01016076 0.02875776 0.10680001
v -0.00519786 0.03005000 0.10680001
v -0.01049390 0.02970064 0.10580001
v -0.00532352 0.03104690 0.10580001
v -0.01257757 0.02766530 0.10680001
v -0.01536239 0.02749995 0.10580001
v -0.01487470 0.02662693 0.10680001
v -0.01978893 0.02450813 0.10580001
v -0.01916071 0.02373009 0.10680000
v -0.02682317 0.01651568 0.10580000
v -0.02318154 0.01976383 0.10680000
v -0.02364618 0.02081126 0.10580000
v -0.02289551 0.02015058 0.10680000
v -0.01976383 0.02315204 0.10680000
v -0.02922850 0.01174498 0.10580000
v -0.02769284 0.01257757 0.10680000
v -0.02597164 0.01599137 0.10680000
v -0.03079299 0.00663639 0.10580000
v -0.02938270 0.00783874 0.10680000
v -0.02830062 0.01137212 0.10680000
v -0.03047252 0.00129445 0.10680000
v -0.03005000 0.00459396 0.10680000
v -0.02981544 0.00642571 0.10680000
v -0.03147162 0.00133689 0.10580000
v -0.03124486 -0.00400106 0.10580000
v -0.03025296 -0.00387405 0.10680000
v -0.02812716 -0.01418142 0.10580000
v -0.02769781 -0.01257757 0.10680000
v -0.03011925 -0.00922392 0.10580000
v -0.02916308 -0.00893110 0.10680000
v -0.03005000 -0.00481580 0.10680000
v -0.02452191 -0.01813632 0.10680000
v -0.02674015 -0.01453366 0.10680000
v -0.02723424 -0.01373121 0.10680000
v -0.01976383 -0.02310188 0.10680000
v -0.02110414 -0.02201967 0.10680000
v -0.02179607 -0.02274162 0.10580000
v -0.02532591 -0.01873095 0.10580000
v -0.01707923 -0.02526956 0.10680000
v -0.01763920 -0.02609805 0.10580000
v -0.01257757 -0.02778433 0.10680000
v -0.01297489 -0.02870370 0.10580000
v -0.01256299 -0.02779248 0.10680000
v -0.00793731 -0.03048359 0.10580000
v -0.00768533 -0.02951587 0.10680000
v -0.00267139 -0.03138653 0.10580000
v -0.00258658 -0.03039013 0.10680000
v -0.00000000 -0.03050001 0.10680000
v -0.00000000 -0.03150001 0.10580000
v 0.00258658 -0.03039013 0.10680000
v 0.01297489 -0.02870371 0.10580000
v 0.00768533 -0.02951587 0.10680000
v 0.00793731 -0.03048360 0.10580000
v 0.00267138 -0.03138653 0.10580000
v 0.01763920 -0.02609806 0.10580000
v 0.01257757 -0.02778433 0.10680000
v 0.01256299 -0.02779248 0.10680000
v 0.02532591 -0.01873096 0.10580000
v 0.02110414 -0.02201967 0.10680000
v 0.02179607 -0.02274163 0.10580000
v 0.01932500 -0.02345622 0.10680000
v 0.01707923 -0.02526956 0.10680000
v 0.02812716 -0.01418143 0.10580000
v 0.02674015 -0.01453367 0.10680000
v 0.02452191 -0.01813632 0.10680000
v 0.02916308 -0.00893110 0.10680000
v 0.02769781 -0.01257758 0.10680000
v 0.02723424 -0.01373122 0.10680000
v 0.03011925 -0.00922392 0.10580000
v 0.03124486 -0.00400107 0.10580000
v 0.03025296 -0.00387405 0.10680000
v 0.03147162 0.00133689 0.10580000
v 0.03047252 0.00129445 0.10680000
v 0.03079299 0.00663639 0.10580000
v 0.02981544 0.00642571 0.10680000
v 0.02938270 0.00783873 0.10680000
v 0.02597164 0.01599137 0.10680000
v 0.02682317 0.01651568 0.10580000
v 0.02318154 0.01976383 0.10680000
v 0.02364618 0.02081126 0.10580000
v 0.02289551 0.02015057 0.10680000
v 0.01932500 0.02357263 0.10680000
v 0.01978893 0.02450812 0.10580001
v 0.01916071 0.02373008 0.10680000
v 0.01536239 0.02749995 0.10580001
v 0.01487470 0.02662693 0.10680001
v -0.00515452 0.03006129 0.10680001
v 0.00000000 0.03050000 0.10680001
v 0.00000000 0.03150000 0.10580001
v 0.00515453 0.03006129 0.10680001
v 0.00532353 0.03104690 0.10580001
v 0.00519787 0.03005000 0.10680001
v 0.01049390 0.02970064 0.10580001
v 0.01016076 0.02875776 0.10680001
v 0.01257757 0.02766530 0.10680001
v 0.01405239 0.00708506 0.09918874
v -0.00881258 0.01303864 0.09918874
v -0.01181368 -0.01039734 0.09918874
v 0.01425354 -0.00572755 0.09881253
v 0.01308056 -0.00805403 0.09881253
v 0.01317055 -0.00810944 0.09884951
v 0.00259606 -0.01514030 0.09881253
v 0.01168177 -0.01028126 0.09890908
v 0.01161061 -0.01021863 0.09884951
v 0.01153127 -0.01014880 0.09881253
v 0.00982594 -0.01216920 0.09898825
v 0.00977620 -0.01210759 0.09890908
v 0.00971664 -0.01203383 0.09884951
v 0.00965025 -0.01195161 0.09881253
v 0.00765705 -0.01370675 0.09908306
v 0.00762799 -0.01365475 0.09898825
v 0.00758938 -0.01358563 0.09890908
v 0.00754315 -0.01350287 0.09884951
v 0.00749161 -0.01341060 0.09881253
v 0.00524277 -0.01483851 0.09918874
v 0.00523046 -0.01480363 0.09908306
v 0.00521061 -0.01474747 0.09898825
v 0.00518424 -0.01467283 0.09890908
v 0.00515265 -0.01458344 0.09884951
v 0.00511745 -0.01448380 0.09881253
v -0.00767508 -0.01373903 0.09918874
v -0.00524278 -0.01483850 0.09918874
v -0.00523046 -0.01480363 0.09908306
v -0.00988659 -0.01224431 0.09918874
v -0.00765705 -0.01370674 0.09908306
v -0.00521061 -0.01474747 0.09898825
v -0.00259607 -0.01514030 0.09881253
v -0.00511745 -0.01448379 0.09881253
v -0.00515266 -0.01458343 0.09884951
v -0.00754315 -0.01350286 0.09884951
v -0.00758939 -0.01358562 0.09890908
v -0.00977620 -0.01210759 0.09890908
v -0.00982594 -0.01216919 0.09898825
v -0.01174120 -0.01033356 0.09898825
v -0.01178592 -0.01037291 0.09908306
v -0.01336942 -0.00823188 0.09908306
v -0.01340091 -0.00825127 0.09918874
v -0.01460262 -0.00586782 0.09918874
v -0.00965025 -0.01195161 0.09881253
v -0.01153127 -0.01014880 0.09881253
v -0.01161061 -0.01021862 0.09884951
v -0.01317055 -0.00810944 0.09884951
v -0.01325128 -0.00815914 0.09890908
v -0.01443957 -0.00580230 0.09890908
v -0.01451303 -0.00583182 0.09898825
v -0.01528986 -0.00329522 0.09898825
v -0.01534809 -0.00330777 0.09908306
v -0.01568634 -0.00066635 0.09908306
v -0.01572328 -0.00066792 0.09918874
v -0.01561000 0.00199893 0.09918874
v -0.01308056 -0.00805402 0.09881253
v -0.01435161 -0.00576695 0.09884951
v -0.01521247 -0.00327854 0.09890908
v -0.01562682 -0.00066382 0.09898825
v -0.01557332 0.00199424 0.09908306
v -0.01504764 0.00460828 0.09918874
v -0.01425354 -0.00572755 0.09881253
v -0.01501648 -0.00323630 0.09881253
v -0.01511979 -0.00325857 0.09884951
v -0.01545300 -0.00065644 0.09884951
v -0.01554772 -0.00066046 0.09890908
v -0.01543570 0.00197662 0.09890908
v -0.01551423 0.00198667 0.09898825
v -0.01495532 0.00458001 0.09898825
v -0.01501228 0.00459746 0.09908306
v -0.01401937 0.00706841 0.09908307
v -0.01405239 0.00708506 0.09918874
v -0.01265288 0.00935802 0.09918874
v -0.01534742 -0.00065195 0.09881253
v -0.01534167 0.00196457 0.09884951
v -0.01487962 0.00455683 0.09890908
v -0.01396618 0.00704160 0.09898825
v -0.01262314 0.00933603 0.09908307
v -0.01088936 0.01136176 0.09918874
v -0.01468793 0.00449812 0.09881253
v -0.01371647 0.00691569 0.09881253
v -0.01381083 0.00696327 0.09884951
v -0.01243538 0.00919715 0.09884951
v -0.01251160 0.00925353 0.09890908
v -0.01076778 0.01123490 0.09890908
v -0.01082256 0.01129205 0.09898826
v -0.00875852 0.01295865 0.09898826
v -0.00879187 0.01300800 0.09908307
v -0.00646705 0.01430673 0.09908307
v -0.00648228 0.01434043 0.09918874
v -0.00396550 0.01522966 0.09918874
v -0.01062905 0.01109016 0.09881253
v -0.00860192 0.01272695 0.09881253
v -0.00866110 0.01281451 0.09884951
v -0.00637085 0.01409392 0.09884951
v -0.00640990 0.01418031 0.09890909
v -0.00392122 0.01505961 0.09890909
v -0.00394117 0.01513623 0.09898826
v -0.00132644 0.01558457 0.09898826
v -0.00133149 0.01564392 0.09908307
v 0.00133149 0.01564392 0.09908307
v 0.00133463 0.01568077 0.09918874
v 0.00396550 0.01522966 0.09918874
v -0.00632732 0.01399762 0.09881254
v -0.00389733 0.01496787 0.09884951
v -0.00131973 0.01550568 0.09890909
v 0.00132644 0.01558457 0.09898826
v 0.00395618 0.01519388 0.09908307
v 0.00648228 0.01434043 0.09918874
v -0.00387070 0.01486560 0.09881254
v -0.00130273 0.01530592 0.09881254
v -0.00131169 0.01541122 0.09884951
v 0.00131169 0.01541122 0.09884951
v 0.00131973 0.01550568 0.09890909
v 0.00392122 0.01505961 0.09890909
v 0.00394117 0.01513623 0.09898826
v 0.00644251 0.01425245 0.09898826
v 0.00646705 0.01430673 0.09908307
v 0.00879188 0.01300800 0.09908307
v 0.00881258 0.01303864 0.09918874
v 0.01088936 0.01136176 0.09918874
v 0.00130273 0.01530592 0.09881254
v 0.00389733 0.01496787 0.09884951
v 0.00640990 0.01418031 0.09890909
v 0.00875852 0.01295865 0.09898826
v 0.01086378 0.01133506 0.09908307
v 0.01265288 0.00935801 0.09918874
v 0.00632732 0.01399762 0.09881254
v 0.00860192 0.01272695 0.09881253
v 0.00866110 0.01281451 0.09884951
v 0.01070218 0.01116645 0.09884951
v 0.01076778 0.01123490 0.09890908
v 0.01251160 0.00925353 0.09890908
v 0.01257525 0.00930060 0.09898825
v 0.01396618 0.00704159 0.09898825
v 0.01401937 0.00706841 0.09908307
v 0.01501228 0.00459745 0.09908306
v 0.01504764 0.00460828 0.09918874
v 0.01561000 0.00199893 0.09918874
v 0.01235041 0.00913431 0.09881253
v 0.01371647 0.00691569 0.09881253
v 0.01381083 0.00696327 0.09884951
v 0.01478897 0.00452907 0.09884951
v 0.01487962 0.00455683 0.09890908
v 0.01543570 0.00197661 0.09890908
v 0.01551423 0.00198667 0.09898825
v 0.01562682 -0.00066382 0.09898825
v 0.01568634 -0.00066635 0.09908306
v 0.01534809 -0.00330777 0.09908306
v 0.01538424 -0.00331556 0.09918874
v 0.01460262 -0.00586782 0.09918874
v 0.01468793 0.00449812 0.09881253
v 0.01534167 0.00196457 0.09884951
v 0.01554772 -0.00066046 0.09890908
v 0.01528986 -0.00329522 0.09898825
v 0.01456831 -0.00585403 0.09908306
v 0.01340091 -0.00825127 0.09918874
v 0.01523684 0.00195115 0.09881253
v 0.01534742 -0.00065196 0.09881253
v 0.01545300 -0.00065644 0.09884951
v 0.01511979 -0.00325857 0.09884951
v 0.01521247 -0.00327854 0.09890908
v 0.01443957 -0.00580230 0.09890908
v 0.01451303 -0.00583182 0.09898825
v 0.01331869 -0.00820065 0.09898825
v 0.01336942 -0.00823188 0.09908306
v 0.01178592 -0.01037291 0.09908306
v 0.01181368 -0.01039734 0.09918874
v 0.00988659 -0.01224432 0.09918874
v 0.01501648 -0.00323630 0.09881253
v 0.01435161 -0.00576696 0.09884951
v 0.01325128 -0.00815914 0.09890908
v 0.01174120 -0.01033357 0.09898825
v 0.00986336 -0.01221555 0.09908306
v 0.00767508 -0.01373903 0.09918874
v -0.00000000 -0.01546694 0.09884951
v -0.00262995 -0.01533790 0.09890908
v -0.00000000 -0.01556174 0.09890908
v -0.00264333 -0.01541595 0.09898825
v -0.00000000 -0.01564092 0.09898825
v -0.00265340 -0.01547466 0.09908306
v -0.00000000 -0.01570049 0.09908306
v -0.00265964 -0.01551110 0.09918874
v -0.00000000 -0.01573747 0.09918874
v -0.00986336 -0.01221554 0.09908306
v -0.00762800 -0.01365474 0.09898825
v -0.00518424 -0.01467282 0.09890908
v -0.00261393 -0.01524446 0.09884951
v -0.00000000 -0.01536127 0.09881253
v -0.01538424 -0.00331556 0.09918874
v -0.01456831 -0.00585403 0.09908306
v -0.01331869 -0.00820065 0.09898825
v -0.01168177 -0.01028125 0.09890908
v -0.00971664 -0.01203383 0.09884951
v -0.00749161 -0.01341060 0.09881253
v -0.01523684 0.00195115 0.09881253
v -0.01478897 0.00452907 0.09884951
v -0.01389548 0.00700595 0.09890908
v -0.01257525 0.00930060 0.09898825
v -0.01086378 0.01133506 0.09908307
v -0.00133463 0.01568077 0.09918874
v -0.00395618 0.01519388 0.09908307
v -0.00644251 0.01425245 0.09898826
v -0.00871418 0.01289306 0.09890908
v -0.01070218 0.01116645 0.09884951
v -0.01235041 0.00913431 0.09881253
v 0.00387070 0.01486560 0.09881254
v 0.00637085 0.01409392 0.09884951
v 0.00871419 0.01289306 0.09890908
v 0.01082256 0.01129205 0.09898826
v 0.01262314 0.00933603 0.09908307
v 0.01572328 -0.00066792 0.09918874
v 0.01557332 0.00199424 0.09908306
v 0.01495532 0.00458001 0.09898825
v 0.01389548 0.00700595 0.09890908
v 0.01243538 0.00919715 0.09884951
v 0.01062905 0.01109016 0.09881253
v 0.00265964 -0.01551110 0.09918874
v 0.00261393 -0.01524447 0.09884951
v 0.00262995 -0.01533791 0.09890908
v 0.00264333 -0.01541595 0.09898825
v 0.00265339 -0.01547466 0.09908306
v 0.02500000 -0.00000001 0.09755736
v 0.02577646 -0.00289778 0.09880000
v 0.02650000 -0.00259808 0.09880000
v 0.02500000 -0.00300001 0.09880000
v 0.02500000 -0.00000001 0.09755736
v 0.02500000 -0.00000001 0.09755736
v 0.02759808 -0.00150001 0.09880000
v 0.02789778 -0.00077646 0.09880000
v 0.02712132 -0.00212133 0.09880000
v 0.02500000 -0.00000001 0.09755736
v 0.02500000 -0.00000001 0.09755736
v 0.02500000 -0.00000001 0.09755736
v 0.02789778 0.00077645 0.09880000
v 0.02759808 0.00149999 0.09880000
v 0.02800000 -0.00000001 0.09880000
v 0.02500000 -0.00000001 0.09755736
v 0.02500000 -0.00000001 0.09755736
v 0.02500000 -0.00000001 0.09755736
v 0.02650000 0.00259807 0.09880000
v 0.02577646 0.00289777 0.09880000
v 0.02712132 0.00212131 0.09880000
v 0.02500000 -0.00000001 0.09755736
v 0.02500000 -0.00000001 0.09755736
v 0.02500000 -0.00000001 0.09755736
v 0.02422354 0.00289777 0.09880000
v 0.02350000 0.00259807 0.09880000
v 0.02500000 0.00299999 0.09880000
v 0.02500000 -0.00000001 0.09755736
v 0.02500000 -0.00000001 0.09755736
v 0.02500000 -0.00000001 0.09755736
v 0.02240192 0.00150000 0.09880000
v 0.02210222 0.00077645 0.09880000
v 0.02287868 0.00212132 0.09880000
v 0.02500000 -0.00000001 0.09755736
v 0.02500000 -0.00000001 0.09755736
v 0.02500000 -0.00000001 0.09755736
v 0.02210222 -0.00077646 0.09880000
v 0.02240192 -0.00150001 0.09880000
v 0.02200000 -0.00000001 0.09880000
v 0.02500000 -0.00000001 0.09755736
v 0.02500000 -0.00000001 0.09755736
v 0.02500000 -0.00000001 0.09755736
v 0.02350000 -0.00259808 0.09880000
v 0.02422354 -0.00289778 0.09880000
v 0.02287868 -0.00212133 0.09880000
v 0.02500000 -0.00000001 0.09755736
v 0.02500000 -0.00000001 0.09755736
v 0.02500000 -0.00000001 0.09755736
v 0.02500000 -0.00300001 0.09880000
v 0.02500000 -0.00300001 0.10670000
v 0.02577646 -0.00289778 0.09880000
v 0.02577646 -0.00289778 0.10670000
v 0.02650000 -0.00259808 0.09880000
v 0.02650000 -0.00259808 0.10670000
v 0.02712132 -0.00212133 0.09880000
v 0.02712132 -0.00212133 0.10670000
v 0.02759808 -0.00150001 0.09880000
v 0.02759808 -0.00150001 0.10670000
v 0.02789778 -0.00077646 0.09880000
v 0.02789778 -0.00077646 0.10670000
v 0.02800000 -0.00000001 0.09880000
v 0.02800000 -0.00000001 0.10670000
v 0.02789778 0.00077645 0.09880000
v 0.02789778 0.00077645 0.10670000
v 0.02759808 0.00149999 0.09880000
v 0.02759808 0.00149999 0.10670000
v 0.02712132 0.00212131 0.09880000
v 0.02712132 0.00212131 0.10670000
v 0.02650000 0.00259807 0.09880000
v 0.02650000 0.00259807 0.10670000
v 0.02577646 0.00289777 0.09880000
v 0.02577646 0.00289777 0.10670000
v 0.02500000 0.00299999 0.09880000
v 0.02500000 0.00299999 0.10670000
v 0.02422354 0.00289777 0.09880000
v 0.02422354 0.00289777 0.10670000
v 0.02350000 0.00259807 0.09880000
v 0.02350000 0.00259807 0.10670000
v 0.02287868 0.00212132 0.09880000
v 0.02287868 0.00212131 0.10670000
v 0.02240192 0.00150000 0.09880000
v 0.02240192 0.00149999 0.10670000
v 0.02210222 0.00077645 0.09880000
v 0.02210222 0.00077645 0.10670000
v 0.02200000 -0.00000001 0.09880000
v 0.02200000 -0.00000001 0.10670000
v 0.02210222 -0.00077646 0.09880000
v 0.02210222 -0.00077646 0.10670000
v 0.02240192 -0.00150001 0.09880000
v 0.02240192 -0.00150001 0.10670000
v 0.02287868 -0.00212133 0.09880000
v 0.02287868 -0.00212133 0.10670000
v 0.02350000 -0.00259808 0.09880000
v 0.02350000 -0.00259808 0.10670000
v 0.02422354 -0.00289778 0.09880000
v 0.02422354 -0.00289778 0.10670000
v 0.02577646 -0.00289778 0.10670000
v 0.02580234 -0.00299438 0.10680000
v 0.02650000 -0.00259808 0.10670000
v 0.02655000 -0.00268469 0.10680000
v 0.02712132 -0.00212133 0.10670000
v 0.02719203 -0.00219204 0.10680000
v 0.02759808 -0.00150001 0.10670000
v 0.02768468 -0.00155001 0.10680000
v 0.02789778 -0.00077646 0.10670000
v 0.02799437 -0.00080235 0.10680000
v 0.02800000 -0.00000001 0.10670000
v 0.02810000 -0.00000001 0.10680000
v 0.02789778 0.00077645 0.10670000
v 0.02799437 0.00080233 0.10680000
v 0.02759808 0.00149999 0.10670000
v 0.02768468 0.00154999 0.10680000
v 0.02712132 0.00212131 0.10670000
v 0.02719203 0.00219203 0.10680000
v 0.02650000 0.00259807 0.10670000
v 0.02655000 0.00268467 0.10680000
v 0.02577646 0.00289777 0.10670000
v 0.02580234 0.00299436 0.10680000
v 0.02500000 0.00299999 0.10670000
v 0.02500000 0.00309999 0.10680000
v 0.02422354 0.00289777 0.10670000
v 0.02419766 0.00299436 0.10680000
v 0.02350000 0.00259807 0.10670000
v 0.02345000 0.00268467 0.10680000
v 0.02287868 0.00212131 0.10670000
v 0.02280797 0.00219203 0.10680000
v 0.02240192 0.00149999 0.10670000
v 0.02231532 0.00154999 0.10680000
v 0.02210222 0.00077645 0.10670000
v 0.02200563 0.00080233 0.10680000
v 0.02200000 -0.00000001 0.10670000
v 0.02190000 -0.00000001 0.10680000
v 0.02210222 -0.00077646 0.10670000
v 0.02200563 -0.00080234 0.10680000
v 0.02240192 -0.00150001 0.10670000
v 0.02231532 -0.00155001 0.10680000
v 0.02287868 -0.00212133 0.10670000
v 0.02280797 -0.00219204 0.10680000
v 0.02350000 -0.00259808 0.10670000
v 0.02345000 -0.00268468 0.10680000
v 0.02422354 -0.00289778 0.10670000
v 0.02419766 -0.00299438 0.10680000
v 0.02500000 -0.00300001 0.10670000
v 0.02500000 -0.00310001 0.10680000
v 0.00444633 -0.04372437 0.09624504
v 0.00884704 -0.04305021 0.09624504
v 0.02132895 -0.03842742 0.09624504
v 0.02510716 -0.03607245 0.09624504
v 0.03185454 -0.03028001 0.09624504
v 0.03475448 -0.02690198 0.09624504
v 0.04394353 -0.00174032 0.09580000
v 0.04394353 0.00222856 0.09580000
v 0.04389344 0.00222602 0.09624504
v 0.04373325 0.00429637 0.09580000
v 0.04349261 0.00666282 0.09580000
v 0.04344304 0.00665522 0.09624504
v 0.04094519 0.01601755 0.09580000
v 0.03950340 0.01937734 0.09580000
v 0.03945838 0.01935526 0.09624505
v 0.03834281 0.02146833 0.09580000
v 0.03734035 0.02327442 0.09580000
v 0.03729779 0.02324789 0.09624505
v 0.03108352 0.03108200 0.09580001
v 0.02866039 0.03338536 0.09580001
v 0.02862773 0.03334731 0.09624505
v 0.02652176 0.03504078 0.09580001
v 0.02513580 0.03611359 0.09580001
v 0.02510716 0.03607244 0.09624505
v 0.02149138 0.03838517 0.09580001
v 0.02135329 0.03847125 0.09580001
v 0.02132895 0.03842741 0.09624505
v 0.01601362 0.04092970 0.09580001
v 0.01317198 0.04198212 0.09580001
v 0.01315697 0.04193428 0.09624505
v 0.01025086 0.04273846 0.09580001
v 0.00885714 0.04309932 0.09580001
v 0.00884704 0.04305020 0.09624505
v 0.00430169 0.04378184 0.09580001
v 0.00000000 0.04400000 0.09580001
v 0.00000000 0.04394985 0.09624505
v -0.00173759 0.04391188 0.09580001
v -0.00445140 0.04377425 0.09580001
v -0.00444633 0.04372436 0.09624505
v -0.00884704 0.04305020 0.09624505
v -0.02132895 0.03842741 0.09624505
v -0.02510716 0.03607244 0.09624505
v -0.03185454 0.03028000 0.09624505
v -0.03475448 0.02690197 0.09624505
v -0.04121407 0.01526401 0.09624505
v -0.04254685 0.01101614 0.09624505
v -0.04389344 0.00222602 0.09624504
v -0.04389344 -0.00222603 0.09624504
v -0.04121407 -0.01526401 0.09624504
v -0.03475448 -0.02690197 0.09624504
v -0.03185454 -0.03028000 0.09624504
v -0.02862773 -0.03334731 0.09624504
v -0.02132895 -0.03842741 0.09624504
v -0.00884704 -0.04305021 0.09624504
v -0.00444634 -0.04372437 0.09624504
v 0.01839646 0.03819358 0.09776099
v 0.02059866 0.03711168 0.09774986
v 0.01837350 0.03826105 0.09774679
v 0.01826880 0.03856884 0.09768204
v 0.02080381 0.03748128 0.09760195
v 0.01813400 0.03884172 0.09759927
v 0.01809675 0.03891712 0.09757640
v 0.02098785 0.03781285 0.09736367
v 0.01767555 0.03946604 0.09735961
v 0.01762000 0.03953844 0.09733101
v 0.02114153 0.03808974 0.09704699
v 0.01732898 0.03979409 0.09722486
v 0.01588735 0.04039184 0.09722435
v 0.01627514 0.04031490 0.09714950
v 0.01304135 0.04156580 0.09704699
v 0.01713315 0.03992518 0.09718017
v 0.01717959 0.04003317 0.09704699
v 0.01699868 0.04001520 0.09714950
v 0.01664732 0.04018852 0.09712288
v 0.01294655 0.04126364 0.09736367
v 0.01283303 0.04090182 0.09760195
v 0.01464259 0.04028790 0.09759925
v 0.01472222 0.04031490 0.09757640
v 0.01540820 0.04040521 0.09735961
v 0.01549868 0.04041712 0.09733101
v 0.01270648 0.04049848 0.09774986
v 0.01399868 0.04001520 0.09776099
v 0.01406260 0.04004669 0.09774681
v 0.01435263 0.04018959 0.09768247
v -0.01399868 0.04001520 0.09776099
v -0.01270648 0.04049848 0.09774986
v -0.01283303 0.04090182 0.09760195
v -0.01435429 0.04019028 0.09768204
v -0.01406262 0.04004668 0.09774679
v -0.01294655 0.04126364 0.09736367
v -0.01472222 0.04031490 0.09757640
v -0.01464257 0.04028792 0.09759927
v -0.01664614 0.04018900 0.09712288
v -0.01627514 0.04031490 0.09714950
v -0.01304135 0.04156580 0.09704699
v -0.01588523 0.04039211 0.09722486
v -0.01549868 0.04041712 0.09733101
v -0.01540820 0.04040521 0.09735961
v -0.02114153 0.03808974 0.09704699
v -0.02098785 0.03781285 0.09736367
v -0.01767555 0.03946604 0.09735961
v -0.01762000 0.03953844 0.09733101
v -0.01732729 0.03979539 0.09722435
v -0.01717959 0.04003317 0.09704699
v -0.01713318 0.03992523 0.09718014
v -0.01699868 0.04001520 0.09714950
v -0.02080381 0.03748128 0.09760195
v -0.01813397 0.03884172 0.09759925
v -0.01809675 0.03891712 0.09757640
v -0.02059866 0.03711168 0.09774986
v -0.01839646 0.03819358 0.09776099
v -0.01837353 0.03826104 0.09774681
v -0.01826949 0.03856717 0.09768247
v -0.03819358 0.01839646 0.09776098
v -0.03810735 0.01869255 0.09774986
v -0.03848688 0.01887871 0.09760195
v -0.03856884 0.01826880 0.09768203
v -0.03826105 0.01837350 0.09774679
v -0.04039184 0.01588735 0.09722434
v -0.04031490 0.01627514 0.09714949
v -0.04085192 0.01512989 0.09704699
v -0.04031490 0.01472222 0.09757639
v -0.04034389 0.01494247 0.09750679
v -0.04055495 0.01501990 0.09736366
v -0.04040521 0.01540820 0.09735960
v -0.04041712 0.01549868 0.09733101
v -0.03953844 0.01762000 0.09733101
v -0.03946604 0.01767555 0.09735960
v -0.03882733 0.01904572 0.09736366
v -0.03891712 0.01809675 0.09757639
v -0.03884172 0.01813400 0.09759926
v -0.04018852 0.01664732 0.09712288
v -0.04001520 0.01699868 0.09714950
v -0.03911166 0.01918518 0.09704699
v -0.03979409 0.01732898 0.09722485
v -0.04186641 0.01083996 0.09736366
v -0.04149930 0.01074491 0.09760194
v -0.04028790 0.01464259 0.09759924
v -0.04109008 0.01063896 0.09774986
v -0.04001520 0.01399868 0.09776098
v -0.04004669 0.01406260 0.09774680
v -0.04018959 0.01435263 0.09768247
v -0.04001520 -0.01399868 0.09776098
v -0.04109008 -0.01063896 0.09774985
v -0.04004668 -0.01406262 0.09774678
v -0.04019028 -0.01435429 0.09768203
v -0.04149930 -0.01074491 0.09760194
v -0.04028792 -0.01464257 0.09759926
v -0.04031490 -0.01472222 0.09757639
v -0.04186641 -0.01083996 0.09736366
v -0.04034389 -0.01494247 0.09750679
v -0.03882733 -0.01904572 0.09736366
v -0.03946604 -0.01767555 0.09735960
v -0.03953844 -0.01762000 0.09733100
v -0.03979539 -0.01732729 0.09722434
v -0.04001520 -0.01699868 0.09714949
v -0.03911166 -0.01918518 0.09704698
v -0.04085192 -0.01512989 0.09704698
v -0.04018900 -0.01664614 0.09712287
v -0.04031490 -0.01627514 0.09714949
v -0.04040521 -0.01540820 0.09735960
v -0.04055495 -0.01501990 0.09736366
v -0.04041712 -0.01549868 0.09733100
v -0.04039211 -0.01588523 0.09722485
v -0.03848688 -0.01887871 0.09760194
v -0.03884172 -0.01813397 0.09759924
v -0.03891712 -0.01809675 0.09757639
v -0.03810735 -0.01869255 0.09774985
v -0.03819358 -0.01839646 0.09776098
v -0.03826104 -0.01837353 0.09774680
v -0.03856717 -0.01826949 0.09768246
v -0.01839646 -0.03819359 0.09776098
v -0.02059866 -0.03711168 0.09774985
v -0.01837350 -0.03826106 0.09774678
v -0.01826880 -0.03856885 0.09768203
v -0.02080381 -0.03748129 0.09760194
v -0.01813400 -0.03884173 0.09759926
v -0.01809675 -0.03891713 0.09757639
v -0.02098785 -0.03781286 0.09736366
v -0.01767555 -0.03946605 0.09735960
v -0.01762000 -0.03953845 0.09733100
v -0.02114153 -0.03808975 0.09704698
v -0.01732898 -0.03979410 0.09722485
v -0.01588735 -0.04039185 0.09722434
v -0.01627514 -0.04031490 0.09714949
v -0.01304135 -0.04156581 0.09704698
v -0.01713315 -0.03992518 0.09718017
v -0.01717959 -0.04003317 0.09704698
v -0.01699868 -0.04001521 0.09714949
v -0.01664732 -0.04018852 0.09712287
v -0.01294655 -0.04126365 0.09736366
v -0.01283303 -0.04090183 0.09760194
v -0.01464259 -0.04028790 0.09759924
v -0.01472222 -0.04031490 0.09757639
v -0.01540820 -0.04040521 0.09735960
v -0.01549868 -0.04041713 0.09733100
v -0.01270648 -0.04049849 0.09774985
v -0.01399868 -0.04001521 0.09776098
v -0.01406260 -0.04004670 0.09774680
v -0.01435263 -0.04018960 0.09768246
v 0.01399868 -0.04001521 0.09776098
v 0.01270648 -0.04049849 0.09774985
v 0.01283303 -0.04090183 0.09760194
v 0.01435429 -0.04019029 0.09768203
v 0.01406262 -0.04004669 0.09774678
v 0.01294655 -0.04126365 0.09736366
v 0.01472222 -0.04031491 0.09757639
v 0.01464257 -0.04028793 0.09759926
v 0.01664614 -0.04018901 0.09712287
v 0.01627514 -0.04031491 0.09714949
v 0.01304135 -0.04156581 0.09704698
v 0.01588523 -0.04039212 0.09722485
v 0.01549868 -0.04041713 0.09733100
v 0.01540820 -0.04040522 0.09735960
v 0.02114153 -0.03808975 0.09704698
v 0.02098785 -0.03781286 0.09736366
v 0.01767555 -0.03946605 0.09735960
v 0.01762000 -0.03953845 0.09733100
v 0.01732729 -0.03979540 0.09722434
v 0.01717959 -0.04003318 0.09704698
v 0.01713318 -0.03992523 0.09718013
v 0.01699868 -0.04001521 0.09714949
v 0.02080381 -0.03748129 0.09760194
v 0.01813397 -0.03884173 0.09759924
v 0.01809675 -0.03891713 0.09757639
v 0.02059866 -0.03711169 0.09774985
v 0.01839646 -0.03819359 0.09776098
v 0.01837353 -0.03826105 0.09774680
v 0.01826949 -0.03856718 0.09768246
v 0.03819358 -0.01839647 0.09776098
v 0.03810735 -0.01869256 0.09774985
v 0.03848688 -0.01887872 0.09760194
v 0.03856884 -0.01826881 0.09768203
v 0.03826105 -0.01837351 0.09774678
v 0.04039184 -0.01588736 0.09722434
v 0.04031490 -0.01627515 0.09714949
v 0.04085192 -0.01512990 0.09704698
v 0.04031490 -0.01472223 0.09757639
v 0.04034389 -0.01494248 0.09750679
v 0.04055495 -0.01501991 0.09736366
v 0.04040521 -0.01540821 0.09735960
v 0.04041712 -0.01549869 0.09733100
v 0.03953844 -0.01762001 0.09733100
v 0.03946604 -0.01767556 0.09735960
v 0.03882733 -0.01904573 0.09736366
v 0.03891712 -0.01809676 0.09757639
v 0.03884172 -0.01813401 0.09759926
v 0.04018852 -0.01664733 0.09712287
v 0.04001520 -0.01699869 0.09714949
v 0.03911166 -0.01918519 0.09704698
v 0.03979409 -0.01732899 0.09722485
v 0.04186641 -0.01083997 0.09736366
v 0.04149930 -0.01074492 0.09760194
v 0.04028790 -0.01464260 0.09759924
v 0.04109008 -0.01063897 0.09774985
v 0.04001520 -0.01399869 0.09776098
v 0.04004669 -0.01406261 0.09774680
v 0.04018959 -0.01435264 0.09768246
v 0.04001520 0.01399868 0.09776098
v 0.04109008 0.01063895 0.09774986
v 0.04004668 0.01406262 0.09774678
v 0.04019028 0.01435428 0.09768203
v 0.04149930 0.01074490 0.09760194
v 0.04028792 0.01464256 0.09759926
v 0.04031490 0.01472222 0.09757639
v 0.04186641 0.01083995 0.09736366
v 0.04034389 0.01494246 0.09750679
v 0.03882733 0.01904571 0.09736366
v 0.03946604 0.01767555 0.09735960
v 0.03953844 0.01762000 0.09733101
v 0.03979539 0.01732728 0.09722434
v 0.04001520 0.01699868 0.09714950
v 0.03911166 0.01918518 0.09704699
v 0.04085192 0.01512989 0.09704699
v 0.04018900 0.01664613 0.09712288
v 0.04031490 0.01627514 0.09714949
v 0.04040521 0.01540820 0.09735960
v 0.04055495 0.01501990 0.09736366
v 0.04041712 0.01549868 0.09733101
v 0.04039211 0.01588523 0.09722485
v 0.03848688 0.01887871 0.09760195
v 0.03884172 0.01813397 0.09759924
v 0.03891712 0.01809675 0.09757639
v 0.03810735 0.01869255 0.09774986
v 0.03819358 0.01839645 0.09776098
v 0.03826104 0.01837352 0.09774680
v 0.03856717 0.01826948 0.09768247
v -0.01727355 -0.04025213 0.09666777
v -0.02125717 -0.03829809 0.09666777
v -0.01733188 -0.04038807 0.09624504
v -0.03932558 -0.01929012 0.09666777
v -0.04107536 -0.01521264 0.09666777
v -0.03945838 -0.01935526 0.09624504
v -0.04195558 -0.00642736 0.09774985
v -0.04239056 -0.00214981 0.09774985
v -0.04237343 -0.00649137 0.09760194
v -0.04281274 -0.00217122 0.09760194
v -0.04274827 -0.00654880 0.09736366
v -0.04319147 -0.00219043 0.09736366
v -0.04306130 -0.00659675 0.09704698
v -0.04350775 -0.00220647 0.09704698
v -0.04329683 -0.00663283 0.09666777
v -0.04374572 -0.00221853 0.09666777
v -0.04344304 -0.00665523 0.09624504
v -0.03602074 0.02245190 0.09774986
v -0.03356451 0.02598086 0.09774986
v -0.03637948 0.02267551 0.09760195
v -0.03389879 0.02623962 0.09760195
v -0.03670130 0.02287610 0.09736366
v -0.03419866 0.02647173 0.09736366
v -0.03697005 0.02304361 0.09704699
v -0.03444909 0.02666558 0.09704699
v -0.03717226 0.02316965 0.09666778
v -0.03463751 0.02681143 0.09666778
v -0.03729779 0.02324789 0.09624505
v -0.00854412 0.04157619 0.09774986
v -0.00862922 0.04199026 0.09760195
v -0.00870555 0.04236171 0.09736367
v -0.00876930 0.04267191 0.09704699
v -0.01311268 0.04179315 0.09666778
v -0.00881726 0.04290531 0.09666778
v -0.01315697 0.04193428 0.09624505
v 0.03356451 0.02598086 0.09774986
v 0.03602074 0.02245190 0.09774986
v 0.03389879 0.02623962 0.09760195
v 0.03637948 0.02267551 0.09760195
v 0.03419866 0.02647173 0.09736366
v 0.03670130 0.02287610 0.09736366
v 0.03444909 0.02666558 0.09704699
v 0.03697005 0.02304361 0.09704699
v 0.03463751 0.02681143 0.09666778
v 0.03717226 0.02316964 0.09666778
v 0.03475448 0.02690197 0.09624505
v 0.04195558 0.00642735 0.09774986
v 0.04237343 0.00649137 0.09760194
v 0.04274827 0.00654879 0.09736366
v 0.04217299 0.01091933 0.09704699
v 0.04306130 0.00659674 0.09704699
v 0.04240365 0.01097906 0.09666777
v 0.04329683 0.00663282 0.09666777
v 0.04254685 0.01101613 0.09624505
v 0.04195558 -0.00642736 0.09774985
v 0.04237343 -0.00649138 0.09760194
v 0.04274827 -0.00654880 0.09736366
v 0.04306130 -0.00659675 0.09704698
v 0.04217299 -0.01091935 0.09704698
v 0.04329683 -0.00663284 0.09666777
v 0.04240365 -0.01097908 0.09666777
v 0.04344304 -0.00665524 0.09624504
v 0.04254685 -0.01101615 0.09624504
v 0.03602074 -0.02245191 0.09774985
v 0.03356451 -0.02598087 0.09774985
v 0.03637948 -0.02267552 0.09760194
v 0.03389879 -0.02623963 0.09760194
v 0.03670130 -0.02287611 0.09736366
v 0.03419866 -0.02647174 0.09736366
v 0.03697005 -0.02304362 0.09704698
v 0.03444909 -0.02666559 0.09704698
v 0.03717226 -0.02316966 0.09666777
v 0.03463751 -0.02681144 0.09666777
v 0.03729779 -0.02324790 0.09624504
v 0.00854412 -0.04157620 0.09774985
v 0.00862922 -0.04199027 0.09760194
v 0.00870555 -0.04236172 0.09736366
v 0.00876930 -0.04267192 0.09704698
v 0.01311268 -0.04179316 0.09666777
v 0.00881726 -0.04290532 0.09666777
v 0.01315697 -0.04193429 0.09624504
v -0.00000000 -0.04244505 0.09774985
v -0.00429410 -0.04222727 0.09774985
v -0.00000000 -0.04286778 0.09760194
v -0.00433686 -0.04264784 0.09760194
v -0.00000000 -0.04324698 0.09736366
v -0.00437523 -0.04302511 0.09736366
v -0.00000000 -0.04356367 0.09704698
v -0.00440726 -0.04334015 0.09704698
v -0.00000000 -0.04380195 0.09666777
v -0.00443137 -0.04357721 0.09666777
v -0.00000000 -0.04394985 0.09624504
v -0.00854413 -0.04157620 0.09774985
v -0.00862922 -0.04199027 0.09760194
v -0.00870556 -0.04236172 0.09736366
v -0.00876930 -0.04267191 0.09704698
v -0.00881727 -0.04290532 0.09666777
v -0.01315697 -0.04193429 0.09624504
v -0.01311268 -0.04179316 0.09666777
v -0.02510716 -0.03607245 0.09624504
v -0.02502265 -0.03595104 0.09666777
v -0.02488654 -0.03575546 0.09704698
v -0.02470562 -0.03549555 0.09736366
v -0.02448899 -0.03518430 0.09760194
v -0.02424750 -0.03483735 0.09774985
v -0.02764753 -0.03220552 0.09774985
v -0.02792288 -0.03252626 0.09760194
v -0.02816989 -0.03281400 0.09736366
v -0.02837617 -0.03305428 0.09704698
v -0.02853138 -0.03323508 0.09666777
v -0.03174733 -0.03017809 0.09666777
v -0.03157463 -0.03001392 0.09704698
v -0.03134510 -0.02979574 0.09736366
v -0.03107025 -0.02953447 0.09760194
v -0.03076386 -0.02924323 0.09774985
v -0.03356451 -0.02598086 0.09774985
v -0.03389879 -0.02623962 0.09760194
v -0.03419866 -0.02647173 0.09736366
v -0.03444909 -0.02666558 0.09704698
v -0.03463751 -0.02681143 0.09666777
v -0.03729779 -0.02324789 0.09624504
v -0.03717226 -0.02316965 0.09666777
v -0.03697005 -0.02304361 0.09704698
v -0.03670130 -0.02287610 0.09736366
v -0.03637948 -0.02267551 0.09760194
v -0.03602074 -0.02245190 0.09774985
v -0.04254685 -0.01101614 0.09624504
v -0.04240365 -0.01097907 0.09666777
v -0.04217299 -0.01091934 0.09704698
v -0.04374572 0.00221853 0.09666777
v -0.04350775 0.00220646 0.09704699
v -0.04319147 0.00219042 0.09736366
v -0.04281274 0.00217121 0.09760194
v -0.04239056 0.00214980 0.09774985
v -0.04344304 0.00665523 0.09624504
v -0.04329683 0.00663283 0.09666777
v -0.04306130 0.00659675 0.09704699
v -0.04274827 0.00654879 0.09736366
v -0.04237343 0.00649137 0.09760194
v -0.04195558 0.00642736 0.09774986
v -0.04217299 0.01091934 0.09704699
v -0.04240365 0.01097907 0.09666777
v -0.04107536 0.01521264 0.09666777
v -0.03945838 0.01935526 0.09624505
v -0.03932558 0.01929012 0.09666778
v -0.03174733 0.03017809 0.09666778
v -0.03157463 0.03001392 0.09704699
v -0.03134510 0.02979574 0.09736366
v -0.03107025 0.02953447 0.09760195
v -0.03076386 0.02924323 0.09774986
v -0.02862773 0.03334731 0.09624505
v -0.02853138 0.03323508 0.09666778
v -0.02837617 0.03305428 0.09704699
v -0.02816989 0.03281399 0.09736367
v -0.02792288 0.03252626 0.09760195
v -0.02764753 0.03220552 0.09774986
v -0.02424750 0.03483734 0.09774986
v -0.02448899 0.03518430 0.09760195
v -0.02470562 0.03549554 0.09736367
v -0.02488654 0.03575546 0.09704699
v -0.02502265 0.03595103 0.09666778
v -0.02125717 0.03829808 0.09666778
v -0.01733188 0.04038806 0.09624505
v -0.01727355 0.04025213 0.09666778
v -0.00429409 0.04222727 0.09774986
v -0.00433686 0.04264783 0.09760195
v -0.00437522 0.04302510 0.09736367
v -0.00440726 0.04334015 0.09704699
v -0.00443137 0.04357720 0.09666778
v 0.00000000 0.04380194 0.09666778
v 0.00000000 0.04356366 0.09704699
v 0.00000000 0.04324698 0.09736367
v 0.00000000 0.04286777 0.09760195
v 0.00000000 0.04244504 0.09774986
v 0.00445141 0.04377425 0.09580001
v 0.00444634 0.04372436 0.09624505
v 0.00443137 0.04357720 0.09666778
v 0.00440726 0.04334015 0.09704699
v 0.00437523 0.04302510 0.09736367
v 0.00433686 0.04264783 0.09760195
v 0.00429410 0.04222727 0.09774986
v 0.00854413 0.04157619 0.09774986
v 0.00862922 0.04199026 0.09760195
v 0.00870556 0.04236171 0.09736367
v 0.00876930 0.04267191 0.09704699
v 0.00881727 0.04290531 0.09666778
v 0.01311268 0.04179315 0.09666778
v 0.01735166 0.04043414 0.09580001
v 0.01733188 0.04038806 0.09624505
v 0.01727355 0.04025213 0.09666778
v 0.02125717 0.03829808 0.09666778
v 0.02502265 0.03595103 0.09666778
v 0.02488654 0.03575546 0.09704699
v 0.02470562 0.03549554 0.09736367
v 0.02448899 0.03518430 0.09760195
v 0.02424750 0.03483734 0.09774986
v 0.02764753 0.03220552 0.09774986
v 0.02792288 0.03252626 0.09760195
v 0.02816989 0.03281399 0.09736367
v 0.02837617 0.03305428 0.09704699
v 0.02853138 0.03323508 0.09666778
v 0.03189089 0.03031455 0.09580001
v 0.03185454 0.03028000 0.09624505
v 0.03174733 0.03017809 0.09666778
v 0.03157463 0.03001392 0.09704699
v 0.03134510 0.02979574 0.09736366
v 0.03107025 0.02953447 0.09760195
v 0.03076386 0.02924323 0.09774986
v 0.03479413 0.02693266 0.09580000
v 0.03506573 0.02654245 0.09580000
v 0.03932558 0.01929011 0.09666778
v 0.04126110 0.01528143 0.09580000
v 0.04121407 0.01526401 0.09624505
v 0.04107536 0.01521263 0.09666777
v 0.04259539 0.01102871 0.09580000
v 0.04275406 0.01025662 0.09580000
v 0.04374572 0.00221853 0.09666777
v 0.04350775 0.00220646 0.09704699
v 0.04319147 0.00219042 0.09736366
v 0.04281274 0.00217121 0.09760194
v 0.04239056 0.00214980 0.09774985
v 0.04394353 -0.00222857 0.09580000
v 0.04389344 -0.00222603 0.09624504
v 0.04374572 -0.00221854 0.09666777
v 0.04350775 -0.00220647 0.09704698
v 0.04319147 -0.00219043 0.09736366
v 0.04281274 -0.00217122 0.09760194
v 0.04239056 -0.00214981 0.09774985
v 0.04349261 -0.00666283 0.09580000
v 0.04121407 -0.01526402 0.09624504
v 0.04107536 -0.01521265 0.09666777
v 0.03945838 -0.01935527 0.09624504
v 0.03932558 -0.01929013 0.09666777
v 0.03174733 -0.03017810 0.09666777
v 0.03157463 -0.03001393 0.09704698
v 0.03134510 -0.02979575 0.09736366
v 0.03107025 -0.02953448 0.09760194
v 0.03076386 -0.02924324 0.09774985
v 0.02862773 -0.03334732 0.09624504
v 0.02853138 -0.03323509 0.09666777
v 0.02837617 -0.03305429 0.09704698
v 0.02816989 -0.03281400 0.09736366
v 0.02792288 -0.03252627 0.09760194
v 0.02764753 -0.03220553 0.09774985
v 0.02424750 -0.03483735 0.09774985
v 0.02448899 -0.03518431 0.09760194
v 0.02470562 -0.03549555 0.09736366
v 0.02488654 -0.03575547 0.09704698
v 0.02502265 -0.03595104 0.09666777
v 0.02125717 -0.03829809 0.09666777
v 0.01733188 -0.04038807 0.09624504
v 0.01727355 -0.04025214 0.09666777
v 0.00443137 -0.04357721 0.09666777
v 0.00440726 -0.04334016 0.09704698
v 0.00437522 -0.04302511 0.09736366
v 0.00433686 -0.04264784 0.09760194
v 0.00429409 -0.04222727 0.09774985
v -0.03581715 -0.02521055 0.07900000
v -0.03596068 -0.02535408 0.07900000
v -0.03581715 -0.02521055 0.07880000
v -0.03596068 -0.02535408 0.07880000
v -0.02521055 -0.03581715 0.07880000
v -0.02535408 -0.03596068 0.07880000
v -0.02521055 -0.03581715 0.07900000
v -0.02535408 -0.03596068 0.07900000
v -0.03642312 -0.02468515 0.07980000
v -0.03627910 -0.02454113 0.07980000
v -0.03702308 -0.02377586 0.07980000
v -0.03743945 -0.02273163 0.07980000
v -0.03758502 -0.02287720 0.07980000
v -0.02140539 -0.03821322 0.09218492
v -0.02194441 -0.03813717 0.09251865
v -0.02179792 -0.03799067 0.09251865
v -0.02239679 -0.03787326 0.09272845
v -0.02225076 -0.03772723 0.09272845
v -0.02287720 -0.03758502 0.09280000
v -0.02273163 -0.03743945 0.09280000
v -0.02084441 -0.03852208 0.09070000
v -0.02099194 -0.03866961 0.09070000
v -0.02086103 -0.03851308 0.09097518
v -0.02100850 -0.03866061 0.09097493
v -0.02091003 -0.03848650 0.09124352
v -0.02105748 -0.03863395 0.09124352
v -0.02099073 -0.03844254 0.09150327
v -0.02113878 -0.03858954 0.09150508
v -0.02110187 -0.03838165 0.09175000
v -0.02124911 -0.03852889 0.09175000
v -0.02124079 -0.03830496 0.09197822
v -0.02138839 -0.03845176 0.09197895
v -0.02155230 -0.03836012 0.09218492
v -0.02084441 -0.03852208 0.08190000
v -0.02099194 -0.03866961 0.08190000
v -0.02089270 -0.03849591 0.08143271
v -0.02104017 -0.03864338 0.08143271
v -0.02103486 -0.03841842 0.08098884
v -0.02118217 -0.03856573 0.08098884
v -0.02126292 -0.03829266 0.08059067
v -0.02140999 -0.03843972 0.08059067
v -0.02156428 -0.03812378 0.08025815
v -0.02171102 -0.03827051 0.08025815
v -0.02192252 -0.03791891 0.08000797
v -0.02206888 -0.03806527 0.08000797
v -0.02231851 -0.03768719 0.07985265
v -0.02246448 -0.03783315 0.07985265
v -0.02273163 -0.03743945 0.07980000
v -0.02287720 -0.03758502 0.07980000
v -0.02377586 -0.03702308 0.07980000
v -0.02454113 -0.03627910 0.07980000
v -0.02468515 -0.03642312 0.07980000
v -0.03821321 -0.02140539 0.08041508
v -0.03813716 -0.02194441 0.08008135
v -0.03799066 -0.02179792 0.08008135
v -0.03787326 -0.02239679 0.07987156
v -0.03772723 -0.02225076 0.07987156
v -0.03852208 -0.02084441 0.08190000
v -0.03866961 -0.02099194 0.08190000
v -0.03851314 -0.02086091 0.08162574
v -0.03866061 -0.02100850 0.08162507
v -0.03848650 -0.02091003 0.08135648
v -0.03863395 -0.02105748 0.08135648
v -0.03844244 -0.02099093 0.08109620
v -0.03858953 -0.02113878 0.08109491
v -0.03838165 -0.02110187 0.08085000
v -0.03852889 -0.02124911 0.08085000
v -0.03830434 -0.02124187 0.08062023
v -0.03845175 -0.02138839 0.08062105
v -0.03836011 -0.02155230 0.08041508
v -0.03852208 -0.02084441 0.09070000
v -0.03866961 -0.02099194 0.09070000
v -0.03849591 -0.02089270 0.09116729
v -0.03864338 -0.02104017 0.09116729
v -0.03841842 -0.02103486 0.09161116
v -0.03856573 -0.02118217 0.09161116
v -0.03829266 -0.02126292 0.09200933
v -0.03843972 -0.02140999 0.09200933
v -0.03812377 -0.02156428 0.09234185
v -0.03827051 -0.02171102 0.09234185
v -0.03791891 -0.02192252 0.09259203
v -0.03806527 -0.02206888 0.09259203
v -0.03768719 -0.02231851 0.09274735
v -0.03783315 -0.02246448 0.09274735
v -0.03743945 -0.02273163 0.09280000
v -0.03758502 -0.02287720 0.09280000
v -0.03702308 -0.02377586 0.09280000
v -0.03511367 -0.02618148 0.09280000
v -0.03325618 -0.02881018 0.09280000
v -0.03097128 -0.03097128 0.09280000
v -0.02881018 -0.03325618 0.09280000
v -0.02618148 -0.03511367 0.09280000
v -0.02377586 -0.03702308 0.09280000
v -0.02469103 -0.03617724 0.07977994
v -0.02483493 -0.03632115 0.07977994
v -0.02483291 -0.03608000 0.07972078
v -0.02497671 -0.03622380 0.07972078
v -0.02495978 -0.03599235 0.07962547
v -0.02510349 -0.03613606 0.07962547
v -0.02506543 -0.03591886 0.07949879
v -0.02520906 -0.03606249 0.07949879
v -0.02514474 -0.03586338 0.07934711
v -0.02528832 -0.03600696 0.07934711
v -0.02519390 -0.03582886 0.07917802
v -0.02533744 -0.03597241 0.07917802
v -0.03582886 -0.02519390 0.07917802
v -0.03597241 -0.02533744 0.07917802
v -0.03586338 -0.02514474 0.07934711
v -0.03600696 -0.02528832 0.07934711
v -0.03591886 -0.02506543 0.07949879
v -0.03606249 -0.02520906 0.07949879
v -0.03599235 -0.02495978 0.07962547
v -0.03613606 -0.02510349 0.07962547
v -0.03608000 -0.02483291 0.07972078
v -0.03622380 -0.02497671 0.07972078
v -0.03617724 -0.02469103 0.07977994
v -0.03632115 -0.02483493 0.07977994
v 0.00936169 -0.02738980 0.09730000
v 0.00637974 -0.01699050 0.09730000
v 0.00802105 -0.02797272 0.09730000
v 0.00493391 -0.01720660 0.09730000
v 0.00404994 -0.02881680 0.09730000
v 0.00166380 -0.01782251 0.09730000
v -0.00000000 -0.02910001 0.09730000
v -0.00166380 -0.01782251 0.09730000
v -0.00404994 -0.02881680 0.09730000
v 0.01050578 -0.02647975 0.09730000
v 0.01137535 -0.02530460 0.09730000
v 0.01191113 -0.02394442 0.09730000
v 0.01207662 -0.02249193 0.09730000
v 0.01186054 -0.02104609 0.09730000
v 0.01127762 -0.01970545 0.09730000
v 0.01036756 -0.01856136 0.09730000
v 0.00919241 -0.01769179 0.09730000
v 0.00783224 -0.01715601 0.09730000
v -0.00802105 -0.02797272 0.09730000
v -0.00493391 -0.01720660 0.09730000
v -0.00936169 -0.02738979 0.09730000
v -0.00637975 -0.01699050 0.09730000
v -0.00783224 -0.01715600 0.09730000
v -0.01191113 -0.02394441 0.09730000
v -0.01127762 -0.01970544 0.09730000
v -0.01207662 -0.02249192 0.09730000
v -0.01186054 -0.02104608 0.09730000
v -0.00919241 -0.01769178 0.09730000
v -0.01036756 -0.01856135 0.09730000
v -0.01137535 -0.02530459 0.09730000
v -0.01050578 -0.02647974 0.09730000
v -0.00802105 -0.02797272 0.09730000
v -0.00802105 -0.02797272 0.10630000
v -0.00404994 -0.02881680 0.09730000
v -0.00404994 -0.02881681 0.10630000
v -0.00000000 -0.02910001 0.09730000
v -0.00000000 -0.02910001 0.10630000
v 0.00404994 -0.02881680 0.09730000
v 0.00404994 -0.02881681 0.10630000
v 0.00802105 -0.02797272 0.09730000
v 0.00802105 -0.02797273 0.10630000
v 0.00936169 -0.02738980 0.09730000
v 0.00936169 -0.02738980 0.10630000
v 0.01050578 -0.02647975 0.09730000
v 0.01050578 -0.02647975 0.10630000
v 0.01137535 -0.02530460 0.09730000
v 0.01137535 -0.02530460 0.10630000
v 0.01191113 -0.02394442 0.09730000
v 0.01191113 -0.02394442 0.10630000
v 0.01207662 -0.02249193 0.09730000
v 0.01207662 -0.02249193 0.10630000
v 0.01186054 -0.02104609 0.09730000
v 0.01186054 -0.02104609 0.10630000
v 0.01127762 -0.01970545 0.09730000
v 0.01127762 -0.01970545 0.10630000
v 0.01036756 -0.01856136 0.09730000
v 0.01036756 -0.01856136 0.10630000
v 0.00919241 -0.01769179 0.09730000
v 0.00919241 -0.01769179 0.10630000
v 0.00783224 -0.01715601 0.09730000
v 0.00783224 -0.01715601 0.10630000
v 0.00637974 -0.01699050 0.09730000
v 0.00637974 -0.01699051 0.10630000
v 0.00493391 -0.01720660 0.09730000
v 0.00493391 -0.01720660 0.10630000
v 0.00166380 -0.01782252 0.10630000
v 0.00166380 -0.01782251 0.09730000
v -0.00166380 -0.01782252 0.10630000
v -0.00166380 -0.01782251 0.09730000
v -0.00493391 -0.01720660 0.10630000
v -0.00493391 -0.01720660 0.09730000
v -0.00637975 -0.01699050 0.09730000
v -0.00637975 -0.01699050 0.10630000
v -0.00783224 -0.01715600 0.09730000
v -0.00783224 -0.01715601 0.10630000
v -0.00919241 -0.01769178 0.09730000
v -0.00919241 -0.01769179 0.10630000
v -0.01036756 -0.01856135 0.09730000
v -0.01036756 -0.01856136 0.10630000
v -0.01127762 -0.01970544 0.09730000
v -0.01127762 -0.01970545 0.10630000
v -0.01186054 -0.02104608 0.09730000
v -0.01186054 -0.02104608 0.10630000
v -0.01207662 -0.02249192 0.09730000
v -0.01207662 -0.02249193 0.10630000
v -0.01191113 -0.02394441 0.09730000
v -0.01191113 -0.02394442 0.10630000
v -0.01137535 -0.02530459 0.09730000
v -0.01137535 -0.02530460 0.10630000
v -0.01050578 -0.02647974 0.09730000
v -0.01050578 -0.02647975 0.10630000
v -0.00936169 -0.02738979 0.09730000
v -0.00936169 -0.02738980 0.10630000
v -0.02797272 -0.00802105 0.09730000
v -0.01720659 -0.00493391 0.09730000
v -0.02881680 -0.00404994 0.09730000
v -0.01782251 -0.00166381 0.09730000
v -0.02910000 -0.00000000 0.09730000
v -0.01782251 0.00166380 0.09730000
v -0.02881680 0.00404993 0.09730000
v -0.02797272 0.00802105 0.09730000
v -0.02738979 -0.00936169 0.09730000
v -0.02647974 -0.01050578 0.09730000
v -0.02530459 -0.01137535 0.09730000
v -0.01769178 0.00919241 0.09730000
v -0.01856135 0.01036756 0.09730000
v -0.02738979 0.00936169 0.09730000
v -0.01970544 0.01127762 0.09730000
v -0.02647974 0.01050578 0.09730000
v -0.02104608 0.01186054 0.09730000
v -0.02249192 0.01207662 0.09730000
v -0.02394441 0.01191113 0.09730000
v -0.02394441 -0.01191113 0.09730000
v -0.02249192 -0.01207662 0.09730000
v -0.02104608 -0.01186054 0.09730000
v -0.01720659 0.00493391 0.09730000
v -0.01699050 0.00637974 0.09730000
v -0.01715600 0.00783224 0.09730000
v -0.02530459 0.01137535 0.09730000
v -0.01699050 -0.00637975 0.09730000
v -0.01715600 -0.00783224 0.09730000
v -0.01769178 -0.00919242 0.09730000
v -0.01970544 -0.01127762 0.09730000
v -0.01856135 -0.01036756 0.09730000
v -0.02797272 0.00802105 0.09730000
v -0.02797272 0.00802104 0.10630000
v -0.02881680 0.00404993 0.09730000
v -0.02881680 0.00404993 0.10630000
v -0.02910000 -0.00000000 0.09730000
v -0.02910000 -0.00000000 0.10630000
v -0.02881680 -0.00404994 0.09730000
v -0.02881680 -0.00404994 0.10630000
v -0.02797272 -0.00802105 0.09730000
v -0.02797272 -0.00802105 0.10630000
v -0.02738979 -0.00936169 0.09730000
v -0.02738979 -0.00936170 0.10630000
v -0.02647974 -0.01050578 0.09730000
v -0.02647974 -0.01050578 0.10630000
v -0.02530459 -0.01137535 0.09730000
v -0.02530459 -0.01137535 0.10630000
v -0.02394441 -0.01191113 0.09730000
v -0.02394441 -0.01191113 0.10630000
v -0.02249192 -0.01207662 0.09730000
v -0.02249192 -0.01207662 0.10630000
v -0.02104608 -0.01186054 0.09730000
v -0.02104608 -0.01186054 0.10630000
v -0.01970544 -0.01127762 0.09730000
v -0.01970544 -0.01127762 0.10630000
v -0.01856135 -0.01036756 0.09730000
v -0.01856135 -0.01036756 0.10630000
v -0.01769178 -0.00919242 0.09730000
v -0.01769178 -0.00919242 0.10630000
v -0.01715600 -0.00783224 0.09730000
v -0.01715600 -0.00783224 0.10630000
v -0.01699050 -0.00637975 0.09730000
v -0.01699050 -0.00637975 0.10630000
v -0.01720659 -0.00493391 0.09730000
v -0.01720659 -0.00493391 0.10630000
v -0.01782251 -0.00166381 0.10630000
v -0.01782251 -0.00166381 0.09730000
v -0.01782251 0.00166380 0.10630000
v -0.01782251 0.00166380 0.09730000
v -0.01720659 0.00493390 0.10630000
v -0.01720659 0.00493391 0.09730000
v -0.01699050 0.00637974 0.09730000
v -0.01699050 0.00637974 0.10630000
v -0.01715600 0.00783224 0.09730000
v -0.01715600 0.00783224 0.10630000
v -0.01769178 0.00919241 0.09730000
v -0.01769178 0.00919241 0.10630000
v -0.01856135 0.01036756 0.09730000
v -0.01856135 0.01036756 0.10630000
v -0.01970544 0.01127762 0.09730000
v -0.01970544 0.01127762 0.10630000
v -0.02104608 0.01186054 0.09730000
v -0.02104608 0.01186054 0.10630000
v -0.02249192 0.01207662 0.09730000
v -0.02249192 0.01207662 0.10630000
v -0.02394441 0.01191113 0.09730000
v -0.02394441 0.01191113 0.10630000
v -0.02530459 0.01137535 0.09730000
v -0.02530459 0.01137535 0.10630000
v -0.02647974 0.01050578 0.09730000
v -0.02647974 0.01050578 0.10630000
v -0.02738979 0.00936169 0.09730000
v -0.02738979 0.00936169 0.10630000
v -0.00637974 0.01699050 0.09730000
v -0.00493391 0.01720659 0.09730000
v -0.00936169 0.02738979 0.09730000
v -0.00802105 0.02797272 0.09730000
v -0.00404994 0.02881680 0.09730000
v -0.00166380 0.01782251 0.09730000
v 0.00000000 0.02910000 0.09730001
v 0.00166380 0.01782251 0.09730000
v 0.00404994 0.02881680 0.09730000
v 0.00802105 0.02797272 0.09730000
v 0.00493391 0.01720659 0.09730000
v 0.00936169 0.02738979 0.09730000
v 0.01207662 0.02249192 0.09730000
v 0.01191113 0.02394441 0.09730000
v 0.01137535 0.02530459 0.09730000
v -0.01050578 0.02647974 0.09730000
v -0.01137535 0.02530459 0.09730000
v -0.01191113 0.02394441 0.09730000
v -0.01207662 0.02249192 0.09730000
v -0.01186054 0.02104608 0.09730000
v -0.01127762 0.01970544 0.09730000
v 0.00637975 0.01699050 0.09730000
v 0.00783224 0.01715600 0.09730000
v 0.00919241 0.01769178 0.09730000
v -0.01036756 0.01856135 0.09730000
v -0.00919241 0.01769178 0.09730000
v -0.00783224 0.01715600 0.09730000
v 0.01036756 0.01856135 0.09730000
v 0.01127762 0.01970544 0.09730000
v 0.01050578 0.02647974 0.09730000
v 0.01186054 0.02104608 0.09730000
v 0.00802105 0.02797272 0.09730000
v 0.00802105 0.02797272 0.10630001
v 0.00404994 0.02881680 0.09730000
v 0.00404994 0.02881680 0.10630001
v 0.00000000 0.02910000 0.09730001
v 0.00000000 0.02910000 0.10630001
v -0.00404994 0.02881680 0.09730000
v -0.00404994 0.02881680 0.10630001
v -0.00802105 0.02797272 0.09730000
v -0.00802105 0.02797272 0.10630001
v -0.00936169 0.02738979 0.09730000
v -0.00936169 0.02738979 0.10630001
v -0.01050578 0.02647974 0.09730000
v -0.01050578 0.02647974 0.10630001
v -0.01137535 0.02530459 0.09730000
v -0.01137535 0.02530459 0.10630001
v -0.01191113 0.02394441 0.09730000
v -0.01191113 0.02394441 0.10630000
v -0.01207662 0.02249192 0.09730000
v -0.01207662 0.02249192 0.10630000
v -0.01186054 0.02104608 0.09730000
v -0.01186054 0.02104608 0.10630000
v -0.01127762 0.01970544 0.09730000
v -0.01127762 0.01970544 0.10630000
v -0.01036756 0.01856135 0.09730000
v -0.01036756 0.01856135 0.10630000
v -0.00919241 0.01769178 0.09730000
v -0.00919241 0.01769178 0.10630000
v -0.00783224 0.01715600 0.09730000
v -0.00783224 0.01715600 0.10630000
v -0.00637974 0.01699050 0.09730000
v -0.00637974 0.01699050 0.10630000
v -0.00493391 0.01720659 0.09730000
v -0.00493391 0.01720659 0.10630000
v -0.00166380 0.01782251 0.10630000
v -0.00166380 0.01782251 0.09730000
v 0.00166380 0.01782251 0.10630000
v 0.00166380 0.01782251 0.09730000
v 0.00493391 0.01720659 0.10630000
v 0.00493391 0.01720659 0.09730000
v 0.00637975 0.01699050 0.09730000
v 0.00637975 0.01699050 0.10630000
v 0.00783224 0.01715600 0.09730000
v 0.00783224 0.01715600 0.10630000
v 0.00919241 0.01769178 0.09730000
v 0.00919241 0.01769178 0.10630000
v 0.01036756 0.01856135 0.09730000
v 0.01036756 0.01856135 0.10630000
v 0.01127762 0.01970544 0.09730000
v 0.01127762 0.01970544 0.10630000
v 0.01186054 0.02104608 0.09730000
v 0.01186054 0.02104608 0.10630000
v 0.01207662 0.02249192 0.09730000
v 0.01207662 0.02249192 0.10630000
v 0.01191113 0.02394441 0.09730000
v 0.01191113 0.02394441 0.10630000
v 0.01137535 0.02530459 0.09730000
v 0.01137535 0.02530459 0.10630001
v 0.01050578 0.02647974 0.09730000
v 0.01050578 0.02647974 0.10630001
v 0.00936169 0.02738979 0.09730000
v 0.00936169 0.02738979 0.10630001
v -0.00493391 -0.01720660 0.10630000
v -0.00479609 -0.01672596 0.10680000
v -0.00637975 -0.01699050 0.10630000
v -0.00637102 -0.01649058 0.10680000
v -0.00783224 -0.01715601 0.10630000
v -0.00795320 -0.01667086 0.10680000
v -0.00919241 -0.01769179 0.10630000
v -0.00943482 -0.01725448 0.10680000
v -0.01036756 -0.01856136 0.10630000
v -0.01071489 -0.01820168 0.10680000
v -0.01127762 -0.01970545 0.10630000
v -0.01170620 -0.01944793 0.10680000
v -0.01186054 -0.02104608 0.10630000
v -0.01234117 -0.02090827 0.10680000
v -0.01207662 -0.02249193 0.10630000
v -0.01257655 -0.02248320 0.10680000
v -0.01191113 -0.02394442 0.10630000
v -0.01239628 -0.02406539 0.10680000
v -0.01137535 -0.02530460 0.10630000
v -0.01181266 -0.02554699 0.10680000
v -0.01050578 -0.02647975 0.10630000
v -0.01086545 -0.02682708 0.10680000
v -0.00936169 -0.02738980 0.10630000
v -0.00961921 -0.02781838 0.10680000
v -0.00802105 -0.02797272 0.10630000
v -0.00815887 -0.02845336 0.10680000
v -0.00404994 -0.02881681 0.10630000
v -0.00411953 -0.02931195 0.10680000
v -0.00000000 -0.02910001 0.10630000
v -0.00000000 -0.02960001 0.10680000
v 0.00404994 -0.02881681 0.10630000
v 0.00411952 -0.02931195 0.10680000
v 0.00802105 -0.02797273 0.10630000
v 0.00815886 -0.02845336 0.10680000
v -0.00166380 -0.01782252 0.10630000
v -0.00161733 -0.01732468 0.10680000
v 0.00166380 -0.01782252 0.10630000
v 0.00161733 -0.01732468 0.10680000
v 0.00493391 -0.01720660 0.10630000
v 0.00479609 -0.01672596 0.10680000
v 0.00936169 -0.02738980 0.10630000
v 0.00961921 -0.02781838 0.10680000
v 0.01050578 -0.02647975 0.10630000
v 0.01086545 -0.02682708 0.10680000
v 0.01137535 -0.02530460 0.10630000
v 0.01181266 -0.02554700 0.10680000
v 0.01191113 -0.02394442 0.10630000
v 0.01239628 -0.02406539 0.10680000
v 0.01207662 -0.02249193 0.10630000
v 0.01257655 -0.02248320 0.10680000
v 0.01186054 -0.02104609 0.10630000
v 0.01234117 -0.02090827 0.10680000
v 0.01127762 -0.01970545 0.10630000
v 0.01170620 -0.01944793 0.10680000
v 0.01036756 -0.01856136 0.10630000
v 0.01071489 -0.01820169 0.10680000
v 0.00919241 -0.01769179 0.10630000
v 0.00943482 -0.01725448 0.10680000
v 0.00783224 -0.01715601 0.10630000
v 0.00795320 -0.01667086 0.10680000
v 0.00637974 -0.01699051 0.10630000
v 0.00637102 -0.01649059 0.10680000
v -0.01699050 0.00637974 0.10630000
v -0.01720659 0.00493390 0.10630000
v -0.01672595 0.00479609 0.10680000
v -0.02845335 0.00815886 0.10680000
v -0.02797272 0.00802104 0.10630000
v -0.02781837 0.00961921 0.10680000
v -0.02738979 0.00936169 0.10630000
v -0.02682707 0.01086545 0.10680000
v -0.02647974 0.01050578 0.10630000
v -0.02554699 0.01181266 0.10680000
v -0.02530459 0.01137535 0.10630000
v -0.02406538 0.01239628 0.10680000
v -0.02394441 0.01191113 0.10630000
v -0.02248319 0.01257655 0.10680000
v -0.02249192 0.01207662 0.10630000
v -0.02090826 0.01234117 0.10680000
v -0.02104608 0.01186054 0.10630000
v -0.01976383 0.01184356 0.10680000
v -0.01970544 0.01127762 0.10630000
v -0.01649058 0.00637101 0.10680000
v -0.01665781 0.00783874 0.10680000
v -0.01715600 0.00783224 0.10630000
v -0.01667085 0.00795320 0.10680000
v -0.01769178 0.00919241 0.10630000
v -0.01725447 0.00943481 0.10680000
v -0.01856135 0.01036756 0.10630000
v -0.01820168 0.01071489 0.10680000
v -0.01944792 0.01170620 0.10680000
v -0.02845335 -0.00815887 0.10680000
v -0.02797272 -0.00802105 0.10630000
v -0.02931194 -0.00411953 0.10680000
v -0.02881680 -0.00404994 0.10630000
v -0.02960000 -0.00000000 0.10680000
v -0.02910000 -0.00000000 0.10630000
v -0.02931194 0.00411952 0.10680000
v -0.02881680 0.00404993 0.10630000
v -0.02852139 0.00783874 0.10680000
v -0.01782251 0.00166380 0.10630000
v -0.01732467 0.00161732 0.10680000
v -0.01782251 -0.00166381 0.10630000
v -0.01732467 -0.00161733 0.10680000
v -0.01720659 -0.00493391 0.10630000
v -0.01672595 -0.00479609 0.10680000
v -0.01649058 -0.00637102 0.10680000
v -0.01699050 -0.00637975 0.10630000
v -0.01667085 -0.00795321 0.10680000
v -0.01715600 -0.00783224 0.10630000
v -0.01725447 -0.00943482 0.10680000
v -0.01769178 -0.00919242 0.10630000
v -0.01820168 -0.01071489 0.10680000
v -0.01856135 -0.01036756 0.10630000
v -0.01944792 -0.01170620 0.10680000
v -0.01970544 -0.01127762 0.10630000
v -0.01976383 -0.01184356 0.10680000
v -0.02104608 -0.01186054 0.10630000
v -0.02738979 -0.00936170 0.10630000
v -0.02781837 -0.00961922 0.10680000
v -0.02647974 -0.01050578 0.10630000
v -0.02682707 -0.01086545 0.10680000
v -0.02530459 -0.01137535 0.10630000
v -0.02554699 -0.01181266 0.10680000
v -0.02394441 -0.01191113 0.10630000
v -0.02406538 -0.01239628 0.10680000
v -0.02249192 -0.01207662 0.10630000
v -0.02248319 -0.01257655 0.10680000
v -0.02090826 -0.01234117 0.10680000
v -0.00479609 0.01672595 0.10680000
v -0.00493391 0.01720659 0.10630000
v -0.00637102 0.01649058 0.10680000
v -0.00637974 0.01699050 0.10630000
v -0.00795320 0.01667085 0.10680000
v -0.00783224 0.01715600 0.10630000
v -0.00943482 0.01725447 0.10680000
v -0.00919241 0.01769178 0.10630000
v -0.01071489 0.01820168 0.10680000
v -0.01036756 0.01856135 0.10630000
v -0.01170620 0.01944792 0.10680000
v -0.01127762 0.01970544 0.10630000
v -0.01184356 0.01976383 0.10680000
v -0.01186054 0.02104608 0.10630000
v -0.00802105 0.02797272 0.10630001
v -0.00815886 0.02845335 0.10680001
v -0.00936169 0.02738979 0.10630001
v -0.00961921 0.02781837 0.10680001
v -0.01050578 0.02647974 0.10630001
v -0.01086545 0.02682707 0.10680001
v -0.01137535 0.02530459 0.10630001
v -0.01181266 0.02554699 0.10680001
v -0.01191113 0.02394441 0.10630000
v -0.01239628 0.02406538 0.10680001
v -0.01207662 0.02249192 0.10630000
v -0.01257655 0.02248319 0.10680000
v -0.01234117 0.02090826 0.10680000
v 0.00479609 0.01672595 0.10680000
v 0.00493391 0.01720659 0.10630000
v 0.00166380 0.01782251 0.10630000
v 0.00161733 0.01732467 0.10680000
v -0.00166380 0.01782251 0.10630000
v -0.00161733 0.01732467 0.10680000
v 0.00802105 0.02797272 0.10630001
v 0.00815887 0.02845335 0.10680001
v 0.00404994 0.02881680 0.10630001
v 0.00411953 0.02931194 0.10680001
v 0.00000000 0.02910000 0.10630001
v 0.00000000 0.02960000 0.10680001
v -0.00404994 0.02881680 0.10630001
v -0.00411952 0.02931194 0.10680001
v 0.00961921 0.02781837 0.10680001
v 0.00936169 0.02738979 0.10630001
v 0.01086545 0.02682707 0.10680001
v 0.01050578 0.02647974 0.10630001
v 0.01181266 0.02554699 0.10680001
v 0.01137535 0.02530459 0.10630001
v 0.01239628 0.02406538 0.10680001
v 0.01191113 0.02394441 0.10630000
v 0.01257655 0.02248319 0.10680000
v 0.01207662 0.02249192 0.10630000
v 0.01234117 0.02090826 0.10680000
v 0.01186054 0.02104608 0.10630000
v 0.01184356 0.01976383 0.10680000
v 0.01127762 0.01970544 0.10630000
v 0.00637975 0.01699050 0.10630000
v 0.00637102 0.01649058 0.10680000
v 0.00783224 0.01715600 0.10630000
v 0.00795320 0.01667085 0.10680000
v 0.00919241 0.01769178 0.10630000
v 0.00943482 0.01725447 0.10680000
v 0.01036756 0.01856135 0.10630000
v 0.01071489 0.01820167 0.10680000
v 0.01170620 0.01944792 0.10680000
v 0.01767767 -0.02267768 0.10430000
v 0.01767767 -0.02267768 0.10670000
v 0.01897177 -0.02250731 0.10430000
v 0.01897177 -0.02250731 0.10670000
v 0.02017767 -0.02200781 0.10430000
v 0.02017767 -0.02200781 0.10670000
v 0.02121320 -0.02121321 0.10430000
v 0.02121320 -0.02121321 0.10670000
v 0.02200780 -0.02017768 0.10430000
v 0.02200780 -0.02017768 0.10670000
v 0.02250730 -0.01897178 0.10430000
v 0.02250730 -0.01897178 0.10670000
v 0.02267767 -0.01767768 0.10430000
v 0.02267767 -0.01767768 0.10670000
v 0.02250730 -0.01638358 0.10430000
v 0.02250730 -0.01638358 0.10670000
v 0.02200780 -0.01517768 0.10430000
v 0.02200780 -0.01517768 0.10670000
v 0.02121320 -0.01414215 0.10430000
v 0.02121320 -0.01414215 0.10670000
v 0.02017767 -0.01334755 0.10430000
v 0.02017767 -0.01334755 0.10670000
v 0.01897177 -0.01284805 0.10430000
v 0.01897177 -0.01284805 0.10670000
v 0.01767767 -0.01267768 0.10430000
v 0.01767767 -0.01267768 0.10670000
v 0.01638357 -0.01284805 0.10430000
v 0.01638357 -0.01284805 0.10670000
v 0.01517767 -0.01334755 0.10430000
v 0.01517767 -0.01334755 0.10670000
v 0.01414214 -0.01414215 0.10430000
v 0.01414214 -0.01414215 0.10670000
v 0.01334754 -0.01517768 0.10430000
v 0.01334754 -0.01517768 0.10670000
v 0.01284804 -0.01638358 0.10430000
v 0.01284804 -0.01638358 0.10670000
v 0.01267767 -0.01767768 0.10430000
v 0.01267767 -0.01767768 0.10670000
v 0.01284804 -0.01897178 0.10430000
v 0.01284804 -0.01897178 0.10670000
v 0.01334754 -0.02017768 0.10430000
v 0.01334754 -0.02017768 0.10670000
v 0.01414214 -0.02121321 0.10430000
v 0.01414214 -0.02121321 0.10670000
v 0.01517767 -0.02200781 0.10430000
v 0.01517767 -0.02200781 0.10670000
v 0.01638357 -0.02250731 0.10430000
v 0.01638357 -0.02250731 0.10670000
v -0.01767767 -0.02267767 0.10430000
v -0.01767767 -0.02267767 0.10670000
v -0.01638357 -0.02250730 0.10430000
v -0.01638357 -0.02250730 0.10670000
v -0.01517767 -0.02200780 0.10430000
v -0.01517767 -0.02200780 0.10670000
v -0.01414214 -0.02121320 0.10430000
v -0.01414214 -0.02121320 0.10670000
v -0.01334754 -0.02017767 0.10430000
v -0.01334754 -0.02017767 0.10670000
v -0.01284804 -0.01897177 0.10430000
v -0.01284804 -0.01897177 0.10670000
v -0.01267767 -0.01767767 0.10430000
v -0.01267767 -0.01767767 0.10670000
v -0.01284804 -0.01638357 0.10430000
v -0.01284804 -0.01638357 0.10670000
v -0.01334754 -0.01517767 0.10430000
v -0.01334754 -0.01517767 0.10670000
v -0.01414214 -0.01414215 0.10430000
v -0.01414214 -0.01414215 0.10670000
v -0.01517767 -0.01334754 0.10430000
v -0.01517767 -0.01334754 0.10670000
v -0.01638357 -0.01284804 0.10430000
v -0.01638357 -0.01284804 0.10670000
v -0.01767767 -0.01267767 0.10430000
v -0.01767767 -0.01267767 0.10670000
v -0.01897177 -0.01284804 0.10430000
v -0.01897177 -0.01284804 0.10670000
v -0.02017767 -0.01334754 0.10430000
v -0.02017767 -0.01334754 0.10670000
v -0.02121320 -0.01414214 0.10430000
v -0.02121320 -0.01414214 0.10670000
v -0.02200780 -0.01517767 0.10430000
v -0.02200780 -0.01517767 0.10670000
v -0.02250730 -0.01638357 0.10430000
v -0.02250730 -0.01638357 0.10670000
v -0.02267767 -0.01767767 0.10430000
v -0.02267767 -0.01767767 0.10670000
v -0.02250730 -0.01897177 0.10430000
v -0.02250730 -0.01897177 0.10670000
v -0.02200780 -0.02017767 0.10430000
v -0.02200780 -0.02017767 0.10670000
v -0.02121320 -0.02121320 0.10430000
v -0.02121320 -0.02121320 0.10670000
v -0.02017767 -0.02200780 0.10430000
v -0.02017767 -0.02200780 0.10670000
v -0.01897177 -0.02250730 0.10430000
v -0.01897177 -0.02250730 0.10670000
v -0.01767767 0.01267767 0.10430000
v -0.01767767 0.01267767 0.10670001
v -0.01638357 0.01284804 0.10430000
v -0.01638357 0.01284804 0.10670001
v -0.01517767 0.01334754 0.10430000
v -0.01517767 0.01334754 0.10670001
v -0.01414214 0.01414214 0.10430000
v -0.01414214 0.01414214 0.10670001
v -0.01334754 0.01517767 0.10430000
v -0.01334754 0.01517767 0.10670001
v -0.01284804 0.01638357 0.10430000
v -0.01284804 0.01638357 0.10670001
v -0.01267767 0.01767767 0.10430000
v -0.01267767 0.01767767 0.10670001
v -0.01284804 0.01897177 0.10430000
v -0.01284804 0.01897177 0.10670001
v -0.01334754 0.02017767 0.10430000
v -0.01334754 0.02017767 0.10670001
v -0.01414214 0.02121320 0.10430000
v -0.01414214 0.02121320 0.10670001
v -0.01517767 0.02200780 0.10430000
v -0.01517767 0.02200780 0.10670001
v -0.01638357 0.02250730 0.10430000
v -0.01638357 0.02250730 0.10670001
v -0.01767767 0.02267767 0.10430000
v -0.01767767 0.02267767 0.10670001
v -0.01897177 0.02250730 0.10430000
v -0.01897177 0.02250730 0.10670001
v -0.02017767 0.02200780 0.10430000
v -0.02017767 0.02200780 0.10670001
v -0.02121320 0.02121320 0.10430000
v -0.02121320 0.02121320 0.10670001
v -0.02200780 0.02017767 0.10430000
v -0.02200780 0.02017767 0.10670001
v -0.02250730 0.01897177 0.10430000
v -0.02250730 0.01897177 0.10670001
v -0.02267767 0.01767767 0.10430000
v -0.02267767 0.01767767 0.10670001
v -0.02250730 0.01638357 0.10430000
v -0.02250730 0.01638357 0.10670001
v -0.02200780 0.01517767 0.10430000
v -0.02200780 0.01517767 0.10670001
v -0.02121320 0.01414214 0.10430000
v -0.02121320 0.01414214 0.10670001
v -0.02017767 0.01334754 0.10430000
v -0.02017767 0.01334754 0.10670001
v -0.01897177 0.01284804 0.10430000
v -0.01897177 0.01284804 0.10670001
v 0.01767767 0.01267766 0.10430000
v 0.01767767 0.01267766 0.10670001
v 0.01897177 0.01284803 0.10430000
v 0.01897177 0.01284803 0.10670001
v 0.02017767 0.01334754 0.10430000
v 0.02017767 0.01334753 0.10670001
v 0.02121320 0.01414214 0.10430000
v 0.02121320 0.01414214 0.10670001
v 0.02200780 0.01517766 0.10430000
v 0.02200780 0.01517766 0.10670001
v 0.02250730 0.01638356 0.10430000
v 0.02250730 0.01638356 0.10670001
v 0.02267767 0.01767766 0.10430000
v 0.02267767 0.01767766 0.10670001
v 0.02250730 0.01897176 0.10430000
v 0.02250730 0.01897176 0.10670001
v 0.02200780 0.02017766 0.10430000
v 0.02200780 0.02017766 0.10670001
v 0.02121320 0.02121320 0.10430000
v 0.02121320 0.02121319 0.10670001
v 0.02017767 0.02200779 0.10430000
v 0.02017767 0.02200779 0.10670001
v 0.01897177 0.02250730 0.10430000
v 0.01897177 0.02250729 0.10670001
v 0.01767767 0.02267767 0.10430000
v 0.01767767 0.02267767 0.10670001
v 0.01638357 0.02250730 0.10430000
v 0.01638357 0.02250729 0.10670001
v 0.01517767 0.02200779 0.10430000
v 0.01517767 0.02200779 0.10670001
v 0.01414214 0.02121320 0.10430000
v 0.01414214 0.02121320 0.10670001
v 0.01334754 0.02017767 0.10430000
v 0.01334754 0.02017767 0.10670001
v 0.01284804 0.01897177 0.10430000
v 0.01284804 0.01897176 0.10670001
v 0.01267767 0.01767767 0.10430000
v 0.01267767 0.01767767 0.10670001
v 0.01284804 0.01638357 0.10430000
v 0.01284804 0.01638357 0.10670001
v 0.01334754 0.01517767 0.10430000
v 0.01334754 0.01517766 0.10670001
v 0.01414214 0.01414214 0.10430000
v 0.01414214 0.01414214 0.10670001
v 0.01517767 0.01334754 0.10430000
v 0.01517767 0.01334754 0.10670001
v 0.01638357 0.01284803 0.10430000
v 0.01638357 0.01284803 0.10670001
v 0.02200780 -0.01517768 0.10430000
v 0.02202945 -0.01516518 0.10430000
v 0.02250730 -0.01638358 0.10430000
v 0.02253145 -0.01637711 0.10430000
v 0.02267767 -0.01767768 0.10430000
v 0.02270267 -0.01767768 0.10430000
v 0.02250730 -0.01897178 0.10430000
v 0.02253145 -0.01897825 0.10430000
v 0.02200780 -0.02017768 0.10430000
v 0.02202945 -0.02019018 0.10430000
v 0.02121320 -0.02121321 0.10430000
v 0.02123088 -0.02123089 0.10430000
v 0.02017767 -0.02200781 0.10430000
v 0.02019017 -0.02202946 0.10430000
v 0.01897177 -0.02250731 0.10430000
v 0.01897824 -0.02253146 0.10430000
v 0.01767767 -0.02267768 0.10430000
v 0.01767767 -0.02270268 0.10430000
v 0.01638357 -0.02250731 0.10430000
v 0.01637710 -0.02253146 0.10430000
v 0.01517767 -0.02200781 0.10430000
v 0.01516517 -0.02202946 0.10430000
v 0.01414214 -0.02121321 0.10430000
v 0.01412446 -0.02123089 0.10430000
v 0.01334754 -0.02017768 0.10430000
v 0.01332589 -0.02019018 0.10430000
v 0.01284804 -0.01897178 0.10430000
v 0.01282389 -0.01897825 0.10430000
v 0.01267767 -0.01767768 0.10430000
v 0.01265267 -0.01767768 0.10430000
v 0.01284804 -0.01638358 0.10430000
v 0.01282389 -0.01637711 0.10430000
v 0.01334754 -0.01517768 0.10430000
v 0.01332589 -0.01516518 0.10430000
v 0.01414214 -0.01414215 0.10430000
v 0.01412446 -0.01412447 0.10430000
v 0.01517767 -0.01334755 0.10430000
v 0.01516517 -0.01332590 0.10430000
v 0.01638357 -0.01284805 0.10430000
v 0.01637710 -0.01282390 0.10430000
v 0.01767767 -0.01267768 0.10430000
v 0.01767767 -0.01265268 0.10430000
v 0.01897177 -0.01284805 0.10430000
v 0.01897824 -0.01282390 0.10430000
v 0.02017767 -0.01334755 0.10430000
v 0.02019017 -0.01332590 0.10430000
v 0.02121320 -0.01414215 0.10430000
v 0.02123088 -0.01412447 0.10430000
v 0.01877765 -0.02178286 0.10385255
v 0.01897824 -0.02253146 0.10430000
v 0.01980267 -0.02135829 0.10385255
v 0.02019017 -0.02202946 0.10430000
v 0.02068287 -0.02068288 0.10385255
v 0.02123088 -0.02123089 0.10430000
v 0.02135828 -0.01980268 0.10385255
v 0.02202945 -0.02019018 0.10430000
v 0.02178285 -0.01877766 0.10385255
v 0.02253145 -0.01897825 0.10430000
v 0.02192767 -0.01767768 0.10385255
v 0.02270267 -0.01767768 0.10430000
v 0.02178285 -0.01657770 0.10385255
v 0.02253145 -0.01637711 0.10430000
v 0.02135828 -0.01555268 0.10385255
v 0.02202945 -0.01516518 0.10430000
v 0.02068287 -0.01467248 0.10385255
v 0.02123088 -0.01412447 0.10430000
v 0.01980267 -0.01399707 0.10385255
v 0.02019017 -0.01332590 0.10430000
v 0.01877765 -0.01357249 0.10385255
v 0.01897824 -0.01282390 0.10430000
v 0.01767767 -0.01342768 0.10385255
v 0.01767767 -0.01265268 0.10430000
v 0.01657769 -0.01357249 0.10385255
v 0.01637710 -0.01282390 0.10430000
v 0.01555267 -0.01399707 0.10385255
v 0.01516517 -0.01332590 0.10430000
v 0.01467247 -0.01467248 0.10385255
v 0.01412446 -0.01412447 0.10430000
v 0.01399706 -0.01555268 0.10385255
v 0.01332589 -0.01516518 0.10430000
v 0.01357248 -0.01657770 0.10385255
v 0.01282389 -0.01637711 0.10430000
v 0.01342767 -0.01767768 0.10385255
v 0.01265267 -0.01767768 0.10430000
v 0.01357248 -0.01877766 0.10385255
v 0.01282389 -0.01897825 0.10430000
v 0.01399706 -0.01980268 0.10385255
v 0.01332589 -0.02019018 0.10430000
v 0.01467247 -0.02068288 0.10385255
v 0.01412446 -0.02123089 0.10430000
v 0.01555267 -0.02135829 0.10385255
v 0.01516517 -0.02202946 0.10430000
v 0.01657769 -0.02178286 0.10385255
v 0.01637710 -0.02253146 0.10430000
v 0.01767767 -0.02192768 0.10385255
v 0.01767767 -0.02270268 0.10430000
v -0.01638357 -0.01284804 0.10430000
v -0.01637710 -0.01282389 0.10430000
v -0.01517767 -0.01334754 0.10430000
v -0.01516517 -0.01332589 0.10430000
v -0.01414214 -0.01414215 0.10430000
v -0.01412446 -0.01412446 0.10430000
v -0.01334754 -0.01517767 0.10430000
v -0.01332589 -0.01516517 0.10430000
v -0.01284804 -0.01638357 0.10430000
v -0.01282389 -0.01637710 0.10430000
v -0.01267767 -0.01767767 0.10430000
v -0.01265267 -0.01767767 0.10430000
v -0.01284804 -0.01897177 0.10430000
v -0.01282389 -0.01897824 0.10430000
v -0.01334754 -0.02017767 0.10430000
v -0.01332589 -0.02019018 0.10430000
v -0.01414214 -0.02121320 0.10430000
v -0.01412446 -0.02123089 0.10430000
v -0.01517767 -0.02200780 0.10430000
v -0.01516517 -0.02202945 0.10430000
v -0.01638357 -0.02250730 0.10430000
v -0.01637710 -0.02253146 0.10430000
v -0.01767767 -0.02267767 0.10430000
v -0.01767767 -0.02270267 0.10430000
v -0.01897177 -0.02250730 0.10430000
v -0.01897824 -0.02253146 0.10430000
v -0.02017767 -0.02200780 0.10430000
v -0.02019017 -0.02202945 0.10430000
v -0.02121320 -0.02121320 0.10430000
v -0.02123088 -0.02123089 0.10430000
v -0.02200780 -0.02017767 0.10430000
v -0.02202945 -0.02019017 0.10430000
v -0.02250730 -0.01897177 0.10430000
v -0.02253145 -0.01897824 0.10430000
v -0.02267767 -0.01767767 0.10430000
v -0.02270267 -0.01767767 0.10430000
v -0.02250730 -0.01638357 0.10430000
v -0.02253145 -0.01637710 0.10430000
v -0.02200780 -0.01517767 0.10430000
v -0.02202945 -0.01516517 0.10430000
v -0.02121320 -0.01414214 0.10430000
v -0.02123088 -0.01412446 0.10430000
v -0.02017767 -0.01334754 0.10430000
v -0.02019017 -0.01332589 0.10430000
v -0.01897177 -0.01284804 0.10430000
v -0.01897824 -0.01282389 0.10430000
v -0.01767767 -0.01267767 0.10430000
v -0.01767767 -0.01265267 0.10430000
v -0.01657769 -0.02178286 0.10385255
v -0.01637710 -0.02253146 0.10430000
v -0.01555267 -0.02135829 0.10385255
v -0.01516517 -0.02202945 0.10430000
v -0.01467247 -0.02068288 0.10385255
v -0.01412446 -0.02123089 0.10430000
v -0.01399706 -0.01980267 0.10385255
v -0.01332589 -0.02019018 0.10430000
v -0.01357248 -0.01877766 0.10385255
v -0.01282389 -0.01897824 0.10430000
v -0.01342767 -0.01767767 0.10385255
v -0.01265267 -0.01767767 0.10430000
v -0.01357248 -0.01657769 0.10385255
v -0.01282389 -0.01637710 0.10430000
v -0.01399706 -0.01555267 0.10385255
v -0.01332589 -0.01516517 0.10430000
v -0.01467247 -0.01467247 0.10385255
v -0.01412446 -0.01412446 0.10430000
v -0.01555267 -0.01399706 0.10385255
v -0.01516517 -0.01332589 0.10430000
v -0.01657769 -0.01357248 0.10385255
v -0.01637710 -0.01282389 0.10430000
v -0.01767767 -0.01342767 0.10385255
v -0.01767767 -0.01265267 0.10430000
v -0.01877765 -0.01357248 0.10385255
v -0.01897824 -0.01282389 0.10430000
v -0.01980267 -0.01399706 0.10385255
v -0.02019017 -0.01332589 0.10430000
v -0.02068287 -0.01467247 0.10385255
v -0.02123088 -0.01412446 0.10430000
v -0.02135828 -0.01555267 0.10385255
v -0.02202945 -0.01516517 0.10430000
v -0.02178285 -0.01657769 0.10385255
v -0.02253145 -0.01637710 0.10430000
v -0.02192767 -0.01767767 0.10385255
v -0.02270267 -0.01767767 0.10430000
v -0.02178285 -0.01877766 0.10385255
v -0.02253145 -0.01897824 0.10430000
v -0.02135828 -0.01980267 0.10385255
v -0.02202945 -0.02019017 0.10430000
v -0.02068287 -0.02068288 0.10385255
v -0.02123088 -0.02123089 0.10430000
v -0.01980267 -0.02135828 0.10385255
v -0.02019017 -0.02202945 0.10430000
v -0.01877765 -0.02178286 0.10385255
v -0.01897824 -0.02253146 0.10430000
v -0.01767767 -0.02192767 0.10385255
v -0.01767767 -0.02270267 0.10430000
v -0.01284804 0.01897177 0.10430000
v -0.01282389 0.01897824 0.10430000
v -0.01267767 0.01767767 0.10430000
v -0.01265267 0.01767767 0.10430000
v -0.01284804 0.01638357 0.10430000
v -0.01282389 0.01637710 0.10430000
v -0.01334754 0.01517767 0.10430000
v -0.01332589 0.01516517 0.10430000
v -0.01414214 0.01414214 0.10430000
v -0.01412446 0.01412446 0.10430000
v -0.01517767 0.01334754 0.10430000
v -0.01516517 0.01332589 0.10430000
v -0.01638357 0.01284804 0.10430000
v -0.01637710 0.01282389 0.10430000
v -0.01767767 0.01267767 0.10430000
v -0.01767767 0.01265267 0.10430000
v -0.01897177 0.01284804 0.10430000
v -0.01897824 0.01282389 0.10430000
v -0.02017767 0.01334754 0.10430000
v -0.02019017 0.01332589 0.10430000
v -0.02121320 0.01414214 0.10430000
v -0.02123088 0.01412446 0.10430000
v -0.02200780 0.01517767 0.10430000
v -0.02202945 0.01516517 0.10430000
v -0.02250730 0.01638357 0.10430000
v -0.02253145 0.01637710 0.10430000
v -0.02267767 0.01767767 0.10430000
v -0.02270267 0.01767767 0.10430000
v -0.02250730 0.01897177 0.10430000
v -0.02253145 0.01897824 0.10430000
v -0.02200780 0.02017767 0.10430000
v -0.02202945 0.02019017 0.10430000
v -0.02121320 0.02121320 0.10430000
v -0.02123088 0.02123088 0.10430000
v -0.02017767 0.02200780 0.10430000
v -0.02019017 0.02202945 0.10430000
v -0.01897177 0.02250730 0.10430000
v -0.01897824 0.02253145 0.10430000
v -0.01767767 0.02267767 0.10430000
v -0.01767767 0.02270267 0.10430000
v -0.01638357 0.02250730 0.10430000
v -0.01637710 0.02253145 0.10430000
v -0.01517767 0.02200780 0.10430000
v -0.01516517 0.02202945 0.10430000
v -0.01414214 0.02121320 0.10430000
v -0.01412446 0.02123088 0.10430000
v -0.01334754 0.02017767 0.10430000
v -0.01332589 0.02019017 0.10430000
v -0.01657769 0.01357248 0.10385256
v -0.01637710 0.01282389 0.10430000
v -0.01555267 0.01399706 0.10385256
v -0.01516517 0.01332589 0.10430000
v -0.01467247 0.01467247 0.10385256
v -0.01412446 0.01412446 0.10430000
v -0.01399706 0.01555267 0.10385256
v -0.01332589 0.01516517 0.10430000
v -0.01357248 0.01657769 0.10385256
v -0.01282389 0.01637710 0.10430000
v -0.01342767 0.01767767 0.10385256
v -0.01265267 0.01767767 0.10430000
v -0.01357248 0.01877765 0.10385256
v -0.01282389 0.01897824 0.10430000
v -0.01399706 0.01980267 0.10385256
v -0.01332589 0.02019017 0.10430000
v -0.01467247 0.02068287 0.10385256
v -0.01412446 0.02123088 0.10430000
v -0.01555267 0.02135828 0.10385256
v -0.01516517 0.02202945 0.10430000
v -0.01657769 0.02178285 0.10385256
v -0.01637710 0.02253145 0.10430000
v -0.01767767 0.02192767 0.10385256
v -0.01767767 0.02270267 0.10430000
v -0.01877765 0.02178285 0.10385256
v -0.01897824 0.02253145 0.10430000
v -0.01980267 0.02135828 0.10385256
v -0.02019017 0.02202945 0.10430000
v -0.02068287 0.02068287 0.10385256
v -0.02123088 0.02123088 0.10430000
v -0.02135828 0.01980267 0.10385256
v -0.02202945 0.02019017 0.10430000
v -0.02178285 0.01877765 0.10385256
v -0.02253145 0.01897824 0.10430000
v -0.02192767 0.01767767 0.10385256
v -0.02270267 0.01767767 0.10430000
v -0.02178285 0.01657769 0.10385256
v -0.02253145 0.01637710 0.10430000
v -0.02135828 0.01555267 0.10385256
v -0.02202945 0.01516517 0.10430000
v -0.02068287 0.01467247 0.10385256
v -0.02123088 0.01412446 0.10430000
v -0.01980267 0.01399706 0.10385256
v -0.02019017 0.01332589 0.10430000
v -0.01877765 0.01357248 0.10385256
v -0.01897824 0.01282389 0.10430000
v -0.01767767 0.01342767 0.10385256
v -0.01767767 0.01265267 0.10430000
v 0.01767767 0.01267766 0.10430000
v 0.01767767 0.01265267 0.10430000
v 0.01638357 0.01284803 0.10430000
v 0.01637710 0.01282389 0.10430000
v 0.01517767 0.01334754 0.10430000
v 0.01516517 0.01332588 0.10430000
v 0.01414214 0.01414214 0.10430000
v 0.01412446 0.01412446 0.10430000
v 0.01334754 0.01517767 0.10430000
v 0.01332589 0.01516517 0.10430000
v 0.01284804 0.01638357 0.10430000
v 0.01282389 0.01637710 0.10430000
v 0.01267767 0.01767767 0.10430000
v 0.01265267 0.01767767 0.10430000
v 0.01284804 0.01897177 0.10430000
v 0.01282389 0.01897823 0.10430000
v 0.01334754 0.02017767 0.10430000
v 0.01332589 0.02019017 0.10430000
v 0.01414214 0.02121320 0.10430000
v 0.01412446 0.02123088 0.10430000
v 0.01517767 0.02200779 0.10430000
v 0.01516517 0.02202945 0.10430000
v 0.01638357 0.02250730 0.10430000
v 0.01637710 0.02253145 0.10430000
v 0.01767767 0.02267767 0.10430000
v 0.01767767 0.02270266 0.10430000
v 0.01897177 0.02250730 0.10430000
v 0.01897824 0.02253145 0.10430000
v 0.02017767 0.02200779 0.10430000
v 0.02019017 0.02202945 0.10430000
v 0.02121320 0.02121320 0.10430000
v 0.02123088 0.02123088 0.10430000
v 0.02200780 0.02017766 0.10430000
v 0.02202945 0.02019017 0.10430000
v 0.02250730 0.01897176 0.10430000
v 0.02253145 0.01897823 0.10430000
v 0.02267767 0.01767766 0.10430000
v 0.02270267 0.01767766 0.10430000
v 0.02250730 0.01638356 0.10430000
v 0.02253145 0.01637710 0.10430000
v 0.02200780 0.01517766 0.10430000
v 0.02202945 0.01516516 0.10430000
v 0.02121320 0.01414214 0.10430000
v 0.02123088 0.01412446 0.10430000
v 0.02017767 0.01334754 0.10430000
v 0.02019017 0.01332588 0.10430000
v 0.01897177 0.01284803 0.10430000
v 0.01897824 0.01282388 0.10430000
v 0.01877765 0.01357248 0.10385256
v 0.01897824 0.01282388 0.10430000
v 0.01980267 0.01399706 0.10385256
v 0.02019017 0.01332588 0.10430000
v 0.02068287 0.01467247 0.10385256
v 0.02123088 0.01412446 0.10430000
v 0.02135828 0.01555266 0.10385256
v 0.02202945 0.01516516 0.10430000
v 0.02178285 0.01657769 0.10385256
v 0.02253145 0.01637710 0.10430000
v 0.02192767 0.01767766 0.10385256
v 0.02270267 0.01767766 0.10430000
v 0.02178285 0.01877765 0.10385256
v 0.02253145 0.01897823 0.10430000
v 0.02135828 0.01980266 0.10385256
v 0.02202945 0.02019017 0.10430000
v 0.02068287 0.02068287 0.10385256
v 0.02123088 0.02123088 0.10430000
v 0.01980267 0.02135828 0.10385256
v 0.02019017 0.02202945 0.10430000
v 0.01877765 0.02178285 0.10385256
v 0.01897824 0.02253145 0.10430000
v 0.01767767 0.02192767 0.10385256
v 0.01767767 0.02270266 0.10430000
v 0.01657769 0.02178285 0.10385256
v 0.01637710 0.02253145 0.10430000
v 0.01555267 0.02135828 0.10385256
v 0.01516517 0.02202945 0.10430000
v 0.01467247 0.02068287 0.10385256
v 0.01412446 0.02123088 0.10430000
v 0.01399706 0.01980267 0.10385256
v 0.01332589 0.02019017 0.10430000
v 0.01357248 0.01877765 0.10385256
v 0.01282389 0.01897823 0.10430000
v 0.01342767 0.01767767 0.10385256
v 0.01265267 0.01767767 0.10430000
v 0.01357248 0.01657769 0.10385256
v 0.01282389 0.01637710 0.10430000
v 0.01399706 0.01555267 0.10385256
v 0.01332589 0.01516517 0.10430000
v 0.01467247 0.01467247 0.10385256
v 0.01412446 0.01412446 0.10430000
v 0.01555267 0.01399706 0.10385256
v 0.01516517 0.01332588 0.10430000
v 0.01657769 0.01357248 0.10385256
v 0.01637710 0.01282389 0.10430000
v 0.01767767 0.01342766 0.10385256
v 0.01767767 0.01265267 0.10430000
v 0.01897177 -0.01284805 0.10670000
v 0.01899765 -0.01275146 0.10680000
v 0.01767767 -0.01267768 0.10670000
v 0.01767767 -0.01257768 0.10680000
v 0.01638357 -0.01284805 0.10670000
v 0.01635769 -0.01275146 0.10680000
v 0.01517767 -0.01334755 0.10670000
v 0.01512767 -0.01326095 0.10680000
v 0.01414214 -0.01414215 0.10670000
v 0.02200780 -0.01517768 0.10670000
v 0.02163860 -0.01453367 0.10680000
v 0.02121320 -0.01414215 0.10670000
v 0.02128391 -0.01407143 0.10680000
v 0.02017767 -0.01334755 0.10670000
v 0.02022767 -0.01326095 0.10680000
v 0.01932500 -0.01288705 0.10680000
v 0.01897177 -0.02250731 0.10670000
v 0.01932500 -0.02246831 0.10680000
v 0.02017767 -0.02200781 0.10670000
v 0.02022767 -0.02209441 0.10680000
v 0.02121320 -0.02121321 0.10670000
v 0.02128391 -0.02128392 0.10680000
v 0.02200780 -0.02017768 0.10670000
v 0.02209440 -0.02022768 0.10680000
v 0.02250730 -0.01897178 0.10670000
v 0.02260389 -0.01899766 0.10680000
v 0.02267767 -0.01767768 0.10670000
v 0.02277767 -0.01767768 0.10680000
v 0.02250730 -0.01638358 0.10670000
v 0.02260389 -0.01635770 0.10680000
v 0.02209440 -0.01512768 0.10680000
v 0.01407142 -0.01407143 0.10680000
v 0.01371674 -0.01453367 0.10680000
v 0.01334754 -0.01517768 0.10670000
v 0.01326094 -0.01512768 0.10680000
v 0.01284804 -0.01638358 0.10670000
v 0.01275145 -0.01635770 0.10680000
v 0.01267767 -0.01767768 0.10670000
v 0.01257767 -0.01767768 0.10680000
v 0.01284804 -0.01897178 0.10670000
v 0.01275145 -0.01899766 0.10680000
v 0.01334754 -0.02017768 0.10670000
v 0.01326094 -0.02022768 0.10680000
v 0.01414214 -0.02121321 0.10670000
v 0.01407142 -0.02128392 0.10680000
v 0.01517767 -0.02200781 0.10670000
v 0.01512767 -0.02209441 0.10680000
v 0.01638357 -0.02250731 0.10670000
v 0.01635769 -0.02260390 0.10680000
v 0.01767767 -0.02267768 0.10670000
v 0.01767767 -0.02277768 0.10680000
v 0.01899765 -0.02260390 0.10680000
v 0.01897177 0.02250729 0.10670001
v 0.01899765 0.02260388 0.10680000
v 0.01767767 0.02267767 0.10670001
v 0.01767767 0.02277767 0.10680000
v 0.01638357 0.02250729 0.10670001
v 0.01635769 0.02260389 0.10680000
v 0.01517767 0.02200779 0.10670001
v 0.01512767 0.02209440 0.10680000
v 0.01414214 0.02121320 0.10670001
v 0.01407142 0.02128391 0.10680000
v 0.01334754 0.02017767 0.10670001
v 0.02250730 0.01897176 0.10670001
v 0.02228653 0.01976383 0.10680000
v 0.02200780 0.02017766 0.10670001
v 0.02209440 0.02022767 0.10680000
v 0.02121320 0.02121319 0.10670001
v 0.02128391 0.02128391 0.10680000
v 0.02017767 0.02200779 0.10670001
v 0.02022767 0.02209440 0.10680000
v 0.01932500 0.02246830 0.10680000
v 0.01897177 0.01284803 0.10670001
v 0.01932500 0.01288704 0.10680000
v 0.02017767 0.01334753 0.10670001
v 0.02022767 0.01326093 0.10680000
v 0.02121320 0.01414214 0.10670001
v 0.02128391 0.01407141 0.10680000
v 0.02200780 0.01517766 0.10670001
v 0.02209440 0.01512767 0.10680000
v 0.02250730 0.01638356 0.10670001
v 0.02260389 0.01635769 0.10680000
v 0.02267767 0.01767766 0.10670001
v 0.02277767 0.01767766 0.10680000
v 0.02260389 0.01899765 0.10680000
v 0.01326094 0.02022767 0.10680000
v 0.01306881 0.01976383 0.10680000
v 0.01284804 0.01897176 0.10670001
v 0.01275145 0.01899765 0.10680000
v 0.01267767 0.01767767 0.10670001
v 0.01257767 0.01767767 0.10680000
v 0.01284804 0.01638357 0.10670001
v 0.01275145 0.01635769 0.10680000
v 0.01334754 0.01517766 0.10670001
v 0.01326094 0.01512767 0.10680000
v 0.01414214 0.01414214 0.10670001
v 0.01407142 0.01407141 0.10680000
v 0.01517767 0.01334754 0.10670001
v 0.01512767 0.01326093 0.10680000
v 0.01638357 0.01284803 0.10670001
v 0.01635769 0.01275144 0.10680000
v 0.01767767 0.01267766 0.10670001
v 0.01767767 0.01257767 0.10680000
v 0.01899765 0.01275144 0.10680000
v -0.02200780 0.02017767 0.10670001
v -0.02228653 0.01976383 0.10680000
v -0.02250730 0.01897177 0.10670001
v -0.02260389 0.01899765 0.10680000
v -0.02267767 0.01767767 0.10670001
v -0.02277767 0.01767767 0.10680000
v -0.02250730 0.01638357 0.10670001
v -0.02260389 0.01635769 0.10680000
v -0.02200780 0.01517767 0.10670001
v -0.02209440 0.01512767 0.10680000
v -0.02121320 0.01414214 0.10670001
v -0.02128391 0.01407142 0.10680000
v -0.02017767 0.01334754 0.10670001
v -0.01897177 0.02250730 0.10670001
v -0.01976383 0.02228653 0.10680000
v -0.02017767 0.02200780 0.10670001
v -0.02022767 0.02209440 0.10680000
v -0.02121320 0.02121320 0.10670001
v -0.02128391 0.02128391 0.10680000
v -0.02209440 0.02022767 0.10680000
v -0.01284804 0.01897177 0.10670001
v -0.01306881 0.01976383 0.10680000
v -0.01334754 0.02017767 0.10670001
v -0.01326094 0.02022767 0.10680000
v -0.01414214 0.02121320 0.10670001
v -0.01407142 0.02128391 0.10680000
v -0.01517767 0.02200780 0.10670001
v -0.01512767 0.02209440 0.10680000
v -0.01638357 0.02250730 0.10670001
v -0.01635769 0.02260389 0.10680000
v -0.01767767 0.02267767 0.10670001
v -0.01767767 0.02277767 0.10680000
v -0.01899765 0.02260389 0.10680000
v -0.02022767 0.01326094 0.10680000
v -0.01976383 0.01306881 0.10680000
v -0.01897177 0.01284804 0.10670001
v -0.01899765 0.01275145 0.10680000
v -0.01767767 0.01267767 0.10670001
v -0.01767767 0.01257767 0.10680000
v -0.01638357 0.01284804 0.10670001
v -0.01635769 0.01275145 0.10680000
v -0.01517767 0.01334754 0.10670001
v -0.01512767 0.01326094 0.10680000
v -0.01414214 0.01414214 0.10670001
v -0.01407142 0.01407142 0.10680000
v -0.01334754 0.01517767 0.10670001
v -0.01326094 0.01512767 0.10680000
v -0.01284804 0.01638357 0.10670001
v -0.01275145 0.01635769 0.10680000
v -0.01267767 0.01767767 0.10670001
v -0.01257767 0.01767767 0.10680000
v -0.01275145 0.01899765 0.10680000
v -0.02121320 -0.01414214 0.10670000
v -0.02163860 -0.01453366 0.10680000
v -0.02200780 -0.01517767 0.10670000
v -0.02209440 -0.01512767 0.10680000
v -0.02250730 -0.01638357 0.10670000
v -0.02260389 -0.01635770 0.10680000
v -0.02267767 -0.01767767 0.10670000
v -0.02277767 -0.01767767 0.10680000
v -0.02250730 -0.01897177 0.10670000
v -0.02260389 -0.01899765 0.10680000
v -0.02200780 -0.02017767 0.10670000
v -0.02209440 -0.02022768 0.10680000
v -0.02121320 -0.02121320 0.10670000
v -0.02128391 -0.02128392 0.10680000
v -0.02017767 -0.02200780 0.10670000
v -0.01897177 -0.01284804 0.10670000
v -0.01976383 -0.01306882 0.10680000
v -0.02017767 -0.01334754 0.10670000
v -0.02022767 -0.01326094 0.10680000
v -0.02128391 -0.01407142 0.10680000
v -0.01334754 -0.01517767 0.10670000
v -0.01371674 -0.01453366 0.10680000
v -0.01414214 -0.01414215 0.10670000
v -0.01407142 -0.01407142 0.10680000
v -0.01517767 -0.01334754 0.10670000
v -0.01512767 -0.01326094 0.10680000
v -0.01638357 -0.01284804 0.10670000
v -0.01635769 -0.01275145 0.10680000
v -0.01767767 -0.01267767 0.10670000
v -0.01767767 -0.01257767 0.10680000
v -0.01899765 -0.01275145 0.10680000
v -0.02022767 -0.02209441 0.10680000
v -0.01976383 -0.02228653 0.10680000
v -0.01897177 -0.02250730 0.10670000
v -0.01899765 -0.02260389 0.10680000
v -0.01767767 -0.02267767 0.10670000
v -0.01767767 -0.02277768 0.10680000
v -0.01638357 -0.02250730 0.10670000
v -0.01635769 -0.02260389 0.10680000
v -0.01517767 -0.02200780 0.10670000
v -0.01512767 -0.02209441 0.10680000
v -0.01414214 -0.02121320 0.10670000
v -0.01407142 -0.02128392 0.10680000
v -0.01334754 -0.02017767 0.10670000
v -0.01326094 -0.02022768 0.10680000
v -0.01284804 -0.01897177 0.10670000
v -0.01275145 -0.01899766 0.10680000
v -0.01267767 -0.01767767 0.10670000
v -0.01257767 -0.01767767 0.10680000
v -0.01284804 -0.01638357 0.10670000
v -0.01275145 -0.01635770 0.10680000
v -0.01326094 -0.01512768 0.10680000
v -0.03581715 -0.02521055 0.07880000
v -0.03596068 -0.02535408 0.07880000
v -0.03511367 -0.02618148 0.07880000
v -0.03325618 -0.02881018 0.07880000
v -0.03097128 -0.03097128 0.07880000
v -0.02881018 -0.03325618 0.07880000
v -0.02618148 -0.03511367 0.07880000
v -0.02535408 -0.03596068 0.07880000
v -0.02521055 -0.03581715 0.07880000
v -0.00583280 -0.04340989 0.05200000
v -0.01047329 -0.04252940 0.05200000
v 0.02757331 0.03403164 0.05200000
v -0.02266710 -0.03747856 0.05200000
v -0.02657102 -0.03481984 0.05200000
v -0.03129652 -0.03064258 0.05200000
v -0.03537307 -0.02582994 0.05200000
v -0.04260610 0.01015677 0.05200000
v -0.04070561 0.01617075 0.05200000
v -0.03796107 0.02184942 0.05200000
v 0.02239966 0.03763901 0.05200000
v 0.03217521 0.02971861 0.05200000
v 0.03610995 0.02478934 0.05200000
v 0.03929593 0.01934606 0.05200000
v 0.02924713 -0.03260438 0.05200000
v 0.04021766 -0.01734877 0.05200000
v 0.03362668 -0.02806574 0.05200000
v 0.03730898 -0.02294515 0.05200000
v 0.02426111 -0.03646695 0.05200000
v 0.01877203 -0.03957336 0.05200000
v 0.01289370 -0.04185920 0.05200000
v -0.03871614 -0.02048170 0.05200000
v -0.04125642 -0.01470876 0.05200000
v -0.04294122 -0.00863083 0.05200000
v -0.01410669 0.04146615 0.05200000
v -0.00800488 0.04306230 0.05200000
v -0.00173708 0.04376554 0.05200000
v 0.00456674 0.04356128 0.05200000
v 0.04378619 0.00109986 0.05200000
v 0.04349019 -0.00520032 0.05200000
v 0.04229240 -0.01139266 0.05200000
v 0.00674801 -0.04327706 0.05200000
v 0.00046240 -0.04379756 0.05200000
v -0.04373562 -0.00237394 0.05200000
v -0.04362313 0.00393219 0.05200000
v -0.03442938 0.02707503 0.05200000
v -0.03018379 0.03173923 0.05200000
v -0.01991599 0.03901017 0.05200000
v -0.02531232 0.03574530 0.05200000
v 0.01077586 0.04245375 0.05200000
v 0.01676153 0.04046592 0.05200000
v 0.04166709 0.01350162 0.05200000
v 0.04317426 0.00737722 0.05200000
v -0.02275762 -0.03765755 0.05220000
v -0.02266710 -0.03747856 0.05200000
v -0.01053584 -0.04271997 0.05220000
v -0.01047329 -0.04252940 0.05200000
v -0.01053584 -0.04271997 0.05780000
v -0.01047329 -0.04252940 0.05800000
v -0.02275762 -0.03765755 0.05780000
v -0.02266710 -0.03747856 0.05800000
v -0.01590984 -0.04102288 0.05700000
v -0.01775760 -0.04025752 0.05700000
v -0.01683807 -0.04065070 0.05400000
v -0.01572285 -0.04057144 0.05700000
v -0.01590984 -0.04102288 0.05700000
v -0.01664673 -0.04018876 0.05400000
v -0.01683807 -0.04065070 0.05400000
v -0.01757061 -0.03980607 0.05700000
v -0.01775760 -0.04025752 0.05700000
v -0.01572285 -0.04057144 0.05700000
v -0.01590984 -0.04102288 0.05700000
v -0.01664673 -0.04018876 0.05400000
v -0.01683807 -0.04065070 0.05400000
v -0.01757061 -0.03980607 0.05700000
v -0.01775760 -0.04025752 0.05700000
v -0.01664673 -0.04018876 0.05400000
v -0.01757061 -0.03980607 0.05700000
v -0.02275762 -0.03765755 0.05780000
v -0.01572285 -0.04057144 0.05700000
v -0.02275762 -0.03765755 0.05220000
v -0.01053584 -0.04271997 0.05220000
v -0.01053584 -0.04271997 0.05780000
v -0.02669235 -0.03497883 0.05780000
v -0.02275762 -0.03765755 0.05780000
v -0.02266710 -0.03747856 0.05800000
v -0.01047329 -0.04252940 0.05800000
v -0.01053584 -0.04271997 0.05780000
v -0.00930139 -0.04275176 0.05800000
v -0.00585943 -0.04360811 0.05780000
v -0.00583280 -0.04340989 0.05800000
v -0.00436073 -0.04370040 0.05780000
v -0.00311780 -0.04357708 0.05800000
v 0.00046451 -0.04399755 0.05780000
v 0.00046240 -0.04379756 0.05800000
v 0.00188606 -0.04387983 0.05780000
v 0.00311550 -0.04357786 0.05800000
v 0.00677882 -0.04347468 0.05780000
v 0.00674801 -0.04327706 0.05800000
v 0.00809551 -0.04317090 0.05780000
v 0.00928558 -0.04269163 0.05800000
v 0.01295257 -0.04205033 0.05780000
v 0.01289370 -0.04185920 0.05800000
v 0.01414196 -0.04158783 0.05780000
v 0.01526686 -0.04093638 0.05800000
v 0.01885775 -0.03975406 0.05780000
v 0.01877203 -0.03957336 0.05800000
v 0.01990300 -0.03916253 0.05780000
v 0.02093761 -0.03834780 0.05800000
v 0.02437189 -0.03663346 0.05780000
v 0.02426111 -0.03646695 0.05800000
v 0.02526197 -0.03594394 0.05780000
v 0.02618240 -0.03497856 0.05800000
v 0.02938068 -0.03275326 0.05780000
v 0.02924713 -0.03260438 0.05800000
v 0.03011033 -0.03199710 0.05780000
v 0.03089449 -0.03089718 0.05800000
v 0.03378023 -0.02819390 0.05780000
v 0.03362668 -0.02806574 0.05800000
v 0.03434988 -0.02740175 0.05780000
v 0.03497794 -0.02618669 0.05800000
v 0.03747934 -0.02304992 0.05780000
v 0.03730898 -0.02294515 0.05800000
v 0.03789468 -0.02225081 0.05780000
v 0.03834963 -0.02094292 0.05800000
v 0.04040130 -0.01742799 0.05780000
v 0.04021766 -0.01734877 0.05800000
v 0.04067285 -0.01664842 0.05780000
v 0.04094088 -0.01527256 0.05800000
v 0.04248552 -0.01144468 0.05780000
v 0.04229240 -0.01139266 0.05800000
v 0.04262803 -0.01070792 0.05780000
v 0.04269893 -0.00929100 0.05800000
v 0.04368878 -0.00522406 0.05780000
v 0.04349019 -0.00520032 0.05800000
v 0.04372047 -0.00454947 0.05780000
v 0.04358793 -0.00311994 0.05800000
v 0.04398612 0.00110488 0.05780000
v 0.04378619 0.00109986 0.05800000
v 0.04392789 0.00170232 0.05780000
v 0.04358974 0.00311504 0.05800000
v 0.04337140 0.00741091 0.05780000
v 0.04317426 0.00737722 0.05800000
v 0.04324589 0.00792090 0.05780000
v 0.04270426 0.00928704 0.05800000
v 0.04185734 0.01356328 0.05780000
v 0.04166709 0.01350162 0.05800000
v 0.04168811 0.01398041 0.05780000
v 0.04094945 0.01527045 0.05800000
v 0.03947536 0.01943440 0.05780000
v 0.03929593 0.01934606 0.05800000
v 0.03928588 0.01975813 0.05780000
v 0.03836096 0.02094347 0.05800000
v 0.03627483 0.02490254 0.05780000
v 0.03610995 0.02478934 0.05800000
v 0.03608763 0.02513705 0.05780000
v 0.03499138 0.02619063 0.05800000
v 0.03232213 0.02985431 0.05780000
v 0.03217521 0.02971861 0.05800000
v 0.03215793 0.03000820 0.05780000
v 0.03090925 0.03090510 0.05800000
v 0.02769921 0.03418704 0.05780000
v 0.02757331 0.03403164 0.05800000
v 0.02757616 0.03427284 0.05780000
v 0.02619758 0.03499088 0.05800000
v 0.02250194 0.03781088 0.05780000
v 0.02239966 0.03763901 0.05800000
v 0.02243489 0.03784450 0.05780000
v 0.02095220 0.03836475 0.05800000
v 0.01683807 0.04065070 0.05780001
v -0.02623714 -0.03504722 0.05800000
v -0.02657102 -0.03481984 0.05800000
v -0.02781735 -0.03398435 0.05780000
v -0.03095084 -0.03094816 0.05800000
v -0.03143942 -0.03078250 0.05780000
v -0.03129652 -0.03064258 0.05800000
v -0.03236137 -0.02969408 0.05780000
v -0.03503747 -0.02622614 0.05800000
v -0.03553459 -0.02594789 0.05780000
v -0.03537307 -0.02582994 0.05800000
v -0.03625083 -0.02480205 0.05780000
v -0.03841026 -0.02097105 0.05800000
v -0.03889293 -0.02057523 0.05780000
v -0.03871614 -0.02048170 0.05800000
v -0.03940692 -0.01940716 0.05780000
v -0.04100069 -0.01528994 0.05800000
v -0.04144480 -0.01477593 0.05780000
v -0.04125642 -0.01470876 0.05800000
v -0.04176563 -0.01361855 0.05780000
v -0.04275616 -0.00929847 0.05800000
v -0.04313731 -0.00867024 0.05780000
v -0.04294122 -0.00863083 0.05800000
v -0.04327911 -0.00755330 0.05780000
v -0.04364107 -0.00311865 0.05800000
v -0.04393532 -0.00238478 0.05780000
v -0.04373562 -0.00237394 0.05800000
v -0.04391659 -0.00133414 0.05780000
v -0.04363755 0.00312375 0.05800000
v -0.04382233 0.00395014 0.05780000
v -0.04362313 0.00393218 0.05800000
v -0.04366500 0.00491307 0.05780000
v -0.04274582 0.00930167 0.05800000
v -0.04280065 0.01020315 0.05780000
v -0.04260610 0.01015677 0.05800000
v -0.04252928 0.01106188 0.05780000
v -0.04098413 0.01528938 0.05800000
v -0.04089148 0.01624459 0.05780000
v -0.04070561 0.01617075 0.05800000
v -0.04053226 0.01698784 0.05780000
v -0.03838848 0.02096508 0.05800000
v -0.03813441 0.02194919 0.05780000
v -0.03796107 0.02184942 0.05800000
v -0.03771421 0.02257093 0.05780000
v -0.03501179 0.02621328 0.05800000
v -0.03458660 0.02719866 0.05780000
v -0.03442938 0.02707503 0.05800000
v -0.03413199 0.02769808 0.05780000
v -0.03092290 0.03092724 0.05800000
v -0.03032162 0.03188416 0.05780000
v -0.03018379 0.03173923 0.05800000
v -0.02985799 0.03226543 0.05780000
v -0.02620511 0.03501111 0.05800000
v -0.02542791 0.03590851 0.05780000
v -0.02531232 0.03574530 0.05800000
v -0.02497854 0.03618039 0.05780000
v -0.02095451 0.03838185 0.05800000
v -0.02000693 0.03918830 0.05780000
v -0.01991599 0.03901017 0.05800000
v -0.01959231 0.03936359 0.05780000
v -0.01527802 0.04097095 0.05800000
v -0.01417110 0.04165549 0.05780001
v -0.01410669 0.04146615 0.05800000
v -0.01380820 0.04175042 0.05780001
v -0.00929121 0.04272581 0.05800001
v -0.00804143 0.04325893 0.05780001
v -0.00800488 0.04306230 0.05800001
v -0.00774323 0.04329239 0.05780001
v -0.00311595 0.04361083 0.05800001
v -0.00174501 0.04396538 0.05780001
v -0.00173708 0.04376554 0.05800001
v -0.00152009 0.04395809 0.05780001
v 0.00312206 0.04360809 0.05800001
v 0.00458759 0.04376019 0.05780001
v 0.00456674 0.04356128 0.05800001
v 0.00473527 0.04373384 0.05780001
v 0.00929586 0.04271774 0.05800001
v 0.01082506 0.04264760 0.05780001
v 0.01077586 0.04245375 0.05800001
v 0.01089624 0.04262396 0.05780001
v 0.01527983 0.04095800 0.05800000
v 0.01676153 0.04046592 0.05800000
v -0.02657102 -0.03481984 0.05200000
v -0.02266710 -0.03747856 0.05200000
v -0.02275762 -0.03765755 0.05220000
v -0.02669235 -0.03497883 0.05220000
v -0.02781735 -0.03398435 0.05220000
v -0.03129652 -0.03064258 0.05200000
v -0.03143942 -0.03078250 0.05220000
v -0.03236137 -0.02969408 0.05220000
v -0.03537307 -0.02582994 0.05200000
v -0.03553459 -0.02594789 0.05220000
v -0.03625083 -0.02480205 0.05220000
v -0.03871614 -0.02048170 0.05200000
v -0.03889293 -0.02057523 0.05220000
v -0.03940692 -0.01940716 0.05220000
v -0.04125642 -0.01470876 0.05200000
v -0.04144480 -0.01477593 0.05220000
v -0.04176563 -0.01361855 0.05220000
v -0.04294122 -0.00863083 0.05200000
v -0.04313731 -0.00867024 0.05220000
v -0.04327911 -0.00755330 0.05220000
v -0.04373562 -0.00237394 0.05200000
v -0.04393532 -0.00238478 0.05220000
v -0.04391659 -0.00133414 0.05220000
v -0.04362313 0.00393219 0.05200000
v -0.04382233 0.00395014 0.05220000
v -0.04366500 0.00491307 0.05220000
v -0.04260610 0.01015677 0.05200000
v -0.04280065 0.01020315 0.05220000
v -0.04252928 0.01106188 0.05220000
v -0.04070561 0.01617075 0.05200000
v -0.04089148 0.01624459 0.05220000
v -0.04053226 0.01698784 0.05220000
v -0.03796107 0.02184942 0.05200000
v -0.03813441 0.02194919 0.05220000
v -0.03771421 0.02257093 0.05220000
v -0.03442938 0.02707503 0.05200000
v -0.03458660 0.02719866 0.05220000
v -0.03413199 0.02769808 0.05220000
v -0.03018379 0.03173923 0.05200000
v -0.03032162 0.03188416 0.05220000
v -0.02985799 0.03226543 0.05220000
v -0.02531232 0.03574530 0.05200000
v -0.02542791 0.03590851 0.05220000
v -0.02497854 0.03618039 0.05220000
v -0.01991599 0.03901017 0.05200000
v -0.02000693 0.03918830 0.05220000
v -0.01959231 0.03936359 0.05220000
v -0.01410669 0.04146615 0.05200000
v -0.01417110 0.04165549 0.05220000
v -0.01380820 0.04175042 0.05220000
v -0.00800488 0.04306230 0.05200000
v -0.00804143 0.04325893 0.05220000
v -0.00774323 0.04329239 0.05220000
v -0.00173708 0.04376554 0.05200000
v -0.00174501 0.04396538 0.05220000
v -0.00152009 0.04395809 0.05220000
v 0.00456674 0.04356128 0.05200000
v 0.00458759 0.04376019 0.05220000
v 0.00473527 0.04373384 0.05220000
v 0.01077586 0.04245375 0.05200000
v 0.01082506 0.04264760 0.05220000
v 0.01089624 0.04262396 0.05220000
v 0.01676153 0.04046592 0.05200000
v 0.01683807 0.04065070 0.05220000
v 0.02243489 0.03784450 0.05220000
v 0.02239966 0.03763901 0.05200000
v 0.02250194 0.03781088 0.05220000
v 0.02757616 0.03427284 0.05220000
v 0.02757331 0.03403164 0.05200000
v 0.02769921 0.03418704 0.05220000
v 0.03217521 0.02971861 0.05200000
v 0.03215793 0.03000820 0.05220000
v 0.03232213 0.02985431 0.05220000
v 0.03610995 0.02478934 0.05200000
v 0.03608763 0.02513705 0.05220000
v 0.03627483 0.02490254 0.05220000
v 0.03929593 0.01934606 0.05200000
v 0.03928588 0.01975813 0.05220000
v 0.03947536 0.01943440 0.05220000
v 0.04166709 0.01350162 0.05200000
v 0.04168811 0.01398041 0.05220000
v 0.04185734 0.01356328 0.05220000
v 0.04317426 0.00737722 0.05200000
v 0.04324589 0.00792090 0.05220000
v 0.04337140 0.00741091 0.05220000
v 0.04378619 0.00109986 0.05200000
v 0.04392789 0.00170232 0.05220000
v 0.04398612 0.00110488 0.05220000
v 0.04349019 -0.00520032 0.05200000
v 0.04372047 -0.00454946 0.05220000
v 0.04368878 -0.00522406 0.05220000
v 0.04229240 -0.01139266 0.05200000
v 0.04262803 -0.01070792 0.05220000
v 0.04248552 -0.01144468 0.05220000
v 0.04021766 -0.01734877 0.05200000
v 0.04067285 -0.01664842 0.05220000
v 0.03434988 -0.02740175 0.05220000
v 0.03362668 -0.02806574 0.05200000
v 0.03730898 -0.02294515 0.05200000
v 0.04040130 -0.01742799 0.05220000
v 0.03789468 -0.02225081 0.05220000
v 0.03747934 -0.02304992 0.05220000
v 0.02526197 -0.03594394 0.05220000
v 0.02426111 -0.03646695 0.05200000
v 0.02924713 -0.03260438 0.05200000
v 0.03378023 -0.02819390 0.05220000
v 0.03011033 -0.03199710 0.05220000
v 0.02938068 -0.03275326 0.05220000
v 0.01414196 -0.04158783 0.05220000
v 0.01289370 -0.04185920 0.05200000
v 0.01877203 -0.03957336 0.05200000
v 0.02437189 -0.03663346 0.05220000
v 0.01990300 -0.03916253 0.05220000
v 0.01885775 -0.03975406 0.05220000
v 0.00188606 -0.04387983 0.05220000
v 0.00046240 -0.04379756 0.05200000
v 0.00674801 -0.04327706 0.05200000
v 0.01295257 -0.04205033 0.05220000
v 0.00809551 -0.04317090 0.05220000
v 0.00677882 -0.04347468 0.05220000
v 0.00046451 -0.04399755 0.05220000
v -0.00436073 -0.04370040 0.05220000
v -0.00583280 -0.04340989 0.05200000
v -0.00585943 -0.04360811 0.05220000
v -0.01047329 -0.04252940 0.05200000
v -0.01053584 -0.04271997 0.05220000
v 0.04368840 -0.00312466 0.07520000
v 0.04279903 -0.00931036 0.07520000
v 0.04317270 -0.00811321 0.07500000
v 0.04388789 -0.00313893 0.07500000
v 0.04388789 -0.00206555 0.07500000
v 0.04368840 0.00312465 0.07520000
v 0.04388789 0.00313892 0.07500000
v 0.04376061 0.00402420 0.07500000
v 0.04279903 0.00931036 0.07520000
v 0.04299446 0.00935287 0.07500000
v 0.04279290 0.01003931 0.07500000
v 0.04103840 0.01530653 0.07520000
v 0.04122579 0.01537642 0.07500000
v 0.04100292 0.01586444 0.07500000
v 0.03844234 0.02099111 0.07520000
v 0.03861787 0.02108696 0.07500000
v 0.03842453 0.02138780 0.07500000
v 0.03506370 0.02624836 0.07520001
v 0.03522381 0.02636822 0.07500000
v 0.03510674 0.02650333 0.07500000
v 0.03097128 0.03097128 0.07520001
v 0.03111270 0.03111270 0.07500000
v 0.02624836 0.03506370 0.07520001
v 0.02650333 0.03510674 0.07500001
v 0.02636822 0.03522381 0.07500001
v 0.02099111 0.03844234 0.07520001
v 0.02138780 0.03842453 0.07500001
v 0.02108696 0.03861787 0.07500001
v 0.01530653 0.04103840 0.07520001
v 0.01586444 0.04100292 0.07500001
v 0.01537642 0.04122579 0.07500001
v 0.00931036 0.04279903 0.07520001
v 0.01003931 0.04279290 0.07500001
v -0.00206554 0.04388789 0.07500001
v -0.00312465 0.04368840 0.07520001
v 0.00312466 0.04368840 0.07520001
v 0.00935288 0.04299446 0.07500001
v 0.00402420 0.04376061 0.07500001
v 0.00313893 0.04388789 0.07500001
v -0.01346829 0.04188800 0.07500001
v -0.01530653 0.04103840 0.07520001
v -0.00931036 0.04279903 0.07520001
v -0.00313892 0.04388789 0.07500001
v -0.00811320 0.04317270 0.07500001
v -0.00935287 0.04299446 0.07500001
v -0.01537642 0.04122579 0.07500001
v -0.02108696 0.03861787 0.07500001
v -0.02099111 0.03844234 0.07520001
v -0.02636822 0.03522381 0.07500001
v -0.02624836 0.03506370 0.07520001
v -0.03111270 0.03111270 0.07500000
v -0.03097128 0.03097128 0.07520001
v -0.03522381 0.02636822 0.07500000
v -0.03506370 0.02624836 0.07520001
v -0.03861787 0.02108696 0.07500000
v -0.03844234 0.02099111 0.07520000
v -0.04122579 0.01537642 0.07500000
v -0.04103840 0.01530653 0.07520000
v -0.04299446 0.00935287 0.07500000
v -0.04279903 0.00931036 0.07520000
v -0.04388789 0.00313892 0.07500000
v -0.04368840 0.00312466 0.07520000
v -0.04388789 -0.00313892 0.07500000
v -0.04368840 -0.00312466 0.07520000
v -0.04299446 -0.00935287 0.07500000
v -0.04279903 -0.00931036 0.07520000
v -0.04122579 -0.01537642 0.07500000
v -0.04103840 -0.01530653 0.07520000
v -0.03861787 -0.02108696 0.07500000
v -0.03844234 -0.02099111 0.07520000
v -0.03522381 -0.02636822 0.07500000
v -0.03506370 -0.02624836 0.07520000
v -0.03111270 -0.03111270 0.07500000
v -0.03097128 -0.03097128 0.07520000
v -0.02636822 -0.03522381 0.07500000
v -0.02624836 -0.03506370 0.07520000
v -0.02108696 -0.03861787 0.07500000
v -0.02099111 -0.03844234 0.07520000
v -0.01537642 -0.04122579 0.07500000
v -0.01530653 -0.04103840 0.07520000
v -0.00935288 -0.04299446 0.07500000
v -0.00931036 -0.04279903 0.07520000
v -0.00313893 -0.04388789 0.07500000
v -0.00312466 -0.04368840 0.07520000
v 0.00313892 -0.04388789 0.07500000
v 0.00312465 -0.04368840 0.07520000
v 0.00935287 -0.04299447 0.07500000
v 0.00931036 -0.04279903 0.07520000
v 0.01537642 -0.04122579 0.07500000
v 0.01530653 -0.04103840 0.07520000
v 0.02108696 -0.03861788 0.07500000
v 0.02099111 -0.03844235 0.07520000
v 0.02636822 -0.03522381 0.07500000
v 0.02624836 -0.03506371 0.07520000
v 0.03111270 -0.03111270 0.07500000
v 0.03097128 -0.03097128 0.07520000
v 0.03522381 -0.02636822 0.07500000
v 0.03506370 -0.02624836 0.07520000
v 0.03861787 -0.02108696 0.07500000
v 0.03844234 -0.02099111 0.07520000
v 0.04122579 -0.01537642 0.07500000
v 0.04103840 -0.01530653 0.07520000
v 0.04188800 -0.01346829 0.07500000
v 0.04299446 -0.00935288 0.07500000
v 0.03111270 -0.03111270 0.05820000
v 0.02636822 -0.03522381 0.05820000
v 0.02924713 -0.03260438 0.05800000
v 0.02618240 -0.03497856 0.05800000
v 0.02426111 -0.03646695 0.05800000
v 0.02108696 -0.03861787 0.05820000
v 0.02093761 -0.03834780 0.05800000
v 0.01877203 -0.03957336 0.05800000
v 0.01537642 -0.04122579 0.05820000
v 0.01526686 -0.04093638 0.05800000
v 0.01289370 -0.04185920 0.05800000
v 0.00935287 -0.04299446 0.05820000
v 0.00928558 -0.04269163 0.05800000
v 0.00674801 -0.04327706 0.05800000
v 0.00313892 -0.04388789 0.05820000
v 0.00311550 -0.04357786 0.05800000
v 0.00046240 -0.04379756 0.05800000
v -0.00313893 -0.04388789 0.05820000
v -0.00311780 -0.04357708 0.05800000
v -0.00583280 -0.04340989 0.05800000
v -0.00935288 -0.04299446 0.05820000
v -0.00930139 -0.04275176 0.05800000
v -0.01047329 -0.04252940 0.05800000
v -0.01537642 -0.04122579 0.05820000
v -0.01530653 -0.04103840 0.05800000
v -0.02108696 -0.03861787 0.05820000
v -0.02099111 -0.03844234 0.05800000
v -0.02266710 -0.03747856 0.05800000
v -0.02636822 -0.03522381 0.05820000
v -0.02623714 -0.03504722 0.05800000
v -0.03111270 -0.03111270 0.05820000
v -0.03095084 -0.03094816 0.05800000
v -0.02657102 -0.03481984 0.05800000
v -0.03522381 -0.02636822 0.05820000
v -0.03861787 -0.02108696 0.05820000
v -0.03841026 -0.02097105 0.05800000
v -0.03537307 -0.02582994 0.05800000
v -0.03503747 -0.02622614 0.05800000
v -0.03129652 -0.03064258 0.05800000
v -0.04122579 -0.01537642 0.05820000
v -0.04299446 -0.00935287 0.05820000
v -0.04275616 -0.00929847 0.05800000
v -0.04125642 -0.01470876 0.05800000
v -0.04100069 -0.01528994 0.05800000
v -0.03871614 -0.02048170 0.05800000
v -0.04388789 0.00313893 0.05820000
v -0.04373562 -0.00237394 0.05800000
v -0.04388789 -0.00313892 0.05820000
v -0.04364107 -0.00311865 0.05800000
v -0.04294122 -0.00863083 0.05800000
v -0.04299446 0.00935287 0.05820000
v -0.04362313 0.00393218 0.05800000
v -0.04363755 0.00312375 0.05800000
v -0.04122579 0.01537642 0.05820000
v -0.04260610 0.01015677 0.05800000
v -0.04274582 0.00930167 0.05800000
v -0.03861787 0.02108696 0.05820000
v -0.04070561 0.01617075 0.05800000
v -0.04098413 0.01528938 0.05800000
v -0.03522381 0.02636822 0.05820000
v -0.03796107 0.02184942 0.05800000
v -0.03838848 0.02096508 0.05800000
v -0.03111270 0.03111270 0.05820000
v -0.03442938 0.02707503 0.05800000
v -0.03501179 0.02621328 0.05800000
v -0.02636822 0.03522381 0.05820000
v -0.03018379 0.03173923 0.05800000
v -0.03092290 0.03092724 0.05800000
v -0.02108696 0.03861787 0.05820000
v -0.02531232 0.03574530 0.05800000
v -0.02620511 0.03501111 0.05800000
v -0.01537642 0.04122579 0.05820000
v -0.01991599 0.03901017 0.05800000
v -0.02095451 0.03838185 0.05800000
v -0.00935287 0.04299446 0.05820000
v -0.01410669 0.04146615 0.05800000
v -0.01527802 0.04097095 0.05800000
v -0.00313892 0.04388789 0.05820001
v -0.00800488 0.04306230 0.05800001
v -0.00929121 0.04272581 0.05800001
v 0.00313893 0.04388789 0.05820001
v -0.00173708 0.04376554 0.05800001
v -0.00311595 0.04361083 0.05800001
v 0.00935288 0.04299446 0.05820000
v 0.00456674 0.04356128 0.05800001
v 0.00312206 0.04360809 0.05800001
v 0.01537642 0.04122579 0.05820000
v 0.01077586 0.04245375 0.05800001
v 0.00929586 0.04271774 0.05800001
v 0.02108696 0.03861787 0.05820000
v 0.01676153 0.04046592 0.05800000
v 0.01527983 0.04095800 0.05800000
v 0.02636822 0.03522381 0.05820000
v 0.02239966 0.03763901 0.05800000
v 0.02095220 0.03836475 0.05800000
v 0.03111270 0.03111270 0.05820000
v 0.02757331 0.03403164 0.05800000
v 0.02619758 0.03499088 0.05800000
v 0.03522381 0.02636822 0.05820000
v 0.03217521 0.02971861 0.05800000
v 0.03090925 0.03090510 0.05800000
v 0.03861787 0.02108696 0.05820000
v 0.03610995 0.02478934 0.05800000
v 0.03499138 0.02619063 0.05800000
v 0.04122579 0.01537642 0.05820000
v 0.03929593 0.01934606 0.05800000
v 0.03836096 0.02094347 0.05800000
v 0.04299446 0.00935287 0.05820000
v 0.04166709 0.01350162 0.05800000
v 0.04094945 0.01527045 0.05800000
v 0.04388789 0.00313892 0.05820000
v 0.04317426 0.00737722 0.05800000
v 0.04270426 0.00928704 0.05800000
v 0.04388789 -0.00313893 0.05820000
v 0.04378619 0.00109986 0.05800000
v 0.04358974 0.00311504 0.05800000
v 0.04299446 -0.00935288 0.05820000
v 0.04349019 -0.00520032 0.05800000
v 0.04358793 -0.00311994 0.05800000
v 0.04122579 -0.01537642 0.05820000
v 0.04229240 -0.01139266 0.05800000
v 0.04269893 -0.00929100 0.05800000
v 0.03861787 -0.02108696 0.05820000
v 0.04021766 -0.01734877 0.05800000
v 0.04094088 -0.01527256 0.05800000
v 0.03522381 -0.02636822 0.05820000
v 0.03730898 -0.02294515 0.05800000
v 0.03834963 -0.02094292 0.05800000
v 0.03089449 -0.03089718 0.05800000
v 0.03362668 -0.02806574 0.05800000
v 0.03497794 -0.02618669 0.05800000
v -0.02266710 -0.03747856 0.05800000
v -0.01047329 -0.04252940 0.05800000
v -0.02099111 -0.03844234 0.05800000
v -0.01530653 -0.04103840 0.05800000
v -0.03591886 -0.02506543 0.07949879
v -0.03586338 -0.02514474 0.07934711
v -0.03511367 -0.02618148 0.07880000
v -0.03608000 -0.02483291 0.07972078
v -0.03599235 -0.02495978 0.07962547
v -0.03511367 -0.02618148 0.09280000
v -0.03829266 -0.02126292 0.09200933
v -0.03841842 -0.02103486 0.09161116
v -0.03799249 -0.02179475 0.09175000
v -0.03849591 -0.02089270 0.09116729
v -0.03768719 -0.02231851 0.09274735
v -0.03791891 -0.02192252 0.09259203
v -0.03812377 -0.02156428 0.09234185
v -0.03743945 -0.02273163 0.09280000
v -0.03627910 -0.02454113 0.07980000
v -0.03617724 -0.02469103 0.07977994
v -0.03772723 -0.02225076 0.07987156
v -0.03799249 -0.02179475 0.08085000
v -0.03799066 -0.02179792 0.08008135
v -0.03821321 -0.02140539 0.08041508
v -0.03844244 -0.02099093 0.08109620
v -0.03838165 -0.02110187 0.08085000
v -0.03830434 -0.02124187 0.08062023
v -0.03852208 -0.02084441 0.08190000
v -0.03851314 -0.02086091 0.08162574
v -0.03848650 -0.02091003 0.08135648
v -0.03852208 -0.02084441 0.09070000
v -0.03743945 -0.02273163 0.07980000
v -0.03582886 -0.02519390 0.07917802
v -0.03581715 -0.02521055 0.07900000
v -0.03581715 -0.02521055 0.07880000
v -0.02519390 -0.03582886 0.07917802
v -0.02618148 -0.03511367 0.07880000
v -0.02521055 -0.03581715 0.07900000
v -0.02521055 -0.03581715 0.07880000
v -0.02514474 -0.03586338 0.07934711
v -0.02506543 -0.03591886 0.07949879
v -0.02618148 -0.03511367 0.09280000
v -0.02495978 -0.03599235 0.07962547
v -0.02483291 -0.03608000 0.07972078
v -0.02469103 -0.03617724 0.07977994
v -0.02454113 -0.03627910 0.07980000
v -0.02126292 -0.03829266 0.08059067
v -0.02103486 -0.03841842 0.08098884
v -0.02179475 -0.03799249 0.08085000
v -0.02089270 -0.03849591 0.08143271
v -0.02084441 -0.03852208 0.08190000
v -0.02231851 -0.03768719 0.07985265
v -0.02192252 -0.03791891 0.08000797
v -0.02156428 -0.03812378 0.08025815
v -0.02084441 -0.03852208 0.09070000
v -0.02273163 -0.03743945 0.07980000
v -0.02225076 -0.03772723 0.09272845
v -0.02179475 -0.03799249 0.09175000
v -0.02179792 -0.03799067 0.09251865
v -0.02140539 -0.03821322 0.09218492
v -0.02099073 -0.03844254 0.09150327
v -0.02110187 -0.03838165 0.09175000
v -0.02124079 -0.03830496 0.09197822
v -0.02086103 -0.03851308 0.09097518
v -0.02091003 -0.03848650 0.09124352
v -0.02273163 -0.03743945 0.09280000
v -0.03097128 -0.03097128 0.07880000
v -0.03097128 -0.03097128 0.08005000
v -0.03149836 -0.03043507 0.08009937
v -0.03200571 -0.02990107 0.08024593
v -0.03248640 -0.02937812 0.08048664
v -0.03293742 -0.02887155 0.08082036
v -0.03371255 -0.02796255 0.08173414
v -0.03429161 -0.02724933 0.08292500
v -0.03449961 -0.02698549 0.08360193
v -0.03464859 -0.02679394 0.08431179
v -0.03473879 -0.02667689 0.08504810
v -0.03476910 -0.02663737 0.08580000
v -0.03473914 -0.02667644 0.08654760
v -0.03464859 -0.02679394 0.08728821
v -0.03449894 -0.02698635 0.08800068
v -0.03429161 -0.02724933 0.08867500
v -0.03371255 -0.02796255 0.08986586
v -0.03293742 -0.02887155 0.09077965
v -0.03149878 -0.03043464 0.09150055
v -0.03097128 -0.03097128 0.09280000
v -0.03200571 -0.02990107 0.09135408
v -0.03248999 -0.02937414 0.09111114
v -0.03097128 -0.03097128 0.09155000
v -0.03043622 -0.03149724 0.09150084
v -0.02990107 -0.03200571 0.09135408
v -0.02937590 -0.03248841 0.09111212
v -0.02887155 -0.03293742 0.09077965
v -0.02796255 -0.03371255 0.08986586
v -0.02724933 -0.03429161 0.08867500
v -0.02698721 -0.03449827 0.08800329
v -0.02679394 -0.03464859 0.08728821
v -0.02667693 -0.03473877 0.08655231
v -0.02663737 -0.03476910 0.08580000
v -0.02667697 -0.03473873 0.08504736
v -0.02679394 -0.03464859 0.08431179
v -0.02698717 -0.03449829 0.08359682
v -0.02724933 -0.03429161 0.08292500
v -0.02796255 -0.03371255 0.08173414
v -0.02887155 -0.03293742 0.08082036
v -0.02937620 -0.03248813 0.08048771
v -0.02990107 -0.03200571 0.08024593
v -0.03043815 -0.03149538 0.08009881
v 0.01980267 0.02135828 0.09500000
v 0.01877765 0.02178285 0.09500001
v 0.01767767 0.01767767 0.09500000
v 0.01767767 0.02192767 0.09500001
v 0.01657769 0.02178285 0.09500001
v 0.02178285 0.01877765 0.09500000
v 0.02135828 0.01980267 0.09500000
v 0.02068287 0.02068287 0.09500000
v 0.02135828 0.01555267 0.09500000
v 0.02178285 0.01657769 0.09500000
v 0.02192767 0.01767767 0.09500000
v 0.01877765 0.01357248 0.09500000
v 0.01980267 0.01399706 0.09500000
v 0.02068287 0.01467247 0.09500000
v 0.01555267 0.01399706 0.09500000
v 0.01657769 0.01357248 0.09500000
v 0.01767767 0.01342767 0.09500000
v 0.01357248 0.01657769 0.09500000
v 0.01399706 0.01555267 0.09500000
v 0.01467247 0.01467247 0.09500000
v 0.01399706 0.01980267 0.09500000
v 0.01357248 0.01877765 0.09500000
v 0.01342767 0.01767767 0.09500000
v 0.01555267 0.02135828 0.09500000
v 0.01467247 0.02068287 0.09500000
v -0.01555267 0.02135828 0.09500000
v -0.01657769 0.02178285 0.09500001
v -0.01767767 0.01767767 0.09500000
v -0.01767767 0.02192767 0.09500001
v -0.01877765 0.02178285 0.09500001
v -0.01357248 0.01877765 0.09500000
v -0.01399706 0.01980267 0.09500000
v -0.01467247 0.02068287 0.09500000
v -0.01399706 0.01555267 0.09500000
v -0.01357248 0.01657769 0.09500000
v -0.01342767 0.01767767 0.09500000
v -0.01657769 0.01357248 0.09500000
v -0.01555267 0.01399706 0.09500000
v -0.01467247 0.01467247 0.09500000
v -0.01980267 0.01399706 0.09500000
v -0.01877765 0.01357248 0.09500000
v -0.01767767 0.01342767 0.09500000
v -0.02178285 0.01657769 0.09500000
v -0.02135828 0.01555267 0.09500000
v -0.02068287 0.01467247 0.09500000
v -0.02135828 0.01980267 0.09500000
v -0.02178285 0.01877765 0.09500000
v -0.02192767 0.01767767 0.09500000
v -0.01980267 0.02135828 0.09500000
v -0.02068287 0.02068287 0.09500000
v -0.01555267 -0.01399706 0.09500000
v -0.01657769 -0.01357248 0.09500000
v -0.01767767 -0.01767767 0.09500000
v -0.01767767 -0.01342767 0.09500000
v -0.01877765 -0.01357248 0.09500000
v -0.01357248 -0.01657769 0.09500000
v -0.01399706 -0.01555267 0.09500000
v -0.01467247 -0.01467247 0.09500000
v -0.01399706 -0.01980267 0.09500000
v -0.01357248 -0.01877765 0.09500000
v -0.01342767 -0.01767767 0.09500000
v -0.01657769 -0.02178285 0.09500000
v -0.01555267 -0.02135828 0.09500000
v -0.01467247 -0.02068287 0.09500000
v -0.01980267 -0.02135828 0.09500000
v -0.01877765 -0.02178285 0.09500000
v -0.01767767 -0.02192767 0.09500000
v -0.02178285 -0.01877765 0.09500000
v -0.02135828 -0.01980267 0.09500000
v -0.02068287 -0.02068287 0.09500000
v -0.02135828 -0.01555267 0.09500000
v -0.02178285 -0.01657769 0.09500000
v -0.02192767 -0.01767767 0.09500000
v -0.01980267 -0.01399706 0.09500000
v -0.02068287 -0.01467247 0.09500000
v 0.01980267 -0.01399707 0.09500000
v 0.01877765 -0.01357249 0.09500000
v 0.01767767 -0.01767767 0.09500000
v 0.01767767 -0.01342767 0.09500000
v 0.01657769 -0.01357249 0.09500000
v 0.02178285 -0.01657770 0.09500000
v 0.02135828 -0.01555267 0.09500000
v 0.02068287 -0.01467248 0.09500000
v 0.02135828 -0.01980268 0.09500000
v 0.02178285 -0.01877766 0.09500000
v 0.02192767 -0.01767768 0.09500000
v 0.01877765 -0.02178286 0.09500000
v 0.01980267 -0.02135829 0.09500000
v 0.02068287 -0.02068288 0.09500000
v 0.01555267 -0.02135829 0.09500000
v 0.01657769 -0.02178286 0.09500000
v 0.01767767 -0.02192768 0.09500000
v 0.01357248 -0.01877766 0.09500000
v 0.01399706 -0.01980267 0.09500000
v 0.01467247 -0.02068288 0.09500000
v 0.01399706 -0.01555267 0.09500000
v 0.01357248 -0.01657770 0.09500000
v 0.01342767 -0.01767767 0.09500000
v 0.01555267 -0.01399706 0.09500000
v 0.01467247 -0.01467248 0.09500000
v -0.03591712 0.01809675 0.09500000
v -0.03664066 0.01839646 0.09500000
v -0.03741712 0.01549868 0.09500000
v -0.03741712 0.01849868 0.09500000
v -0.03819358 0.01839646 0.09500000
v -0.03451934 0.01627514 0.09500000
v -0.03481904 0.01699868 0.09500000
v -0.03529580 0.01762000 0.09500000
v -0.03481904 0.01399868 0.09500000
v -0.03451934 0.01472222 0.09500000
v -0.03441712 0.01549868 0.09500000
v -0.03664066 0.01260090 0.09500000
v -0.03591712 0.01290060 0.09500000
v -0.03529580 0.01337736 0.09500000
v -0.03891712 0.01290060 0.09500000
v -0.03819358 0.01260090 0.09500000
v -0.03741712 0.01249868 0.09500000
v -0.04031490 0.01472222 0.09500000
v -0.04001520 0.01399868 0.09500000
v -0.03953844 0.01337736 0.09500000
v -0.04001520 0.01699868 0.09500000
v -0.04031490 0.01627514 0.09500000
v -0.04041712 0.01549868 0.09500000
v -0.03891712 0.01809675 0.09500000
v -0.03953844 0.01762000 0.09500000
v -0.03591712 -0.01290060 0.09500000
v -0.03664066 -0.01260090 0.09500000
v -0.03741712 -0.01549868 0.09500000
v -0.03741712 -0.01249868 0.09500000
v -0.03819358 -0.01260090 0.09500000
v -0.03451934 -0.01472222 0.09500000
v -0.03481904 -0.01399868 0.09500000
v -0.03529580 -0.01337736 0.09500000
v -0.03481904 -0.01699868 0.09500000
v -0.03451934 -0.01627514 0.09500000
v -0.03441712 -0.01549868 0.09500000
v -0.03664066 -0.01839646 0.09500000
v -0.03591712 -0.01809675 0.09500000
v -0.03529580 -0.01762000 0.09500000
v -0.03891712 -0.01809675 0.09500000
v -0.03819358 -0.01839646 0.09500000
v -0.03741712 -0.01849868 0.09500000
v -0.04031490 -0.01627514 0.09500000
v -0.04001520 -0.01699868 0.09500000
v -0.03953844 -0.01762000 0.09500000
v -0.04001520 -0.01399868 0.09500000
v -0.04031490 -0.01472222 0.09500000
v -0.04041712 -0.01549868 0.09500000
v -0.03891712 -0.01290060 0.09500000
v -0.03953844 -0.01337736 0.09500000
v -0.01399868 -0.03481904 0.09500000
v -0.01472222 -0.03451935 0.09500000
v -0.01549868 -0.03741713 0.09500000
v -0.01549868 -0.03441713 0.09500000
v -0.01627514 -0.03451935 0.09500000
v -0.01260090 -0.03664066 0.09500000
v -0.01290060 -0.03591713 0.09500000
v -0.01337736 -0.03529580 0.09500000
v -0.01290060 -0.03891713 0.09500000
v -0.01260090 -0.03819359 0.09500000
v -0.01249868 -0.03741713 0.09500000
v -0.01472222 -0.04031490 0.09500000
v -0.01399868 -0.04001521 0.09500000
v -0.01337736 -0.03953845 0.09500000
v -0.01699868 -0.04001521 0.09500000
v -0.01627514 -0.04031490 0.09500000
v -0.01549868 -0.04041713 0.09500000
v -0.01839646 -0.03819359 0.09500000
v -0.01809675 -0.03891713 0.09500000
v -0.01762000 -0.03953845 0.09500000
v -0.01809675 -0.03591713 0.09500000
v -0.01839646 -0.03664066 0.09500000
v -0.01849868 -0.03741713 0.09500000
v -0.01699868 -0.03481904 0.09500000
v -0.01762000 -0.03529580 0.09500000
v 0.01699868 -0.03481904 0.09500000
v 0.01627514 -0.03451935 0.09500000
v 0.01549868 -0.03741713 0.09500000
v 0.01549868 -0.03441713 0.09500000
v 0.01472222 -0.03451935 0.09500000
v 0.01839646 -0.03664067 0.09500000
v 0.01809675 -0.03591713 0.09500000
v 0.01762000 -0.03529581 0.09500000
v 0.01809675 -0.03891713 0.09500000
v 0.01839646 -0.03819359 0.09500000
v 0.01849868 -0.03741713 0.09500000
v 0.01627514 -0.04031491 0.09500000
v 0.01699868 -0.04001521 0.09500000
v 0.01762000 -0.03953845 0.09500000
v 0.01399868 -0.04001521 0.09500000
v 0.01472222 -0.04031491 0.09500000
v 0.01549868 -0.04041713 0.09500000
v 0.01260090 -0.03819359 0.09500000
v 0.01290060 -0.03891713 0.09500000
v 0.01337736 -0.03953845 0.09500000
v 0.01290060 -0.03591713 0.09500000
v 0.01260090 -0.03664067 0.09500000
v 0.01249868 -0.03741713 0.09500000
v 0.01399868 -0.03481904 0.09500000
v 0.01337736 -0.03529581 0.09500000
v 0.03891712 -0.01290061 0.09500000
v 0.03819358 -0.01260091 0.09500000
v 0.03741712 -0.01549869 0.09500000
v 0.03741712 -0.01249869 0.09500000
v 0.03664066 -0.01260091 0.09500000
v 0.04031490 -0.01472223 0.09500000
v 0.04001520 -0.01399869 0.09500000
v 0.03953844 -0.01337737 0.09500000
v 0.04001520 -0.01699869 0.09500000
v 0.04031490 -0.01627515 0.09500000
v 0.04041712 -0.01549869 0.09500000
v 0.03819358 -0.01839647 0.09500000
v 0.03891712 -0.01809676 0.09500000
v 0.03953844 -0.01762001 0.09500000
v 0.03591712 -0.01809676 0.09500000
v 0.03664066 -0.01839647 0.09500000
v 0.03741712 -0.01849869 0.09500000
v 0.03451934 -0.01627515 0.09500000
v 0.03481904 -0.01699869 0.09500000
v 0.03529580 -0.01762001 0.09500000
v 0.03481904 -0.01399869 0.09500000
v 0.03451934 -0.01472223 0.09500000
v 0.03441712 -0.01549869 0.09500000
v 0.03591712 -0.01290061 0.09500000
v 0.03529580 -0.01337737 0.09500000
v 0.03891712 0.01809675 0.09500000
v 0.03819358 0.01839646 0.09500000
v 0.03741712 0.01549868 0.09500000
v 0.03741712 0.01849868 0.09500000
v 0.03664066 0.01839646 0.09500000
v 0.04031490 0.01627514 0.09500000
v 0.04001520 0.01699868 0.09500000
v 0.03953844 0.01762000 0.09500000
v 0.04001520 0.01399868 0.09500000
v 0.04031490 0.01472222 0.09500000
v 0.04041712 0.01549868 0.09500000
v 0.03819358 0.01260089 0.09500000
v 0.03891712 0.01290060 0.09500000
v 0.03953844 0.01337736 0.09500000
v 0.03591712 0.01290060 0.09500000
v 0.03664066 0.01260089 0.09500000
v 0.03741712 0.01249868 0.09500000
v 0.03451934 0.01472222 0.09500000
v 0.03481904 0.01399868 0.09500000
v 0.03529580 0.01337736 0.09500000
v 0.03481904 0.01699868 0.09500000
v 0.03451934 0.01627514 0.09500000
v 0.03441712 0.01549868 0.09500000
v 0.03591712 0.01809675 0.09500000
v 0.03529580 0.01762000 0.09500000
v 0.01699868 0.04001520 0.09500001
v 0.01627514 0.04031490 0.09500001
v 0.01549868 0.03741712 0.09500001
v 0.01549868 0.04041712 0.09500001
v 0.01472222 0.04031490 0.09500001
v 0.01839646 0.03819358 0.09500001
v 0.01809675 0.03891712 0.09500001
v 0.01762000 0.03953844 0.09500001
v 0.01809675 0.03591712 0.09500001
v 0.01839646 0.03664066 0.09500001
v 0.01849868 0.03741712 0.09500001
v 0.01627514 0.03451934 0.09500001
v 0.01699868 0.03481904 0.09500001
v 0.01762000 0.03529580 0.09500001
v 0.01399868 0.03481904 0.09500001
v 0.01472222 0.03451934 0.09500001
v 0.01549868 0.03441712 0.09500001
v 0.01260090 0.03664066 0.09500001
v 0.01290060 0.03591712 0.09500001
v 0.01337736 0.03529580 0.09500001
v 0.01290060 0.03891712 0.09500001
v 0.01260090 0.03819358 0.09500001
v 0.01249868 0.03741712 0.09500001
v 0.01399868 0.04001520 0.09500001
v 0.01337736 0.03953844 0.09500001
v -0.01399868 0.04001520 0.09500001
v -0.01472222 0.04031490 0.09500001
v -0.01549868 0.03741712 0.09500001
v -0.01549868 0.04041712 0.09500001
v -0.01627514 0.04031490 0.09500001
v -0.01260090 0.03819358 0.09500001
v -0.01290060 0.03891712 0.09500001
v -0.01337736 0.03953844 0.09500001
v -0.01290060 0.03591712 0.09500001
v -0.01260090 0.03664066 0.09500001
v -0.01249868 0.03741712 0.09500001
v -0.01472222 0.03451934 0.09500001
v -0.01399868 0.03481904 0.09500001
v -0.01337736 0.03529580 0.09500001
v -0.01699868 0.03481904 0.09500001
v -0.01627514 0.03451934 0.09500001
v -0.01549868 0.03441712 0.09500001
v -0.01839646 0.03664066 0.09500001
v -0.01809675 0.03591712 0.09500001
v -0.01762000 0.03529580 0.09500001
v -0.01809675 0.03891712 0.09500001
v -0.01839646 0.03819358 0.09500001
v -0.01849868 0.03741712 0.09500001
v -0.01699868 0.04001520 0.09500001
v -0.01762000 0.03953844 0.09500001
v 0.04361537 0.00401739 0.08880000
v 0.04361537 0.00401739 0.09200000
v 0.04376408 0.00177360 0.09200000
v 0.04376408 0.00177360 0.08560000
v 0.04361537 0.00401739 0.08560000
v 0.04308863 0.00786193 0.08962822
v 0.04311805 0.00769895 0.09002819
v 0.04307075 0.00795930 0.08921894
v 0.04315690 0.00747810 0.09040001
v 0.04320534 0.00719295 0.09075238
v 0.04325925 0.00686127 0.09106274
v 0.04338077 0.00604553 0.09157128
v 0.04350465 0.00507794 0.09189096
v 0.04325925 0.00686127 0.08653726
v 0.04320545 0.00719231 0.08684695
v 0.04338077 0.00604553 0.08602872
v 0.04350465 0.00507795 0.08570904
v 0.04315690 0.00747810 0.08720000
v 0.04311793 0.00769958 0.08757307
v 0.04308863 0.00786193 0.08797178
v 0.04307072 0.00795942 0.08838185
v 0.04306467 0.00799216 0.08880000
v 0.04376408 0.00177360 0.09200000
v 0.04397214 0.00156553 0.09200000
v 0.04376408 0.00177360 0.08560000
v 0.04397214 0.00156553 0.08560000
v 0.04379899 0.00420101 0.09200000
v 0.04397214 0.00156553 0.09200000
v 0.04361537 0.00401739 0.09200000
v 0.04376408 0.00177360 0.09200000
v 0.04397214 0.00156553 0.08560000
v 0.04379899 0.00420101 0.08560000
v 0.04376408 0.00177360 0.08560000
v 0.04361537 0.00401739 0.08560000
v 0.04372135 0.00491902 0.09192593
v 0.04350465 0.00507794 0.09189096
v 0.04368470 0.00525800 0.09189096
v 0.04338077 0.00604553 0.09157128
v 0.04355778 0.00622253 0.09157128
v 0.04325925 0.00686127 0.09106274
v 0.04343382 0.00703584 0.09106274
v 0.04337905 0.00736601 0.09075298
v 0.04320534 0.00719295 0.09075238
v 0.04332971 0.00765091 0.09040001
v 0.04315690 0.00747810 0.09040001
v 0.04329012 0.00787180 0.09002686
v 0.04311805 0.00769895 0.09002819
v 0.04326037 0.00803367 0.08962822
v 0.04308863 0.00786193 0.08962822
v 0.04324221 0.00813090 0.08921817
v 0.04307075 0.00795930 0.08921894
v 0.04323605 0.00816355 0.08880000
v 0.04306467 0.00799216 0.08880000
v 0.04324222 0.00813079 0.08838115
v 0.04307072 0.00795942 0.08838185
v 0.04326037 0.00803367 0.08797178
v 0.04308863 0.00786193 0.08797178
v 0.04329023 0.00787119 0.08757191
v 0.04311793 0.00769958 0.08757307
v 0.04332971 0.00765091 0.08720000
v 0.04315690 0.00747810 0.08720000
v 0.04337894 0.00736666 0.08684772
v 0.04320545 0.00719231 0.08684695
v 0.04343382 0.00703584 0.08653726
v 0.04325925 0.00686127 0.08653726
v 0.04338077 0.00604553 0.08602872
v 0.04355778 0.00622253 0.08602872
v 0.04350465 0.00507795 0.08570904
v 0.04368470 0.00525800 0.08570904
v 0.04372135 0.00491902 0.08567407
v 0.00747811 0.04315690 0.08720001
v 0.00719295 0.04320534 0.08684762
v 0.00401739 0.04361537 0.08880001
v 0.00795931 0.04307075 0.08838107
v 0.00786193 0.04308863 0.08797179
v 0.00769896 0.04311805 0.08757182
v 0.00686128 0.04325925 0.08653726
v 0.00604554 0.04338077 0.08602873
v 0.00507795 0.04350465 0.08570905
v 0.00401739 0.04361537 0.09200001
v 0.00507795 0.04350465 0.09189097
v 0.00604554 0.04338077 0.09157129
v 0.00686128 0.04325925 0.09106275
v 0.00719232 0.04320545 0.09075306
v 0.00747811 0.04315690 0.09040001
v 0.00769959 0.04311793 0.09002694
v 0.00786193 0.04308863 0.08962823
v 0.00795943 0.04307072 0.08921816
v 0.00799217 0.04306467 0.08880001
v 0.00177360 0.04376408 0.09200001
v 0.00177360 0.04376408 0.08560000
v 0.00401739 0.04361537 0.08560000
v 0.00177360 0.04376408 0.08560000
v 0.00156554 0.04397214 0.08560000
v 0.00177360 0.04376408 0.09200001
v 0.00156554 0.04397214 0.09200001
v 0.00420101 0.04379899 0.08560000
v 0.00156554 0.04397214 0.08560000
v 0.00401739 0.04361537 0.08560000
v 0.00177360 0.04376408 0.08560000
v 0.00156554 0.04397214 0.09200001
v 0.00420101 0.04379899 0.09200001
v 0.00177360 0.04376408 0.09200001
v 0.00401739 0.04361537 0.09200001
v 0.00491903 0.04372135 0.08567407
v 0.00507795 0.04350465 0.08570905
v 0.00525801 0.04368470 0.08570905
v 0.00604554 0.04338077 0.08602873
v 0.00622254 0.04355778 0.08602873
v 0.00686128 0.04325925 0.08653726
v 0.00703584 0.04343382 0.08653726
v 0.00736601 0.04337905 0.08684704
v 0.00719295 0.04320534 0.08684762
v 0.00765091 0.04332971 0.08720001
v 0.00747811 0.04315690 0.08720001
v 0.00787181 0.04329012 0.08757314
v 0.00769896 0.04311805 0.08757182
v 0.00803368 0.04326037 0.08797179
v 0.00786193 0.04308863 0.08797179
v 0.00813091 0.04324221 0.08838183
v 0.00795931 0.04307075 0.08838107
v 0.00816356 0.04323605 0.08880001
v 0.00799217 0.04306467 0.08880001
v 0.00813080 0.04324222 0.08921887
v 0.00795943 0.04307072 0.08921816
v 0.00803368 0.04326037 0.08962823
v 0.00786193 0.04308863 0.08962823
v 0.00787120 0.04329023 0.09002810
v 0.00769959 0.04311793 0.09002694
v 0.00765091 0.04332971 0.09040001
v 0.00747811 0.04315690 0.09040001
v 0.00736666 0.04337894 0.09075228
v 0.00719232 0.04320545 0.09075306
v 0.00703584 0.04343382 0.09106275
v 0.00686128 0.04325925 0.09106275
v 0.00604554 0.04338077 0.09157129
v 0.00622254 0.04355778 0.09157129
v 0.00507795 0.04350465 0.09189097
v 0.00525801 0.04368470 0.09189097
v 0.00491903 0.04372135 0.09192594
v 0.02680149 0.03464275 0.07880000
v 0.02220048 0.03775683 0.07880000
v 0.02220048 0.03775683 0.08680001
v 0.02441230 0.03636591 0.09085436
v 0.02520943 0.03581793 0.09118717
v 0.02414953 0.03654094 0.08905001
v 0.02603214 0.03522453 0.09130001
v 0.02259560 0.03752172 0.08875247
v 0.02306628 0.03723421 0.08960571
v 0.02368408 0.03684433 0.09031825
v 0.02230085 0.03769764 0.08780134
v 0.03636591 0.02441230 0.09085436
v 0.03684433 0.02368408 0.09031825
v 0.03654094 0.02414953 0.08905000
v 0.03723421 0.02306628 0.08960571
v 0.03752172 0.02259560 0.08875247
v 0.03769764 0.02230085 0.08780134
v 0.03775683 0.02220048 0.08680000
v 0.03775683 0.02220048 0.07880000
v 0.03464275 0.02680149 0.07880000
v 0.02680149 0.03464275 0.09130001
v 0.03097128 0.03097128 0.09130000
v 0.03097128 0.03097128 0.07880000
v 0.03464275 0.02680149 0.09130000
v 0.03522453 0.02603214 0.09130000
v 0.03581793 0.02520943 0.09118717
v 0.02234657 0.03790291 0.07880000
v 0.02234657 0.03790291 0.08680001
v 0.02220048 0.03775683 0.07880000
v 0.02220048 0.03775683 0.08680001
v 0.02617514 0.03536753 0.09130001
v 0.02603214 0.03522453 0.09130001
v 0.02520943 0.03581793 0.09118717
v 0.02535297 0.03596147 0.09118717
v 0.02441230 0.03636591 0.09085436
v 0.02455642 0.03651003 0.09085436
v 0.02368408 0.03684433 0.09031825
v 0.02382879 0.03698904 0.09031825
v 0.02306628 0.03723421 0.08960571
v 0.02321154 0.03737947 0.08960571
v 0.02259560 0.03752172 0.08875247
v 0.02274129 0.03766741 0.08875247
v 0.02230085 0.03769764 0.08780134
v 0.02244683 0.03784362 0.08780134
v 0.02680149 0.03464275 0.09130001
v 0.02694439 0.03478505 0.09130001
v 0.03097128 0.03097128 0.09130000
v 0.03111270 0.03111270 0.09130000
v 0.03464275 0.02680149 0.09130000
v 0.03478505 0.02694439 0.09130000
v 0.03522453 0.02603214 0.09130000
v 0.03536753 0.02617514 0.09130000
v 0.03790291 0.02234657 0.08680000
v 0.03775683 0.02220048 0.08680000
v 0.03769764 0.02230085 0.08780134
v 0.03784362 0.02244683 0.08780134
v 0.03752172 0.02259560 0.08875247
v 0.03766741 0.02274129 0.08875247
v 0.03723421 0.02306628 0.08960571
v 0.03737947 0.02321154 0.08960571
v 0.03684433 0.02368408 0.09031825
v 0.03698904 0.02382879 0.09031825
v 0.03636591 0.02441230 0.09085436
v 0.03651003 0.02455642 0.09085436
v 0.03581793 0.02520943 0.09118717
v 0.03596147 0.02535297 0.09118717
v 0.03790291 0.02234657 0.07880000
v 0.03775683 0.02220048 0.07880000
v 0.03775683 0.02220048 0.07880000
v 0.03790291 0.02234657 0.07880000
v 0.03464275 0.02680149 0.07880000
v 0.03478505 0.02694439 0.07880000
v 0.03097128 0.03097128 0.07880000
v 0.03111270 0.03111270 0.07880000
v 0.02680149 0.03464275 0.07880000
v 0.02694439 0.03478505 0.07880000
v 0.02220048 0.03775683 0.07880000
v 0.02234657 0.03790291 0.07880000
v 0.04361537 0.00401739 0.07030000
v 0.04361537 0.00401739 0.07350000
v 0.04376408 0.00177360 0.07350000
v 0.04308863 0.00786193 0.07112822
v 0.04311809 0.00769873 0.07152864
v 0.04307083 0.00795889 0.07072154
v 0.04315690 0.00747810 0.07190000
v 0.04320529 0.00719328 0.07225202
v 0.04325925 0.00686127 0.07256274
v 0.04338077 0.00604553 0.07307128
v 0.04350465 0.00507795 0.07339096
v 0.04376408 0.00177360 0.06710000
v 0.04361537 0.00401739 0.06710000
v 0.04350465 0.00507795 0.06720904
v 0.04338077 0.00604553 0.06752872
v 0.04325925 0.00686127 0.06803726
v 0.04320534 0.00719296 0.06834763
v 0.04315690 0.00747810 0.06870000
v 0.04311801 0.00769916 0.06907223
v 0.04308863 0.00786193 0.06947178
v 0.04307071 0.00795950 0.06988230
v 0.04306467 0.00799216 0.07030000
v 0.04379899 0.00420101 0.07350000
v 0.04361537 0.00401739 0.07350000
v 0.04372135 0.00491902 0.07342593
v 0.04350465 0.00507795 0.07339096
v 0.04368470 0.00525800 0.07339096
v 0.04338077 0.00604553 0.07307128
v 0.04355778 0.00622254 0.07307128
v 0.04325925 0.00686127 0.07256274
v 0.04343382 0.00703584 0.07256274
v 0.04337894 0.00736661 0.07225233
v 0.04320529 0.00719328 0.07225202
v 0.04332971 0.00765091 0.07190000
v 0.04315690 0.00747810 0.07190000
v 0.04329020 0.00787138 0.07152772
v 0.04311809 0.00769873 0.07152864
v 0.04326037 0.00803367 0.07112822
v 0.04308863 0.00786193 0.07112822
v 0.04324219 0.00813098 0.07071767
v 0.04307083 0.00795889 0.07072154
v 0.04323605 0.00816355 0.07030000
v 0.04306467 0.00799216 0.07030000
v 0.04324230 0.00813037 0.06987849
v 0.04307071 0.00795950 0.06988230
v 0.04326037 0.00803367 0.06947178
v 0.04308863 0.00786193 0.06947178
v 0.04329027 0.00787096 0.06907144
v 0.04311801 0.00769916 0.06907223
v 0.04332971 0.00765091 0.06870000
v 0.04315690 0.00747810 0.06870000
v 0.04337889 0.00736697 0.06834806
v 0.04320534 0.00719296 0.06834763
v 0.04343382 0.00703584 0.06803726
v 0.04325925 0.00686127 0.06803726
v 0.04338077 0.00604553 0.06752872
v 0.04355778 0.00622254 0.06752872
v 0.04350465 0.00507795 0.06720904
v 0.04368470 0.00525800 0.06720904
v 0.04361537 0.00401739 0.06710000
v 0.04379899 0.00420101 0.06710000
v 0.04372135 0.00491902 0.06717407
v 0.04376408 0.00177360 0.06710000
v 0.04397214 0.00156553 0.06710000
v 0.04376408 0.00177360 0.07350000
v 0.04397214 0.00156553 0.07350000
v 0.04397214 0.00156553 0.07350000
v 0.04397214 0.00156553 0.06710000
v 0.04376408 0.00177360 0.07350000
v 0.04376408 0.00177360 0.06710000
v 0.00401739 0.04361537 0.06710001
v 0.00177360 0.04376408 0.06710001
v 0.00177360 0.04376408 0.07350001
v 0.00719160 0.04320557 0.07225383
v 0.00747811 0.04315690 0.07190001
v 0.00600266 0.04338673 0.07190024
v 0.00769816 0.04311819 0.07152981
v 0.00786193 0.04308863 0.07112823
v 0.00401739 0.04361537 0.07350001
v 0.00507795 0.04350465 0.07339097
v 0.00604554 0.04338077 0.07307129
v 0.00686128 0.04325925 0.07256275
v 0.00786193 0.04308863 0.06947179
v 0.00769856 0.04311812 0.06907103
v 0.00798372 0.04306623 0.07051284
v 0.00797542 0.04306777 0.07030047
v 0.00795895 0.04307081 0.06987885
v 0.00747811 0.04315690 0.06870001
v 0.00719313 0.04320531 0.06834782
v 0.00686128 0.04325925 0.06803727
v 0.00604554 0.04338077 0.06752873
v 0.00507795 0.04350465 0.06720905
v 0.00420101 0.04379899 0.06710001
v 0.00401739 0.04361537 0.06710001
v 0.00491903 0.04372135 0.06717408
v 0.00507795 0.04350465 0.06720905
v 0.00525801 0.04368470 0.06720905
v 0.00604554 0.04338077 0.06752873
v 0.00622254 0.04355778 0.06752873
v 0.00686128 0.04325925 0.06803727
v 0.00703584 0.04343382 0.06803727
v 0.00736666 0.04337894 0.06834774
v 0.00719313 0.04320531 0.06834782
v 0.00765091 0.04332971 0.06870001
v 0.00747811 0.04315690 0.06870001
v 0.00787120 0.04329023 0.06907192
v 0.00769856 0.04311812 0.06907103
v 0.00803368 0.04326037 0.06947179
v 0.00786193 0.04308863 0.06947179
v 0.00813080 0.04324222 0.06988115
v 0.00795895 0.04307081 0.06987885
v 0.00816356 0.04323605 0.07030000
v 0.00797542 0.04306777 0.07030047
v 0.00813091 0.04324221 0.07071818
v 0.00798372 0.04306623 0.07051284
v 0.00803368 0.04326037 0.07112823
v 0.00786193 0.04308863 0.07112823
v 0.00787181 0.04329012 0.07152687
v 0.00769816 0.04311819 0.07152981
v 0.00765091 0.04332971 0.07190001
v 0.00747811 0.04315690 0.07190001
v 0.00736601 0.04337905 0.07225298
v 0.00719160 0.04320557 0.07225383
v 0.00703584 0.04343382 0.07256275
v 0.00686128 0.04325925 0.07256275
v 0.00604554 0.04338077 0.07307129
v 0.00622254 0.04355778 0.07307129
v 0.00507795 0.04350465 0.07339097
v 0.00525801 0.04368470 0.07339097
v 0.00401739 0.04361537 0.07350001
v 0.00420101 0.04379899 0.07350001
v 0.00491903 0.04372135 0.07342594
v 0.00177360 0.04376408 0.07350001
v 0.00156554 0.04397214 0.07350001
v 0.00177360 0.04376408 0.06710001
v 0.00156554 0.04397214 0.06710001
v 0.00156554 0.04397214 0.06710001
v 0.00156554 0.04397214 0.07350001
v 0.00177360 0.04376408 0.06710001
v 0.00177360 0.04376408 0.07350001
f 1 2 3
f 2 4 3
f 4 2 5
f 2 6 5
f 5 6 7
f 6 8 7
f 7 8 9
f 10 11 8
f 11 12 8
f 8 12 9
f 13 14 10
f 14 15 10
f 10 15 11
f 16 17 13
f 17 18 13
f 13 18 14
f 19 20 16
f 20 21 16
f 16 21 17
f 22 23 24
f 23 25 24
f 24 25 19
f 25 26 19
f 19 26 20
f 27 28 24
f 28 29 24
f 24 29 22
f 1 30 2
f 30 31 2
f 2 31 32
f 31 33 32
f 32 33 34
f 33 35 34
f 34 35 36
f 35 37 36
f 36 37 38
f 37 39 38
f 38 39 40
f 39 41 40
f 40 41 42
f 41 43 42
f 42 43 44
f 43 45 44
f 44 45 46
f 45 47 46
f 46 47 48
f 47 49 48
f 48 49 50
f 49 51 50
f 50 51 52
f 51 53 52
f 52 53 54
f 53 55 54
f 54 55 56
f 55 57 56
f 56 57 58
f 57 59 58
f 58 59 60
f 59 61 60
f 60 61 27
f 61 62 27
f 27 62 28
f 63 64 65
f 66 67 68
f 67 69 68
f 68 69 70
f 69 71 70
f 70 71 65
f 71 72 65
f 65 72 63
f 66 68 73
f 68 74 73
f 73 74 75
f 74 76 75
f 75 76 77
f 77 76 78
f 76 79 78
f 78 79 80
f 81 82 79
f 82 83 79
f 79 83 80
f 84 85 86
f 85 87 86
f 86 87 81
f 87 88 81
f 81 88 82
f 89 90 86
f 90 91 86
f 86 91 84
f 64 92 65
f 92 93 65
f 65 93 94
f 93 95 94
f 94 95 96
f 95 97 96
f 96 97 98
f 97 99 98
f 98 99 100
f 99 101 100
f 100 101 102
f 101 103 102
f 102 103 104
f 103 105 104
f 104 105 106
f 105 107 106
f 106 107 108
f 107 109 108
f 108 109 110
f 109 111 110
f 110 111 112
f 111 113 112
f 112 113 114
f 113 115 114
f 114 115 116
f 115 117 116
f 116 117 118
f 117 119 118
f 118 119 120
f 119 121 120
f 120 121 122
f 121 123 122
f 122 123 89
f 123 124 89
f 89 124 90
f 125 126 127
f 128 129 130
f 129 131 130
f 130 131 132
f 131 133 132
f 132 133 127
f 133 134 127
f 127 134 125
f 128 130 135
f 130 136 135
f 135 136 137
f 136 138 137
f 137 138 139
f 139 138 140
f 138 141 140
f 140 141 142
f 142 141 143
f 141 144 143
f 143 144 145
f 146 147 148
f 147 149 148
f 148 149 144
f 149 150 144
f 144 150 145
f 151 152 148
f 152 153 148
f 148 153 146
f 126 154 127
f 154 155 127
f 127 155 156
f 155 157 156
f 156 157 158
f 157 159 158
f 158 159 160
f 159 161 160
f 160 161 162
f 161 163 162
f 162 163 164
f 163 165 164
f 164 165 166
f 165 167 166
f 166 167 168
f 167 169 168
f 168 169 170
f 169 171 170
f 170 171 172
f 171 173 172
f 172 173 174
f 173 175 174
f 174 175 176
f 175 177 176
f 176 177 178
f 177 179 178
f 178 179 180
f 179 181 180
f 180 181 182
f 181 183 182
f 182 183 184
f 183 185 184
f 184 185 151
f 185 186 151
f 151 186 152
f 187 188 189
f 190 191 192
f 189 188 192
f 188 193 192
f 192 193 190
f 187 189 194
f 189 195 194
f 194 195 196
f 197 198 199
f 198 200 199
f 199 200 195
f 200 201 195
f 195 201 196
f 202 203 197
f 203 204 197
f 197 204 198
f 205 206 202
f 206 207 202
f 202 207 203
f 208 209 210
f 209 211 210
f 210 211 205
f 211 212 205
f 205 212 206
f 213 214 210
f 214 215 210
f 210 215 208
f 191 216 192
f 216 217 192
f 192 217 218
f 217 219 218
f 218 219 220
f 219 221 220
f 220 221 222
f 221 223 222
f 222 223 224
f 223 225 224
f 224 225 226
f 225 227 226
f 226 227 228
f 227 229 228
f 228 229 230
f 229 231 230
f 230 231 232
f 231 233 232
f 232 233 234
f 233 235 234
f 234 235 236
f 235 237 236
f 236 237 238
f 237 239 238
f 238 239 240
f 239 241 240
f 240 241 242
f 241 243 242
f 242 243 244
f 243 245 244
f 244 245 246
f 245 247 246
f 246 247 213
f 247 248 213
f 213 248 214
f 249 250 251
f 250 252 251
f 252 250 253
f 250 254 253
f 253 254 255
f 254 256 255
f 255 256 257
f 258 259 256
f 259 260 256
f 256 260 257
f 261 262 258
f 262 263 258
f 258 263 259
f 264 265 261
f 265 266 261
f 261 266 262
f 267 268 264
f 268 269 264
f 264 269 265
f 270 271 272
f 271 273 272
f 272 273 267
f 273 274 267
f 267 274 268
f 275 276 272
f 276 277 272
f 272 277 270
f 249 278 250
f 278 279 250
f 250 279 280
f 279 281 280
f 280 281 282
f 281 283 282
f 282 283 284
f 283 285 284
f 284 285 286
f 285 287 286
f 286 287 288
f 287 289 288
f 288 289 290
f 289 291 290
f 290 291 292
f 291 293 292
f 292 293 294
f 293 295 294
f 294 295 296
f 295 297 296
f 296 297 298
f 297 299 298
f 298 299 300
f 299 301 300
f 300 301 302
f 301 303 302
f 302 303 304
f 303 305 304
f 304 305 306
f 305 307 306
f 306 307 308
f 307 309 308
f 308 309 275
f 309 310 275
f 275 310 276
f 311 312 313
f 314 315 316
f 315 317 316
f 316 317 318
f 317 319 318
f 318 319 313
f 319 320 313
f 313 320 311
f 314 316 321
f 316 322 321
f 321 322 323
f 322 324 323
f 323 324 325
f 325 324 326
f 324 327 326
f 326 327 328
f 329 330 327
f 330 331 327
f 327 331 328
f 332 333 334
f 333 335 334
f 334 335 329
f 335 336 329
f 329 336 330
f 337 338 334
f 338 339 334
f 334 339 332
f 312 340 313
f 340 341 313
f 313 341 342
f 341 343 342
f 342 343 344
f 343 345 344
f 344 345 346
f 345 347 346
f 346 347 348
f 347 349 348
f 348 349 350
f 349 351 350
f 350 351 352
f 351 353 352
f 352 353 354
f 353 355 354
f 354 355 356
f 355 357 356
f 356 357 358
f 357 359 358
f 358 359 360
f 359 361 360
f 360 361 362
f 361 363 362
f 362 363 364
f 363 365 364
f 364 365 366
f 365 367 366
f 366 367 368
f 367 369 368
f 368 369 370
f 369 371 370
f 370 371 337
f 371 372 337
f 337 372 338
f 373 374 375
f 376 377 378
f 377 379 378
f 378 379 380
f 379 381 380
f 380 381 375
f 381 382 375
f 375 382 373
f 376 378 383
f 378 384 383
f 383 384 385
f 384 386 385
f 385 386 387
f 387 386 388
f 386 389 388
f 388 389 390
f 390 389 391
f 389 392 391
f 391 392 393
f 394 395 396
f 395 397 396
f 396 397 392
f 397 398 392
f 392 398 393
f 399 400 396
f 400 401 396
f 396 401 394
f 374 402 375
f 402 403 375
f 375 403 404
f 403 405 404
f 404 405 406
f 405 407 406
f 406 407 408
f 407 409 408
f 408 409 410
f 409 411 410
f 410 411 412
f 411 413 412
f 412 413 414
f 413 415 414
f 414 415 416
f 415 417 416
f 416 417 418
f 417 419 418
f 418 419 420
f 419 421 420
f 420 421 422
f 421 423 422
f 422 423 424
f 423 425 424
f 424 425 426
f 425 427 426
f 426 427 428
f 427 429 428
f 428 429 430
f 429 431 430
f 430 431 432
f 431 433 432
f 432 433 399
f 433 434 399
f 399 434 400
f 435 436 437
f 438 439 440
f 437 436 440
f 436 441 440
f 440 441 438
f 435 437 442
f 437 443 442
f 442 443 444
f 445 446 447
f 446 448 447
f 447 448 443
f 448 449 443
f 443 449 444
f 450 451 445
f 451 452 445
f 445 452 446
f 453 454 450
f 454 455 450
f 450 455 451
f 456 457 458
f 457 459 458
f 458 459 453
f 459 460 453
f 453 460 454
f 461 462 458
f 462 463 458
f 458 463 456
f 439 464 440
f 464 465 440
f 440 465 466
f 465 467 466
f 466 467 468
f 467 469 468
f 468 469 470
f 469 471 470
f 470 471 472
f 471 473 472
f 472 473 474
f 473 475 474
f 474 475 476
f 475 477 476
f 476 477 478
f 477 479 478
f 478 479 480
f 479 481 480
f 480 481 482
f 481 483 482
f 482 483 484
f 483 485 484
f 484 485 486
f 485 487 486
f 486 487 488
f 487 489 488
f 488 489 490
f 489 491 490
f 490 491 492
f 491 493 492
f 492 493 494
f 493 495 494
f 494 495 461
f 495 496 461
f 461 496 462
f 497 498 499
f 498 500 499
f 499 500 501
f 500 502 501
f 501 502 503
f 502 504 503
f 503 504 505
f 504 506 505
f 505 506 507
f 506 508 507
f 507 508 509
f 508 510 509
f 509 510 511
f 510 512 511
f 511 512 513
f 512 514 513
f 513 514 515
f 514 516 515
f 515 516 517
f 516 518 517
f 517 518 519
f 518 520 519
f 519 520 521
f 520 522 521
f 521 522 523
f 522 524 523
f 523 524 525
f 524 526 525
f 525 526 527
f 526 528 527
f 527 528 529
f 528 530 529
f 529 530 531
f 530 532 531
f 531 532 533
f 532 534 533
f 533 534 535
f 534 536 535
f 535 536 537
f 536 538 537
f 537 538 539
f 538 540 539
f 539 540 541
f 540 542 541
f 541 542 543
f 542 544 543
f 543 544 497
f 544 498 497
f 545 546 547
f 546 548 547
f 547 548 549
f 548 550 549
f 549 550 551
f 550 552 551
f 551 552 553
f 552 554 553
f 553 554 555
f 554 556 555
f 555 556 557
f 556 558 557
f 557 558 559
f 558 560 559
f 559 560 561
f 560 562 561
f 561 562 563
f 562 564 563
f 563 564 565
f 564 566 565
f 565 566 567
f 566 568 567
f 567 568 569
f 568 570 569
f 569 570 571
f 570 572 571
f 571 572 573
f 572 574 573
f 573 574 575
f 574 576 575
f 575 576 577
f 576 578 577
f 577 578 579
f 578 580 579
f 579 580 581
f 580 582 581
f 581 582 583
f 582 584 583
f 583 584 585
f 584 586 585
f 585 586 587
f 586 588 587
f 587 588 589
f 588 590 589
f 589 590 591
f 590 592 591
f 591 592 545
f 592 546 545
f 593 594 595
f 594 596 595
f 595 596 597
f 596 598 597
f 597 598 599
f 598 600 599
f 599 600 601
f 600 602 601
f 601 602 603
f 602 604 603
f 603 604 605
f 604 606 605
f 605 606 607
f 606 608 607
f 607 608 609
f 608 610 609
f 609 610 611
f 610 612 611
f 611 612 613
f 612 614 613
f 613 614 615
f 614 616 615
f 615 616 617
f 616 618 617
f 617 618 619
f 618 620 619
f 619 620 621
f 620 622 621
f 621 622 623
f 622 624 623
f 623 624 625
f 624 626 625
f 625 626 627
f 626 628 627
f 627 628 629
f 628 630 629
f 629 630 631
f 630 632 631
f 631 632 633
f 632 634 633
f 633 634 635
f 634 636 635
f 635 636 637
f 636 638 637
f 637 638 639
f 638 640 639
f 639 640 593
f 640 594 593
f 641 642 643
f 642 644 643
f 643 644 645
f 644 646 645
f 645 646 647
f 646 648 647
f 647 648 649
f 648 650 649
f 649 650 651
f 650 652 651
f 651 652 653
f 652 654 653
f 653 654 655
f 654 656 655
f 655 656 657
f 656 658 657
f 657 658 659
f 658 660 659
f 659 660 661
f 660 662 661
f 661 662 663
f 662 664 663
f 663 664 665
f 664 666 665
f 665 666 667
f 666 668 667
f 667 668 669
f 668 670 669
f 669 670 671
f 670 672 671
f 671 672 673
f 672 674 673
f 673 674 675
f 674 676 675
f 675 676 677
f 676 678 677
f 677 678 679
f 678 680 679
f 679 680 681
f 680 682 681
f 681 682 683
f 682 684 683
f 683 684 685
f 684 686 685
f 685 686 687
f 686 688 687
f 687 688 641
f 688 642 641
f 689 690 691
f 692 693 694
f 695 696 697
f 696 698 697
f 699 700 701
f 701 702 699
f 702 703 699
f 699 703 704
f 699 698 705
f 705 706 699
f 706 707 699
f 699 707 700
f 708 709 710
f 708 710 711
f 712 713 714
f 715 716 714
f 716 717 714
f 714 717 712
f 710 718 711
f 718 719 711
f 711 719 714
f 719 720 714
f 714 720 715
f 721 722 723
f 722 724 723
f 724 725 723
f 723 725 726
f 726 727 723
f 727 728 723
f 723 728 697
f 728 729 697
f 697 729 695
f 708 730 709
f 730 731 709
f 709 731 732
f 731 733 732
f 732 733 734
f 733 735 734
f 736 737 738
f 739 740 741
f 738 742 736
f 742 743 736
f 736 743 744
f 744 745 736
f 745 746 736
f 736 746 747
f 747 748 736
f 748 749 736
f 736 749 750
f 740 751 741
f 751 752 741
f 741 752 753
f 752 754 753
f 754 755 753
f 753 755 756
f 735 757 734
f 757 758 734
f 734 758 759
f 758 760 759
f 759 760 761
f 760 756 761
f 761 756 762
f 756 755 762
f 693 692 737
f 763 764 765
f 764 766 765
f 765 766 737
f 766 767 737
f 737 767 738
f 768 769 765
f 769 770 765
f 765 770 763
f 692 771 737
f 771 772 737
f 737 772 765
f 772 773 765
f 765 773 768
f 698 699 697
f 699 704 697
f 697 704 694
f 704 774 694
f 694 774 692
f 775 776 777
f 776 778 777
f 778 779 777
f 779 780 777
f 777 780 781
f 781 780 782
f 780 783 782
f 782 783 784
f 784 785 782
f 785 786 782
f 782 786 787
f 787 788 782
f 788 789 782
f 782 789 790
f 689 691 791
f 792 793 794
f 793 795 794
f 794 795 775
f 795 796 775
f 796 797 775
f 775 797 798
f 798 799 775
f 799 800 775
f 775 800 801
f 801 802 775
f 802 803 775
f 775 803 776
f 804 805 806
f 804 806 807
f 805 808 806
f 808 809 806
f 806 809 810
f 809 811 810
f 810 811 812
f 812 813 810
f 813 814 810
f 810 814 815
f 816 817 818
f 817 819 818
f 820 821 822
f 823 824 825
f 824 818 825
f 825 818 822
f 818 819 822
f 822 819 826
f 827 828 822
f 828 829 822
f 822 829 820
f 830 831 822
f 831 832 822
f 822 832 827
f 826 833 822
f 833 834 822
f 822 834 835
f 835 836 822
f 836 837 822
f 822 837 838
f 838 839 822
f 839 840 822
f 822 840 830
f 821 841 822
f 841 842 822
f 822 842 843
f 844 845 806
f 845 846 806
f 806 846 807
f 843 847 822
f 847 848 822
f 822 848 849
f 849 848 806
f 848 850 806
f 806 850 844
f 851 852 790
f 852 791 790
f 790 791 782
f 791 691 782
f 782 691 853
f 691 854 853
f 853 854 855
f 854 856 855
f 857 858 859
f 858 860 859
f 859 860 854
f 860 861 854
f 854 861 856
f 862 863 864
f 863 865 864
f 864 865 857
f 865 866 857
f 857 866 858
f 862 864 867
f 864 868 867
f 867 868 869
f 869 868 870
f 868 871 870
f 870 871 872
f 872 871 873
f 871 874 873
f 873 874 875
f 876 877 874
f 877 878 874
f 874 878 875
f 879 880 876
f 880 881 876
f 876 881 877
f 882 883 884
f 883 885 884
f 884 885 879
f 885 886 879
f 879 886 880
f 882 884 887
f 884 736 887
f 887 736 741
f 736 750 741
f 741 750 739
f 713 721 714
f 721 723 714
f 714 723 888
f 723 889 888
f 888 889 890
f 891 892 893
f 892 894 893
f 893 894 889
f 894 895 889
f 889 895 890
f 896 897 898
f 897 899 898
f 898 899 893
f 899 900 893
f 893 900 891
f 901 902 896
f 902 903 896
f 896 903 897
f 904 905 906
f 905 907 906
f 906 907 901
f 907 908 901
f 901 908 902
f 904 906 909
f 906 910 909
f 909 910 911
f 911 910 912
f 910 913 912
f 912 913 914
f 915 916 913
f 916 917 913
f 913 917 914
f 918 919 915
f 919 920 915
f 915 920 916
f 822 921 825
f 921 922 825
f 825 922 918
f 922 923 918
f 918 923 919
f 924 925 926
f 925 927 926
f 926 927 928
f 927 929 928
f 928 929 930
f 929 931 930
f 930 931 932
f 931 933 932
f 932 933 934
f 933 935 934
f 934 935 936
f 935 937 936
f 936 937 938
f 937 939 938
f 938 939 940
f 939 941 940
f 940 941 942
f 941 943 942
f 942 943 944
f 943 945 944
f 944 945 946
f 945 947 946
f 946 947 948
f 947 949 948
f 948 949 950
f 949 951 950
f 950 951 952
f 951 953 952
f 952 953 954
f 953 955 954
f 954 955 956
f 955 957 956
f 956 957 958
f 957 959 958
f 958 959 960
f 959 961 960
f 960 961 962
f 961 963 962
f 962 963 964
f 963 965 964
f 964 965 966
f 965 967 966
f 966 967 968
f 967 969 968
f 968 969 970
f 969 971 970
f 970 971 972
f 971 973 972
f 972 973 974
f 973 975 974
f 974 975 976
f 975 977 976
f 976 977 978
f 977 979 978
f 978 979 980
f 979 981 980
f 980 981 982
f 981 983 982
f 982 983 984
f 983 985 984
f 984 985 986
f 985 987 986
f 986 987 988
f 987 989 988
f 988 989 990
f 989 991 990
f 990 991 992
f 991 993 992
f 992 993 994
f 993 995 994
f 994 995 996
f 995 997 996
f 996 997 998
f 997 999 998
f 998 999 1000
f 999 1001 1000
f 1000 1001 1002
f 1001 1003 1002
f 1002 1003 1004
f 1005 1006 1007
f 1006 1004 1007
f 1007 1004 1008
f 1004 1003 1008
f 1009 1010 1011
f 1010 1012 1011
f 1011 1012 1013
f 1012 1014 1013
f 1013 1014 1015
f 1014 1016 1015
f 1015 1016 1017
f 1016 1018 1017
f 1017 1018 1019
f 1018 1020 1019
f 1019 1020 1021
f 1020 1022 1021
f 1021 1022 1023
f 1022 1024 1023
f 1023 1024 1025
f 1024 1026 1025
f 1025 1026 1027
f 1026 1028 1027
f 1027 1028 1029
f 1028 1030 1029
f 1029 1030 1031
f 1030 1032 1031
f 1031 1032 1033
f 1032 1034 1033
f 1033 1034 1035
f 1034 1036 1035
f 1035 1036 1037
f 1036 1038 1037
f 1037 1038 1039
f 1038 1040 1039
f 1039 1040 1041
f 1040 1042 1041
f 1041 1042 1043
f 1042 1044 1043
f 1043 1044 1045
f 1044 1046 1045
f 1045 1046 1047
f 1046 1048 1047
f 1047 1048 1049
f 1048 1050 1049
f 1049 1050 1051
f 1050 1052 1051
f 1051 1052 1053
f 1052 1054 1053
f 1053 1054 1055
f 1054 1056 1055
f 1055 1056 1057
f 1056 1058 1057
f 1057 1058 1059
f 1058 1060 1059
f 1059 1060 1061
f 1060 1062 1061
f 1061 1062 1063
f 1062 1064 1063
f 1063 1064 1065
f 1064 1066 1065
f 1065 1066 1067
f 1066 1068 1067
f 1067 1068 1069
f 1068 1070 1069
f 1069 1070 1071
f 1070 1072 1071
f 1071 1072 1073
f 1072 1074 1073
f 1073 1074 1075
f 1074 1076 1075
f 1075 1076 1077
f 1076 1078 1077
f 1077 1078 1079
f 1078 1080 1079
f 1079 1080 1081
f 1080 1082 1081
f 1081 1082 1083
f 1082 1084 1083
f 1083 1084 1085
f 1084 1086 1085
f 1085 1086 1087
f 1086 1088 1087
f 1087 1088 1005
f 1088 1089 1005
f 1005 1089 1006
f 1090 1091 1092
f 1091 1093 1092
f 1092 1093 1094
f 1094 1095 1092
f 1095 1096 1092
f 1092 1096 1097
f 1097 1098 1092
f 1098 1099 1092
f 1092 1099 1100
f 1100 1101 1092
f 1101 1102 1092
f 1092 1102 1103
f 1103 1104 1105
f 1104 1106 1105
f 1105 1106 1107
f 1108 1109 1090
f 1108 1090 1110
f 1111 1112 1113
f 1112 1114 1113
f 1113 1114 1090
f 1114 1115 1090
f 1090 1115 1110
f 1109 1116 1090
f 1116 1117 1090
f 1090 1117 1091
f 1118 1119 1120
f 1119 1121 1120
f 1120 1121 1113
f 1121 1122 1113
f 1113 1122 1111
f 1123 1124 1125
f 1124 1126 1125
f 1125 1126 1127
f 1126 1128 1127
f 1127 1128 1129
f 1128 1130 1129
f 1129 1130 1131
f 1130 1132 1131
f 1131 1132 1133
f 1132 1134 1133
f 1133 1134 1135
f 1134 1136 1135
f 1135 1136 1137
f 1136 1138 1137
f 1137 1138 1139
f 1138 1140 1139
f 1139 1140 1141
f 1140 1142 1141
f 1141 1142 1120
f 1142 1143 1120
f 1120 1143 1118
f 1123 1144 1145
f 1145 1146 1123
f 1146 1147 1123
f 1123 1147 1148
f 1148 1149 1123
f 1149 1150 1123
f 1123 1150 1124
f 1151 1152 1144
f 1152 1153 1144
f 1144 1153 1145
f 1154 1144 1155
f 1154 1156 1144
f 1156 1157 1144
f 1144 1157 1158
f 1158 1159 1144
f 1159 1160 1144
f 1144 1160 1151
f 1161 1162 1163
f 1162 1164 1163
f 1163 1164 1165
f 1166 1167 1168
f 1168 1169 1166
f 1169 1170 1166
f 1166 1170 1171
f 1171 1172 1166
f 1172 1173 1166
f 1166 1173 1174
f 1174 1175 1166
f 1175 1176 1166
f 1166 1176 1155
f 1176 1177 1155
f 1155 1177 1154
f 1103 1105 1092
f 1105 1178 1092
f 1092 1178 1179
f 1178 1180 1179
f 1179 1180 1181
f 1180 1182 1181
f 1181 1182 1183
f 1182 1184 1183
f 1183 1184 1185
f 1184 1186 1185
f 1185 1186 1187
f 1186 1188 1187
f 1187 1188 1189
f 1188 1190 1189
f 1189 1190 1191
f 1190 1192 1191
f 1191 1192 1193
f 1192 1194 1193
f 1193 1194 1195
f 1194 1196 1195
f 1195 1196 1197
f 1196 1198 1197
f 1197 1198 1199
f 1198 1200 1199
f 1199 1200 1201
f 1200 1202 1201
f 1201 1202 1203
f 1202 1204 1203
f 1203 1204 1205
f 1204 1206 1205
f 1205 1206 1207
f 1206 1208 1207
f 1207 1208 1209
f 1208 1210 1209
f 1209 1210 1211
f 1210 1212 1211
f 1211 1212 1213
f 1212 1214 1213
f 1213 1214 1215
f 1214 1216 1215
f 1215 1216 1217
f 1216 1218 1217
f 1217 1218 1219
f 1218 1220 1219
f 1219 1220 1221
f 1220 1222 1221
f 1221 1222 1223
f 1222 1224 1223
f 1223 1224 1225
f 1224 1226 1225
f 1225 1226 1227
f 1226 1228 1227
f 1227 1228 1229
f 1228 1230 1229
f 1229 1230 1231
f 1230 1163 1231
f 1231 1163 1166
f 1163 1165 1166
f 1166 1165 1167
f 1232 1233 1234
f 1233 1235 1234
f 1234 1235 1236
f 1235 1237 1236
f 1236 1237 1238
f 1237 1239 1238
f 1238 1239 1240
f 1239 1241 1240
f 1240 1241 1242
f 1241 1243 1242
f 1242 1243 1244
f 1243 1245 1244
f 1244 1245 1246
f 1245 1247 1246
f 1246 1247 1248
f 1247 1249 1248
f 1248 1249 1250
f 1249 1251 1250
f 1250 1251 1252
f 1251 1253 1252
f 1252 1253 1254
f 1253 1255 1254
f 1254 1255 1256
f 1255 1257 1256
f 1256 1257 1258
f 1257 1259 1258
f 1258 1259 1260
f 1259 1261 1260
f 1260 1261 1262
f 1261 1263 1262
f 1262 1263 1264
f 1263 1265 1264
f 1264 1265 1266
f 1265 1267 1266
f 1266 1267 1268
f 1267 1269 1268
f 1268 1269 1270
f 1269 1271 1270
f 1270 1271 1272
f 1271 1273 1272
f 1272 1273 1274
f 1273 1275 1274
f 1274 1275 1276
f 1275 1277 1276
f 1276 1277 1278
f 1277 1279 1278
f 1278 1279 1280
f 1279 1281 1280
f 1280 1281 1282
f 1281 1283 1282
f 1282 1283 1284
f 1283 1285 1284
f 1284 1285 1286
f 1285 1287 1286
f 1286 1287 1288
f 1287 1289 1288
f 1288 1289 1290
f 1289 1291 1290
f 1290 1291 1292
f 1291 1293 1292
f 1292 1293 1294
f 1293 1295 1294
f 1294 1295 1296
f 1295 1297 1296
f 1296 1297 1298
f 1297 1299 1298
f 1298 1299 1300
f 1299 1301 1300
f 1300 1301 1302
f 1301 1303 1302
f 1302 1303 1304
f 1303 1305 1304
f 1304 1305 1306
f 1305 1307 1306
f 1306 1307 1308
f 1307 1309 1308
f 1308 1309 1310
f 1309 1311 1310
f 1310 1311 1312
f 1311 1313 1312
f 1312 1313 1314
f 1313 1315 1314
f 1314 1315 1316
f 1315 1317 1316
f 1316 1317 1318
f 1317 1319 1318
f 1318 1319 1320
f 1319 1232 1320
f 1320 1232 1234
f 1321 1322 1323
f 1324 1325 1323
f 1325 1326 1323
f 1323 1326 1321
f 1327 1328 1323
f 1328 1329 1323
f 1323 1329 1324
f 1330 1331 1323
f 1331 1332 1323
f 1323 1332 1327
f 1333 1334 1323
f 1334 1335 1323
f 1323 1335 1330
f 1336 1337 1323
f 1337 1338 1323
f 1323 1338 1333
f 1339 1340 1323
f 1340 1341 1323
f 1323 1341 1336
f 1342 1343 1323
f 1343 1344 1323
f 1323 1344 1339
f 1345 1346 1323
f 1346 1347 1323
f 1323 1347 1342
f 1348 1349 1323
f 1349 1350 1323
f 1323 1350 1345
f 1351 1352 1323
f 1352 1353 1323
f 1323 1353 1348
f 1354 1355 1323
f 1355 1356 1323
f 1323 1356 1351
f 1322 1357 1323
f 1357 1358 1323
f 1323 1358 1354
f 1359 1360 1361
f 1360 1362 1361
f 1361 1362 1363
f 1362 1364 1363
f 1363 1364 1365
f 1364 1366 1365
f 1365 1366 1367
f 1366 1368 1367
f 1367 1368 1369
f 1368 1370 1369
f 1370 1371 1369
f 1369 1371 1372
f 1371 1373 1372
f 1372 1373 1374
f 1373 1375 1374
f 1374 1375 1376
f 1375 1377 1376
f 1376 1377 1378
f 1377 1379 1378
f 1379 1380 1378
f 1378 1380 1381
f 1380 1382 1381
f 1381 1382 1383
f 1382 1384 1383
f 1383 1384 1385
f 1384 1386 1385
f 1385 1386 1387
f 1386 1388 1387
f 1387 1388 1389
f 1388 1390 1389
f 1389 1390 1391
f 1390 1392 1391
f 1392 1393 1391
f 1391 1393 1394
f 1393 1395 1394
f 1394 1395 1396
f 1395 1397 1396
f 1396 1397 1398
f 1397 1399 1398
f 1398 1399 1400
f 1399 1401 1400
f 1401 1402 1400
f 1400 1402 1403
f 1402 1404 1403
f 1403 1404 1405
f 1404 1406 1405
f 1405 1406 1407
f 1406 1408 1407
f 1407 1408 1409
f 1408 1410 1409
f 1409 1410 1411
f 1410 1412 1411
f 1412 1413 1411
f 1411 1413 1414
f 1413 1415 1414
f 1414 1415 1416
f 1415 1417 1416
f 1416 1417 1418
f 1417 1419 1418
f 1418 1419 1420
f 1419 1421 1420
f 1420 1421 1422
f 1421 1423 1422
f 1422 1423 1424
f 1423 1425 1424
f 1425 1426 1424
f 1424 1426 1427
f 1426 1428 1427
f 1427 1428 1429
f 1428 1430 1429
f 1429 1430 1431
f 1430 1432 1431
f 1431 1432 1433
f 1432 1434 1433
f 1433 1434 1435
f 1434 1436 1435
f 1435 1436 1437
f 1436 1438 1437
f 1438 1439 1437
f 1437 1439 1440
f 1439 1441 1440
f 1440 1441 1442
f 1441 1443 1442
f 1442 1443 1444
f 1443 1445 1444
f 1444 1445 1446
f 1445 1447 1446
f 1446 1447 1448
f 1447 1449 1448
f 1448 1449 1450
f 1449 1451 1450
f 1451 1452 1450
f 1450 1452 1453
f 1452 1454 1453
f 1453 1454 1455
f 1454 1456 1455
f 1455 1456 1457
f 1456 1458 1457
f 1457 1458 1459
f 1458 1460 1459
f 1460 1461 1459
f 1459 1461 1462
f 1461 1463 1462
f 1462 1463 1464
f 1463 1465 1464
f 1464 1465 1466
f 1465 1467 1466
f 1466 1467 1468
f 1467 1469 1468
f 1468 1469 1470
f 1469 1471 1470
f 1470 1471 1359
f 1471 1472 1359
f 1359 1472 1360
f 1473 1474 1475
f 1476 1477 1478
f 1479 1480 1481
f 1482 1483 1484
f 1483 1485 1484
f 1486 1487 1488
f 1487 1489 1488
f 1482 1490 1483
f 1490 1491 1483
f 1483 1491 1487
f 1491 1492 1487
f 1487 1492 1489
f 1493 1494 1495
f 1494 1496 1495
f 1495 1496 1497
f 1496 1498 1497
f 1497 1498 1499
f 1500 1501 1502
f 1501 1503 1502
f 1502 1503 1504
f 1503 1505 1504
f 1504 1505 1506
f 1505 1507 1506
f 1506 1507 1508
f 1507 1509 1508
f 1508 1509 1510
f 1509 1511 1510
f 1510 1511 1485
f 1511 1512 1485
f 1485 1512 1484
f 1513 1514 1515
f 1514 1516 1515
f 1515 1516 1517
f 1516 1518 1517
f 1517 1518 1493
f 1518 1519 1493
f 1493 1519 1494
f 1520 1521 1522
f 1521 1523 1522
f 1522 1523 1524
f 1525 1526 1522
f 1526 1527 1522
f 1522 1527 1520
f 1523 1528 1524
f 1528 1529 1524
f 1524 1529 1500
f 1529 1530 1500
f 1500 1530 1501
f 1531 1532 1483
f 1533 1534 1487
f 1534 1535 1487
f 1487 1535 1483
f 1535 1536 1483
f 1483 1536 1531
f 1537 1538 1539
f 1538 1540 1539
f 1539 1540 1541
f 1540 1483 1541
f 1541 1483 1542
f 1483 1532 1542
f 1537 1543 1538
f 1543 1544 1538
f 1538 1544 1545
f 1546 1547 1548
f 1547 1549 1548
f 1544 1550 1545
f 1550 1551 1545
f 1545 1551 1546
f 1551 1552 1546
f 1546 1552 1547
f 1553 1554 1555
f 1554 1556 1555
f 1555 1556 1557
f 1556 1558 1557
f 1557 1558 1559
f 1558 1548 1559
f 1559 1548 1560
f 1548 1549 1560
f 1561 1562 1556
f 1556 1562 1563
f 1564 1565 1554
f 1565 1566 1554
f 1554 1566 1556
f 1566 1567 1556
f 1556 1567 1561
f 1562 1568 1563
f 1568 1569 1563
f 1563 1569 1570
f 1571 1570 1572
f 1570 1573 1572
f 1574 1575 1475
f 1574 1576 1577
f 1576 1578 1577
f 1569 1579 1570
f 1579 1580 1570
f 1570 1580 1573
f 1580 1581 1573
f 1573 1581 1582
f 1581 1583 1582
f 1582 1583 1584
f 1583 1585 1584
f 1584 1585 1586
f 1585 1587 1586
f 1586 1587 1576
f 1587 1588 1576
f 1576 1588 1578
f 1574 1475 1576
f 1475 1474 1576
f 1576 1474 1589
f 1589 1590 1576
f 1590 1591 1576
f 1576 1591 1592
f 1591 1593 1592
f 1593 1594 1592
f 1592 1594 1595
f 1596 1597 1598
f 1594 1599 1595
f 1599 1600 1595
f 1595 1600 1597
f 1600 1601 1597
f 1597 1601 1598
f 1602 1603 1604
f 1603 1605 1604
f 1606 1478 1607
f 1478 1604 1607
f 1607 1604 1608
f 1604 1605 1608
f 1598 1609 1596
f 1609 1610 1596
f 1596 1610 1611
f 1610 1612 1611
f 1611 1612 1602
f 1612 1613 1602
f 1602 1613 1603
f 1614 1604 1615
f 1604 1478 1615
f 1615 1478 1616
f 1478 1477 1616
f 1617 1618 1619
f 1620 1621 1622
f 1621 1617 1622
f 1614 1623 1604
f 1623 1624 1604
f 1604 1624 1625
f 1626 1627 1622
f 1627 1628 1622
f 1622 1628 1620
f 1624 1629 1625
f 1629 1630 1625
f 1625 1630 1631
f 1630 1632 1631
f 1632 1633 1631
f 1631 1633 1634
f 1633 1635 1634
f 1634 1635 1626
f 1635 1636 1626
f 1626 1636 1627
f 1637 1638 1634
f 1638 1639 1634
f 1634 1639 1631
f 1617 1619 1622
f 1619 1640 1622
f 1622 1640 1641
f 1641 1642 1622
f 1642 1643 1622
f 1622 1643 1644
f 1643 1645 1644
f 1645 1646 1644
f 1644 1646 1647
f 1646 1648 1647
f 1647 1648 1649
f 1648 1650 1649
f 1650 1651 1649
f 1651 1652 1649
f 1649 1652 1653
f 1652 1654 1653
f 1653 1654 1655
f 1654 1656 1655
f 1656 1657 1655
f 1655 1657 1658
f 1657 1659 1658
f 1659 1660 1658
f 1658 1660 1661
f 1660 1662 1661
f 1661 1662 1663
f 1664 1665 1666
f 1665 1667 1666
f 1666 1667 1668
f 1663 1479 1661
f 1479 1481 1661
f 1661 1481 1669
f 1481 1670 1669
f 1669 1670 1671
f 1670 1672 1671
f 1671 1672 1673
f 1668 1674 1666
f 1674 1675 1666
f 1666 1675 1670
f 1675 1676 1670
f 1670 1676 1677
f 1677 1678 1670
f 1678 1679 1670
f 1670 1679 1672
f 1673 1680 1671
f 1680 1681 1671
f 1671 1681 1682
f 1681 1683 1682
f 1682 1683 1684
f 1683 1685 1684
f 1686 1687 1688
f 1687 1684 1688
f 1688 1684 1689
f 1684 1685 1689
f 1686 1690 1687
f 1690 1691 1687
f 1687 1691 1692
f 1691 1693 1692
f 1692 1693 1694
f 1693 1695 1694
f 1694 1695 1696
f 1697 1694 1666
f 1694 1696 1666
f 1666 1696 1664
f 1698 1699 1700
f 1697 1701 1694
f 1701 1698 1694
f 1694 1698 1702
f 1698 1700 1702
f 1703 1704 1705
f 1704 1700 1705
f 1705 1700 1706
f 1700 1699 1706
f 1707 1708 1709
f 1708 1710 1709
f 1709 1710 1711
f 1710 1704 1711
f 1711 1704 1712
f 1704 1703 1712
f 1707 1713 1708
f 1713 1714 1708
f 1708 1714 1715
f 1714 1716 1715
f 1715 1716 1524
f 1716 1717 1524
f 1717 1718 1524
f 1718 1719 1524
f 1524 1719 1720
f 1721 1522 1722
f 1522 1524 1722
f 1722 1524 1723
f 1524 1720 1723
f 1522 1724 1725
f 1498 1525 1499
f 1525 1522 1499
f 1499 1522 1726
f 1522 1725 1726
f 1727 1728 1666
f 1728 1729 1666
f 1666 1729 1724
f 1729 1730 1724
f 1724 1730 1725
f 1727 1666 1731
f 1666 1670 1731
f 1731 1670 1732
f 1733 1734 1481
f 1734 1735 1481
f 1481 1735 1670
f 1735 1736 1670
f 1670 1736 1732
f 1737 1738 1733
f 1738 1739 1733
f 1733 1739 1734
f 1618 1740 1619
f 1740 1741 1619
f 1619 1741 1733
f 1741 1742 1733
f 1742 1743 1733
f 1733 1743 1737
f 1743 1744 1737
f 1737 1744 1745
f 1746 1747 1748
f 1747 1749 1748
f 1748 1749 1750
f 1744 1751 1745
f 1751 1752 1745
f 1745 1752 1753
f 1752 1754 1753
f 1753 1754 1755
f 1754 1756 1755
f 1755 1756 1746
f 1756 1757 1746
f 1746 1757 1747
f 1476 1478 1758
f 1478 1759 1758
f 1758 1759 1750
f 1759 1760 1750
f 1750 1760 1748
f 1575 1761 1475
f 1761 1762 1475
f 1475 1762 1759
f 1762 1763 1759
f 1759 1763 1764
f 1765 1766 1767
f 1767 1766 1764
f 1766 1768 1764
f 1764 1768 1759
f 1768 1769 1759
f 1759 1769 1760
f 1770 1771 1772
f 1771 1773 1772
f 1772 1773 1774
f 1775 1776 1777
f 1776 1774 1777
f 1767 1778 1765
f 1778 1779 1765
f 1765 1779 1780
f 1779 1781 1780
f 1780 1781 1782
f 1781 1783 1782
f 1782 1783 1770
f 1783 1784 1770
f 1770 1784 1771
f 1773 1785 1774
f 1785 1786 1774
f 1774 1786 1777
f 1786 1787 1777
f 1777 1787 1554
f 1787 1788 1554
f 1554 1788 1564
f 1775 1777 1789
f 1777 1487 1789
f 1789 1487 1513
f 1487 1486 1513
f 1513 1486 1514
f 1790 1777 1791
f 1777 1554 1791
f 1791 1554 1792
f 1554 1553 1792
f 1790 1793 1777
f 1793 1794 1777
f 1777 1794 1487
f 1794 1795 1487
f 1487 1795 1533
f 1473 1475 1796
f 1475 1759 1796
f 1796 1759 1797
f 1798 1799 1759
f 1799 1800 1759
f 1759 1800 1797
f 1606 1801 1478
f 1801 1802 1478
f 1478 1802 1759
f 1802 1803 1759
f 1759 1803 1798
f 1804 1805 1733
f 1805 1806 1733
f 1480 1807 1481
f 1807 1808 1481
f 1481 1808 1733
f 1808 1809 1733
f 1733 1809 1804
f 1806 1810 1733
f 1810 1811 1733
f 1733 1811 1619
f 1811 1812 1619
f 1619 1812 1640
f 1721 1813 1522
f 1813 1814 1522
f 1522 1814 1724
f 1814 1815 1724
f 1724 1815 1816
f 1816 1817 1724
f 1817 1818 1724
f 1724 1818 1666
f 1818 1819 1666
f 1666 1819 1697
f 1820 1821 1822
f 1820 1823 1821
f 1823 1824 1821
f 1821 1824 1825
f 1824 1826 1825
f 1826 1827 1825
f 1825 1827 1828
f 1827 1829 1828
f 1829 1830 1828
f 1828 1830 1831
f 1830 1832 1831
f 1832 1833 1831
f 1831 1833 1834
f 1833 1835 1834
f 1835 1836 1834
f 1834 1836 1837
f 1836 1838 1837
f 1838 1839 1837
f 1837 1839 1840
f 1839 1841 1840
f 1841 1842 1840
f 1840 1842 1843
f 1842 1844 1843
f 1844 1845 1843
f 1843 1845 1846
f 1845 1847 1846
f 1847 1848 1846
f 1846 1848 1849
f 1848 1850 1849
f 1850 1851 1849
f 1849 1851 1852
f 1851 1853 1852
f 1853 1854 1852
f 1852 1854 1855
f 1854 1856 1855
f 1856 1857 1855
f 1855 1857 1858
f 1857 1859 1858
f 1859 1860 1858
f 1858 1860 1861
f 1860 1862 1861
f 1862 1863 1861
f 1861 1863 1864
f 1863 1865 1864
f 1865 1866 1864
f 1864 1866 1867
f 1866 1868 1867
f 1868 1869 1867
f 1867 1869 1870
f 1869 1871 1870
f 1871 1872 1870
f 1870 1872 1873
f 1872 1874 1873
f 1873 1874 1875
f 1874 1876 1875
f 1875 1876 1877
f 1876 1878 1877
f 1878 1879 1877
f 1877 1879 1880
f 1879 1881 1880
f 1881 1882 1880
f 1880 1882 1883
f 1882 1884 1883
f 1884 1885 1883
f 1883 1885 1886
f 1885 1887 1886
f 1887 1888 1886
f 1886 1888 1889
f 1888 1890 1889
f 1890 1891 1889
f 1889 1891 1892
f 1891 1893 1892
f 1893 1894 1892
f 1892 1894 1895
f 1894 1896 1895
f 1896 1897 1895
f 1895 1897 1898
f 1897 1899 1898
f 1899 1900 1898
f 1898 1900 1901
f 1900 1902 1901
f 1902 1903 1901
f 1901 1903 1904
f 1903 1905 1904
f 1905 1906 1904
f 1904 1906 1907
f 1906 1908 1907
f 1908 1909 1907
f 1907 1909 1910
f 1909 1911 1910
f 1911 1912 1910
f 1910 1912 1913
f 1912 1914 1913
f 1914 1915 1913
f 1913 1915 1916
f 1915 1917 1916
f 1917 1918 1916
f 1916 1918 1919
f 1918 1920 1919
f 1920 1921 1919
f 1919 1921 1922
f 1921 1923 1922
f 1923 1924 1922
f 1922 1924 1925
f 1924 1926 1925
f 1926 1927 1925
f 1925 1927 1928
f 1927 1929 1928
f 1929 1930 1928
f 1928 1930 1822
f 1930 1931 1822
f 1822 1931 1820
f 1932 1933 1934
f 1933 1935 1934
f 1932 1934 1936
f 1934 1937 1936
f 1936 1937 1938
f 1938 1937 1939
f 1937 1940 1939
f 1939 1940 1941
f 1941 1940 1942
f 1940 1943 1942
f 1942 1943 1944
f 1944 1943 1945
f 1943 1946 1945
f 1945 1946 1947
f 1948 1949 1950
f 1950 1951 1948
f 1951 1952 1948
f 1948 1952 1946
f 1952 1953 1946
f 1946 1953 1947
f 1954 1955 1956
f 1956 1957 1954
f 1957 1958 1954
f 1954 1958 1949
f 1958 1959 1949
f 1949 1959 1950
f 1960 1961 1962
f 1962 1963 1960
f 1963 1964 1960
f 1960 1964 1955
f 1964 1965 1955
f 1955 1965 1956
f 1966 1967 1968
f 1968 1969 1966
f 1969 1970 1966
f 1966 1970 1961
f 1970 1971 1961
f 1961 1971 1962
f 1972 1973 1974
f 1974 1975 1972
f 1975 1976 1972
f 1972 1976 1967
f 1976 1977 1967
f 1967 1977 1968
f 1978 1979 1980
f 1980 1981 1978
f 1981 1982 1978
f 1978 1982 1973
f 1982 1983 1973
f 1973 1983 1974
f 1984 1985 1986
f 1985 1987 1986
f 1986 1987 1979
f 1987 1988 1979
f 1979 1988 1980
f 1989 1990 1984
f 1990 1991 1984
f 1984 1991 1985
f 1992 1993 1989
f 1993 1994 1989
f 1989 1994 1990
f 1995 1996 1992
f 1996 1997 1992
f 1992 1997 1993
f 1998 1999 1995
f 1999 2000 1995
f 1995 2000 1996
f 2001 2002 1998
f 2002 2003 1998
f 1998 2003 1999
f 2004 2005 2001
f 2005 2006 2001
f 2001 2006 2002
f 2007 2008 2004
f 2008 2009 2004
f 2004 2009 2005
f 2010 2011 2007
f 2011 2012 2007
f 2007 2012 2008
f 2013 2014 2010
f 2014 2015 2010
f 2010 2015 2011
f 2016 2017 2013
f 2017 2018 2013
f 2013 2018 2014
f 2019 2020 2016
f 2020 2021 2016
f 2016 2021 2017
f 2022 2023 2019
f 2023 2024 2019
f 2019 2024 2020
f 2025 2026 2022
f 2026 2027 2022
f 2022 2027 2023
f 2028 2029 2025
f 2029 2030 2025
f 2025 2030 2026
f 2031 2032 2028
f 2032 2033 2028
f 2028 2033 2029
f 2034 2035 2031
f 2035 2036 2031
f 2031 2036 2032
f 1933 2037 1935
f 2037 2038 1935
f 1935 2038 2039
f 2038 2040 2039
f 2039 2040 2041
f 2040 2042 2041
f 2041 2042 2034
f 2042 2043 2034
f 2034 2043 2035
f 2044 2045 2046
f 2047 2048 2049
f 2048 2050 2049
f 2049 2050 2051
f 2052 2053 2054
f 2055 2056 2057
f 2051 2050 2058
f 2050 2059 2058
f 2058 2059 2060
f 2059 2061 2060
f 2060 2061 2062
f 2044 2046 2063
f 2046 2064 2063
f 2063 2064 2065
f 2064 2066 2065
f 2065 2066 2067
f 2068 2069 2070
f 2071 2072 2073
f 2073 2074 2071
f 2074 2075 2071
f 2071 2075 2076
f 2068 2070 2077
f 2049 2078 2079
f 2078 2077 2079
f 2079 2077 2080
f 2077 2070 2080
f 2081 2082 2083
f 2084 2085 2057
f 2085 2086 2057
f 2057 2086 2055
f 2087 2088 2089
f 2056 2090 2057
f 2090 2091 2057
f 2057 2091 2092
f 2091 2093 2092
f 2052 2094 2053
f 2094 2095 2053
f 2053 2095 2096
f 2095 2097 2096
f 2096 2097 2098
f 2097 2099 2098
f 2100 2101 2102
f 2076 2046 2071
f 2046 2045 2071
f 2071 2045 2103
f 2045 2104 2103
f 2103 2104 2105
f 2104 2106 2105
f 2105 2106 2107
f 2106 2108 2107
f 2107 2108 2109
f 2110 2111 2112
f 2112 2113 2110
f 2113 2114 2110
f 2110 2114 2115
f 2114 2116 2115
f 2115 2116 2117
f 2118 2117 2119
f 2087 2089 2120
f 2089 2121 2120
f 2120 2121 2122
f 2121 2123 2122
f 2122 2123 2124
f 2125 2126 2127
f 2126 2128 2127
f 2127 2128 2129
f 2128 2130 2129
f 2129 2130 2131
f 2130 2132 2131
f 2131 2132 2133
f 2102 2101 2134
f 2135 2136 2137
f 2084 2052 2085
f 2052 2054 2085
f 2085 2054 2138
f 2054 2100 2138
f 2138 2100 2139
f 2100 2102 2139
f 2140 2141 2142
f 2142 2143 2140
f 2143 2144 2140
f 2140 2144 2145
f 2111 2125 2112
f 2125 2127 2112
f 2112 2127 2071
f 2127 2146 2071
f 2071 2146 2072
f 2147 2148 2149
f 2148 2150 2149
f 2149 2150 2151
f 2102 2152 2139
f 2152 2153 2139
f 2139 2153 2154
f 2153 2155 2154
f 2154 2155 2156
f 2155 2157 2156
f 2156 2157 2158
f 2157 2159 2158
f 2158 2159 2118
f 2159 2160 2118
f 2118 2160 2117
f 2160 2161 2117
f 2117 2161 2115
f 2162 2163 2164
f 2163 2165 2164
f 2164 2165 2166
f 2167 2168 2169
f 2168 2170 2169
f 2169 2170 2171
f 2170 2136 2171
f 2171 2136 2172
f 2136 2135 2172
f 2119 2173 2118
f 2173 2174 2118
f 2118 2174 2137
f 2174 2175 2137
f 2137 2175 2135
f 2175 2147 2135
f 2135 2147 2176
f 2147 2149 2176
f 2101 2177 2134
f 2177 2178 2134
f 2134 2178 2179
f 2180 2181 2182
f 2144 2183 2145
f 2183 2184 2145
f 2145 2184 2185
f 2184 2186 2185
f 2185 2186 2187
f 2188 2189 2190
f 2191 2192 2193
f 2194 2195 2196
f 2195 2197 2196
f 2196 2197 2198
f 2081 2083 2199
f 2083 2200 2199
f 2199 2200 2201
f 2202 2089 2203
f 2089 2088 2203
f 2203 2088 2204
f 2088 2205 2204
f 2204 2205 2206
f 2205 2207 2206
f 2206 2207 2208
f 2207 2209 2208
f 2208 2209 2210
f 2202 2203 2211
f 2203 2162 2211
f 2211 2162 2186
f 2162 2164 2186
f 2186 2164 2187
f 2198 2197 2212
f 2197 2213 2212
f 2212 2213 2214
f 2180 2182 2215
f 2182 2216 2215
f 2215 2216 2217
f 2216 2218 2217
f 2217 2218 2219
f 2220 2221 2222
f 2221 2223 2222
f 2178 2224 2179
f 2224 2225 2179
f 2179 2225 2226
f 2225 2227 2226
f 2226 2227 2228
f 2227 2222 2228
f 2228 2222 2141
f 2222 2223 2141
f 2141 2223 2142
f 2220 2182 2221
f 2182 2181 2221
f 2221 2181 2201
f 2181 2229 2201
f 2201 2229 2199
f 2230 2231 2232
f 2231 2233 2232
f 2232 2233 2234
f 2233 2235 2234
f 2235 2236 2234
f 2234 2236 2237
f 2236 2238 2237
f 2079 2133 2049
f 2133 2132 2049
f 2049 2132 2047
f 2132 2239 2047
f 2047 2239 2240
f 2239 2237 2240
f 2240 2237 2241
f 2237 2238 2241
f 2242 2243 2244
f 2243 2245 2244
f 2244 2245 2246
f 2245 2247 2246
f 2246 2247 2248
f 2247 2249 2248
f 2248 2249 2250
f 2249 2166 2250
f 2250 2166 2251
f 2166 2165 2251
f 2242 2244 2252
f 2244 2253 2252
f 2252 2253 2254
f 2230 2255 2256
f 2255 2257 2256
f 2256 2257 2258
f 2257 2259 2258
f 2258 2259 2260
f 2259 2261 2260
f 2262 2263 2264
f 2263 2265 2264
f 2264 2265 2266
f 2265 2267 2266
f 2266 2267 2268
f 2269 2254 2190
f 2254 2270 2190
f 2190 2270 2188
f 2267 2252 2268
f 2252 2254 2268
f 2268 2254 2271
f 2254 2269 2271
f 2214 2255 2212
f 2255 2230 2212
f 2212 2230 2272
f 2230 2232 2272
f 2272 2232 2273
f 2232 2274 2273
f 2273 2274 2275
f 2274 2191 2275
f 2275 2191 2276
f 2191 2193 2276
f 2242 2277 2243
f 2277 2278 2243
f 2243 2278 2192
f 2278 2279 2192
f 2192 2279 2193
f 2280 2281 2282
f 2281 2283 2282
f 2282 2283 2284
f 2283 2285 2284
f 2284 2285 2286
f 2285 2287 2286
f 2286 2287 2288
f 2287 2289 2288
f 2288 2289 2290
f 2289 2291 2290
f 2290 2291 2292
f 2291 2293 2292
f 2292 2293 2294
f 2293 2295 2294
f 2295 2296 2294
f 2294 2296 2297
f 2296 2298 2297
f 2298 2299 2297
f 2297 2299 2300
f 2299 2301 2300
f 2301 2302 2300
f 2300 2302 2303
f 2302 2304 2303
f 2304 2305 2303
f 2303 2305 2306
f 2305 2307 2306
f 2306 2307 2308
f 2307 2309 2308
f 2308 2309 2310
f 2309 2311 2310
f 2310 2311 2312
f 2312 2311 2313
f 2311 2314 2313
f 2313 2314 2315
f 2314 2316 2315
f 2316 2317 2315
f 2315 2317 2318
f 2317 2319 2318
f 2319 2320 2318
f 2318 2320 2321
f 2320 2322 2321
f 2322 2323 2321
f 2321 2323 2324
f 2323 2325 2324
f 2324 2325 2326
f 2325 2327 2326
f 2327 2328 2326
f 2326 2328 2329
f 2328 2330 2329
f 2330 2331 2329
f 2329 2331 2332
f 2331 2333 2332
f 2332 2333 2334
f 2333 2335 2334
f 2334 2335 2336
f 2335 2337 2336
f 2335 2338 2337
f 2338 2339 2337
f 2337 2339 2340
f 2339 2341 2340
f 2339 2342 2341
f 2342 2343 2341
f 2341 2343 2344
f 2343 2345 2344
f 2345 2346 2344
f 2344 2346 2347
f 2346 2348 2347
f 2348 2349 2347
f 2347 2349 2350
f 2349 2351 2350
f 2351 2352 2350
f 2352 2353 2350
f 2350 2353 2354
f 2353 2355 2354
f 2354 2355 2356
f 2356 2355 2357
f 2355 2358 2357
f 2357 2358 2359
f 2358 2360 2359
f 2359 2360 2361
f 2360 2362 2361
f 2361 2362 2363
f 2362 2364 2363
f 2364 2365 2363
f 2363 2365 2366
f 2365 2367 2366
f 2366 2367 2368
f 2367 2369 2368
f 2368 2369 2280
f 2369 2370 2280
f 2280 2370 2281
f 2371 2372 2373
f 2374 2375 2376
f 2375 2377 2376
f 2374 2376 2378
f 2376 2379 2378
f 2378 2379 2380
f 2379 2381 2380
f 2380 2381 2382
f 2383 2384 2385
f 2384 2386 2385
f 2385 2386 2381
f 2386 2387 2381
f 2381 2387 2382
f 2388 2389 2383
f 2389 2390 2383
f 2383 2390 2384
f 2391 2392 2388
f 2392 2393 2388
f 2388 2393 2389
f 2394 2395 2391
f 2395 2396 2391
f 2391 2396 2392
f 2391 2397 2394
f 2397 2398 2394
f 2394 2398 2399
f 2400 2401 2402
f 2401 2403 2402
f 2402 2403 2398
f 2403 2404 2398
f 2398 2404 2399
f 2405 2406 2400
f 2406 2407 2400
f 2400 2407 2401
f 2408 2409 2410
f 2409 2405 2410
f 2410 2405 2411
f 2405 2400 2411
f 2408 2410 2412
f 2410 2413 2412
f 2412 2413 2414
f 2413 2415 2414
f 2414 2415 2416
f 2415 2417 2416
f 2416 2417 2418
f 2417 2419 2418
f 2418 2419 2420
f 2420 2419 2421
f 2419 2422 2421
f 2421 2422 2423
f 2424 2425 2426
f 2425 2423 2426
f 2426 2423 2427
f 2423 2422 2427
f 2428 2429 2424
f 2429 2430 2424
f 2424 2430 2425
f 2431 2432 2433
f 2432 2434 2433
f 2433 2434 2428
f 2434 2435 2428
f 2428 2435 2429
f 2436 2437 2431
f 2437 2438 2431
f 2431 2438 2432
f 2439 2440 2436
f 2440 2441 2436
f 2436 2441 2437
f 2436 2442 2439
f 2442 2443 2439
f 2439 2443 2444
f 2443 2445 2444
f 2444 2445 2446
f 2445 2447 2446
f 2446 2447 2448
f 2373 2372 2447
f 2372 2449 2447
f 2447 2449 2448
f 2371 2373 2450
f 2373 2451 2450
f 2450 2451 2452
f 2451 2453 2452
f 2452 2453 2454
f 2454 2453 2455
f 2453 2456 2455
f 2455 2456 2457
f 2456 2458 2457
f 2457 2458 2459
f 2375 2460 2377
f 2460 2461 2377
f 2377 2461 2462
f 2461 2463 2462
f 2462 2463 2464
f 2463 2465 2464
f 2464 2465 2466
f 2465 2467 2466
f 2466 2467 2458
f 2467 2468 2458
f 2458 2468 2459
f 1377 1375 2469
f 1460 1458 2470
f 1428 1426 2471
f 2472 2473 2474
f 1357 1322 2475
f 1356 2473 1351
f 2473 2472 1351
f 1351 2472 1352
f 2476 2474 2477
f 2474 2473 2477
f 2477 2473 2478
f 2473 1356 2478
f 2478 1356 1355
f 2479 2476 2480
f 2476 2477 2480
f 2480 2477 2481
f 2477 2478 2481
f 2481 2478 2482
f 2478 1355 2482
f 2482 1355 1354
f 2483 2479 2484
f 2479 2480 2484
f 2484 2480 2485
f 2480 2481 2485
f 2485 2481 2486
f 2481 2482 2486
f 2486 2482 2487
f 2482 1354 2487
f 2487 1354 1358
f 2488 2483 2489
f 2483 2484 2489
f 2489 2484 2490
f 2484 2485 2490
f 2490 2485 2491
f 2485 2486 2491
f 2491 2486 2492
f 2486 2487 2492
f 2492 2487 2493
f 2487 1358 2493
f 2493 1358 1357
f 2494 2495 2496
f 1425 1423 2497
f 1423 2494 2497
f 2497 2494 2498
f 2494 2496 2498
f 2498 2496 2499
f 1321 1326 2500
f 1326 2501 2500
f 2500 2501 2502
f 2501 2503 2502
f 2502 2503 2504
f 2503 2505 2504
f 2504 2505 2506
f 2505 2507 2506
f 2506 2507 2508
f 2507 2509 2508
f 2508 2509 2510
f 2509 2511 2510
f 1324 1329 2512
f 1329 2513 2512
f 2512 2513 2514
f 2513 2515 2514
f 2514 2515 2516
f 2515 2517 2516
f 2516 2517 2518
f 2517 2519 2518
f 2518 2519 2520
f 2519 2521 2520
f 2520 2521 2522
f 2521 2523 2522
f 1329 1328 2513
f 1328 2524 2513
f 2513 2524 2515
f 2524 2525 2515
f 2515 2525 2517
f 2525 2526 2517
f 2517 2526 2519
f 2526 2527 2519
f 2519 2527 2521
f 2527 2528 2521
f 2521 2528 2523
f 2528 2529 2523
f 2523 2529 1445
f 2529 1447 1445
f 1327 1332 2530
f 1332 2531 2530
f 2530 2531 2532
f 2531 2533 2532
f 2532 2533 2534
f 2533 2535 2534
f 2534 2535 2536
f 2535 2537 2536
f 2536 2537 2538
f 2537 2539 2538
f 2538 2539 2540
f 2539 2541 2540
f 1332 1331 2531
f 1331 2542 2531
f 2531 2542 2533
f 2542 2543 2533
f 2533 2543 2535
f 2543 2544 2535
f 2535 2544 2537
f 2544 2545 2537
f 2537 2545 2539
f 2545 2546 2539
f 2539 2546 2541
f 2546 2547 2541
f 2541 2547 1454
f 2547 1456 1454
f 1335 1334 2548
f 1334 2549 2548
f 2548 2549 2550
f 2549 2551 2550
f 2550 2551 2552
f 2551 2553 2552
f 2552 2553 2554
f 2553 2555 2554
f 2554 2555 2556
f 2555 2557 2556
f 2556 2557 2558
f 2557 2559 2558
f 1338 1337 2560
f 1337 2561 2560
f 2560 2561 2562
f 2561 2563 2562
f 2562 2563 2564
f 2563 2565 2564
f 2564 2565 2566
f 2565 2567 2566
f 2566 2567 2568
f 2567 2569 2568
f 2568 2569 2570
f 2569 2571 2570
f 1337 1336 2561
f 1336 2572 2561
f 2561 2572 2563
f 2572 2573 2563
f 2563 2573 2565
f 2573 2574 2565
f 2565 2574 2567
f 2574 2575 2567
f 2567 2575 2569
f 2575 2576 2569
f 2569 2576 2571
f 2576 2577 2571
f 2571 2577 1362
f 2577 1364 1362
f 1341 1340 2578
f 1340 2579 2578
f 2578 2579 2580
f 2579 2581 2580
f 2580 2581 2582
f 2581 2583 2582
f 2582 2583 2584
f 2583 2585 2584
f 2584 2585 2586
f 2585 2587 2586
f 2586 2587 2588
f 2587 2589 2588
f 1340 1339 2579
f 1339 2590 2579
f 2579 2590 2581
f 2590 2591 2581
f 2581 2591 2583
f 2591 2592 2583
f 2583 2592 2585
f 2592 2593 2585
f 2585 2593 2587
f 2593 2594 2587
f 2587 2594 2589
f 2594 2595 2589
f 2589 2595 1371
f 2595 1373 1371
f 1343 1342 2596
f 1342 2597 2596
f 2596 2597 2598
f 2597 2599 2598
f 2598 2599 2600
f 2599 2601 2600
f 2600 2601 2602
f 2601 2603 2602
f 2602 2603 2604
f 2603 2605 2604
f 2604 2605 2606
f 2605 2607 2606
f 1346 1345 2608
f 1345 2609 2608
f 2608 2609 2610
f 2609 2611 2610
f 2610 2611 2612
f 2611 2613 2612
f 2612 2613 2614
f 2613 2615 2614
f 2614 2615 2616
f 2615 2617 2616
f 2616 2617 2618
f 2617 2619 2618
f 1345 1350 2609
f 1350 2620 2609
f 2609 2620 2611
f 2620 2621 2611
f 2611 2621 2613
f 2621 2622 2613
f 2613 2622 2615
f 2622 2623 2615
f 2615 2623 2617
f 2623 2624 2617
f 2617 2624 2619
f 2624 2625 2619
f 2619 2625 1393
f 2625 1395 1393
f 1349 1348 2626
f 1348 2627 2626
f 2626 2627 2628
f 2627 2629 2628
f 2628 2629 2630
f 2629 2631 2630
f 2630 2631 2632
f 2631 2633 2632
f 2632 2633 2634
f 2633 2635 2634
f 2634 2635 2636
f 2635 2637 2636
f 1348 1353 2627
f 1353 2638 2627
f 2627 2638 2629
f 2638 2639 2629
f 2629 2639 2631
f 2639 2640 2631
f 2631 2640 2633
f 2640 2641 2633
f 2633 2641 2635
f 2641 2642 2635
f 2635 2642 2637
f 2642 2643 2637
f 2637 2643 1402
f 2643 1404 1402
f 2644 2645 2646
f 2645 2647 2646
f 2646 2647 2648
f 2647 2649 2648
f 2648 2649 2650
f 2649 2651 2650
f 2650 2651 2652
f 2651 1413 2652
f 2652 1413 1412
f 2645 2499 2647
f 2499 2496 2647
f 2647 2496 2649
f 2496 2495 2649
f 2649 2495 2651
f 2495 1415 2651
f 2651 1415 1413
f 1423 1421 2494
f 1421 1419 2494
f 2494 1419 2495
f 1419 1417 2495
f 2495 1417 1415
f 1426 1425 2471
f 1425 2497 2471
f 2471 2497 2653
f 2497 2498 2653
f 2653 2498 2654
f 2498 2499 2654
f 2654 2499 2655
f 2499 2645 2655
f 2655 2645 2656
f 2645 2644 2656
f 2656 2644 2657
f 1322 1321 2657
f 1321 2500 2657
f 2657 2500 2656
f 2500 2502 2656
f 2656 2502 2655
f 2502 2504 2655
f 2655 2504 2654
f 2504 2506 2654
f 2654 2506 2653
f 2506 2508 2653
f 2653 2508 2471
f 2508 2510 2471
f 2471 2510 1428
f 1438 1436 2658
f 1436 2511 2658
f 2658 2511 2659
f 2511 2509 2659
f 2659 2509 2660
f 2509 2507 2660
f 2660 2507 2661
f 2507 2505 2661
f 2661 2505 2662
f 2505 2503 2662
f 2662 2503 2663
f 2503 2501 2663
f 2663 2501 1325
f 2501 1326 1325
f 1436 1434 2511
f 1434 1432 2511
f 2511 1432 2510
f 1432 1430 2510
f 2510 1430 1428
f 1325 1324 2663
f 1324 2512 2663
f 2663 2512 2662
f 2512 2514 2662
f 2662 2514 2661
f 2514 2516 2661
f 2661 2516 2660
f 2516 2518 2660
f 2660 2518 2659
f 2518 2520 2659
f 2659 2520 2658
f 2520 2522 2658
f 2658 2522 1438
f 1445 1443 2523
f 1443 1441 2523
f 2523 1441 2522
f 1441 1439 2522
f 2522 1439 1438
f 1328 1327 2524
f 1327 2530 2524
f 2524 2530 2525
f 2530 2532 2525
f 2525 2532 2526
f 2532 2534 2526
f 2526 2534 2527
f 2534 2536 2527
f 2527 2536 2528
f 2536 2538 2528
f 2528 2538 2529
f 2538 2540 2529
f 2529 2540 1447
f 1454 1452 2541
f 1452 1451 2541
f 2541 1451 2540
f 1451 1449 2540
f 2540 1449 1447
f 1331 1330 2542
f 1330 2664 2542
f 2542 2664 2543
f 2664 2665 2543
f 2543 2665 2544
f 2665 2666 2544
f 2544 2666 2545
f 2666 2667 2545
f 2545 2667 2546
f 2667 2668 2546
f 2546 2668 2547
f 2668 2470 2547
f 2547 2470 1456
f 2470 1458 1456
f 1330 1335 2664
f 1335 2548 2664
f 2664 2548 2665
f 2548 2550 2665
f 2665 2550 2666
f 2550 2552 2666
f 2666 2552 2667
f 2552 2554 2667
f 2667 2554 2668
f 2554 2556 2668
f 2668 2556 2470
f 2556 2558 2470
f 2470 2558 1460
f 1469 1467 2669
f 1467 2559 2669
f 2669 2559 2670
f 2559 2557 2670
f 2670 2557 2671
f 2557 2555 2671
f 2671 2555 2672
f 2555 2553 2672
f 2672 2553 2673
f 2553 2551 2673
f 2673 2551 2674
f 2551 2549 2674
f 2674 2549 1333
f 2549 1334 1333
f 1467 1465 2559
f 1465 1463 2559
f 2559 1463 2558
f 1463 1461 2558
f 2558 1461 1460
f 1333 1338 2674
f 1338 2560 2674
f 2674 2560 2673
f 2560 2562 2673
f 2673 2562 2672
f 2562 2564 2672
f 2672 2564 2671
f 2564 2566 2671
f 2671 2566 2670
f 2566 2568 2670
f 2670 2568 2669
f 2568 2570 2669
f 2669 2570 1469
f 1362 1360 2571
f 1360 1472 2571
f 2571 1472 2570
f 1472 1471 2570
f 2570 1471 1469
f 1336 1341 2572
f 1341 2578 2572
f 2572 2578 2573
f 2578 2580 2573
f 2573 2580 2574
f 2580 2582 2574
f 2574 2582 2575
f 2582 2584 2575
f 2575 2584 2576
f 2584 2586 2576
f 2576 2586 2577
f 2586 2588 2577
f 2577 2588 1364
f 1371 1370 2589
f 1370 1368 2589
f 2589 1368 2588
f 1368 1366 2588
f 2588 1366 1364
f 1339 1344 2590
f 1344 2675 2590
f 2590 2675 2591
f 2675 2676 2591
f 2591 2676 2592
f 2676 2677 2592
f 2592 2677 2593
f 2677 2678 2593
f 2593 2678 2594
f 2678 2679 2594
f 2594 2679 2595
f 2679 2469 2595
f 2595 2469 1373
f 2469 1375 1373
f 1344 1343 2675
f 1343 2596 2675
f 2675 2596 2676
f 2596 2598 2676
f 2676 2598 2677
f 2598 2600 2677
f 2677 2600 2678
f 2600 2602 2678
f 2678 2602 2679
f 2602 2604 2679
f 2679 2604 2469
f 2604 2606 2469
f 2469 2606 1377
f 1386 1384 2680
f 1384 2607 2680
f 2680 2607 2681
f 2607 2605 2681
f 2681 2605 2682
f 2605 2603 2682
f 2682 2603 2683
f 2603 2601 2683
f 2683 2601 2684
f 2601 2599 2684
f 2684 2599 2685
f 2599 2597 2685
f 2685 2597 1347
f 2597 1342 1347
f 1384 1382 2607
f 1382 1380 2607
f 2607 1380 2606
f 1380 1379 2606
f 2606 1379 1377
f 1347 1346 2685
f 1346 2608 2685
f 2685 2608 2684
f 2608 2610 2684
f 2684 2610 2683
f 2610 2612 2683
f 2683 2612 2682
f 2612 2614 2682
f 2682 2614 2681
f 2614 2616 2681
f 2681 2616 2680
f 2616 2618 2680
f 2680 2618 1386
f 1393 1392 2619
f 1392 1390 2619
f 2619 1390 2618
f 1390 1388 2618
f 2618 1388 1386
f 1350 1349 2620
f 1349 2626 2620
f 2620 2626 2621
f 2626 2628 2621
f 2621 2628 2622
f 2628 2630 2622
f 2622 2630 2623
f 2630 2632 2623
f 2623 2632 2624
f 2632 2634 2624
f 2624 2634 2625
f 2634 2636 2625
f 2625 2636 1395
f 1402 1401 2637
f 1401 1399 2637
f 2637 1399 2636
f 1399 1397 2636
f 2636 1397 1395
f 1353 1352 2638
f 1352 2472 2638
f 2638 2472 2639
f 2472 2474 2639
f 2639 2474 2640
f 2474 2476 2640
f 2640 2476 2641
f 2476 2479 2641
f 2641 2479 2642
f 2479 2483 2642
f 2642 2483 2643
f 2483 2488 2643
f 2643 2488 1404
f 2488 1406 1404
f 2686 1410 1408
f 1357 2475 2493
f 2475 2687 2493
f 2493 2687 2492
f 2687 2688 2492
f 2492 2688 2491
f 2688 2689 2491
f 2491 2689 2490
f 2689 2690 2490
f 2490 2690 2489
f 2690 2686 2489
f 2489 2686 2488
f 2686 1408 2488
f 2488 1408 1406
f 1322 2657 2475
f 2657 2644 2475
f 2475 2644 2687
f 2644 2646 2687
f 2687 2646 2688
f 2646 2648 2688
f 2688 2648 2689
f 2648 2650 2689
f 2689 2650 2690
f 2650 2652 2690
f 2690 2652 2686
f 2652 1412 2686
f 2686 1412 1410
f 2691 2692 2693
f 2694 2692 2695
f 2696 2697 2698
f 2699 2697 2700
f 2693 2699 2701
f 2702 2703 2704
f 2705 2703 2706
f 2698 2705 2707
f 2708 2709 2710
f 2711 2709 2712
f 2704 2711 2713
f 2714 2715 2716
f 2717 2715 2718
f 2710 2717 2719
f 2720 2721 2722
f 2723 2721 2724
f 2716 2723 2725
f 2726 2727 2728
f 2729 2727 2730
f 2722 2729 2731
f 2732 2733 2734
f 2735 2733 2736
f 2728 2735 2737
f 2734 2694 2738
f 2739 2740 2741
f 2740 2742 2741
f 2741 2742 2743
f 2742 2744 2743
f 2743 2744 2745
f 2744 2746 2745
f 2745 2746 2747
f 2746 2748 2747
f 2747 2748 2749
f 2748 2750 2749
f 2749 2750 2751
f 2750 2752 2751
f 2751 2752 2753
f 2752 2754 2753
f 2753 2754 2755
f 2754 2756 2755
f 2755 2756 2757
f 2756 2758 2757
f 2757 2758 2759
f 2758 2760 2759
f 2759 2760 2761
f 2760 2762 2761
f 2761 2762 2763
f 2762 2764 2763
f 2763 2764 2765
f 2764 2766 2765
f 2765 2766 2767
f 2766 2768 2767
f 2767 2768 2769
f 2768 2770 2769
f 2769 2770 2771
f 2770 2772 2771
f 2771 2772 2773
f 2772 2774 2773
f 2773 2774 2775
f 2774 2776 2775
f 2775 2776 2777
f 2776 2778 2777
f 2777 2778 2779
f 2778 2780 2779
f 2779 2780 2781
f 2780 2782 2781
f 2781 2782 2783
f 2782 2784 2783
f 2783 2784 2785
f 2784 2786 2785
f 2785 2786 2739
f 2786 2740 2739
f 2787 2788 2789
f 2788 2790 2789
f 2789 2790 2791
f 2790 2792 2791
f 2791 2792 2793
f 2792 2794 2793
f 2793 2794 2795
f 2794 2796 2795
f 2795 2796 2797
f 2796 2798 2797
f 2797 2798 2799
f 2798 2800 2799
f 2799 2800 2801
f 2800 2802 2801
f 2801 2802 2803
f 2802 2804 2803
f 2803 2804 2805
f 2804 2806 2805
f 2805 2806 2807
f 2806 2808 2807
f 2807 2808 2809
f 2808 2810 2809
f 2809 2810 2811
f 2810 2812 2811
f 2811 2812 2813
f 2812 2814 2813
f 2813 2814 2815
f 2814 2816 2815
f 2815 2816 2817
f 2816 2818 2817
f 2817 2818 2819
f 2818 2820 2819
f 2819 2820 2821
f 2820 2822 2821
f 2821 2822 2823
f 2822 2824 2823
f 2823 2824 2825
f 2824 2826 2825
f 2825 2826 2827
f 2826 2828 2827
f 2827 2828 2829
f 2828 2830 2829
f 2829 2830 2831
f 2830 2832 2831
f 2831 2832 2833
f 2832 2834 2833
f 2833 2834 2787
f 2834 2788 2787
f 899 897 2835
f 903 902 2836
f 904 909 2837
f 911 912 2838
f 917 916 2839
f 920 919 2840
f 2841 2842 2843
f 2844 2845 2846
f 2847 2848 2849
f 2850 2851 2852
f 2853 2854 2855
f 2856 2857 2858
f 2859 2860 2861
f 2862 2863 2864
f 2865 2866 2867
f 2868 2869 2870
f 2871 2872 2873
f 792 794 2874
f 782 853 2875
f 855 856 2876
f 860 858 2877
f 866 865 2878
f 869 870 2879
f 872 873 2880
f 878 877 2881
f 881 880 2882
f 882 887 2883
f 760 758 2884
f 757 735 2885
f 733 731 2886
f 708 711 2887
f 895 894 2888
f 892 891 2889
f 2099 2097 2890
f 2097 2891 2890
f 2890 2891 2892
f 2892 2891 2893
f 2891 2894 2893
f 2893 2894 2895
f 2895 2894 2896
f 2894 2897 2896
f 2896 2897 2898
f 2898 2897 2899
f 2897 2900 2899
f 2899 2900 2901
f 2902 2903 2904
f 2905 2906 2907
f 2906 2908 2907
f 2909 2910 2911
f 2911 2912 2909
f 2912 2913 2909
f 2909 2913 2904
f 2913 2914 2904
f 2904 2914 2902
f 2915 2217 2219
f 2219 2916 2915
f 2916 2917 2915
f 2915 2917 2910
f 2917 2918 2910
f 2910 2918 2911
f 2082 2081 2919
f 2081 2920 2919
f 2921 2922 2920
f 2922 2923 2920
f 2920 2923 2919
f 2924 2925 2921
f 2925 2926 2921
f 2921 2926 2922
f 2927 2928 2929
f 2928 2930 2929
f 2930 2931 2929
f 2929 2931 2924
f 2931 2932 2924
f 2924 2932 2925
f 2933 2934 2935
f 2936 2937 2938
f 2937 2939 2938
f 2938 2939 2940
f 2941 2942 2934
f 2942 2943 2934
f 2934 2943 2935
f 2944 2122 2124
f 2124 2945 2944
f 2945 2946 2944
f 2944 2946 2941
f 2946 2947 2941
f 2941 2947 2942
f 2210 2209 2948
f 2209 2949 2948
f 2950 2951 2949
f 2951 2952 2949
f 2949 2952 2948
f 2953 2954 2955
f 2956 2957 2958
f 2957 2959 2958
f 2958 2959 2955
f 2959 2960 2955
f 2955 2960 2953
f 2961 2962 2963
f 2962 2964 2963
f 2963 2964 2950
f 2964 2965 2950
f 2950 2965 2951
f 2966 2967 2968
f 2968 2967 2963
f 2967 2969 2963
f 2963 2969 2961
f 2970 2971 2972
f 2973 2190 2189
f 2189 2974 2973
f 2974 2975 2973
f 2973 2975 2971
f 2975 2976 2971
f 2971 2976 2972
f 2262 2264 2977
f 2264 2978 2977
f 2977 2978 2979
f 2979 2978 2980
f 2978 2981 2980
f 2980 2981 2982
f 2982 2981 2983
f 2981 2984 2983
f 2983 2984 2985
f 2986 2987 2988
f 2988 2989 2986
f 2989 2990 2986
f 2986 2990 2991
f 2992 2993 2994
f 2995 2996 2997
f 2996 2992 2997
f 2997 2992 2998
f 2992 2994 2998
f 2999 3000 2986
f 3000 3001 2986
f 2986 3001 2987
f 3002 2195 2194
f 2194 3003 3002
f 3003 3004 3002
f 3002 3004 2999
f 3004 3005 2999
f 2999 3005 3000
f 2261 2259 3006
f 2259 3007 3006
f 3006 3007 3008
f 3008 3007 3009
f 3007 3010 3009
f 3009 3010 3011
f 3011 3010 3012
f 3010 3013 3012
f 3012 3013 3014
f 3014 3013 3015
f 3013 3016 3015
f 3015 3016 3017
f 3018 3019 3020
f 3021 3022 3023
f 3022 3024 3023
f 3025 3026 3027
f 3027 3028 3025
f 3028 3029 3025
f 3025 3029 3020
f 3029 3030 3020
f 3020 3030 3018
f 3031 2060 2062
f 2062 3032 3031
f 3032 3033 3031
f 3031 3033 3026
f 3033 3034 3026
f 3026 3034 3027
f 2069 2068 3035
f 2068 3036 3035
f 3037 3038 3036
f 3038 3039 3036
f 3036 3039 3035
f 3040 3041 3037
f 3041 3042 3037
f 3037 3042 3038
f 3043 3044 3045
f 3044 3046 3045
f 3046 3047 3045
f 3045 3047 3040
f 3047 3048 3040
f 3040 3048 3041
f 3049 3050 3051
f 3052 3053 3054
f 3053 3055 3054
f 3054 3055 3056
f 3057 3058 3050
f 3058 3059 3050
f 3050 3059 3051
f 3060 2065 2067
f 2067 3061 3060
f 3061 3062 3060
f 3060 3062 3057
f 3062 3063 3057
f 3057 3063 3058
f 2109 2108 3064
f 2108 3065 3064
f 3066 3067 3065
f 3067 3068 3065
f 3065 3068 3064
f 3069 3070 3071
f 3072 3073 3074
f 3073 3075 3074
f 3074 3075 3071
f 3075 3076 3071
f 3071 3076 3069
f 3077 3078 3079
f 3078 3080 3079
f 3079 3080 3066
f 3080 3081 3066
f 3066 3081 3067
f 3082 3083 3084
f 3084 3083 3079
f 3083 3085 3079
f 3079 3085 3077
f 3086 3087 3088
f 3089 2149 2151
f 2151 3090 3089
f 3090 3091 3089
f 3089 3091 3087
f 3091 3092 3087
f 3087 3092 3088
f 2167 2169 3093
f 2169 3094 3093
f 3093 3094 3095
f 3095 3094 3096
f 3094 3097 3096
f 3096 3097 3098
f 3098 3097 3099
f 3097 3100 3099
f 3099 3100 3101
f 3102 3103 3104
f 3104 3105 3102
f 3105 3106 3102
f 3102 3106 3107
f 3108 3109 3110
f 3111 3112 3113
f 3112 3108 3113
f 3113 3108 3114
f 3108 3110 3114
f 3115 3116 3102
f 3116 3117 3102
f 3102 3117 3103
f 3118 2092 2093
f 2093 3119 3118
f 3119 3120 3118
f 3118 3120 3115
f 3120 3121 3115
f 3115 3121 3116
f 3021 3017 3022
f 3017 3016 3022
f 3022 3016 3122
f 3016 3123 3122
f 3122 3123 3124
f 3123 2887 3124
f 2990 2993 2991
f 2993 2992 2991
f 2991 2992 3125
f 2992 3126 3125
f 3125 3126 3127
f 3126 2883 3127
f 2266 2268 3128
f 2268 3129 3128
f 3128 3129 3130
f 3129 3131 3130
f 3130 3131 3132
f 3131 3133 3132
f 3132 3133 3134
f 3133 3135 3134
f 3134 3135 3136
f 3135 3137 3136
f 3136 3137 3138
f 3137 2882 3138
f 2207 2205 3139
f 2205 3140 3139
f 3139 3140 3141
f 3140 3142 3141
f 3141 3142 3143
f 3142 3144 3143
f 3143 3144 3145
f 3144 3146 3145
f 3145 3146 3147
f 3146 3148 3147
f 3147 3148 3149
f 3148 2878 3149
f 2081 2199 2920
f 2199 3150 2920
f 2920 3150 2921
f 3150 3151 2921
f 2921 3151 2924
f 3151 3152 2924
f 2924 3152 2929
f 3152 3153 2929
f 2929 3153 3154
f 3153 3155 3154
f 3154 3155 3156
f 3155 2874 3156
f 2084 2057 3157
f 2057 3158 3157
f 3157 3158 3159
f 3158 3160 3159
f 3159 3160 3161
f 3160 3162 3161
f 3161 3162 3163
f 3162 3164 3163
f 3163 3164 3165
f 3164 3166 3165
f 3165 3166 3167
f 3166 2852 3167
f 2169 2171 3094
f 2171 3168 3094
f 3094 3168 3097
f 3168 3169 3097
f 3097 3169 3100
f 3169 3170 3100
f 3100 3170 3171
f 3170 3172 3171
f 3171 3172 3173
f 3172 3174 3173
f 3173 3174 3175
f 3174 2846 3175
f 2176 2149 3176
f 2149 3089 3176
f 3176 3089 3177
f 3089 3087 3177
f 3177 3087 3178
f 3087 3086 3178
f 3178 3086 3179
f 3086 3180 3179
f 3179 3180 3181
f 3180 3182 3181
f 3181 3182 3183
f 3182 3184 3183
f 2106 2104 3185
f 2104 3186 3185
f 3185 3186 3187
f 3186 3188 3187
f 3187 3188 3189
f 3188 3190 3189
f 3189 3190 3191
f 3190 3192 3191
f 3191 3192 3193
f 3192 3194 3193
f 3193 3194 3195
f 3194 2840 3195
f 2068 2077 3036
f 2077 3196 3036
f 3036 3196 3037
f 3196 3197 3037
f 3037 3197 3040
f 3197 3198 3040
f 3040 3198 3045
f 3198 3199 3045
f 3045 3199 3200
f 3199 3201 3200
f 3200 3201 3202
f 3201 2836 3202
f 2049 2051 3203
f 2051 3204 3203
f 3203 3204 3205
f 3204 3206 3205
f 3205 3206 3207
f 3206 3208 3207
f 3207 3208 3209
f 3208 3210 3209
f 3209 3210 3211
f 3210 3212 3211
f 3211 3212 3213
f 3212 2889 3213
f 3213 2889 900
f 2889 891 900
f 2051 2058 3204
f 2058 3214 3204
f 3204 3214 3206
f 3214 3215 3206
f 3206 3215 3208
f 3215 3216 3208
f 3208 3216 3210
f 3216 3217 3210
f 3210 3217 3212
f 3217 3218 3212
f 3212 3218 2889
f 3218 2888 2889
f 2889 2888 892
f 2888 894 892
f 890 895 3219
f 895 2888 3219
f 3219 2888 3220
f 2888 3218 3220
f 3220 3218 3020
f 3218 3217 3020
f 3020 3217 3025
f 3217 3216 3025
f 3025 3216 3026
f 3216 3215 3026
f 3026 3215 3031
f 3215 3214 3031
f 3031 3214 2060
f 3214 2058 2060
f 3019 3024 3020
f 3024 3022 3020
f 3020 3022 3220
f 3022 3122 3220
f 3220 3122 3219
f 3122 3124 3219
f 3219 3124 890
f 3124 888 890
f 2887 711 3124
f 711 714 3124
f 3124 714 888
f 730 708 3221
f 708 2887 3221
f 3221 2887 3222
f 2887 3123 3222
f 3222 3123 3223
f 3123 3016 3223
f 3223 3016 3224
f 3016 3013 3224
f 3224 3013 3225
f 3013 3010 3225
f 3225 3010 3226
f 3010 3007 3226
f 3226 3007 2257
f 3007 2259 2257
f 2257 2255 3226
f 2255 3227 3226
f 3226 3227 3225
f 3227 3228 3225
f 3225 3228 3224
f 3228 3229 3224
f 3224 3229 3223
f 3229 3230 3223
f 3223 3230 3222
f 3230 3231 3222
f 3222 3231 3221
f 3231 2886 3221
f 3221 2886 730
f 2886 731 730
f 735 733 2885
f 733 2886 2885
f 2885 2886 3232
f 2886 3231 3232
f 3232 3231 3233
f 3231 3230 3233
f 3233 3230 3234
f 3230 3229 3234
f 3234 3229 3235
f 3229 3228 3235
f 3235 3228 3236
f 3228 3227 3236
f 3236 3227 2214
f 3227 2255 2214
f 2214 2213 3236
f 2213 3237 3236
f 3236 3237 3235
f 3237 3238 3235
f 3235 3238 3234
f 3238 3239 3234
f 3234 3239 3233
f 3239 3240 3233
f 3233 3240 3232
f 3240 3241 3232
f 3232 3241 2885
f 3241 2884 2885
f 2885 2884 757
f 2884 758 757
f 756 760 3242
f 760 2884 3242
f 3242 2884 3243
f 2884 3241 3243
f 3243 3241 3244
f 3241 3240 3244
f 3244 3240 3245
f 3240 3239 3245
f 3245 3239 3246
f 3239 3238 3246
f 3246 3238 3247
f 3238 3237 3247
f 3247 3237 2197
f 3237 2213 2197
f 2197 2195 3247
f 2195 3002 3247
f 3247 3002 3246
f 3002 2999 3246
f 3246 2999 3245
f 2999 2986 3245
f 3245 2986 3244
f 2986 2991 3244
f 3244 2991 3243
f 2991 3125 3243
f 3243 3125 3242
f 3125 3127 3242
f 3242 3127 756
f 3127 753 756
f 2883 887 3127
f 887 741 3127
f 3127 741 753
f 883 882 3248
f 882 2883 3248
f 3248 2883 3249
f 2883 3126 3249
f 3249 3126 3250
f 3126 2992 3250
f 3250 2992 2984
f 2992 2996 2984
f 2984 2996 2985
f 2996 2995 2985
f 2264 2266 2978
f 2266 3128 2978
f 2978 3128 2981
f 3128 3130 2981
f 2981 3130 2984
f 3130 3132 2984
f 2984 3132 3250
f 3132 3134 3250
f 3250 3134 3249
f 3134 3136 3249
f 3249 3136 3248
f 3136 3138 3248
f 3248 3138 883
f 3138 885 883
f 2882 880 3138
f 880 886 3138
f 3138 886 885
f 877 881 2881
f 881 2882 2881
f 2881 2882 3251
f 2882 3137 3251
f 3251 3137 3252
f 3137 3135 3252
f 3252 3135 3253
f 3135 3133 3253
f 3253 3133 3254
f 3133 3131 3254
f 3254 3131 3255
f 3131 3129 3255
f 3255 3129 2271
f 3129 2268 2271
f 875 878 3256
f 878 2881 3256
f 3256 2881 3257
f 2881 3251 3257
f 3257 3251 3258
f 3251 3252 3258
f 3258 3252 3259
f 3252 3253 3259
f 3259 3253 3260
f 3253 3254 3260
f 3260 3254 3261
f 3254 3255 3261
f 3261 3255 2269
f 3255 2271 2269
f 2269 2190 3261
f 2190 2973 3261
f 3261 2973 3260
f 2973 2971 3260
f 3260 2971 3259
f 2971 2970 3259
f 3259 2970 3258
f 2970 3262 3258
f 3258 3262 3257
f 3262 3263 3257
f 3257 3263 3256
f 3263 2880 3256
f 3256 2880 875
f 2880 873 875
f 2972 2956 2970
f 2956 2958 2970
f 2970 2958 3262
f 2958 2955 3262
f 3262 2955 3263
f 2955 3264 3263
f 3263 3264 2880
f 3264 2879 2880
f 2880 2879 872
f 2879 870 872
f 867 869 3265
f 869 2879 3265
f 3265 2879 3266
f 2879 3264 3266
f 3266 3264 2968
f 3264 2955 2968
f 2968 2955 2966
f 2955 2954 2966
f 2209 2207 2949
f 2207 3139 2949
f 2949 3139 2950
f 3139 3141 2950
f 2950 3141 2963
f 3141 3143 2963
f 2963 3143 2968
f 3143 3145 2968
f 2968 3145 3266
f 3145 3147 3266
f 3266 3147 3265
f 3147 3149 3265
f 3265 3149 867
f 3149 862 867
f 2878 865 3149
f 865 863 3149
f 3149 863 862
f 858 866 2877
f 866 2878 2877
f 2877 2878 3267
f 2878 3148 3267
f 3267 3148 3268
f 3148 3146 3268
f 3268 3146 3269
f 3146 3144 3269
f 3269 3144 3270
f 3144 3142 3270
f 3270 3142 3271
f 3142 3140 3271
f 3271 3140 2088
f 3140 2205 2088
f 861 860 3272
f 860 2877 3272
f 3272 2877 3273
f 2877 3267 3273
f 3273 3267 3274
f 3267 3268 3274
f 3274 3268 3275
f 3268 3269 3275
f 3275 3269 3276
f 3269 3270 3276
f 3276 3270 3277
f 3270 3271 3277
f 3277 3271 2087
f 3271 2088 2087
f 2087 2120 3277
f 2120 3278 3277
f 3277 3278 3276
f 3278 3279 3276
f 3276 3279 3275
f 3279 3280 3275
f 3275 3280 3274
f 3280 3281 3274
f 3274 3281 3273
f 3281 3282 3273
f 3273 3282 3272
f 3282 2876 3272
f 3272 2876 861
f 2876 856 861
f 2120 2122 3278
f 2122 2944 3278
f 3278 2944 3279
f 2944 2941 3279
f 3279 2941 3280
f 2941 2934 3280
f 3280 2934 3281
f 2934 2933 3281
f 3281 2933 3282
f 2933 3283 3282
f 3282 3283 2876
f 3283 2875 2876
f 2876 2875 855
f 2875 853 855
f 781 782 3284
f 782 2875 3284
f 3284 2875 3285
f 2875 3283 3285
f 3285 3283 2938
f 3283 2933 2938
f 2938 2933 2936
f 2933 2935 2936
f 2940 2927 2938
f 2927 2929 2938
f 2938 2929 3285
f 2929 3154 3285
f 3285 3154 3284
f 3154 3156 3284
f 3284 3156 781
f 3156 777 781
f 2874 794 3156
f 794 775 3156
f 3156 775 777
f 2199 2229 3150
f 2229 3286 3150
f 3150 3286 3151
f 3286 3287 3151
f 3151 3287 3152
f 3287 3288 3152
f 3152 3288 3153
f 3288 3289 3153
f 3153 3289 3155
f 3289 3290 3155
f 3155 3290 2874
f 3290 2873 2874
f 2874 2873 792
f 2873 2872 792
f 2869 2871 2870
f 2871 2873 2870
f 2870 2873 3291
f 2873 3290 3291
f 3291 3290 3292
f 3290 3289 3292
f 3292 3289 3293
f 3289 3288 3293
f 3293 3288 3294
f 3288 3287 3294
f 3294 3287 3295
f 3287 3286 3295
f 3295 3286 2181
f 3286 2229 2181
f 3296 2868 3297
f 2868 2870 3297
f 3297 2870 3298
f 2870 3291 3298
f 3298 3291 3299
f 3291 3292 3299
f 3299 3292 3300
f 3292 3293 3300
f 3300 3293 3301
f 3293 3294 3301
f 3301 3294 3302
f 3294 3295 3302
f 3302 3295 2180
f 3295 2181 2180
f 2180 2215 3302
f 2215 3303 3302
f 3302 3303 3301
f 3303 3304 3301
f 3301 3304 3300
f 3304 3305 3300
f 3300 3305 3299
f 3305 3306 3299
f 3299 3306 3298
f 3306 3307 3298
f 3298 3307 3297
f 3307 2867 3297
f 3297 2867 3296
f 2867 2866 3296
f 2215 2217 3303
f 2217 2915 3303
f 3303 2915 3304
f 2915 2910 3304
f 3304 2910 3305
f 2910 2909 3305
f 3305 2909 3306
f 2909 2904 3306
f 3306 2904 3307
f 2904 3308 3307
f 3307 3308 2867
f 3308 2864 2867
f 2867 2864 2865
f 2864 2863 2865
f 3309 2862 3310
f 2862 2864 3310
f 3310 2864 3311
f 2864 3308 3311
f 3311 3308 2906
f 3308 2904 2906
f 2906 2904 2908
f 2904 2903 2908
f 2905 2901 2906
f 2901 2900 2906
f 2906 2900 3311
f 2900 3312 3311
f 3311 3312 3310
f 3312 2861 3310
f 3310 2861 3309
f 2861 2860 3309
f 2857 2859 2858
f 2859 2861 2858
f 2858 2861 3313
f 2861 3312 3313
f 3313 3312 3314
f 3312 2900 3314
f 3314 2900 3315
f 2900 2897 3315
f 3315 2897 3316
f 2897 2894 3316
f 3316 2894 3317
f 2894 2891 3317
f 3317 2891 2095
f 2891 2097 2095
f 2095 2094 3317
f 2094 3318 3317
f 3317 3318 3316
f 3318 3319 3316
f 3316 3319 3315
f 3319 3320 3315
f 3315 3320 3314
f 3320 3321 3314
f 3314 3321 3313
f 3321 3322 3313
f 3313 3322 2858
f 3322 2855 2858
f 2858 2855 2856
f 2855 2854 2856
f 3323 2853 3324
f 2853 2855 3324
f 3324 2855 3325
f 2855 3322 3325
f 3325 3322 3326
f 3322 3321 3326
f 3326 3321 3327
f 3321 3320 3327
f 3327 3320 3328
f 3320 3319 3328
f 3328 3319 3329
f 3319 3318 3329
f 3329 3318 2052
f 3318 2094 2052
f 2052 2084 3329
f 2084 3157 3329
f 3329 3157 3328
f 3157 3159 3328
f 3328 3159 3327
f 3159 3161 3327
f 3327 3161 3326
f 3161 3163 3326
f 3326 3163 3325
f 3163 3165 3325
f 3325 3165 3324
f 3165 3167 3324
f 3324 3167 3323
f 3167 3330 3323
f 2852 2851 3167
f 2851 3331 3167
f 3167 3331 3330
f 2057 2092 3158
f 2092 3118 3158
f 3158 3118 3160
f 3118 3115 3160
f 3160 3115 3162
f 3115 3102 3162
f 3162 3102 3164
f 3102 3107 3164
f 3164 3107 3166
f 3107 3332 3166
f 3166 3332 2852
f 3332 2849 2852
f 2852 2849 2850
f 2849 2848 2850
f 3333 2847 3334
f 2847 2849 3334
f 3334 2849 3335
f 2849 3332 3335
f 3335 3332 3108
f 3332 3107 3108
f 3108 3107 3109
f 3107 3106 3109
f 3111 3101 3112
f 3101 3100 3112
f 3112 3100 3108
f 3100 3171 3108
f 3108 3171 3335
f 3171 3173 3335
f 3335 3173 3334
f 3173 3175 3334
f 3334 3175 3333
f 3175 3336 3333
f 2846 2845 3175
f 2845 3337 3175
f 3175 3337 3336
f 2842 2844 2843
f 2844 2846 2843
f 2843 2846 3338
f 2846 3174 3338
f 3338 3174 3339
f 3174 3172 3339
f 3339 3172 3340
f 3172 3170 3340
f 3340 3170 3341
f 3170 3169 3341
f 3341 3169 3342
f 3169 3168 3342
f 3342 3168 2172
f 3168 2171 2172
f 3343 2841 3344
f 2841 2843 3344
f 3344 2843 3345
f 2843 3338 3345
f 3345 3338 3346
f 3338 3339 3346
f 3346 3339 3347
f 3339 3340 3347
f 3347 3340 3348
f 3340 3341 3348
f 3348 3341 3349
f 3341 3342 3349
f 3349 3342 2135
f 3342 2172 2135
f 2135 2176 3349
f 2176 3176 3349
f 3349 3176 3348
f 3176 3177 3348
f 3348 3177 3347
f 3177 3178 3347
f 3347 3178 3346
f 3178 3179 3346
f 3346 3179 3345
f 3179 3181 3345
f 3345 3181 3344
f 3181 3183 3344
f 3344 3183 3343
f 3183 3350 3343
f 822 849 3351
f 849 3184 3351
f 3351 3184 3352
f 3184 3182 3352
f 3352 3182 3071
f 3182 3180 3071
f 3071 3180 3074
f 3180 3086 3074
f 3074 3086 3072
f 3086 3088 3072
f 849 806 3184
f 806 810 3184
f 3184 810 3183
f 810 815 3183
f 3183 815 3350
f 921 822 3353
f 822 3351 3353
f 3353 3351 3354
f 3351 3352 3354
f 3354 3352 3084
f 3352 3071 3084
f 3084 3071 3082
f 3071 3070 3082
f 2108 2106 3065
f 2106 3185 3065
f 3065 3185 3066
f 3185 3187 3066
f 3066 3187 3079
f 3187 3189 3079
f 3079 3189 3084
f 3189 3191 3084
f 3084 3191 3354
f 3191 3193 3354
f 3354 3193 3353
f 3193 3195 3353
f 3353 3195 921
f 3195 922 921
f 2840 919 3195
f 919 923 3195
f 3195 923 922
f 916 920 2839
f 920 2840 2839
f 2839 2840 3355
f 2840 3194 3355
f 3355 3194 3356
f 3194 3192 3356
f 3356 3192 3357
f 3192 3190 3357
f 3357 3190 3358
f 3190 3188 3358
f 3358 3188 3359
f 3188 3186 3359
f 3359 3186 2045
f 3186 2104 2045
f 914 917 3360
f 917 2839 3360
f 3360 2839 3361
f 2839 3355 3361
f 3361 3355 3362
f 3355 3356 3362
f 3362 3356 3363
f 3356 3357 3363
f 3363 3357 3364
f 3357 3358 3364
f 3364 3358 3365
f 3358 3359 3365
f 3365 3359 2044
f 3359 2045 2044
f 2044 2063 3365
f 2063 3366 3365
f 3365 3366 3364
f 3366 3367 3364
f 3364 3367 3363
f 3367 3368 3363
f 3363 3368 3362
f 3368 3369 3362
f 3362 3369 3361
f 3369 3370 3361
f 3361 3370 3360
f 3370 2838 3360
f 3360 2838 914
f 2838 912 914
f 2063 2065 3366
f 2065 3060 3366
f 3366 3060 3367
f 3060 3057 3367
f 3367 3057 3368
f 3057 3050 3368
f 3368 3050 3369
f 3050 3049 3369
f 3369 3049 3370
f 3049 3371 3370
f 3370 3371 2838
f 3371 2837 2838
f 2838 2837 911
f 2837 909 911
f 905 904 3372
f 904 2837 3372
f 3372 2837 3373
f 2837 3371 3373
f 3373 3371 3054
f 3371 3049 3054
f 3054 3049 3052
f 3049 3051 3052
f 3056 3043 3054
f 3043 3045 3054
f 3054 3045 3373
f 3045 3200 3373
f 3373 3200 3372
f 3200 3202 3372
f 3372 3202 905
f 3202 907 905
f 2836 902 3202
f 902 908 3202
f 3202 908 907
f 897 903 2835
f 903 2836 2835
f 2835 2836 3374
f 2836 3201 3374
f 3374 3201 3375
f 3201 3199 3375
f 3375 3199 3376
f 3199 3198 3376
f 3376 3198 3377
f 3198 3197 3377
f 3377 3197 3378
f 3197 3196 3378
f 3378 3196 2078
f 3196 2077 2078
f 900 899 3213
f 899 2835 3213
f 3213 2835 3211
f 2835 3374 3211
f 3211 3374 3209
f 3374 3375 3209
f 3209 3375 3207
f 3375 3376 3207
f 3207 3376 3205
f 3376 3377 3205
f 3205 3377 3203
f 3377 3378 3203
f 3203 3378 2049
f 3378 2078 2049
f 3379 3380 3381
f 3380 3382 3381
f 3383 3384 3385
f 3384 3386 3385
f 3387 3388 3389
f 3388 3390 3389
f 3389 3390 3391
f 3392 3393 3394
f 3393 3395 3394
f 3394 3395 3396
f 3395 3397 3396
f 3396 3397 3398
f 3399 3400 3401
f 3400 3402 3401
f 3401 3402 3403
f 3402 3404 3403
f 3403 3404 3405
f 3404 3406 3405
f 3405 3406 3407
f 3406 3408 3407
f 3407 3408 3409
f 3408 3410 3409
f 3409 3410 3392
f 3410 3411 3392
f 3392 3411 3393
f 3412 3413 3399
f 3413 3400 3399
f 3413 3412 3414
f 3413 3414 3415
f 3414 3416 3415
f 3415 3416 3417
f 3416 3418 3417
f 3417 3418 3419
f 3418 3420 3419
f 3419 3420 3421
f 3420 3422 3421
f 3421 3422 3423
f 3422 3424 3423
f 3423 3424 3425
f 3424 3426 3425
f 3425 3426 3427
f 3427 3426 3428
f 3426 3429 3428
f 3428 3429 3430
f 3431 3432 3433
f 3432 3434 3433
f 3433 3434 3435
f 3434 3391 3435
f 3435 3391 3390
f 3436 3437 3438
f 3437 3439 3438
f 3438 3439 3440
f 3439 3441 3440
f 3440 3441 3442
f 3441 3443 3442
f 3442 3443 3444
f 3443 3445 3444
f 3444 3445 3446
f 3445 3447 3446
f 3446 3447 3431
f 3447 3448 3431
f 3431 3448 3432
f 3449 3450 3436
f 3450 3437 3436
f 3450 3449 3451
f 3450 3451 3452
f 3451 3453 3452
f 3452 3453 3454
f 3453 3455 3454
f 3454 3455 3456
f 3455 3457 3456
f 3456 3457 3458
f 3457 3459 3458
f 3458 3459 3460
f 3459 3461 3460
f 3460 3461 3462
f 3461 3463 3462
f 3462 3463 3464
f 3464 3463 3465
f 3463 3466 3465
f 3465 3466 3467
f 3466 3468 3467
f 3467 3468 3469
f 3468 3470 3469
f 3469 3470 3471
f 3470 3398 3471
f 3471 3398 3397
f 3430 3429 3472
f 3430 3472 3473
f 3472 3474 3473
f 3473 3474 3475
f 3474 3476 3475
f 3475 3476 3477
f 3476 3478 3477
f 3477 3478 3479
f 3478 3480 3479
f 3479 3480 3481
f 3480 3482 3481
f 3481 3482 3483
f 3482 3385 3483
f 3483 3385 3386
f 3380 3379 3484
f 3380 3484 3485
f 3484 3486 3485
f 3485 3486 3487
f 3486 3488 3487
f 3487 3488 3489
f 3488 3490 3489
f 3489 3490 3491
f 3490 3492 3491
f 3491 3492 3493
f 3492 3494 3493
f 3493 3494 3495
f 3494 3388 3495
f 3495 3388 3387
f 3496 3497 3498
f 3497 3499 3498
f 3498 3499 3500
f 3499 3501 3500
f 3500 3501 3502
f 3501 3503 3502
f 3502 3503 3504
f 3496 3505 3497
f 3505 3506 3497
f 3497 3506 3507
f 3507 3508 3497
f 3508 3509 3497
f 3497 3509 3510
f 3510 3511 3497
f 3511 3512 3497
f 3497 3512 3513
f 3504 3503 3514
f 3503 3515 3514
f 3514 3515 3516
f 3515 3517 3516
f 3516 3517 3518
f 3519 3520 3521
f 3520 3522 3521
f 3518 3523 3516
f 3523 3524 3516
f 3516 3524 3520
f 3519 3525 3520
f 3525 3526 3520
f 3520 3526 3516
f 3527 3528 3529
f 3528 3530 3529
f 3529 3530 3531
f 3530 3532 3531
f 3531 3532 3533
f 3532 3534 3533
f 3533 3534 3535
f 3534 3536 3535
f 3535 3536 3537
f 3536 3538 3537
f 3537 3538 3539
f 3538 3540 3539
f 3539 3540 3541
f 3540 3542 3541
f 3541 3542 3543
f 3542 3544 3543
f 3543 3544 3545
f 3544 3546 3545
f 3545 3546 3547
f 3546 3548 3547
f 3547 3548 3549
f 3548 3550 3549
f 3549 3550 3551
f 3550 3552 3551
f 3551 3552 3553
f 3552 3554 3553
f 3553 3554 3555
f 3554 3556 3555
f 3555 3556 3557
f 3556 3558 3557
f 3557 3558 3559
f 3558 3560 3559
f 3559 3560 3561
f 3559 3561 3562
f 3561 3563 3562
f 3562 3563 3564
f 3563 3565 3564
f 3564 3565 3566
f 3566 3565 3567
f 3565 3568 3567
f 3567 3568 3569
f 3568 3570 3569
f 3569 3570 3571
f 3570 3572 3571
f 3571 3572 3573
f 3572 3574 3573
f 3573 3574 3575
f 3574 3576 3575
f 3575 3576 3577
f 3576 3578 3577
f 3577 3578 3579
f 3578 3580 3579
f 3579 3580 3581
f 3580 3582 3581
f 3581 3582 3583
f 3582 3584 3583
f 3583 3584 3585
f 3584 3586 3585
f 3585 3586 3587
f 3586 3588 3587
f 3587 3588 3527
f 3588 3528 3527
f 3589 3590 3591
f 3590 3592 3591
f 3591 3592 3593
f 3592 3594 3593
f 3593 3594 3595
f 3594 3596 3595
f 3589 3597 3590
f 3597 3598 3590
f 3590 3598 3599
f 3600 3601 3602
f 3601 3603 3602
f 3602 3603 3604
f 3605 3606 3607
f 3599 3608 3590
f 3608 3609 3590
f 3590 3609 3610
f 3594 3611 3596
f 3611 3612 3596
f 3596 3612 3602
f 3612 3613 3602
f 3602 3613 3600
f 3605 3607 3603
f 3607 3614 3603
f 3603 3614 3604
f 3615 3590 3616
f 3590 3617 3616
f 3610 3618 3590
f 3618 3619 3590
f 3590 3619 3617
f 3620 3621 3622
f 3621 3623 3622
f 3622 3623 3624
f 3623 3625 3624
f 3624 3625 3626
f 3625 3627 3626
f 3626 3627 3628
f 3627 3629 3628
f 3628 3629 3630
f 3629 3631 3630
f 3630 3631 3632
f 3631 3633 3632
f 3632 3633 3634
f 3633 3635 3634
f 3634 3635 3636
f 3635 3637 3636
f 3636 3637 3638
f 3637 3639 3638
f 3638 3639 3640
f 3639 3641 3640
f 3640 3641 3642
f 3641 3643 3642
f 3642 3643 3644
f 3643 3645 3644
f 3644 3645 3646
f 3645 3647 3646
f 3646 3647 3648
f 3647 3649 3648
f 3648 3649 3650
f 3649 3651 3650
f 3650 3651 3652
f 3651 3653 3652
f 3652 3653 3654
f 3652 3654 3655
f 3654 3656 3655
f 3655 3656 3657
f 3656 3658 3657
f 3657 3658 3659
f 3659 3658 3660
f 3658 3661 3660
f 3660 3661 3662
f 3661 3663 3662
f 3662 3663 3664
f 3663 3665 3664
f 3664 3665 3666
f 3665 3667 3666
f 3666 3667 3668
f 3667 3669 3668
f 3668 3669 3670
f 3669 3671 3670
f 3670 3671 3672
f 3671 3673 3672
f 3672 3673 3674
f 3673 3675 3674
f 3674 3675 3676
f 3675 3677 3676
f 3676 3677 3678
f 3677 3679 3678
f 3678 3679 3680
f 3679 3681 3680
f 3680 3681 3620
f 3681 3621 3620
f 3682 3683 3684
f 3683 3685 3684
f 3685 3683 3686
f 3683 3687 3686
f 3686 3687 3688
f 3687 3689 3688
f 3688 3689 3690
f 3690 3689 3691
f 3689 3692 3691
f 3691 3692 3693
f 3694 3695 3696
f 3684 3697 3682
f 3697 3698 3682
f 3682 3698 3699
f 3699 3700 3682
f 3700 3701 3682
f 3682 3701 3702
f 3692 3703 3693
f 3703 3704 3693
f 3693 3704 3705
f 3702 3706 3682
f 3706 3707 3682
f 3682 3707 3708
f 3705 3709 3693
f 3709 3710 3693
f 3693 3710 3711
f 3711 3710 3696
f 3710 3712 3696
f 3696 3712 3694
f 3713 3714 3715
f 3714 3716 3715
f 3715 3716 3717
f 3716 3718 3717
f 3717 3718 3719
f 3718 3720 3719
f 3719 3720 3721
f 3720 3722 3721
f 3721 3722 3723
f 3722 3724 3723
f 3723 3724 3725
f 3724 3726 3725
f 3725 3726 3727
f 3726 3728 3727
f 3727 3728 3729
f 3728 3730 3729
f 3729 3730 3731
f 3730 3732 3731
f 3731 3732 3733
f 3732 3734 3733
f 3733 3734 3735
f 3734 3736 3735
f 3735 3736 3737
f 3736 3738 3737
f 3737 3738 3739
f 3738 3740 3739
f 3739 3740 3741
f 3740 3742 3741
f 3741 3742 3743
f 3742 3744 3743
f 3743 3744 3745
f 3744 3746 3745
f 3745 3746 3747
f 3745 3747 3748
f 3747 3749 3748
f 3748 3749 3750
f 3749 3751 3750
f 3750 3751 3752
f 3752 3751 3753
f 3751 3754 3753
f 3753 3754 3755
f 3754 3756 3755
f 3755 3756 3757
f 3756 3758 3757
f 3757 3758 3759
f 3758 3760 3759
f 3759 3760 3761
f 3760 3762 3761
f 3761 3762 3763
f 3762 3764 3763
f 3763 3764 3765
f 3764 3766 3765
f 3765 3766 3767
f 3766 3768 3767
f 3767 3768 3769
f 3768 3770 3769
f 3769 3770 3771
f 3770 3772 3771
f 3771 3772 3773
f 3772 3774 3773
f 3773 3774 3713
f 3774 3714 3713
f 3775 3776 3777
f 3776 3778 3777
f 3777 3778 3779
f 3778 3780 3779
f 3779 3780 3781
f 3780 3782 3781
f 3781 3782 3783
f 3782 3784 3783
f 3783 3784 3785
f 3784 3786 3785
f 3785 3786 3787
f 3786 3788 3787
f 3787 3788 3789
f 3788 3790 3789
f 3789 3790 3791
f 3790 3792 3791
f 3791 3792 3793
f 3792 3794 3793
f 3793 3794 3795
f 3794 3796 3795
f 3795 3796 3797
f 3796 3798 3797
f 3797 3798 3799
f 3798 3800 3799
f 3799 3800 3801
f 3800 3802 3801
f 3801 3802 3803
f 3802 3804 3803
f 3803 3804 3805
f 3804 3806 3805
f 3805 3806 3807
f 3806 3808 3807
f 3776 3775 3809
f 3776 3809 3810
f 3809 3811 3810
f 3810 3811 3812
f 3811 3813 3812
f 3812 3813 3814
f 3807 3808 3815
f 3808 3816 3815
f 3815 3816 3817
f 3816 3818 3817
f 3817 3818 3819
f 3818 3820 3819
f 3819 3820 3821
f 3820 3822 3821
f 3821 3822 3823
f 3822 3824 3823
f 3823 3824 3825
f 3824 3826 3825
f 3825 3826 3827
f 3826 3828 3827
f 3827 3828 3829
f 3828 3830 3829
f 3829 3830 3831
f 3830 3832 3831
f 3831 3832 3833
f 3832 3834 3833
f 3833 3834 3835
f 3834 3836 3835
f 3835 3836 3813
f 3836 3814 3813
f 3837 3838 3839
f 3840 3841 3842
f 3841 3843 3842
f 3842 3843 3844
f 3843 3845 3844
f 3844 3845 3846
f 3845 3847 3846
f 3846 3847 3848
f 3847 3849 3848
f 3848 3849 3850
f 3849 3851 3850
f 3850 3851 3852
f 3851 3853 3852
f 3852 3853 3854
f 3853 3855 3854
f 3839 3856 3837
f 3856 3857 3837
f 3837 3857 3858
f 3857 3859 3858
f 3858 3859 3860
f 3859 3861 3860
f 3860 3861 3862
f 3861 3863 3862
f 3862 3863 3855
f 3863 3864 3855
f 3855 3864 3854
f 3865 3866 3867
f 3866 3868 3867
f 3867 3868 3869
f 3868 3870 3869
f 3869 3870 3871
f 3870 3872 3871
f 3871 3872 3873
f 3872 3841 3873
f 3873 3841 3840
f 3839 3838 3874
f 3839 3874 3875
f 3874 3876 3875
f 3875 3876 3877
f 3876 3878 3877
f 3877 3878 3879
f 3879 3878 3880
f 3878 3881 3880
f 3880 3881 3882
f 3881 3883 3882
f 3882 3883 3884
f 3883 3885 3884
f 3884 3885 3886
f 3885 3887 3886
f 3886 3887 3888
f 3887 3889 3888
f 3888 3889 3890
f 3889 3891 3890
f 3866 3865 3892
f 3865 3893 3892
f 3892 3893 3894
f 3893 3895 3894
f 3894 3895 3896
f 3895 3897 3896
f 3896 3897 3898
f 3897 3899 3898
f 3898 3899 3900
f 3899 3901 3900
f 3900 3901 3891
f 3901 3902 3891
f 3891 3902 3890
f 3903 3904 3905
f 3904 3906 3905
f 3905 3906 3907
f 3906 3908 3907
f 3907 3908 3909
f 3908 3910 3909
f 3909 3910 3911
f 3910 3912 3911
f 3911 3912 3913
f 3912 3914 3913
f 3913 3914 3915
f 3914 3916 3915
f 3917 3918 3919
f 3918 3920 3919
f 3919 3920 3921
f 3920 3922 3921
f 3921 3922 3923
f 3922 3924 3923
f 3923 3924 3925
f 3924 3926 3925
f 3925 3926 3927
f 3926 3928 3927
f 3927 3928 3916
f 3928 3929 3916
f 3916 3929 3915
f 3930 3931 3932
f 3930 3932 3933
f 3932 3934 3933
f 3933 3934 3935
f 3934 3904 3935
f 3935 3904 3903
f 3936 3937 3938
f 3937 3939 3938
f 3938 3939 3940
f 3939 3941 3940
f 3940 3941 3942
f 3941 3943 3942
f 3942 3943 3917
f 3943 3918 3917
f 3937 3936 3944
f 3936 3945 3944
f 3944 3945 3946
f 3945 3947 3946
f 3946 3947 3948
f 3947 3949 3948
f 3948 3949 3950
f 3949 3951 3950
f 3950 3951 3952
f 3951 3953 3952
f 3952 3953 3954
f 3953 3955 3954
f 3954 3955 3956
f 3955 3957 3956
f 3931 3930 3958
f 3930 3959 3958
f 3958 3959 3960
f 3959 3961 3960
f 3960 3961 3962
f 3961 3963 3962
f 3962 3963 3964
f 3963 3965 3964
f 3964 3965 3957
f 3965 3966 3957
f 3957 3966 3956
f 3967 3968 3969
f 3968 3970 3969
f 3969 3970 3971
f 3970 3972 3971
f 3971 3972 3973
f 3972 3974 3973
f 3973 3974 3975
f 3974 3976 3975
f 3975 3976 3977
f 3976 3978 3977
f 3977 3978 3979
f 3978 3980 3979
f 3979 3980 3981
f 3980 3982 3981
f 3981 3982 3983
f 3982 3984 3983
f 3983 3984 3985
f 3984 3986 3985
f 3985 3986 3987
f 3986 3988 3987
f 3987 3988 3989
f 3988 3990 3989
f 3989 3990 3991
f 3990 3992 3991
f 3991 3992 3993
f 3992 3994 3993
f 3993 3994 3995
f 3994 3996 3995
f 3995 3996 3997
f 3996 3998 3997
f 3997 3998 3999
f 3998 4000 3999
f 3999 4000 4001
f 4000 4002 4001
f 4001 4002 4003
f 4002 4004 4003
f 4003 4004 4005
f 4004 4006 4005
f 4005 4006 4007
f 4006 4008 4007
f 4007 4008 4009
f 4008 4010 4009
f 4009 4010 4011
f 4010 4012 4011
f 4011 4012 4013
f 4012 4014 4013
f 4013 4014 3967
f 4014 3968 3967
f 4015 4016 4017
f 4016 4018 4017
f 4017 4018 4019
f 4018 4020 4019
f 4019 4020 4021
f 4020 4022 4021
f 4021 4022 4023
f 4022 4024 4023
f 4023 4024 4025
f 4024 4026 4025
f 4025 4026 4027
f 4026 4028 4027
f 4027 4028 4029
f 4028 4030 4029
f 4029 4030 4031
f 4030 4032 4031
f 4031 4032 4033
f 4032 4034 4033
f 4033 4034 4035
f 4034 4036 4035
f 4035 4036 4037
f 4036 4038 4037
f 4037 4038 4039
f 4038 4040 4039
f 4039 4040 4041
f 4040 4042 4041
f 4041 4042 4043
f 4042 4044 4043
f 4043 4044 4045
f 4044 4046 4045
f 4045 4046 4047
f 4046 4048 4047
f 4047 4048 4049
f 4048 4050 4049
f 4049 4050 4051
f 4050 4052 4051
f 4051 4052 4053
f 4052 4054 4053
f 4053 4054 4055
f 4054 4056 4055
f 4055 4056 4057
f 4056 4058 4057
f 4057 4058 4059
f 4058 4060 4059
f 4059 4060 4061
f 4060 4062 4061
f 4061 4062 4015
f 4062 4016 4015
f 4063 4064 4065
f 4064 4066 4065
f 4065 4066 4067
f 4066 4068 4067
f 4067 4068 4069
f 4068 4070 4069
f 4069 4070 4071
f 4070 4072 4071
f 4071 4072 4073
f 4072 4074 4073
f 4073 4074 4075
f 4074 4076 4075
f 4075 4076 4077
f 4076 4078 4077
f 4077 4078 4079
f 4078 4080 4079
f 4079 4080 4081
f 4080 4082 4081
f 4081 4082 4083
f 4082 4084 4083
f 4083 4084 4085
f 4084 4086 4085
f 4085 4086 4087
f 4086 4088 4087
f 4087 4088 4089
f 4088 4090 4089
f 4089 4090 4091
f 4090 4092 4091
f 4091 4092 4093
f 4092 4094 4093
f 4093 4094 4095
f 4094 4096 4095
f 4095 4096 4097
f 4096 4098 4097
f 4097 4098 4099
f 4098 4100 4099
f 4099 4100 4101
f 4100 4102 4101
f 4101 4102 4103
f 4102 4104 4103
f 4103 4104 4105
f 4104 4106 4105
f 4105 4106 4107
f 4106 4108 4107
f 4107 4108 4109
f 4108 4110 4109
f 4109 4110 4063
f 4110 4064 4063
f 4111 4112 4113
f 4112 4114 4113
f 4113 4114 4115
f 4114 4116 4115
f 4115 4116 4117
f 4116 4118 4117
f 4117 4118 4119
f 4118 4120 4119
f 4119 4120 4121
f 4120 4122 4121
f 4121 4122 4123
f 4122 4124 4123
f 4123 4124 4125
f 4124 4126 4125
f 4125 4126 4127
f 4126 4128 4127
f 4127 4128 4129
f 4128 4130 4129
f 4129 4130 4131
f 4130 4132 4131
f 4131 4132 4133
f 4132 4134 4133
f 4133 4134 4135
f 4134 4136 4135
f 4135 4136 4137
f 4136 4138 4137
f 4137 4138 4139
f 4138 4140 4139
f 4139 4140 4141
f 4140 4142 4141
f 4141 4142 4143
f 4142 4144 4143
f 4143 4144 4145
f 4144 4146 4145
f 4145 4146 4147
f 4146 4148 4147
f 4147 4148 4149
f 4148 4150 4149
f 4149 4150 4151
f 4150 4152 4151
f 4151 4152 4153
f 4152 4154 4153
f 4153 4154 4155
f 4154 4156 4155
f 4155 4156 4157
f 4156 4158 4157
f 4157 4158 4111
f 4158 4112 4111
f 4159 4160 4161
f 4160 4162 4161
f 4161 4162 4163
f 4162 4164 4163
f 4163 4164 4165
f 4164 4166 4165
f 4165 4166 4167
f 4166 4168 4167
f 4167 4168 4169
f 4168 4170 4169
f 4169 4170 4171
f 4170 4172 4171
f 4171 4172 4173
f 4172 4174 4173
f 4173 4174 4175
f 4174 4176 4175
f 4175 4176 4177
f 4176 4178 4177
f 4177 4178 4179
f 4178 4180 4179
f 4179 4180 4181
f 4180 4182 4181
f 4181 4182 4183
f 4182 4184 4183
f 4183 4184 4185
f 4184 4186 4185
f 4185 4186 4187
f 4186 4188 4187
f 4187 4188 4189
f 4188 4190 4189
f 4189 4190 4191
f 4190 4192 4191
f 4191 4192 4193
f 4192 4194 4193
f 4193 4194 4195
f 4194 4196 4195
f 4195 4196 4197
f 4196 4198 4197
f 4197 4198 4199
f 4198 4200 4199
f 4199 4200 4201
f 4200 4202 4201
f 4201 4202 4203
f 4202 4204 4203
f 4203 4204 4205
f 4204 4206 4205
f 4205 4206 4159
f 4206 4160 4159
f 4207 4208 4209
f 4208 4210 4209
f 4209 4210 4211
f 4210 4212 4211
f 4211 4212 4213
f 4212 4214 4213
f 4213 4214 4215
f 4214 4216 4215
f 4215 4216 4217
f 4216 4218 4217
f 4217 4218 4219
f 4218 4220 4219
f 4219 4220 4221
f 4220 4222 4221
f 4221 4222 4223
f 4222 4224 4223
f 4223 4224 4225
f 4224 4226 4225
f 4225 4226 4227
f 4226 4228 4227
f 4227 4228 4229
f 4228 4230 4229
f 4229 4230 4231
f 4230 4232 4231
f 4231 4232 4233
f 4232 4234 4233
f 4233 4234 4235
f 4234 4236 4235
f 4235 4236 4237
f 4236 4238 4237
f 4237 4238 4239
f 4238 4240 4239
f 4239 4240 4241
f 4240 4242 4241
f 4241 4242 4243
f 4242 4244 4243
f 4243 4244 4245
f 4244 4246 4245
f 4245 4246 4247
f 4246 4248 4247
f 4247 4248 4249
f 4248 4250 4249
f 4249 4250 4251
f 4250 4252 4251
f 4251 4252 4253
f 4252 4254 4253
f 4253 4254 4207
f 4254 4208 4207
f 4255 4256 4257
f 4256 4258 4257
f 4257 4258 4259
f 4258 4260 4259
f 4259 4260 4261
f 4260 4262 4261
f 4261 4262 4263
f 4262 4264 4263
f 4263 4264 4265
f 4264 4266 4265
f 4265 4266 4267
f 4266 4268 4267
f 4267 4268 4269
f 4268 4270 4269
f 4269 4270 4271
f 4270 4272 4271
f 4271 4272 4273
f 4272 4274 4273
f 4273 4274 4275
f 4274 4276 4275
f 4275 4276 4277
f 4276 4278 4277
f 4277 4278 4279
f 4278 4280 4279
f 4279 4280 4281
f 4280 4282 4281
f 4281 4282 4283
f 4282 4284 4283
f 4283 4284 4285
f 4284 4286 4285
f 4285 4286 4287
f 4286 4288 4287
f 4287 4288 4289
f 4288 4290 4289
f 4289 4290 4291
f 4290 4292 4291
f 4291 4292 4293
f 4292 4294 4293
f 4293 4294 4295
f 4294 4296 4295
f 4295 4296 4297
f 4296 4298 4297
f 4297 4298 4299
f 4298 4300 4299
f 4299 4300 4301
f 4300 4302 4301
f 4301 4302 4255
f 4302 4256 4255
f 4303 4304 4305
f 4304 4306 4305
f 4305 4306 4307
f 4306 4308 4307
f 4307 4308 4309
f 4308 4310 4309
f 4309 4310 4311
f 4310 4312 4311
f 4311 4312 4313
f 4312 4314 4313
f 4313 4314 4315
f 4314 4316 4315
f 4315 4316 4317
f 4316 4318 4317
f 4317 4318 4319
f 4318 4320 4319
f 4319 4320 4321
f 4320 4322 4321
f 4321 4322 4323
f 4322 4324 4323
f 4323 4324 4325
f 4324 4326 4325
f 4325 4326 4327
f 4326 4328 4327
f 4327 4328 4329
f 4328 4330 4329
f 4329 4330 4331
f 4330 4332 4331
f 4331 4332 4333
f 4332 4334 4333
f 4333 4334 4335
f 4334 4336 4335
f 4335 4336 4337
f 4336 4338 4337
f 4337 4338 4339
f 4338 4340 4339
f 4339 4340 4341
f 4340 4342 4341
f 4341 4342 4343
f 4342 4344 4343
f 4343 4344 4345
f 4344 4346 4345
f 4345 4346 4347
f 4346 4348 4347
f 4347 4348 4349
f 4348 4350 4349
f 4349 4350 4303
f 4350 4304 4303
f 4351 4352 4353
f 4352 4354 4353
f 4353 4354 4355
f 4354 4356 4355
f 4355 4356 4357
f 4356 4358 4357
f 4357 4358 4359
f 4358 4360 4359
f 4359 4360 4361
f 4360 4362 4361
f 4361 4362 4363
f 4362 4364 4363
f 4363 4364 4365
f 4364 4366 4365
f 4365 4366 4367
f 4366 4368 4367
f 4367 4368 4369
f 4368 4370 4369
f 4369 4370 4371
f 4370 4372 4371
f 4371 4372 4373
f 4372 4374 4373
f 4373 4374 4375
f 4374 4376 4375
f 4375 4376 4377
f 4376 4378 4377
f 4377 4378 4379
f 4378 4380 4379
f 4379 4380 4381
f 4380 4382 4381
f 4381 4382 4383
f 4382 4384 4383
f 4383 4384 4385
f 4384 4386 4385
f 4385 4386 4387
f 4386 4388 4387
f 4387 4388 4389
f 4388 4390 4389
f 4389 4390 4391
f 4390 4392 4391
f 4391 4392 4393
f 4392 4394 4393
f 4393 4394 4395
f 4394 4396 4395
f 4395 4396 4397
f 4396 4398 4397
f 4397 4398 4351
f 4398 4352 4351
f 4399 4400 4401
f 4400 4402 4401
f 4401 4402 4403
f 4402 4404 4403
f 4403 4404 4405
f 4404 4406 4405
f 4405 4406 4407
f 4406 4408 4407
f 4407 4408 4409
f 4408 4410 4409
f 4409 4410 4411
f 4410 4412 4411
f 4411 4412 4413
f 4412 4414 4413
f 4413 4414 4415
f 4414 4416 4415
f 4415 4416 4417
f 4416 4418 4417
f 4417 4418 4419
f 4418 4420 4419
f 4419 4420 4421
f 4420 4422 4421
f 4421 4422 4423
f 4422 4424 4423
f 4423 4424 4425
f 4424 4426 4425
f 4425 4426 4427
f 4426 4428 4427
f 4427 4428 4429
f 4428 4430 4429
f 4429 4430 4431
f 4430 4432 4431
f 4431 4432 4433
f 4432 4434 4433
f 4433 4434 4435
f 4434 4436 4435
f 4435 4436 4437
f 4436 4438 4437
f 4437 4438 4439
f 4438 4440 4439
f 4439 4440 4441
f 4440 4442 4441
f 4441 4442 4443
f 4442 4444 4443
f 4443 4444 4445
f 4444 4446 4445
f 4445 4446 4399
f 4446 4400 4399
f 4447 4448 4449
f 4448 4450 4449
f 4449 4450 4451
f 4450 4452 4451
f 4451 4452 4453
f 4452 4454 4453
f 4453 4454 4455
f 4454 4456 4455
f 4455 4456 4457
f 4456 4458 4457
f 4457 4458 4459
f 4458 4460 4459
f 4459 4460 4461
f 4460 4462 4461
f 4461 4462 4463
f 4462 4464 4463
f 4463 4464 4465
f 4464 4466 4465
f 4465 4466 4467
f 4466 4468 4467
f 4467 4468 4469
f 4468 4470 4469
f 4469 4470 4471
f 4470 4472 4471
f 4471 4472 4473
f 4472 4474 4473
f 4473 4474 4475
f 4474 4476 4475
f 4475 4476 4477
f 4476 4478 4477
f 4477 4478 4479
f 4478 4480 4479
f 4479 4480 4481
f 4480 4482 4481
f 4481 4482 4483
f 4482 4484 4483
f 4483 4484 4485
f 4484 4486 4485
f 4485 4486 4487
f 4486 4488 4487
f 4487 4488 4489
f 4488 4490 4489
f 4489 4490 4491
f 4490 4492 4491
f 4491 4492 4493
f 4492 4494 4493
f 4493 4494 4447
f 4494 4448 4447
f 4495 4496 4497
f 4496 4498 4497
f 4497 4498 4499
f 4498 4500 4499
f 4499 4500 4501
f 4500 4502 4501
f 4501 4502 4503
f 4502 4504 4503
f 4503 4504 4505
f 4504 4506 4505
f 4505 4506 4507
f 4506 4508 4507
f 4507 4508 4509
f 4508 4510 4509
f 4509 4510 4511
f 4510 4512 4511
f 4511 4512 4513
f 4512 4514 4513
f 4513 4514 4515
f 4514 4516 4515
f 4515 4516 4517
f 4516 4518 4517
f 4517 4518 4519
f 4518 4520 4519
f 4519 4520 4521
f 4520 4522 4521
f 4521 4522 4523
f 4522 4524 4523
f 4523 4524 4525
f 4524 4526 4525
f 4525 4526 4527
f 4526 4528 4527
f 4527 4528 4529
f 4528 4530 4529
f 4529 4530 4531
f 4530 4532 4531
f 4531 4532 4533
f 4532 4534 4533
f 4533 4534 4535
f 4534 4536 4535
f 4535 4536 4537
f 4536 4538 4537
f 4537 4538 4539
f 4538 4540 4539
f 4539 4540 4541
f 4540 4542 4541
f 4541 4542 4495
f 4542 4496 4495
f 4543 4544 4545
f 4544 4546 4545
f 4545 4546 4547
f 4546 4548 4547
f 4547 4548 4549
f 4548 4550 4549
f 4549 4550 4551
f 4552 4553 4554
f 4553 4555 4554
f 4554 4555 4556
f 4555 4557 4556
f 4556 4557 4543
f 4557 4558 4543
f 4543 4558 4544
f 4559 4560 4561
f 4560 4562 4561
f 4561 4562 4563
f 4562 4564 4563
f 4563 4564 4565
f 4564 4566 4565
f 4565 4566 4567
f 4566 4568 4567
f 4567 4568 4569
f 4568 4570 4569
f 4569 4570 4571
f 4570 4572 4571
f 4571 4572 4552
f 4572 4573 4552
f 4552 4573 4553
f 4550 4574 4551
f 4574 4575 4551
f 4551 4575 4576
f 4575 4577 4576
f 4576 4577 4578
f 4577 4579 4578
f 4578 4579 4580
f 4579 4581 4580
f 4580 4581 4582
f 4581 4583 4582
f 4582 4583 4584
f 4583 4585 4584
f 4584 4585 4586
f 4585 4587 4586
f 4586 4587 4588
f 4587 4589 4588
f 4588 4589 4590
f 4589 4591 4590
f 4590 4591 4592
f 4591 4593 4592
f 4592 4593 4559
f 4593 4594 4559
f 4559 4594 4560
f 4595 4596 4597
f 4596 4598 4597
f 4597 4598 4599
f 4598 4600 4599
f 4599 4600 4601
f 4600 4602 4601
f 4601 4602 4603
f 4602 4604 4603
f 4603 4604 4605
f 4606 4607 4608
f 4607 4609 4608
f 4608 4609 4610
f 4609 4611 4610
f 4610 4611 4612
f 4611 4613 4612
f 4612 4613 4595
f 4613 4614 4595
f 4595 4614 4596
f 4615 4616 4617
f 4616 4618 4617
f 4617 4618 4619
f 4618 4620 4619
f 4619 4620 4621
f 4620 4622 4621
f 4621 4622 4623
f 4622 4624 4623
f 4623 4624 4625
f 4624 4626 4625
f 4625 4626 4606
f 4626 4627 4606
f 4606 4627 4607
f 4604 4628 4605
f 4628 4629 4605
f 4605 4629 4630
f 4629 4631 4630
f 4630 4631 4632
f 4631 4633 4632
f 4632 4633 4634
f 4633 4635 4634
f 4634 4635 4636
f 4635 4637 4636
f 4636 4637 4638
f 4637 4639 4638
f 4638 4639 4640
f 4639 4641 4640
f 4640 4641 4642
f 4641 4643 4642
f 4642 4643 4644
f 4643 4645 4644
f 4644 4645 4615
f 4645 4646 4615
f 4615 4646 4616
f 4647 4648 4649
f 4648 4650 4649
f 4649 4650 4651
f 4650 4652 4651
f 4651 4652 4653
f 4652 4654 4653
f 4653 4654 4655
f 4654 4656 4655
f 4655 4656 4657
f 4656 4658 4657
f 4657 4658 4659
f 4660 4661 4662
f 4661 4663 4662
f 4662 4663 4664
f 4663 4665 4664
f 4664 4665 4647
f 4665 4666 4647
f 4647 4666 4648
f 4667 4668 4669
f 4668 4670 4669
f 4669 4670 4671
f 4670 4672 4671
f 4671 4672 4673
f 4672 4674 4673
f 4673 4674 4675
f 4674 4676 4675
f 4675 4676 4677
f 4676 4678 4677
f 4677 4678 4660
f 4678 4679 4660
f 4660 4679 4661
f 4658 4680 4659
f 4680 4681 4659
f 4659 4681 4682
f 4681 4683 4682
f 4682 4683 4684
f 4683 4685 4684
f 4684 4685 4686
f 4685 4687 4686
f 4686 4687 4688
f 4687 4689 4688
f 4688 4689 4690
f 4689 4691 4690
f 4690 4691 4692
f 4691 4693 4692
f 4692 4693 4694
f 4693 4695 4694
f 4694 4695 4696
f 4695 4697 4696
f 4696 4697 4667
f 4697 4698 4667
f 4667 4698 4668
f 4699 4700 4701
f 4700 4702 4701
f 4701 4702 4703
f 4702 4704 4703
f 4703 4704 4705
f 4704 4706 4705
f 4705 4706 4707
f 4706 4708 4707
f 4707 4708 4709
f 4708 4710 4709
f 4709 4710 4711
f 4710 4712 4711
f 4711 4712 4713
f 4714 4715 4716
f 4715 4717 4716
f 4716 4717 4699
f 4717 4718 4699
f 4699 4718 4700
f 4719 4720 4721
f 4720 4722 4721
f 4721 4722 4723
f 4722 4724 4723
f 4723 4724 4725
f 4724 4726 4725
f 4725 4726 4727
f 4726 4728 4727
f 4727 4728 4714
f 4728 4729 4714
f 4714 4729 4715
f 4712 4730 4713
f 4730 4731 4713
f 4713 4731 4732
f 4731 4733 4732
f 4732 4733 4734
f 4733 4735 4734
f 4734 4735 4736
f 4735 4737 4736
f 4736 4737 4738
f 4737 4739 4738
f 4738 4739 4740
f 4739 4741 4740
f 4740 4741 4742
f 4741 4743 4742
f 4742 4743 4744
f 4743 4745 4744
f 4744 4745 4746
f 4745 4747 4746
f 4746 4747 4748
f 4747 4749 4748
f 4748 4749 4719
f 4749 4750 4719
f 4719 4750 4720
f 4751 4752 4753
f 4752 4754 4753
f 4753 4754 4755
f 4754 4756 4755
f 4755 4756 4757
f 4756 4758 4757
f 4757 4758 4759
f 4760 4761 4762
f 4761 4763 4762
f 4763 4764 4762
f 4764 4765 4762
f 4762 4765 4766
f 4767 4768 4762
f 4768 4769 4762
f 4762 4769 4770
f 4762 4771 4760
f 4771 4772 4760
f 4760 4772 4773
f 4774 4775 4776
f 4775 4777 4776
f 4774 4778 4775
f 4778 4779 4775
f 4775 4779 4780
f 4766 4781 4762
f 4781 4782 4762
f 4762 4782 4783
f 4784 4785 4769
f 4785 4786 4769
f 4769 4786 4787
f 4788 4789 4760
f 4789 4790 4760
f 4760 4790 4775
f 4780 4791 4775
f 4791 4792 4775
f 4775 4792 4760
f 4783 4793 4762
f 4793 4794 4762
f 4762 4794 4767
f 4769 4795 4784
f 4795 4796 4784
f 4784 4796 4797
f 4796 4798 4797
f 4787 4799 4769
f 4799 4800 4769
f 4769 4800 4770
f 4773 4801 4760
f 4801 4802 4760
f 4760 4802 4788
f 4803 4804 4805
f 4804 4806 4805
f 4807 4808 4809
f 4808 4810 4809
f 4811 4812 4813
f 4814 4815 4816
f 4815 4817 4816
f 4818 4819 4820
f 4819 4821 4820
f 4822 4823 4824
f 4823 4825 4824
f 4826 4827 4828
f 4827 4829 4828
f 4828 4830 4826
f 4830 4831 4826
f 4826 4831 4829
f 4831 4832 4829
f 4829 4832 4828
f 4833 4834 4835
f 4836 4837 4838
f 4837 4839 4838
f 4838 4839 4840
f 4839 4841 4840
f 4840 4841 4842
f 4841 4843 4842
f 4842 4843 4844
f 4843 4845 4844
f 4844 4845 4846
f 4845 4847 4846
f 4846 4847 4848
f 4847 4849 4848
f 4848 4849 4850
f 4849 4851 4850
f 4850 4851 4852
f 4851 4853 4852
f 4852 4853 4854
f 4853 4855 4854
f 4854 4855 4856
f 4855 4857 4856
f 4856 4857 4858
f 4857 4859 4858
f 4858 4859 4860
f 4859 4861 4860
f 4860 4861 4862
f 4861 4863 4862
f 4862 4863 4864
f 4863 4865 4864
f 4864 4865 4866
f 4865 4867 4866
f 4866 4867 4868
f 4867 4869 4868
f 4868 4869 4870
f 4869 4871 4870
f 4870 4871 4872
f 4871 4873 4872
f 4872 4873 4874
f 4873 4875 4874
f 4874 4875 4876
f 4875 4877 4876
f 4876 4877 4878
f 4877 4879 4878
f 4878 4879 4880
f 4879 4881 4880
f 4880 4881 4882
f 4881 4883 4882
f 4882 4883 4884
f 4883 4885 4884
f 4884 4885 4886
f 4885 4887 4886
f 4886 4887 4888
f 4887 4889 4888
f 4888 4889 4890
f 4889 4891 4890
f 4890 4891 4892
f 4891 4893 4892
f 4892 4893 4894
f 4893 4895 4894
f 4894 4895 4896
f 4895 4897 4896
f 4896 4897 4898
f 4897 4899 4898
f 4898 4899 4900
f 4899 4901 4900
f 4900 4901 4902
f 4901 4903 4902
f 4902 4903 4904
f 4903 4905 4904
f 4904 4905 4906
f 4905 4907 4906
f 4906 4907 4908
f 4907 4909 4908
f 4908 4909 4910
f 4909 4911 4910
f 4910 4911 4912
f 4911 4913 4912
f 4912 4913 4914
f 4913 4915 4914
f 4914 4915 4916
f 4915 4917 4916
f 4916 4917 4918
f 4917 4919 4918
f 4835 4920 4833
f 4920 4921 4833
f 4833 4921 4922
f 4921 4923 4922
f 4922 4923 4924
f 4923 4925 4924
f 4924 4925 4926
f 4925 4927 4926
f 4926 4927 4928
f 4927 4929 4928
f 4928 4929 4930
f 4929 4931 4930
f 4930 4931 4932
f 4931 4933 4932
f 4932 4933 4934
f 4933 4935 4934
f 4934 4935 4936
f 4935 4937 4936
f 4936 4937 4938
f 4937 4939 4938
f 4938 4939 4940
f 4939 4941 4940
f 4940 4941 4942
f 4941 4943 4942
f 4942 4943 4944
f 4943 4945 4944
f 4944 4945 4946
f 4945 4947 4946
f 4946 4947 4948
f 4947 4949 4948
f 4948 4949 4950
f 4949 4951 4950
f 4950 4951 4952
f 4951 4953 4952
f 4952 4953 4954
f 4953 4955 4954
f 4954 4955 4956
f 4955 4957 4956
f 4956 4957 4958
f 4957 4959 4958
f 4958 4959 4960
f 4959 4961 4960
f 4960 4961 4962
f 4961 4963 4962
f 4962 4963 4964
f 4963 4965 4964
f 4964 4965 4966
f 4965 4967 4966
f 4966 4967 4968
f 4967 4969 4968
f 4968 4969 4970
f 4969 4971 4970
f 4970 4971 4972
f 4971 4973 4972
f 4972 4973 4974
f 4973 4975 4974
f 4974 4975 4976
f 4975 4977 4976
f 4976 4977 4978
f 4977 4979 4978
f 4978 4979 4980
f 4979 4981 4980
f 4980 4981 4982
f 4981 4983 4982
f 4982 4983 4984
f 4983 4985 4984
f 4984 4985 4986
f 4985 4987 4986
f 4986 4987 4988
f 4987 4989 4988
f 4988 4989 4990
f 4989 4991 4990
f 4990 4991 4992
f 4991 4993 4992
f 4992 4993 4994
f 4993 4995 4994
f 4994 4995 4996
f 4995 4997 4996
f 4996 4997 4998
f 4997 4999 4998
f 4998 4999 4919
f 4999 5000 4919
f 4919 5000 4918
f 5001 5002 5003
f 5003 5004 5001
f 5004 5005 5001
f 5001 5005 5006
f 5005 5007 5006
f 5007 5008 5006
f 5006 5008 5009
f 5008 5010 5009
f 5010 5011 5009
f 5009 5011 5012
f 5011 5013 5012
f 5013 5014 5012
f 5012 5014 5015
f 5014 5016 5015
f 5016 5017 5015
f 5015 5017 5018
f 5017 5019 5018
f 5019 5020 5018
f 5018 5020 5021
f 5020 5022 5021
f 5022 5023 5021
f 5021 5023 5024
f 5023 5025 5024
f 5025 5026 5024
f 5024 5026 5027
f 5026 5028 5027
f 5028 5029 5027
f 5027 5029 5030
f 5029 5031 5030
f 5031 5032 5030
f 5030 5032 5033
f 5032 5034 5033
f 5034 5035 5033
f 5033 5035 5036
f 5035 5037 5036
f 5037 5038 5036
f 5036 5038 5039
f 5038 5040 5039
f 5040 5041 5039
f 5039 5041 5042
f 5041 5043 5042
f 5043 5044 5042
f 5042 5044 5045
f 5044 5046 5045
f 5046 5047 5045
f 5045 5047 5048
f 5047 5049 5048
f 5049 5050 5048
f 5048 5050 5051
f 5050 5052 5051
f 5052 5053 5051
f 5051 5053 5054
f 5053 5055 5054
f 5055 5056 5054
f 5054 5056 5057
f 5056 5058 5057
f 5058 5059 5057
f 5057 5059 5060
f 5059 5061 5060
f 5061 5062 5060
f 5060 5062 5063
f 5062 5064 5063
f 5064 5065 5063
f 5063 5065 5066
f 5065 5067 5066
f 5067 5068 5066
f 5066 5068 5069
f 5068 5070 5069
f 5069 5070 5071
f 5070 5072 5071
f 5072 5073 5071
f 5071 5073 5074
f 5073 5075 5074
f 5075 5076 5074
f 5074 5076 5077
f 5076 5078 5077
f 5078 5079 5077
f 5077 5079 5080
f 5079 5081 5080
f 5081 5082 5080
f 5080 5082 5083
f 5082 5084 5083
f 5084 5085 5083
f 5083 5085 5086
f 5085 5087 5086
f 5087 5088 5086
f 5086 5088 5089
f 5088 5090 5089
f 5090 5091 5089
f 5089 5091 5092
f 5091 5093 5092
f 5093 5094 5092
f 5092 5094 5095
f 5094 5096 5095
f 5097 5098 5099
f 5096 5100 5095
f 5100 5101 5095
f 5095 5101 5099
f 5101 5102 5099
f 5099 5102 5097
f 5103 5104 5105
f 5097 5106 5098
f 5106 5107 5098
f 5098 5107 5105
f 5107 5108 5105
f 5105 5108 5103
f 5109 5110 5111
f 5103 5112 5104
f 5112 5113 5104
f 5104 5113 5111
f 5113 5114 5111
f 5111 5114 5109
f 5115 5116 5117
f 5109 5118 5110
f 5118 5119 5110
f 5110 5119 5117
f 5119 5120 5117
f 5117 5120 5115
f 5115 5121 5116
f 5121 5122 5116
f 5116 5122 5123
f 5122 5124 5123
f 5123 5124 5125
f 5124 5126 5125
f 5127 5128 5129
f 5129 5130 5127
f 5130 5131 5127
f 5127 5131 5132
f 5131 5133 5132
f 5133 5134 5132
f 5132 5134 5135
f 5134 5136 5135
f 5136 5137 5135
f 5135 5137 5138
f 5137 5139 5138
f 5139 5140 5138
f 5138 5140 5141
f 5140 5142 5141
f 5142 5143 5141
f 5141 5143 5144
f 5143 5145 5144
f 5145 5146 5144
f 5144 5146 5147
f 5146 5148 5147
f 5147 5148 5149
f 5148 5150 5149
f 5150 5151 5149
f 5149 5151 5152
f 5151 5153 5152
f 5153 5154 5152
f 5152 5154 5155
f 5154 5156 5155
f 5156 5157 5155
f 5155 5157 5158
f 5157 5159 5158
f 5160 5161 5162
f 5159 5163 5158
f 5163 5164 5158
f 5158 5164 5162
f 5164 5165 5162
f 5162 5165 5160
f 5166 5167 5168
f 5160 5169 5161
f 5169 5170 5161
f 5161 5170 5168
f 5170 5171 5168
f 5168 5171 5166
f 5166 5172 5167
f 5172 5173 5167
f 5167 5173 5174
f 5173 5175 5174
f 5174 5175 5176
f 5175 5177 5176
f 5176 5177 5178
f 5177 5179 5178
f 5178 5179 5180
f 5179 5181 5180
f 5180 5181 5182
f 5181 5183 5182
f 5182 5183 5184
f 5183 5185 5184
f 5184 5185 5186
f 5185 5187 5186
f 5186 5187 5188
f 5187 5189 5188
f 5188 5189 5190
f 5189 5191 5190
f 5190 5191 5192
f 5191 5193 5192
f 5192 5193 5194
f 5193 5195 5194
f 5194 5195 5196
f 5195 5197 5196
f 5196 5197 5198
f 5197 5199 5198
f 5198 5199 5200
f 5199 5201 5200
f 5200 5201 5202
f 5201 5203 5202
f 5202 5203 5204
f 5203 5205 5204
f 5204 5205 5206
f 5205 5207 5206
f 5206 5207 5208
f 5207 5209 5208
f 5208 5209 5210
f 5209 5211 5210
f 5210 5211 5212
f 5211 5213 5212
f 5212 5213 5214
f 5213 5215 5214
f 5214 5215 5216
f 5215 5217 5216
f 5216 5217 5218
f 5217 5219 5218
f 5218 5219 5220
f 5219 5221 5220
f 5220 5221 5222
f 5221 5223 5222
f 5222 5223 5224
f 5223 5225 5224
f 5224 5225 5226
f 5225 5227 5226
f 5226 5227 5228
f 5227 5229 5228
f 5228 5229 5128
f 5229 5230 5128
f 5128 5230 5129
f 5231 5232 5233
f 5232 5234 5233
f 5234 5232 5235
f 5232 5236 5235
f 5235 5236 5237
f 5237 5236 5238
f 5236 5239 5238
f 5238 5239 5240
f 5240 5239 5241
f 5239 5242 5241
f 5241 5242 5243
f 5243 5242 5244
f 5242 5245 5244
f 5244 5245 5246
f 5246 5245 5247
f 5245 5248 5247
f 5247 5248 5249
f 5249 5248 5250
f 5248 5251 5250
f 5250 5251 5252
f 5252 5251 5253
f 5251 5254 5253
f 5253 5254 5255
f 5254 5256 5255
f 5255 5256 5257
f 5257 5256 5258
f 5256 5259 5258
f 5258 5259 5260
f 5261 5262 5259
f 5262 5263 5259
f 5259 5263 5260
f 5264 5265 5266
f 5266 5267 5264
f 5267 5268 5264
f 5264 5268 5261
f 5268 5269 5261
f 5261 5269 5262
f 5270 5271 5272
f 5272 5273 5270
f 5273 5274 5270
f 5270 5274 5265
f 5274 5275 5265
f 5265 5275 5266
f 5276 5277 5278
f 5277 5279 5278
f 5278 5279 5271
f 5279 5280 5271
f 5271 5280 5272
f 5281 5282 5276
f 5282 5283 5276
f 5276 5283 5277
f 5284 5285 5281
f 5285 5286 5281
f 5281 5286 5282
f 5287 5288 5284
f 5288 5289 5284
f 5284 5289 5285
f 5290 5291 5287
f 5291 5292 5287
f 5287 5292 5288
f 5293 5294 5290
f 5294 5295 5290
f 5290 5295 5291
f 5296 5297 5293
f 5297 5298 5293
f 5293 5298 5294
f 5299 5300 5296
f 5300 5301 5296
f 5296 5301 5297
f 5302 5303 5299
f 5303 5304 5299
f 5299 5304 5300
f 5305 5306 5302
f 5306 5307 5302
f 5302 5307 5303
f 5308 5309 5305
f 5309 5310 5305
f 5305 5310 5306
f 5311 5312 5308
f 5312 5313 5308
f 5308 5313 5309
f 5314 5315 5311
f 5315 5316 5311
f 5311 5316 5312
f 5317 5318 5314
f 5318 5319 5314
f 5314 5319 5315
f 5320 5321 5317
f 5321 5322 5317
f 5317 5322 5318
f 5323 5324 5320
f 5324 5325 5320
f 5320 5325 5321
f 5326 5327 5323
f 5327 5328 5323
f 5323 5328 5324
f 5329 5330 5326
f 5330 5331 5326
f 5326 5331 5327
f 5332 5333 5329
f 5333 5334 5329
f 5329 5334 5330
f 5335 5336 5332
f 5336 5337 5332
f 5332 5337 5333
f 5338 5339 5335
f 5339 5340 5335
f 5335 5340 5336
f 5341 5342 5338
f 5342 5343 5338
f 5338 5343 5339
f 5344 5345 5341
f 5345 5346 5341
f 5341 5346 5342
f 5347 5348 5344
f 5348 5349 5344
f 5344 5349 5345
f 5350 5351 5347
f 5351 5352 5347
f 5347 5352 5348
f 5353 5354 5350
f 5354 5355 5350
f 5350 5355 5351
f 5356 5357 5353
f 5357 5358 5353
f 5353 5358 5354
f 5233 5359 5231
f 5359 5360 5231
f 5231 5360 5356
f 5360 5361 5356
f 5356 5361 5357
f 5362 5363 5364
f 5363 5365 5364
f 5366 5367 5368
f 5369 5370 5371
f 5372 5373 5374
f 5373 5375 5374
f 5376 5377 5374
f 5377 5378 5374
f 5374 5378 5372
f 5376 5374 5379
f 5374 5380 5379
f 5379 5380 5371
f 5380 5381 5371
f 5371 5381 5369
f 5382 5383 5384
f 5383 5385 5384
f 5386 5387 5383
f 5387 5388 5383
f 5383 5388 5385
f 5389 5390 5383
f 5390 5391 5383
f 5383 5391 5386
f 5375 5392 5374
f 5392 5389 5374
f 5374 5389 5380
f 5389 5383 5380
f 5380 5383 5393
f 5383 5382 5393
f 5367 5394 5368
f 5394 5395 5368
f 5368 5395 5396
f 5397 5398 5399
f 5398 5400 5399
f 5401 5402 5403
f 5402 5404 5403
f 5404 5405 5403
f 5405 5406 5403
f 5403 5406 5407
f 5408 5409 5410
f 5409 5411 5410
f 5410 5411 5412
f 5413 5414 5410
f 5414 5415 5410
f 5410 5415 5408
f 5412 5416 5410
f 5416 5417 5410
f 5410 5417 5413
f 5418 5419 5420
f 5419 5421 5420
f 5422 5423 5419
f 5423 5424 5419
f 5419 5424 5421
f 5416 5425 5419
f 5425 5426 5419
f 5419 5426 5422
f 5418 5427 5419
f 5427 5403 5419
f 5419 5403 5416
f 5403 5407 5416
f 5416 5407 5417
f 5428 5429 5430
f 5428 5430 5368
f 5430 5431 5368
f 5368 5431 5432
f 5432 5433 5368
f 5433 5434 5368
f 5368 5434 5435
f 5435 5436 5368
f 5436 5437 5368
f 5368 5437 5438
f 5438 5439 5368
f 5439 5371 5368
f 5368 5371 5366
f 5371 5370 5366
f 5439 5440 5371
f 5440 5441 5371
f 5371 5441 5442
f 5442 5443 5371
f 5443 5444 5371
f 5371 5444 5445
f 5446 5447 5448
f 5447 5371 5448
f 5448 5371 5449
f 5371 5445 5449
f 5446 5450 5447
f 5450 5451 5447
f 5447 5451 5403
f 5451 5452 5403
f 5403 5452 5453
f 5453 5454 5403
f 5454 5455 5403
f 5403 5455 5456
f 5456 5457 5403
f 5457 5458 5403
f 5403 5458 5459
f 5397 5401 5398
f 5401 5403 5398
f 5398 5403 5460
f 5403 5459 5460
f 5460 5461 5398
f 5461 5462 5398
f 5398 5462 5463
f 5463 5464 5398
f 5464 5465 5398
f 5398 5465 5466
f 5466 5467 5398
f 5467 5468 5398
f 5398 5468 5428
f 5468 5469 5428
f 5428 5469 5429
f 5470 5471 5472
f 5471 5473 5472
f 5472 5473 5474
f 5475 5476 5472
f 5476 5477 5472
f 5472 5477 5470
f 5478 5479 5472
f 5479 5480 5472
f 5472 5480 5475
f 5481 5482 5472
f 5482 5483 5472
f 5472 5483 5478
f 5484 5485 5472
f 5485 5486 5472
f 5472 5486 5481
f 5487 5488 5472
f 5488 5489 5472
f 5472 5489 5484
f 5490 5491 5472
f 5491 5492 5472
f 5472 5492 5487
f 5474 5493 5472
f 5493 5494 5472
f 5472 5494 5490
f 5495 5496 5497
f 5496 5498 5497
f 5497 5498 5499
f 5500 5501 5497
f 5501 5502 5497
f 5497 5502 5495
f 5503 5504 5497
f 5504 5505 5497
f 5497 5505 5500
f 5506 5507 5497
f 5507 5508 5497
f 5497 5508 5503
f 5509 5510 5497
f 5510 5511 5497
f 5497 5511 5506
f 5512 5513 5497
f 5513 5514 5497
f 5497 5514 5509
f 5515 5516 5497
f 5516 5517 5497
f 5497 5517 5512
f 5499 5518 5497
f 5518 5519 5497
f 5497 5519 5515
f 5520 5521 5522
f 5521 5523 5522
f 5522 5523 5524
f 5525 5526 5522
f 5526 5527 5522
f 5522 5527 5520
f 5528 5529 5522
f 5529 5530 5522
f 5522 5530 5525
f 5531 5532 5522
f 5532 5533 5522
f 5522 5533 5528
f 5534 5535 5522
f 5535 5536 5522
f 5522 5536 5531
f 5537 5538 5522
f 5538 5539 5522
f 5522 5539 5534
f 5540 5541 5522
f 5541 5542 5522
f 5522 5542 5537
f 5524 5543 5522
f 5543 5544 5522
f 5522 5544 5540
f 5545 5546 5547
f 5546 5548 5547
f 5547 5548 5549
f 5550 5551 5547
f 5551 5552 5547
f 5547 5552 5545
f 5553 5554 5547
f 5554 5555 5547
f 5547 5555 5550
f 5556 5557 5547
f 5557 5558 5547
f 5547 5558 5553
f 5559 5560 5547
f 5560 5561 5547
f 5547 5561 5556
f 5562 5563 5547
f 5563 5564 5547
f 5547 5564 5559
f 5565 5566 5547
f 5566 5567 5547
f 5547 5567 5562
f 5549 5568 5547
f 5568 5569 5547
f 5547 5569 5565
f 5570 5571 5572
f 5571 5573 5572
f 5572 5573 5574
f 5575 5576 5572
f 5576 5577 5572
f 5572 5577 5570
f 5578 5579 5572
f 5579 5580 5572
f 5572 5580 5575
f 5581 5582 5572
f 5582 5583 5572
f 5572 5583 5578
f 5584 5585 5572
f 5585 5586 5572
f 5572 5586 5581
f 5587 5588 5572
f 5588 5589 5572
f 5572 5589 5584
f 5590 5591 5572
f 5591 5592 5572
f 5572 5592 5587
f 5574 5593 5572
f 5593 5594 5572
f 5572 5594 5590
f 5595 5596 5597
f 5596 5598 5597
f 5597 5598 5599
f 5600 5601 5597
f 5601 5602 5597
f 5597 5602 5595
f 5603 5604 5597
f 5604 5605 5597
f 5597 5605 5600
f 5606 5607 5597
f 5607 5608 5597
f 5597 5608 5603
f 5609 5610 5597
f 5610 5611 5597
f 5597 5611 5606
f 5612 5613 5597
f 5613 5614 5597
f 5597 5614 5609
f 5615 5616 5597
f 5616 5617 5597
f 5597 5617 5612
f 5599 5618 5597
f 5618 5619 5597
f 5597 5619 5615
f 5620 5621 5622
f 5621 5623 5622
f 5622 5623 5624
f 5625 5626 5622
f 5626 5627 5622
f 5622 5627 5620
f 5628 5629 5622
f 5629 5630 5622
f 5622 5630 5625
f 5631 5632 5622
f 5632 5633 5622
f 5622 5633 5628
f 5634 5635 5622
f 5635 5636 5622
f 5622 5636 5631
f 5637 5638 5622
f 5638 5639 5622
f 5622 5639 5634
f 5640 5641 5622
f 5641 5642 5622
f 5622 5642 5637
f 5624 5643 5622
f 5643 5644 5622
f 5622 5644 5640
f 5645 5646 5647
f 5646 5648 5647
f 5647 5648 5649
f 5650 5651 5647
f 5651 5652 5647
f 5647 5652 5645
f 5653 5654 5647
f 5654 5655 5647
f 5647 5655 5650
f 5656 5657 5647
f 5657 5658 5647
f 5647 5658 5653
f 5659 5660 5647
f 5660 5661 5647
f 5647 5661 5656
f 5662 5663 5647
f 5663 5664 5647
f 5647 5664 5659
f 5665 5666 5647
f 5666 5667 5647
f 5647 5667 5662
f 5649 5668 5647
f 5668 5669 5647
f 5647 5669 5665
f 5670 5671 5672
f 5671 5673 5672
f 5672 5673 5674
f 5675 5676 5672
f 5676 5677 5672
f 5672 5677 5670
f 5678 5679 5672
f 5679 5680 5672
f 5672 5680 5675
f 5681 5682 5672
f 5682 5683 5672
f 5672 5683 5678
f 5684 5685 5672
f 5685 5686 5672
f 5672 5686 5681
f 5687 5688 5672
f 5688 5689 5672
f 5672 5689 5684
f 5690 5691 5672
f 5691 5692 5672
f 5672 5692 5687
f 5674 5693 5672
f 5693 5694 5672
f 5672 5694 5690
f 5695 5696 5697
f 5696 5698 5697
f 5697 5698 5699
f 5700 5701 5697
f 5701 5702 5697
f 5697 5702 5695
f 5703 5704 5697
f 5704 5705 5697
f 5697 5705 5700
f 5706 5707 5697
f 5707 5708 5697
f 5697 5708 5703
f 5709 5710 5697
f 5710 5711 5697
f 5697 5711 5706
f 5712 5713 5697
f 5713 5714 5697
f 5697 5714 5709
f 5715 5716 5697
f 5716 5717 5697
f 5697 5717 5712
f 5699 5718 5697
f 5718 5719 5697
f 5697 5719 5715
f 5720 5721 5722
f 5721 5723 5722
f 5722 5723 5724
f 5725 5726 5722
f 5726 5727 5722
f 5722 5727 5720
f 5728 5729 5722
f 5729 5730 5722
f 5722 5730 5725
f 5731 5732 5722
f 5732 5733 5722
f 5722 5733 5728
f 5734 5735 5722
f 5735 5736 5722
f 5722 5736 5731
f 5737 5738 5722
f 5738 5739 5722
f 5722 5739 5734
f 5740 5741 5722
f 5741 5742 5722
f 5722 5742 5737
f 5724 5743 5722
f 5743 5744 5722
f 5722 5744 5740
f 5745 5746 5747
f 5746 5748 5747
f 5747 5748 5749
f 5750 5751 5747
f 5751 5752 5747
f 5747 5752 5745
f 5753 5754 5747
f 5754 5755 5747
f 5747 5755 5750
f 5756 5757 5747
f 5757 5758 5747
f 5747 5758 5753
f 5759 5760 5747
f 5760 5761 5747
f 5747 5761 5756
f 5762 5763 5747
f 5763 5764 5747
f 5747 5764 5759
f 5765 5766 5747
f 5766 5767 5747
f 5747 5767 5762
f 5749 5768 5747
f 5768 5769 5747
f 5747 5769 5765
f 5770 5771 5772
f 5772 5773 5774
f 5775 5776 5770
f 5775 5770 5777
f 5776 5778 5770
f 5778 5779 5770
f 5770 5779 5780
f 5780 5781 5770
f 5781 5782 5770
f 5770 5782 5771
f 5783 5784 5770
f 5783 5770 5785
f 5772 5774 5770
f 5774 5786 5770
f 5770 5786 5785
f 5784 5787 5770
f 5787 5788 5770
f 5770 5788 5789
f 5789 5790 5770
f 5790 5791 5770
f 5770 5791 5777
f 5792 5793 5794
f 5793 5795 5794
f 5796 5797 5798
f 5797 5799 5798
f 5800 5801 5802
f 5801 5803 5802
f 5796 5798 5804
f 5798 5805 5804
f 5804 5805 5806
f 5805 5807 5806
f 5806 5807 5808
f 5807 5809 5808
f 5808 5809 5810
f 5810 5809 5811
f 5809 5812 5811
f 5811 5812 5813
f 5812 5814 5813
f 5813 5814 5815
f 5814 5816 5815
f 5815 5816 5817
f 5816 5818 5817
f 5817 5818 5819
f 5818 5820 5819
f 5819 5820 5821
f 5820 5822 5821
f 5821 5822 5823
f 5822 5824 5823
f 5823 5824 5825
f 5824 5826 5825
f 5825 5826 5827
f 5826 5828 5827
f 5827 5828 5829
f 5828 5830 5829
f 5829 5830 5831
f 5830 5832 5831
f 5831 5832 5833
f 5832 5834 5833
f 5834 5835 5833
f 5833 5835 5836
f 5835 5837 5836
f 5836 5837 5838
f 5803 5801 5837
f 5801 5839 5837
f 5837 5839 5838
f 5840 5841 5842
f 5843 5844 5842
f 5844 5845 5842
f 5842 5845 5840
f 5841 5846 5842
f 5846 5847 5842
f 5842 5847 5848
f 5842 5849 5850
f 5850 5851 5842
f 5851 5852 5842
f 5842 5852 5853
f 5853 5854 5842
f 5854 5855 5842
f 5842 5855 5856
f 5856 5857 5842
f 5857 5858 5842
f 5842 5858 5843
f 5859 5849 5860
f 5849 5842 5860
f 5860 5842 5861
f 5842 5848 5861
f 5862 5863 5864
f 5863 5865 5864
f 5866 5867 5868
f 5867 5869 5868
f 5870 5871 5872
f 5871 5873 5872
f 5866 5868 5874
f 5868 5875 5874
f 5874 5875 5876
f 5875 5877 5876
f 5876 5877 5878
f 5877 5879 5878
f 5878 5879 5880
f 5880 5879 5881
f 5879 5882 5881
f 5881 5882 5883
f 5882 5884 5883
f 5883 5884 5885
f 5884 5886 5885
f 5885 5886 5887
f 5886 5888 5887
f 5887 5888 5889
f 5888 5890 5889
f 5889 5890 5891
f 5890 5892 5891
f 5891 5892 5893
f 5892 5894 5893
f 5893 5894 5895
f 5894 5896 5895
f 5895 5896 5897
f 5896 5898 5897
f 5897 5898 5899
f 5898 5900 5899
f 5899 5900 5901
f 5900 5902 5901
f 5901 5902 5903
f 5902 5904 5903
f 5904 5905 5903
f 5903 5905 5906
f 5905 5907 5906
f 5906 5907 5908
f 5873 5871 5907
f 5871 5909 5907
f 5907 5909 5908
f 5910 5911 5912
f 5913 5914 5915
f 5914 5916 5915
f 5915 5916 5910
f 5917 5918 5915
f 5918 5919 5915
f 5915 5919 5913
f 5910 5912 5915
f 5912 5920 5915
f 5915 5920 5917
f 5921 5922 5923
f 5922 5924 5923
f 5924 5925 5923
f 5923 5925 5926
f 5926 5927 5923
f 5927 5928 5923
f 5923 5928 5929
f 5916 5930 5910
f 5930 5931 5910
f 5910 5931 5932
f 5931 5933 5932
f 5932 5933 5929
f 5933 5934 5929
f 5929 5934 5923
f 5934 5935 5923
f 5923 5935 5921
f 5936 5937 5938
f 5937 5939 5938
f 5940 5941 5942
f 5940 5942 5943
f 5942 5944 5943
f 5943 5944 5945
f 5944 5946 5945
f 5945 5946 5947
f 5946 5948 5947
f 5947 5948 5949
f 5948 5950 5949
f 5949 5950 5951
f 5950 5952 5951
f 5951 5952 5953
f 5952 5939 5953
f 5953 5939 5937
f 5941 5940 5954
f 5940 5955 5954
f 5954 5955 5956
f 5955 5957 5956
f 5956 5957 5958
f 5957 5959 5958
f 5958 5959 5960
f 5959 5961 5960
f 5962 5963 5964
f 5962 5964 5965
f 5964 5966 5965
f 5965 5966 5967
f 5966 5968 5967
f 5967 5968 5969
f 5968 5970 5969
f 5969 5970 5971
f 5970 5972 5971
f 5971 5972 5973
f 5972 5974 5973
f 5973 5974 5975
f 5974 5960 5975
f 5975 5960 5961
f 5962 5976 5963
f 5976 5977 5963
f 5978 5979 5980
f 5979 5981 5980
f 5980 5981 5982
f 5981 5983 5982
f 5982 5983 5984
f 5983 5985 5984
f 5984 5985 5986
f 5985 5987 5986
f 5988 5989 5990
f 5991 5992 5988
f 5991 5988 5993
f 5992 5994 5988
f 5994 5995 5988
f 5988 5995 5996
f 5996 5997 5988
f 5997 5998 5988
f 5988 5998 5989
f 5990 5999 5988
f 5999 6000 5988
f 5988 6000 6001
f 6001 6002 5988
f 6002 6003 5988
f 5988 6003 6004
f 6004 6005 5988
f 6005 6006 5988
f 5988 6006 6007
f 6007 6008 5988
f 6008 6009 5988
f 5988 6009 5993
f 6010 6011 6012
f 6011 6013 6012
f 6012 6013 6014
f 6013 6015 6014
f 6014 6015 6016
f 6015 6017 6016
f 6016 6017 6018
f 6018 6017 6019
f 6017 6020 6019
f 6019 6020 6021
f 6020 6022 6021
f 6021 6022 6023
f 6022 6024 6023
f 6023 6024 6025
f 6024 6026 6025
f 6025 6026 6027
f 6026 6028 6027
f 6027 6028 6029
f 6028 6030 6029
f 6029 6030 6031
f 6030 6032 6031
f 6031 6032 6033
f 6032 6034 6033
f 6033 6034 6035
f 6034 6036 6035
f 6035 6036 6037
f 6036 6038 6037
f 6037 6038 6039
f 6038 6040 6039
f 6039 6040 6041
f 6040 6042 6041
f 6042 6043 6041
f 6041 6043 6044
f 6043 6045 6044
f 6044 6045 6046
f 6047 6048 6045
f 6048 6049 6045
f 6045 6049 6046
f 6050 6051 6047
f 6051 6048 6047
f 6011 6010 6052
f 6010 6053 6052
f 6054 6055 6056
f 6055 6057 6056
f 6058 6059 6060
f 6061 6062 6063
f 6062 6064 6063
f 6063 6064 6065
f 6060 6066 6063
f 6066 6067 6063
f 6067 6068 6063
f 6068 6069 6063
f 6063 6069 6061
f 6070 6071 6060
f 6065 6072 6063
f 6072 6073 6063
f 6063 6073 6060
f 6073 6074 6060
f 6060 6074 6070
f 6071 6075 6060
f 6075 6076 6060
f 6060 6076 6077
f 6077 6078 6060
f 6078 6079 6060
f 6060 6079 6058
f 6080 6081 6082
f 6081 6083 6082
f 6082 6083 6084
f 6083 6085 6084
f 6084 6085 6086
f 6085 6087 6086
f 6086 6087 6088
f 6088 6087 6089
f 6087 6090 6089
f 6089 6090 6091
f 6090 6092 6091
f 6091 6092 6093
f 6092 6094 6093
f 6093 6094 6095
f 6094 6096 6095
f 6095 6096 6097
f 6096 6098 6097
f 6097 6098 6099
f 6098 6100 6099
f 6099 6100 6101
f 6100 6102 6101
f 6101 6102 6103
f 6102 6104 6103
f 6103 6104 6105
f 6104 6106 6105
f 6105 6106 6107
f 6106 6108 6107
f 6107 6108 6109
f 6108 6110 6109
f 6109 6110 6111
f 6110 6112 6111
f 6112 6113 6111
f 6111 6113 6114
f 6113 6115 6114
f 6114 6115 6116
f 6117 6118 6115
f 6118 6119 6115
f 6115 6119 6116
f 6120 6121 6117
f 6121 6118 6117
f 6081 6080 6122
f 6080 6123 6122
f 6124 6125 6126
f 6125 6127 6126

