# https://github.com/mikedh/trimesh
v 0.01288454 0.12763601 0.01780732
v 0.01417043 0.12789660 0.01527491
v 0.01094728 0.12854151 0.01484522
v 0.01526619 0.12806641 0.01267182
v 0.01616910 0.12815081 0.01000831
v 0.01249388 0.12887861 0.00970701
v 0.00383404 0.12930311 0.01432752
v 0.00307520 0.12846950 0.01918611
v 0.00602347 0.12822111 0.01941261
v 0.00478100 0.12862020 -0.00817480
v 0.00458692 0.12724460 -0.01474139
v 0.00000142 0.12735731 -0.01481419
v -0.02557498 0.12415961 0.01403141
v -0.02515744 0.12422410 0.01462211
v -0.02393649 0.12496281 0.01429099
v 0.00605183 0.12537841 0.02717311
v 0.00643112 0.12537211 0.02711082
v 0.00597462 0.12553901 0.02692802
v 0.02988829 0.12084000 -0.01109350
v 0.02939441 0.12038151 -0.01381049
v 0.02693203 0.12187350 -0.01366430
v 0.02785167 0.11947500 -0.01904789
v 0.02750515 0.11927141 -0.02022439
v 0.02531161 0.12059830 -0.02006359
v 0.02233929 0.11645891 -0.03458639
v 0.02060540 0.11552051 -0.03932650
v 0.01910999 0.11615780 -0.03926040
v 0.01524873 0.11009881 -0.06618960
v 0.01512445 0.11012630 -0.06619410
v 0.01530602 0.11042090 -0.06440020
v 0.01500000 0.11015301 -0.06619880
v 0.01227798 0.11058400 -0.06627479
v 0.01636023 0.11245630 -0.05415649
v 0.01589267 0.11191800 -0.05668910
v 0.01260199 0.11201121 -0.05941999
v 0.01708929 0.11329571 -0.05020730
v 0.01665992 0.11280140 -0.05253309
v 0.01351875 0.11354851 -0.05259779
v 0.01576109 0.11158220 -0.05841869
v 0.01569090 0.11140310 -0.05934120
v 0.01545122 0.11079140 -0.06249169
v 0.01496762 0.11521760 -0.04589190
v 0.01717258 0.11459801 -0.04582150
v 0.01714863 0.11336400 -0.04988589
v 0.01950398 0.11492441 -0.04233759
v 0.01882742 0.11455830 -0.04418719
v 0.01834064 0.11421200 -0.04583959
v 0.02714261 0.11905841 -0.02145509
v 0.02528665 0.11805401 -0.02652889
v 0.02335498 0.11919320 -0.02642049
v 0.02517081 0.11799131 -0.02684559
v 0.02901410 0.12015800 -0.01510158
v 0.03046339 0.12137391 -0.00792969
v 0.02800296 0.12296110 -0.00740530
v 0.03048717 0.12142670 -0.00755659
v 0.03073339 0.12229671 -0.00125039
v 0.03073719 0.12227951 -0.00138448
v 0.02823341 0.12379621 -0.00127389
v 0.03078129 0.12207940 -0.00294030
v 0.02822773 0.12341511 -0.00432268
v 0.03068669 0.12186950 -0.00442499
v 0.03051829 0.12149570 -0.00706809
v 0.03015443 0.12284141 0.00301341
v 0.02799664 0.12412890 0.00186161
v 0.02961083 0.12311790 0.00522440
v 0.02744486 0.12442501 0.00508552
v 0.02942583 0.12321200 0.00597691
v 0.03030639 0.12276410 0.00239530
v 0.03036976 0.12269481 0.00185432
v 0.03061187 0.12242971 -0.00021279
v 0.02935762 0.12324670 0.00625431
v 0.02658374 0.12466401 0.00824452
v 0.02848617 0.12351771 0.00849760
v 0.02692182 0.12390500 0.01178660
v 0.02700007 0.12388850 0.01164320
v 0.02541346 0.12484421 0.01132182
v 0.02791719 0.12369471 0.00996232
v 0.02838626 0.12354880 0.00875480
v 0.02393797 0.12496210 0.01429142
v 0.02528865 0.12420531 0.01445042
v 0.02600957 0.12409781 0.01345851
v 0.02216260 0.12501471 0.01712922
v 0.02298188 0.12451971 0.01740632
v 0.02357764 0.12445671 0.01677662
v 0.02366497 0.12444741 0.01668421
v 0.02516230 0.12422420 0.01462422
v 0.02009545 0.12499911 0.01981050
v 0.02092121 0.12473751 0.01958470
v 0.02175694 0.12464921 0.01870121
v 0.01835628 0.12492921 0.02167640
v 0.01939100 0.12485180 0.02083262
v 0.02046550 0.12477160 0.01995631
v 0.01591277 0.12581351 0.02153822
v 0.01761287 0.12497990 0.02224122
v 0.01798719 0.12600931 0.01905442
v 0.01782409 0.12496891 0.02211042
v 0.01359429 0.12553280 0.02385270
v 0.01442418 0.12514561 0.02421611
v 0.01713758 0.12500461 0.02253562
v 0.01173625 0.12523941 0.02543232
v 0.01181614 0.12523661 0.02539622
v 0.01436512 0.12514770 0.02424281
v 0.01441186 0.12514601 0.02422172
v 0.00694871 0.12536351 0.02702571
v 0.00898614 0.12531531 0.02640852
v 0.00794388 0.12624051 0.02483720
v 0.01077889 0.12527280 0.02586552
v 0.01079957 0.12527211 0.02585612
v 0.00314086 0.12610421 0.02628852
v 0.00304625 0.12542840 0.02766691
v 0.00575613 0.12538331 0.02722172
v 0.00000035 0.12545241 0.02782020
v 0.00243556 0.12543351 0.02770201
v 0.00299910 0.12542911 0.02767472
v -0.00241601 0.12543521 0.02771461
v -0.00171603 0.12544371 0.02777302
v 0.00000066 0.12721051 0.02379512
v 0.00000002 0.12545241 0.02782020
v -0.00342133 0.12542321 0.02763090
v -0.00304620 0.12542770 0.02766221
v -0.00313994 0.12610431 0.02628831
v -0.00577463 0.12538260 0.02721031
v -0.01075908 0.12527151 0.02584611
v -0.00898594 0.12531521 0.02640992
v -0.00794282 0.12624080 0.02483692
v -0.00735930 0.12535541 0.02692710
v -0.00597383 0.12553921 0.02692771
v -0.00635814 0.12537260 0.02710600
v -0.00604923 0.12537791 0.02716130
v -0.01117108 0.12526140 0.02571510
v -0.00976161 0.12681650 0.02260731
v -0.01167798 0.12524290 0.02547752
v -0.01455293 0.12513801 0.02412962
v -0.01438679 0.12514400 0.02420762
v -0.01359325 0.12553331 0.02385221
v -0.01182227 0.12523761 0.02540980
v -0.01759540 0.12497800 0.02222770
v -0.01713060 0.12500310 0.02252452
v -0.01591157 0.12581401 0.02153770
v -0.01479171 0.12512931 0.02401771
v -0.01816050 0.12494761 0.02186701
v -0.01798583 0.12600981 0.01905390
v -0.01831265 0.12493580 0.02173951
v -0.02009428 0.12499981 0.01981001
v -0.02045266 0.12476990 0.01994621
v -0.01939367 0.12485200 0.02083360
v -0.02122174 0.12471030 0.01930180
v -0.02216129 0.12501541 0.01712882
v -0.02176657 0.12465071 0.01871012
v -0.02392444 0.12441460 0.01636662
v -0.02371259 0.12443780 0.01659660
v -0.02297261 0.12451871 0.01740031
v -0.02622466 0.12405931 0.01311231
v -0.02541187 0.12484501 0.01132142
v -0.02700100 0.12388891 0.01164442
v -0.02849371 0.12351841 0.00850071
v -0.02839717 0.12354980 0.00875920
v -0.02658211 0.12466491 0.00824430
v -0.02808539 0.12365101 0.00959400
v -0.02705600 0.12387691 0.01154041
v -0.02943681 0.12321210 0.00597550
v -0.02744317 0.12442591 0.00508531
v -0.02947627 0.12319931 0.00586991
v -0.03038582 0.12269551 0.00185600
v -0.03037385 0.12271421 0.00200120
v -0.02799485 0.12412990 0.00186152
v -0.03013972 0.12284070 0.00301032
v -0.02962526 0.12311880 0.00522770
v -0.03053411 0.12246451 0.00005750
v -0.02823159 0.12379721 -0.00127389
v -0.03065325 0.12227891 -0.00138738
v -0.03068738 0.12177691 -0.00516430
v -0.03073943 0.12188170 -0.00442959
v -0.02822591 0.12341611 -0.00432268
v -0.03076133 0.12192580 -0.00412040
v -0.03078129 0.12207940 -0.00294030
v -0.03021369 0.12115890 -0.00917179
v -0.03049127 0.12142940 -0.00755509
v -0.02800115 0.12296210 -0.00740530
v -0.03053682 0.12147381 -0.00728979
v -0.02693029 0.12187440 -0.01366419
v -0.02948087 0.12044581 -0.01343439
v -0.02948329 0.12044720 -0.01342599
v -0.02530995 0.12059920 -0.02006350
v -0.02812667 0.11963611 -0.01811999
v -0.02935815 0.12037240 -0.01385899
v -0.02335344 0.11919401 -0.02642049
v -0.02527632 0.11805050 -0.02652439
v -0.02662849 0.11877861 -0.02283430
v -0.02727068 0.11912430 -0.02108169
v -0.02751739 0.11927190 -0.02022810
v -0.01910861 0.11615831 -0.03926040
v -0.02058774 0.11552581 -0.03931979
v -0.02523082 0.11802601 -0.02664860
v -0.01717132 0.11459840 -0.04582150
v -0.01907009 0.11470861 -0.04346150
v -0.02044445 0.11544871 -0.03971079
v -0.01562007 0.11305861 -0.05252689
v -0.01686850 0.11311200 -0.05106779
v -0.01694684 0.11316881 -0.05079719
v -0.01825502 0.11411751 -0.04627749
v -0.01837932 0.11420771 -0.04584809
v -0.01542042 0.11160860 -0.05852279
v -0.01554580 0.11160871 -0.05838760
v -0.01351748 0.11354880 -0.05259779
v -0.01557266 0.11160871 -0.05835870
v -0.01562647 0.11161390 -0.05827729
v -0.01564396 0.11161851 -0.05823800
v -0.01571408 0.11163691 -0.05808059
v -0.01571549 0.11163810 -0.05807380
v -0.01575236 0.11166961 -0.05789619
v -0.01620778 0.11225811 -0.05510999
v -0.01662982 0.11280350 -0.05252799
v -0.01444326 0.11164551 -0.05935870
v -0.01260072 0.11201140 -0.05941999
v -0.01429981 0.11165091 -0.05948139
v -0.01249158 0.11161151 -0.06101109
v -0.01075648 0.11157371 -0.06247900
v -0.00845791 0.11261870 -0.05960369
v -0.00824282 0.11151890 -0.06460549
v -0.00608474 0.11147191 -0.06643119
v -0.00425191 0.11296650 -0.05977870
v -0.00411440 0.11155510 -0.06644590
v 0.00000065 0.11307731 -0.05985659
v 0.00000000 0.11172870 -0.06647659
v 0.00053442 0.11170080 -0.06647169
v 0.00425320 0.11296641 -0.05977859
v 0.00411281 0.11151330 -0.06643859
v 0.00754255 0.11133371 -0.06640699
v 0.00845918 0.11261860 -0.05960369
v 0.00821369 0.11122751 -0.06638819
v 0.00833274 0.11120861 -0.06638490
v 0.00602512 0.11870411 -0.04021510
v 0.00000094 0.11889511 -0.04045280
v 0.00000121 0.12343891 -0.02773159
v 0.02067370 0.12035010 -0.02645779
v 0.01676705 0.11694250 -0.03932429
v 0.01774449 0.12131511 -0.02663129
v 0.01427503 0.11757970 -0.03949380
v 0.01458510 0.12209321 -0.02688940
v 0.01164599 0.11807921 -0.03972680
v 0.00764689 0.12310921 -0.02745199
v 0.00390360 0.12335731 -0.02765299
v 0.02245393 0.12192251 -0.02008540
v 0.01931248 0.12303781 -0.02024589
v 0.01590591 0.12394610 -0.02049338
v 0.01225286 0.12464921 -0.02077599
v 0.00837198 0.12514921 -0.02104200
v 0.00895639 0.12690721 -0.01455569
v 0.00932731 0.12826011 -0.00804310
v 0.00942869 0.12914481 -0.00122671
v 0.01309178 0.12634591 -0.01430669
v 0.01362448 0.12766321 -0.00786629
v 0.01376399 0.12853400 -0.00121529
v 0.01343549 0.12887591 0.00441310
v 0.01687769 0.12815401 0.00729420
v 0.01739004 0.12807880 0.00453880
v 0.01770649 0.12792611 0.00174491
v 0.01782710 0.12768841 -0.00120879
v 0.01765657 0.12683211 -0.00767919
v 0.01697507 0.12556110 -0.01404369
v 0.00000095 0.12855480 0.01910771
v 0.00000119 0.12940171 0.01425901
v 0.00000136 0.12983890 0.00929841
v 0.00855921 0.12940731 0.00948411
v 0.00920786 0.12945281 0.00432020
v 0.00472418 0.12980331 0.00426252
v 0.00483620 0.12951520 -0.00123760
v 0.00000150 0.12963990 -0.00124248
v 0.00000149 0.12874091 -0.00822658
v 0.00418219 0.12695301 0.02407441
v 0.01141326 0.12727830 0.02025761
v 0.00881355 0.12782040 0.01977421
v 0.00749228 0.12901331 0.01452610
v 0.00438755 0.12972980 0.00934590
v 0.00000147 0.12992150 0.00424272
v 0.02391323 0.12332421 -0.01367309
v 0.02486175 0.12447851 -0.00741379
v 0.00976292 0.12681621 0.02260771
v 0.01379040 0.12660570 0.02085002
v 0.01557324 0.12689161 0.01838282
v 0.01713311 0.12708781 0.01580522
v 0.01846400 0.12719961 0.01313362
v 0.01956241 0.12723101 0.01038200
v 0.02042655 0.12718590 0.00756431
v 0.02105447 0.12706721 0.00469441
v 0.02144701 0.12687591 0.00177842
v 0.02160303 0.12661330 -0.00121279
v 0.02140764 0.12576971 -0.00751668
v 0.02058823 0.12455371 -0.01381609
v 0.02507680 0.12531411 -0.00123260
v 0.02488223 0.12560831 0.00181751
v 0.02441175 0.12584730 0.00487751
v 0.02366839 0.12602051 0.00788252
v 0.02265135 0.12612651 0.01082191
v 0.02136314 0.12616211 0.01367610
v 0.01980671 0.12612420 0.01642671
v -0.01362195 0.12766360 -0.00786639
v -0.01782472 0.12768901 -0.00120879
v -0.01376143 0.12853451 -0.00121529
v -0.01770413 0.12792670 0.00174491
v -0.01343302 0.12887641 0.00441310
v -0.01738775 0.12807931 0.00453871
v -0.01687546 0.12815450 0.00729402
v -0.01249156 0.12887900 0.00970680
v -0.01980519 0.12612481 0.01642631
v -0.02136146 0.12616281 0.01367570
v -0.02264956 0.12612720 0.01082160
v -0.02366655 0.12602121 0.00788230
v -0.02440986 0.12584810 0.00487742
v -0.02488024 0.12560911 0.00181751
v -0.02507479 0.12531501 -0.00123260
v -0.01616695 0.12815131 0.01000810
v -0.01526416 0.12806690 0.01267161
v -0.01094525 0.12854180 0.01484501
v -0.01416855 0.12789711 0.01527461
v -0.01288284 0.12763640 0.01780702
v -0.00881191 0.12782071 0.01977381
v -0.01141175 0.12727871 0.02025721
v -0.00418097 0.12695321 0.02407420
v -0.00602172 0.12822130 0.01941252
v -0.00749011 0.12901351 0.01452601
v -0.00855674 0.12940760 0.00948402
v -0.00920522 0.12945301 0.00432011
v -0.00942598 0.12914501 -0.00122671
v -0.00932462 0.12826031 -0.00804319
v -0.00895380 0.12690751 -0.01455588
v -0.00307337 0.12846961 0.01918601
v -0.00383176 0.12930321 0.01432740
v -0.00438495 0.12972991 0.00934580
v -0.00472138 0.12980341 0.00426252
v -0.00483333 0.12951531 -0.00123760
v -0.00477816 0.12862031 -0.00817489
v -0.00458420 0.12724470 -0.01474139
v -0.00836955 0.12514940 -0.02104220
v -0.01496630 0.11521791 -0.04589199
v -0.01676558 0.11694291 -0.03932439
v -0.01027559 0.11610341 -0.04624409
v -0.01427347 0.11758001 -0.03949389
v -0.02067200 0.12035081 -0.02645789
v -0.02245210 0.12192321 -0.02008549
v -0.02391130 0.12332511 -0.01367319
v -0.00916547 0.11425551 -0.05287269
v -0.00526487 0.11657991 -0.04665289
v -0.00464748 0.11464091 -0.05317230
v 0.00000082 0.11672201 -0.04684910
v 0.00000071 0.11475770 -0.05331289
v 0.00526643 0.11657981 -0.04665279
v 0.00464887 0.11464091 -0.05317219
v 0.01027705 0.11610321 -0.04624389
v 0.00916680 0.11425531 -0.05287269
v -0.01121120 0.12268980 -0.02718040
v -0.01458312 0.12209360 -0.02688949
v -0.01225056 0.12464960 -0.02077619
v -0.01590376 0.12394661 -0.02049360
v -0.01308934 0.12634630 -0.01430689
v -0.01697279 0.12556170 -0.01404389
v -0.01765420 0.12683271 -0.00767930
v -0.02140545 0.12577041 -0.00751679
v -0.02160083 0.12661410 -0.00121279
v -0.02144484 0.12687661 0.00177842
v -0.02105237 0.12706791 0.00469431
v -0.02042451 0.12718661 0.00756410
v -0.01956044 0.12723160 0.01038181
v -0.01846213 0.12720011 0.01313331
v -0.01713140 0.12708841 0.01580491
v -0.01557171 0.12689210 0.01838240
v -0.01378903 0.12660611 0.02084950
v -0.00764467 0.12310940 -0.02745210
v -0.00427937 0.12544790 -0.02123969
v 0.00428192 0.12544781 -0.02123959
v 0.00000133 0.12554690 -0.02131699
v -0.00390127 0.12335740 -0.02765310
v -0.00602334 0.11870421 -0.04021529
v -0.01164435 0.11807940 -0.03972700
v -0.01774264 0.12131560 -0.02663149
v -0.01931049 0.12303840 -0.02024609
v -0.02058612 0.12455440 -0.01381618
v -0.02485974 0.12447931 -0.00741379
v 0.01500000 0.10618660 -0.08869380
v 0.01500000 0.09973417 -0.12528729
v 0.01464265 0.09980916 -0.12530050
v -0.00418086 0.11091421 -0.07038780
v -0.00420957 0.11100641 -0.06985519
v -0.00417882 0.10118880 -0.12554379
v 0.00000000 0.10130990 -0.12556509
v 0.00053582 0.10130790 -0.12556480
v -0.00433383 0.11109581 -0.06930419
v -0.00446307 0.11118891 -0.06873109
v -0.00465429 0.11125880 -0.06826379
v -0.00466905 0.11126420 -0.06822770
v -0.00411440 0.11155510 -0.06644590
v -0.00522477 0.11138280 -0.06733070
v -0.00527716 0.11139400 -0.06724609
v -0.00597419 0.11146500 -0.06652499
v -0.00602917 0.11146840 -0.06647849
v -0.00608474 0.11147191 -0.06643119
v 0.00740158 0.10088450 -0.12549009
v 0.00821369 0.11122751 -0.06638819
v 0.00833878 0.10082670 -0.12547990
v 0.00833274 0.11120861 -0.06638490
v 0.01107282 0.10038540 -0.12540210
v 0.01227798 0.11058400 -0.06627479
v 0.01500000 0.11015301 -0.06619880
v 0.00369816 0.10111290 -0.12553039
v 0.00411281 0.11151330 -0.06643859
v 0.00754255 0.11133371 -0.06640699
v -0.00750000 0.09082865 -0.17350109
v -0.00763523 0.09082307 -0.17346213
v -0.00660726 0.09316140 -0.16454936
v -0.00857382 0.09078447 -0.17319170
v -0.01037405 0.09107100 -0.17113762
v -0.01034192 0.09105909 -0.17120140
v -0.00958101 0.09077729 -0.17271145
v -0.01098530 0.09139004 -0.16950842
v -0.01103105 0.09142173 -0.16935060
v -0.01154325 0.09177659 -0.16758339
v -0.01194151 0.09212781 -0.16585335
v -0.01199235 0.09217263 -0.16563254
v -0.01223076 0.09242817 -0.16437583
v -0.00403665 0.09096886 -0.17406836
v -0.00537510 0.09091468 -0.17384913
v -0.00660589 0.09086483 -0.17364754
v -0.00417526 0.09846084 -0.14011239
v 0.00000000 0.09965124 -0.13474090
v 0.00000000 0.09857103 -0.14013279
v -0.00596697 0.09598040 -0.15211320
v -0.00561228 0.09607946 -0.15178119
v 0.00000000 0.09596261 -0.15315270
v -0.00523541 0.09620984 -0.15129190
v -0.00490635 0.09632370 -0.15086470
v -0.00464721 0.09644311 -0.15037350
v -0.00463122 0.09645048 -0.15034320
v -0.00430448 0.09667827 -0.14933710
v -0.00427220 0.09670076 -0.14923770
v -0.00417322 0.09690837 -0.14824910
v -0.00417376 0.09731396 -0.14623710
v -0.01236530 0.09257235 -0.16366668
v -0.01256076 0.09284872 -0.16229760
v -0.01307227 0.09357201 -0.15871470
v -0.01307783 0.09358619 -0.15864620
v -0.01306532 0.09362490 -0.15848290
v -0.01306099 0.09363829 -0.15842640
v -0.01304151 0.09366001 -0.15834540
v -0.01300566 0.09368561 -0.15826069
v -0.01294905 0.09372606 -0.15812690
v -0.01290248 0.09375094 -0.15805430
v -0.01289968 0.09375245 -0.15804989
v -0.01274779 0.09381759 -0.15788430
v -0.01128301 0.09434823 -0.15663860
v -0.00936462 0.09493722 -0.15500550
v -0.00660726 0.09571473 -0.15309980
v -0.00709232 0.09563488 -0.15307120
v -0.00661085 0.09578270 -0.15266130
v 0.00000000 0.09102601 -0.17429747
v 0.00000000 0.09336172 -0.16459629
v 0.00000000 0.09519780 -0.15697030
v -0.00895162 0.09061702 -0.17364211
v -0.00821366 0.09049051 -0.17446470
v -0.00881749 0.09059404 -0.17379162
v -0.00742555 0.09040577 -0.17511182
v -0.00763470 0.09042824 -0.17494009
v -0.00784975 0.09045137 -0.17476351
v -0.00542163 0.09032637 -0.17607165
v -0.00560439 0.09032656 -0.17602719
v -0.00654702 0.09035238 -0.17563318
v -0.00669917 0.09036164 -0.17554289
v -0.00420424 0.09032511 -0.17636783
v -0.00534268 0.09032628 -0.17609086
v 0.00000000 0.09068763 -0.17554151
v 0.00000176 0.09035041 -0.17675599
v -0.00269850 0.09033110 -0.17657227
v -0.00362226 0.09032451 -0.17650942
v 0.00750000 0.09082865 -0.17350109
v 0.00763559 0.09082278 -0.17346370
v 0.00763843 0.09042502 -0.17495415
v 0.00116267 0.09102128 -0.17427851
v 0.00537641 0.09091687 -0.17385822
v 0.00534135 0.09032873 -0.17607490
v 0.00434004 0.09095994 -0.17403251
v 0.00389238 0.09032244 -0.17646432
v 0.00370419 0.09097223 -0.17408173
v 0.00270846 0.09033326 -0.17660488
v 0.00196110 0.09034008 -0.17669361
v 0.00740424 0.09083262 -0.17351720
v 0.00676451 0.09036225 -0.17552081
v 0.00667328 0.09035914 -0.17556232
v 0.00761545 0.09042228 -0.17497438
v 0.00584341 0.09033092 -0.17593995
v 0.00538715 0.09032894 -0.17606258
v 0.00840668 0.09078950 -0.17325109
v 0.00837267 0.09051320 -0.17430796
v 0.00781304 0.09044600 -0.17480048
v 0.00958093 0.09077730 -0.17271142
v 0.00902602 0.09063318 -0.17354419
v 0.00878535 0.09058899 -0.17382554
v 0.00370464 0.09853724 -0.14012680
v 0.01108422 0.09777849 -0.13998110
v 0.00370464 0.09336680 -0.16459791
v 0.01107724 0.09149270 -0.16901031
v 0.01071545 0.09124401 -0.17025052
v 0.00740442 0.09308458 -0.16453120
v 0.01067361 0.09121524 -0.17039396
v 0.01155850 0.09182351 -0.16736055
v 0.01108422 0.09261491 -0.16442016
v 0.01178475 0.09197905 -0.16658494
v 0.01215483 0.09237397 -0.16464216
v 0.01384487 0.09537822 -0.14947120
v 0.01358406 0.09471400 -0.15288800
v 0.01108422 0.09516534 -0.15298370
v 0.01334725 0.09411091 -0.15599030
v 0.01328561 0.09395394 -0.15679780
v 0.01268438 0.09301683 -0.16146457
v 0.01252612 0.09277018 -0.16269295
v 0.01220566 0.09242820 -0.16437529
v 0.01404029 0.09587590 -0.14691120
v 0.01429091 0.09717766 -0.13986570
v 0.01459845 0.09913131 -0.12915899
v 0.01453460 0.09844337 -0.13301529
v 0.01437888 0.09763454 -0.13739290
v 0.00370464 0.09592122 -0.15314340
v 0.00740442 0.09563752 -0.15308350
v 0.00740442 0.09825246 -0.14007210
v 0.01513934 0.10868641 -0.07434089
v 0.01512445 0.11012630 -0.06619410
v 0.01524873 0.11009881 -0.06618960
v 0.01522448 0.10992331 -0.06721650
v 0.01516984 0.10923360 -0.07119839
v 0.04537185 0.08610000 -0.01435589
v 0.04484679 0.08610000 -0.01582780
v 0.04504875 0.08640603 -0.01527659
v 0.04487561 0.08656173 -0.01574439
v 0.04478376 0.08523318 -0.01598420
v 0.04352225 0.07124421 -0.01900529
v 0.04380622 0.07270827 -0.01837600
v 0.04478728 0.01580000 -0.01598559
v 0.04148262 0.01580000 -0.02294999
v 0.04147613 0.06603196 -0.02294630
v 0.04170792 0.06640310 -0.02255520
v 0.04250394 0.06806579 -0.02108680
v 0.04272912 0.06868219 -0.02063839
v 0.04309980 0.06969690 -0.01990020
v 0.04589824 0.08554905 -0.01270260
v 0.04398165 0.07420250 -0.01797410
v 0.03864615 0.06252243 -0.02727380
v 0.03945065 0.06325894 -0.02616740
v 0.04031893 0.06431856 -0.02484060
v 0.04068521 0.06476556 -0.02428089
v 0.03394080 0.05987460 -0.03278049
v 0.03458068 0.06004843 -0.03214509
v 0.03710358 0.01580000 -0.02929409
v 0.03568506 0.06054245 -0.03092770
v 0.03634607 0.06083815 -0.03019909
v 0.03658864 0.06099862 -0.02990020
v 0.03708975 0.06133013 -0.02928289
v 0.03800557 0.06193598 -0.02815469
v 0.03056005 0.05937001 -0.03588479
v 0.03121450 0.05938696 -0.03533289
v 0.03176358 0.01580000 -0.03485369
v 0.03175569 0.05945326 -0.03484489
v 0.03291079 0.05959478 -0.03380340
v 0.02990367 0.05937001 -0.03636129
v 0.02560091 0.01580000 -0.03948460
v 0.02560091 0.05937000 -0.03948460
v 0.02467886 0.05937000 -0.03996850
v 0.01877520 0.01580000 -0.04306699
v 0.01899723 0.05937000 -0.04295049
v 0.01146322 0.01580000 -0.04550810
v 0.01287117 0.05937000 -0.04503809
v 0.01877520 0.05937000 -0.04306699
v 0.00385435 0.01580000 -0.04674470
v 0.00649863 0.05937000 -0.04631489
v 0.01146322 0.05937000 -0.04550810
v -0.00652077 0.05937000 -0.04645179
v -0.00648744 0.05937000 -0.04645869
v -0.00385435 0.01580000 -0.04674470
v -0.00384711 0.05937000 -0.04663830
v 0.00000000 0.01580000 -0.04689999
v 0.00000000 0.05937000 -0.04689999
v 0.00385435 0.05937000 -0.04674470
v -0.01144801 0.05937000 -0.04543449
v -0.01146322 0.01580000 -0.04550810
v -0.01283970 0.05937000 -0.04514709
v -0.01877520 0.01580000 -0.04306699
v -0.01877146 0.05937000 -0.04305639
v -0.02560091 0.01580000 -0.03948460
v -0.02466141 0.05937000 -0.04006370
v -0.01893298 0.05937000 -0.04299949
v -0.03056005 0.05937001 -0.03588479
v -0.02992877 0.05937000 -0.03639610
v -0.03176358 0.01580000 -0.03485369
v -0.02972437 0.05937000 -0.03656159
v -0.02556779 0.05937000 -0.03943670
v -0.03710358 0.01580000 -0.02929409
v -0.03709294 0.06132102 -0.02928519
v -0.03657359 0.06101007 -0.02990559
v -0.03588585 0.06059830 -0.03072720
v -0.03568245 0.06051752 -0.03094509
v -0.03411829 0.05989626 -0.03262069
v -0.03395836 0.05986099 -0.03277450
v -0.03225866 0.05948609 -0.03440890
v -0.03175635 0.05945177 -0.03484539
v -0.04035024 0.06431414 -0.02481219
v -0.03904195 0.06284337 -0.02675129
v -0.03865244 0.06251760 -0.02727019
v -0.03754616 0.06159237 -0.02874380
v -0.04398165 0.07420250 -0.01797410
v -0.04379891 0.07266008 -0.01839239
v -0.04478728 0.01580000 -0.01598559
v -0.04442917 0.08014917 -0.01690139
v -0.04347573 0.07104711 -0.01910650
v -0.04295637 0.06925988 -0.02019340
v -0.04272803 0.06868283 -0.02063879
v -0.04228211 0.06755600 -0.02150849
v -0.04166714 0.06636969 -0.02261459
v -0.04148262 0.01580000 -0.02294999
v -0.04148111 0.06601082 -0.02294920
v -0.04143234 0.06591674 -0.02303689
v -0.04537185 0.08610000 -0.01435589
v -0.04484679 0.08610000 -0.01582780
v -0.04478566 0.08522895 -0.01598499
v -0.04559706 0.08581601 -0.01349740
v -0.04758303 0.08253811 -0.00350399
v -0.04706720 0.08396210 -0.00789320
v -0.04693197 0.01580000 -0.00858120
v -0.04688960 0.08418606 -0.00857020
v -0.04677367 0.08433226 -0.00901209
v -0.04784659 0.08181051 -0.00126128
v -0.04786115 0.01580000 -0.00092870
v -0.04785899 0.08170343 -0.00092870
v -0.04788216 0.08150344 -0.00030739
v -0.04788956 0.01977651 0.00000001
v -0.04790000 0.01680000 0.00100001
v -0.04755076 0.01580000 0.00677372
v -0.04788956 0.01977651 0.00200001
v -0.04685357 0.07801879 0.01053752
v -0.04740024 0.07886618 0.00790122
v -0.04748514 0.07922998 0.00676872
v -0.04749384 0.07926722 0.00665272
v -0.04789938 0.08100502 0.00124290
v -0.04440324 0.07531006 0.01896562
v -0.04600882 0.01580000 0.01432661
v -0.04415505 0.07514276 0.01948631
v -0.04327527 0.01580000 0.02153440
v -0.04563311 0.07648540 0.01530842
v -0.04596789 0.07680533 0.01431291
v -0.04623606 0.07706161 0.01351551
v -0.04191947 0.07363565 0.02417692
v -0.03968124 0.07250264 0.02770252
v -0.03942093 0.01580000 0.02821031
v -0.04207833 0.07374273 0.02384361
v -0.04319676 0.07449672 0.02149702
v -0.03681036 0.07127861 0.03151152
v -0.03881030 0.07206176 0.02907441
v -0.03937671 0.07234848 0.02818220
v -0.03086204 0.06931173 0.03763261
v -0.03454560 0.01580000 0.03418150
v -0.03023016 0.06916104 0.03810151
v -0.02877556 0.01580000 0.03929332
v -0.03372716 0.07018922 0.03490171
v -0.03451570 0.07043072 0.03415022
v -0.03510984 0.07061270 0.03358390
v -0.02612158 0.06818116 0.04115062
v -0.02243699 0.06751146 0.04323481
v -0.02226024 0.01580000 0.04341331
v -0.02651827 0.06827576 0.04085621
v -0.02872181 0.06880130 0.03922090
v -0.01823595 0.06688256 0.04519242
v -0.02095429 0.06724197 0.04407350
v -0.02222660 0.06747322 0.04335380
v -0.00965811 0.06600809 0.04791621
v -0.01516840 0.01580000 0.04643492
v -0.00925173 0.06598961 0.04797361
v -0.00768370 0.01580000 0.04827970
v -0.00767198 0.06591777 0.04819682
v -0.00462702 0.06577927 0.04862681
v -0.01379551 0.06636924 0.04679081
v -0.01516396 0.06648868 0.04641862
v -0.01543731 0.06651255 0.04634422
v 0.00000000 0.01580000 0.04890001
v 0.00000000 0.06569098 0.04890001
v -0.00185951 0.06570272 0.04886390
v -0.00371285 0.06573770 0.04875590
v 0.00463344 0.06577000 0.04865580
v 0.00768370 0.01580000 0.04827970
v 0.00503459 0.06577685 0.04863472
v 0.01378794 0.06637471 0.04677381
v 0.01099010 0.06610247 0.04762220
v 0.01516840 0.01580000 0.04643492
v 0.00924155 0.06600685 0.04791951
v 0.00766794 0.06592083 0.04818702
v 0.02223185 0.06744935 0.04342833
v 0.01824148 0.06687674 0.04521022
v 0.02226024 0.01580000 0.04341331
v 0.01675462 0.06666339 0.04587422
v 0.01514625 0.06650687 0.04636192
v 0.02733502 0.06844342 0.04033461
v 0.02650794 0.06828229 0.04083592
v 0.02877556 0.01580000 0.03929332
v 0.02246781 0.06749531 0.04328520
v 0.02225921 0.06745468 0.04341172
v 0.03454560 0.01580000 0.03418150
v 0.03448360 0.07044030 0.03412052
v 0.03371836 0.07019068 0.03489720
v 0.03198821 0.06962633 0.03665342
v 0.03019954 0.06917163 0.03806840
v 0.02872771 0.06879745 0.03923280
v 0.03612712 0.07097641 0.03245222
v 0.03942093 0.01580000 0.02821031
v 0.03683436 0.07127219 0.03153172
v 0.04327527 0.01580000 0.02153440
v 0.04266154 0.07408423 0.02278080
v 0.04204598 0.07374888 0.02382432
v 0.03973869 0.07249189 0.02773570
v 0.03969895 0.07247023 0.02780311
v 0.03939899 0.07234478 0.02819352
v 0.04600882 0.01580000 0.01432661
v 0.04592678 0.07680870 0.01430210
v 0.04562588 0.07648520 0.01530891
v 0.04498259 0.07579359 0.01746141
v 0.04410688 0.07514866 0.01946842
v 0.04321659 0.07449302 0.02150871
v 0.04663841 0.07757380 0.01192100
v 0.04755076 0.01580000 0.00677372
v 0.04687456 0.07801667 0.01054350
v 0.04786631 0.08116980 0.00073222
v 0.04789938 0.08100502 0.00124290
v 0.04786115 0.01580000 -0.00092870
v 0.04786676 0.08050996 0.00278401
v 0.04761293 0.07940139 0.00623631
v 0.04754132 0.07926709 0.00665400
v 0.04752165 0.07923021 0.00676881
v 0.04636362 0.08499556 -0.01103429
v 0.04661262 0.08458049 -0.00976820
v 0.04693197 0.01580000 -0.00858120
v 0.04684924 0.08418605 -0.00856489
v 0.04716323 0.08366262 -0.00696830
v 0.04746803 0.08315452 -0.00541839
v 0.04754767 0.08275764 -0.00418850
v 0.04775918 0.08170366 -0.00092220
v 0.01643041 0.05235643 -0.25700000
v 0.01859093 0.05176270 -0.25700000
v 0.01859093 0.05176270 -0.25900000
v -0.01556418 0.05275183 -0.25699999
v -0.01456726 0.05300774 -0.25700000
v -0.01457398 0.05303394 -0.25900000
v -0.03886189 0.03891982 -0.25700000
v -0.03657787 0.04104425 -0.25699999
v -0.03659291 0.04106042 -0.25900000
v -0.04333386 0.03382779 -0.25700004
v -0.04240722 0.03497336 -0.25700002
v -0.04243191 0.03499333 -0.25900000
v -0.04761991 0.02746666 -0.25700002
v -0.04724749 0.02808877 -0.25700003
v -0.04727633 0.02810603 -0.25900000
v -0.05454436 -0.00681983 -0.25700002
v -0.05482470 -0.00420871 -0.25700002
v -0.05483862 -0.00421021 -0.25900000
v -0.05006305 -0.02276907 -0.25700001
v -0.05098505 -0.02054849 -0.25700001
v -0.05101263 -0.02055994 -0.25900000
v -0.01301798 -0.05341713 -0.25699988
v -0.01456329 -0.05299481 -0.25699989
v -0.01457398 -0.05303394 -0.25900000
v -0.00414479 -0.05484359 -0.25699999
v -0.00630306 -0.05459738 -0.25699996
v -0.00630759 -0.05463711 -0.25900000
v 0.05448316 -0.00679588 -0.25700000
v 0.05435542 -0.00839571 -0.25900000
v 0.05493233 -0.00117061 -0.25700000
v 0.05500000 0.00000000 -0.25900000
v 0.05499897 -0.00033597 -0.25700000
v 0.05500000 0.00000000 -0.25800000
v 0.05423416 0.00891388 -0.25700000
v 0.05435542 0.00839571 -0.25700000
v 0.05435542 0.00839571 -0.25900000
v 0.05436488 0.00827724 -0.25700000
v 0.05499897 0.00033597 -0.25700000
v 0.05496654 0.00074208 -0.25700000
v 0.05470816 0.00397807 -0.25700000
v 0.05447812 -0.00685902 -0.25700000
v 0.05435542 -0.00839571 -0.25700000
v 0.05243680 -0.01659463 -0.25900000
v 0.05328021 -0.01299047 -0.25700000
v 0.05291376 -0.01455643 -0.25700000
v 0.05243680 -0.01659463 -0.25700000
v 0.05119467 -0.01967655 -0.25700000
v 0.04928911 -0.02440459 -0.25900000
v 0.04997056 -0.02271378 -0.25700000
v 0.04973307 -0.02330304 -0.25700000
v 0.04928911 -0.02440459 -0.25700000
v 0.04775035 -0.02699288 -0.25700000
v 0.04498611 -0.03164253 -0.25900000
v 0.04544753 -0.03086639 -0.25700000
v 0.04511824 -0.03142028 -0.25700000
v 0.03962869 -0.03813879 -0.25700000
v 0.03962869 -0.03813879 -0.25900000
v 0.04256990 -0.03457235 -0.25700000
v 0.04498611 -0.03164253 -0.25700000
v 0.03938835 -0.03835298 -0.25700000
v 0.03692826 -0.04054539 -0.25700000
v 0.03334240 -0.04374111 -0.25900000
v 0.03567975 -0.04165806 -0.25700000
v 0.03334240 -0.04374111 -0.25700000
v 0.03170405 -0.04480209 -0.25700000
v 0.03100875 -0.04525237 -0.25700000
v 0.02627459 -0.04831817 -0.25900000
v 0.02740325 -0.04758726 -0.25700000
v 0.02627459 -0.04831817 -0.25700000
v 0.02284175 -0.04985709 -0.25700000
v 0.01859093 -0.05176270 -0.25900000
v 0.02283856 -0.04985852 -0.25700000
v 0.01859093 -0.05176270 -0.25700000
v 0.01804261 -0.05191338 -0.25700000
v 0.01047151 -0.05399396 -0.25900000
v 0.01302679 -0.05329175 -0.25700000
v 0.01092273 -0.05386996 -0.25700000
v 0.01047151 -0.05399396 -0.25700000
v 0.00782149 -0.05429989 -0.25700000
v 0.00210665 -0.05495964 -0.25900000
v 0.00241596 -0.05492393 -0.25700000
v 0.00210665 -0.05495964 -0.25700000
v 0.00000000 -0.05500001 -0.25700000
v -0.00242005 -0.05490868 -0.25700000
v -0.01245009 -0.05357233 -0.25699988
v -0.00780167 -0.05442642 -0.25699994
v -0.00831392 -0.05436798 -0.25699993
v -0.01092398 -0.05386590 -0.25699990
v -0.01652697 -0.05245816 -0.25699990
v -0.01804051 -0.05191650 -0.25699993
v -0.02249878 -0.05018770 -0.25900000
v -0.02050991 -0.05103276 -0.25699998
v -0.02248569 -0.05015815 -0.25699999
v -0.02284605 -0.04999863 -0.25699999
v -0.02301954 -0.04992183 -0.25700000
v -0.02398928 -0.04949256 -0.25700000
v -0.02989622 -0.04616510 -0.25900000
v -0.02735291 -0.04771601 -0.25700000
v -0.02741733 -0.04767605 -0.25700000
v -0.02988444 -0.04614611 -0.25699999
v -0.03058527 -0.04571149 -0.25699999
v -0.03116460 -0.04529417 -0.25699999
v -0.03171845 -0.04489520 -0.25699999
v -0.03659291 -0.04106042 -0.25900000
v -0.03367074 -0.04348885 -0.25700000
v -0.03572525 -0.04178141 -0.25700001
v -0.03659286 -0.04106036 -0.25700001
v -0.03659458 -0.04105893 -0.25700001
v -0.04243191 -0.03499333 -0.25900000
v -0.03709064 -0.04058506 -0.25700001
v -0.03934312 -0.03843330 -0.25700001
v -0.03939638 -0.03837486 -0.25700001
v -0.04190366 -0.03562419 -0.25700000
v -0.04241444 -0.03497949 -0.25700000
v -0.04510638 -0.03141609 -0.25700000
v -0.04727633 -0.02810603 -0.25900000
v -0.04426403 -0.03264498 -0.25700000
v -0.04264835 -0.03468425 -0.25700000
v -0.04547362 -0.03088033 -0.25700000
v -0.04641284 -0.02951013 -0.25700000
v -0.04724851 -0.02808967 -0.25700001
v -0.05003636 -0.02283334 -0.25700001
v -0.04785321 -0.02706183 -0.25700001
v -0.04834000 -0.02623441 -0.25700001
v -0.04979475 -0.02331775 -0.25700001
v -0.05133272 -0.01971113 -0.25700000
v -0.05149399 -0.01932275 -0.25700000
v -0.05355325 -0.01253194 -0.25900000
v -0.05270602 -0.01571859 -0.25700002
v -0.05299844 -0.01459794 -0.25700002
v -0.05341676 -0.01299475 -0.25700001
v -0.05454175 -0.00684409 -0.25700002
v -0.05353852 -0.01252810 -0.25700001
v -0.05366656 -0.01203739 -0.25700001
v -0.05442478 -0.00793357 -0.25700002
v -0.05486851 -0.00380070 -0.25700002
v -0.05495124 -0.00116869 -0.25700001
v -0.05483862 0.00421021 -0.25900000
v -0.05499890 0.00034756 -0.25700000
v -0.05498201 0.00073779 -0.25700000
v -0.05483834 0.00405727 -0.25700000
v -0.05483174 0.00420991 -0.25700000
v -0.05482328 0.00440538 -0.25700000
v -0.05437078 0.00827571 -0.25700000
v -0.05436093 0.00835994 -0.25700000
v -0.05355325 0.01253194 -0.25900000
v -0.05425258 0.00892882 -0.25700000
v -0.05363556 0.01216857 -0.25700000
v -0.05362822 0.01220709 -0.25700000
v -0.05354286 0.01252919 -0.25700000
v -0.05263552 0.01595309 -0.25700000
v -0.05254558 0.01621626 -0.25700000
v -0.05101263 0.02055994 -0.25900000
v -0.05185780 0.01822873 -0.25700000
v -0.05138972 0.01959835 -0.25700001
v -0.05103268 0.02044444 -0.25700001
v -0.04815258 0.02657685 -0.25700001
v -0.05098828 0.02054966 -0.25700001
v -0.04989436 0.02314199 -0.25700001
v -0.04903274 0.02484113 -0.25700001
v -0.04649267 0.02934968 -0.25700005
v -0.04617041 0.02988801 -0.25700005
v -0.04395494 0.03305997 -0.25700005
v -0.04151509 0.03607626 -0.25700001
v -0.04093016 0.03670315 -0.25700001
v -0.03958203 0.03814801 -0.25700000
v -0.03600795 0.04157435 -0.25699998
v -0.03527204 0.04216735 -0.25699999
v -0.02989622 0.04616510 -0.25900000
v -0.03296702 0.04402470 -0.25699999
v -0.03087449 0.04547853 -0.25700000
v -0.03044444 0.04577731 -0.25700000
v -0.02989298 0.04616044 -0.25700000
v -0.02975644 0.04625531 -0.25700000
v -0.02784483 0.04739102 -0.25700000
v -0.02639278 0.04825371 -0.25699999
v -0.02249878 0.05018770 -0.25900000
v -0.02513276 0.04888572 -0.25699999
v -0.01629388 0.05250797 -0.25699999
v -0.02289438 0.05000847 -0.25699997
v -0.02249350 0.05017500 -0.25699997
v -0.02230706 0.05025245 -0.25699997
v -0.01936413 0.05147502 -0.25699997
v -0.01927911 0.05151034 -0.25699997
v -0.01646125 0.05245204 -0.25699999
v -0.01310708 0.05338255 -0.25700000
v -0.01176811 0.05372626 -0.25700000
v -0.00630759 0.05463711 -0.25900000
v -0.00790855 0.05442843 -0.25700000
v -0.00763698 0.05445803 -0.25700000
v -0.00636953 0.05459619 -0.25700000
v -0.00630391 0.05460335 -0.25700000
v -0.00400416 0.05485405 -0.25700000
v 0.00210665 0.05495964 -0.25900000
v 0.00000000 0.05500000 -0.25700000
v 0.00210665 0.05495964 -0.25700000
v 0.01047151 0.05399396 -0.25900000
v 0.00634531 0.05447031 -0.25700000
v 0.00763981 0.05432086 -0.25700000
v 0.01047151 0.05399396 -0.25700000
v 0.01308008 0.05327711 -0.25700000
v 0.01626886 0.05240082 -0.25700000
v 0.01934716 0.05142369 -0.25700000
v 0.02226313 0.05011648 -0.25700000
v 0.02627459 0.04831817 -0.25900000
v 0.02511835 0.04883650 -0.25700000
v 0.02627459 0.04831817 -0.25700000
v 0.02781355 0.04732155 -0.25700000
v 0.03334240 0.04374111 -0.25900000
v 0.03039120 0.04565229 -0.25700000
v 0.03077821 0.04540166 -0.25700000
v 0.03334240 0.04374111 -0.25700000
v 0.03521297 0.04207406 -0.25700000
v 0.03962869 0.03813879 -0.25900000
v 0.03959735 0.03816671 -0.25700000
v 0.03962869 0.03813879 -0.25700000
v 0.04084715 0.03666132 -0.25700000
v 0.04498611 0.03164253 -0.25900000
v 0.04325259 0.03374455 -0.25700000
v 0.04498611 0.03164253 -0.25700000
v 0.04638630 0.02928731 -0.25700000
v 0.04928911 0.02440459 -0.25900000
v 0.04751031 0.02739664 -0.25700000
v 0.04903227 0.02483662 -0.25700000
v 0.04928911 0.02440459 -0.25700000
v 0.05243680 0.01659463 -0.25900000
v 0.05089725 0.02041450 -0.25700000
v 0.05179764 0.01818049 -0.25700000
v 0.05243680 0.01659463 -0.25700000
v 0.05252492 0.01621807 -0.25700000
v 0.05347058 0.01217695 -0.25700000
v 0.04763205 -0.02764280 -0.24358114
v 0.04637178 -0.02974360 -0.24194892
v 0.04340909 -0.03392673 -0.24634931
v 0.04194464 -0.03560513 -0.25302119
v 0.04372702 -0.03336821 -0.25509687
v 0.04643267 -0.02955920 -0.25008755
v 0.04168960 -0.03605776 -0.24467155
v 0.04174076 -0.03603861 -0.24101277
v 0.03983870 -0.03812471 -0.24311613
v 0.03786227 -0.04010783 -0.24167566
v 0.04056901 -0.03719688 -0.23353154
v 0.03887503 -0.03891495 -0.23246253
v 0.03651220 -0.04122845 -0.23416719
v 0.03453738 -0.04282098 -0.23311004
v 0.02951246 -0.04634858 -0.23386955
v 0.02635009 -0.04820877 -0.23578990
v 0.02884282 -0.04687302 -0.23683831
v 0.00227002 -0.05367637 -0.23073209
v 0.00533805 -0.05361917 -0.23181539
v 0.01012086 -0.05287465 -0.22970128
v 0.03258631 0.07411792 -0.15875570
v 0.03087229 0.07869133 -0.15493979
v 0.03183891 0.07634350 -0.15245860
v 0.03378459 0.06898133 -0.15354519
v 0.03494961 0.06416555 -0.15701650
v 0.03469147 0.06692913 -0.15977878
v 0.03102845 0.07924627 -0.14214720
v 0.03025924 0.08189054 -0.14014910
v 0.03092506 0.07976674 -0.13770469
v 0.03078123 0.08051104 -0.13297270
v 0.03013125 0.08344636 -0.13053450
v 0.03064150 0.08150244 -0.12788279
v 0.04378910 0.03928025 -0.21242982
v 0.04231814 0.04189213 -0.21473292
v 0.03831999 0.05061408 -0.20819415
v 0.04422800 0.03072499 -0.18736476
v 0.04428144 0.03361182 -0.19063219
v 0.04185815 0.04133969 -0.18237169
v 0.03662236 0.05463845 -0.20489585
v 0.03609785 0.05298727 -0.21066749
v 0.02177964 0.05074200 -0.25138592
v 0.01994943 0.05158646 -0.25039132
v 0.02280213 0.05071122 -0.24764104
v 0.02538673 0.04888307 -0.25344790
v 0.02359342 0.04984021 -0.25240332
v 0.02616020 0.04878321 -0.24962551
v 0.03917178 0.03885391 -0.25060688
v 0.03743663 0.04037078 -0.25348618
v 0.03463703 0.04295465 -0.25111875
v 0.02652175 0.05263645 -0.23194436
v 0.02889009 0.05061642 -0.23359473
v 0.02584180 0.05171337 -0.23606862
v 0.03522811 0.04834786 -0.22506587
v 0.03694857 0.04602843 -0.22658612
v 0.03446569 0.04777849 -0.22885589
v 0.04446870 0.03280981 -0.24718553
v 0.04581324 0.03107607 -0.24422332
v 0.04744874 0.02818564 -0.24664458
v 0.05137274 0.01964977 -0.25529507
v 0.05024133 0.02244114 -0.25216602
v 0.05170748 0.01877670 -0.24538811
v 0.00000000 0.05632980 -0.24288911
v 0.00000000 0.05658183 -0.24177187
v 0.00155431 0.05674327 -0.24080986
v 0.00000000 0.05700395 -0.23990062
v 0.00394530 0.07074424 -0.21071998
v 0.00512537 0.07077952 -0.21051959
v 0.00585571 0.06966970 -0.21199127
v 0.02477567 0.07282756 -0.19894096
v 0.02596621 0.07316576 -0.19702730
v 0.02687831 0.07024978 -0.19985856
v 0.02782754 0.07383409 -0.19324122
v 0.02825297 0.07408956 -0.19178881
v 0.02888784 0.07230144 -0.19369368
v 0.02894784 0.07450685 -0.18941652
v 0.02922452 0.07479011 -0.18780282
v 0.03015694 0.07400510 -0.18674057
v 0.03009966 0.07972766 -0.15963598
v 0.03007779 0.07994799 -0.15837860
v 0.03154014 0.07655249 -0.16146657
v 0.02980597 0.08329676 -0.13926640
v 0.02977929 0.08373160 -0.13678330
v 0.03021768 0.08255272 -0.13551270
v 0.02975348 0.08415203 -0.13438260
v 0.02970051 0.08507109 -0.12913229
v 0.02968641 0.08550946 -0.12661990
v 0.03002921 0.08458774 -0.12517370
v 0.03099395 0.07865696 -0.12160400
v 0.03099108 0.07868853 -0.12157629
v 0.03099362 0.07866359 -0.12157190
v 0.03109038 0.07744260 -0.12700900
v 0.03115819 0.07695034 -0.12882150
v 0.03108486 0.07839670 -0.13046930
v 0.03703498 0.05489859 -0.16301635
v 0.03717019 0.05438092 -0.16345376
v 0.03719753 0.05492977 -0.16401764
v 0.03808433 0.05088101 -0.16641099
v 0.03829514 0.05004190 -0.16705093
v 0.03832675 0.05052012 -0.16755739
v 0.03914132 0.04667368 -0.16961966
v 0.03941347 0.04553935 -0.17040108
v 0.03947019 0.04627500 -0.17119883
v 0.03873237 -0.03128986 -0.20416084
v 0.03844251 -0.03166771 -0.20429992
v 0.03902238 -0.03132995 -0.20506231
v 0.03639420 -0.03433776 -0.20528279
v 0.03566128 -0.03515423 -0.20559018
v 0.03667332 -0.03466290 -0.20678027
v 0.01044391 -0.05013918 -0.21173044
v 0.00925100 -0.05035402 -0.21184721
v 0.01047746 -0.05035215 -0.21270064
v 0.00048865 -0.05120703 -0.21219903
v 0.00000000 -0.05120777 -0.21219473
v -0.00000000 -0.05142176 -0.21357955
v -0.00000003 -0.05253569 -0.22078787
v -0.00000003 -0.05256769 -0.22105208
v 0.00151635 -0.05266010 -0.22182014
v 0.00417013 -0.05272496 -0.22310437
v -0.00000002 -0.05300852 -0.22469145
v -0.00000001 -0.05310776 -0.22551079
v 0.00000000 -0.05355661 -0.22921643
v 0.00000000 -0.05356197 -0.22927208
v 0.00444301 -0.05323365 -0.22747214
v -0.00000000 -0.05433173 -0.23804578
v -0.00000000 -0.05443827 -0.24003495
v 0.00225053 -0.05433948 -0.23866381
v -0.00000001 -0.05454109 -0.24195490
v 0.00437554 -0.05482259 -0.25529625
v 0.01586429 -0.05266502 -0.25425036
v 0.04773226 -0.02736830 -0.25214917
v 0.04992126 -0.02308416 -0.25664257
v 0.05499394 -0.00062259 -0.25614687
v 0.04693177 0.02868495 -0.25571706
v 0.02889571 0.04681089 -0.25563668
v 0.03053248 0.04557893 -0.25678460
v 0.00000000 0.05502005 -0.25635276
v 0.00219443 0.05499412 -0.25461831
v 0.00680035 0.05457894 -0.25663261
v 0.00993898 0.05416505 -0.25391813
v 0.01632789 0.05238884 -0.25690897
v 0.02715552 0.04787265 -0.25452409
v 0.04008435 0.03766481 -0.25606231
v 0.04508306 0.03158801 -0.25281458
v 0.04305302 0.03446854 -0.25015825
v 0.05390059 0.01092903 -0.25422742
v 0.05252492 0.01621807 -0.25700000
v 0.05423074 0.00893948 -0.25022100
v 0.05499616 0.00049562 -0.25652480
v 0.05498726 0.00100000 -0.25502350
v 0.05498733 -0.00100000 -0.25502350
v 0.05498731 -0.00029631 -0.25502350
v 0.05488758 -0.00278881 -0.25088184
v 0.05498729 0.00010580 -0.25502350
v 0.05407667 -0.00998764 -0.25231831
v 0.05447986 -0.00682787 -0.25691929
v 0.05328844 -0.01349260 -0.24804854
v 0.05149441 -0.01935588 -0.25126497
v 0.05070170 -0.02137433 -0.24916832
v 0.04889318 -0.02520289 -0.25433585
v 0.03624375 -0.04136981 -0.25628359
v 0.03374470 -0.04344124 -0.25442642
v 0.02562778 -0.04867387 -0.25395221
v 0.02867060 -0.04693870 -0.25551339
v 0.02242806 -0.05023574 -0.25253502
v 0.01946481 -0.05144177 -0.25552458
v -0.00000000 -0.05499644 -0.25560850
v 0.00422137 -0.05478673 -0.25106946
v -0.00000001 -0.05488806 -0.25036625
v 0.00010525 -0.05498694 -0.25434787
v -0.00000000 -0.05496953 -0.25430724
v -0.00000000 -0.05497346 -0.25449698
v 0.00011661 -0.05491334 -0.25015430
v -0.00000001 -0.05488245 -0.25009463
v -0.00000001 -0.05488806 -0.25036624
v -0.00000001 -0.05482297 -0.24721805
v 0.00439081 -0.05466675 -0.24706563
v -0.00000001 -0.05478588 -0.24652547
v 0.00047466 -0.05478044 -0.24615133
v -0.00000001 -0.05475843 -0.24601298
v -0.00000001 -0.05478588 -0.24652545
v -0.00000001 -0.05460953 -0.24323270
v -0.00000001 -0.05460953 -0.24323269
v 0.00118783 -0.05459028 -0.24232376
v 0.00034821 -0.05402422 -0.23413215
v -0.00000000 -0.05403598 -0.23431980
v -0.00000000 -0.05425226 -0.23704455
v 0.00000000 -0.05362170 -0.22989232
v 0.00000000 -0.05380186 -0.23176314
v -0.00000000 -0.05397929 -0.23360555
v -0.00000000 -0.05401164 -0.23401310
v -0.00000001 -0.05328604 -0.22698263
v 0.00158531 -0.05321681 -0.22629067
v -0.00000001 -0.05310776 -0.22551080
v -0.00000002 -0.05300851 -0.22469144
v -0.00000003 -0.05256770 -0.22105211
v -0.00000002 -0.05273009 -0.22239281
v -0.00000002 -0.05273009 -0.22239282
v -0.00000003 -0.05243489 -0.22013559
v 0.00689295 -0.05209288 -0.22003189
v -0.00000002 -0.05210095 -0.21797464
v -0.00000003 -0.05243489 -0.22013557
v 0.00443639 -0.05210105 -0.21869337
v -0.00000002 -0.05210095 -0.21797463
v 0.00197225 -0.05200617 -0.21730778
v -0.00000001 -0.05180557 -0.21606318
v -0.00000001 -0.05180557 -0.21606316
v 0.00515550 -0.05134491 -0.21422110
v 0.00286396 -0.05123782 -0.21273686
v -0.00000001 -0.05176330 -0.21578968
v 0.00743730 -0.05136092 -0.21565988
v 0.00786005 -0.05092132 -0.21344489
v 0.00591337 -0.05089351 -0.21213236
v 0.00534902 -0.05095104 -0.21215786
v 0.00413917 -0.05107437 -0.21221252
v 0.00204986 -0.05115029 -0.21220480
v 0.00195053 -0.05115390 -0.21220443
v 0.00881957 -0.05043172 -0.21188944
v 0.00670184 -0.05081313 -0.21209673
v 0.01543464 -0.04880834 -0.21128122
v 0.01521210 -0.04880364 -0.21111875
v 0.01380401 -0.04927524 -0.21133324
v 0.01214271 -0.04970239 -0.21152963
v 0.01682820 -0.04825881 -0.21087118
v 0.01678363 -0.04827731 -0.21087937
v 0.01539747 -0.04874156 -0.21109051
v 0.01856758 -0.04753699 -0.21055186
v 0.01735911 -0.04858873 -0.21271330
v 0.02736706 -0.04362492 -0.21131979
v 0.02489476 -0.04427272 -0.20916072
v 0.02350608 -0.04612285 -0.21271048
v 0.02458485 -0.04445800 -0.20923808
v 0.02284379 -0.04549893 -0.20967271
v 0.02163677 -0.04610473 -0.20993177
v 0.02176467 -0.04651490 -0.21132860
v 0.02036794 -0.04674154 -0.21020409
v 0.01981192 -0.04702060 -0.21032343
v 0.02878701 -0.04162744 -0.20808452
v 0.02736352 -0.04263081 -0.20848992
v 0.02581313 -0.04372365 -0.20893146
v 0.03244888 -0.03848429 -0.20685684
v 0.03160693 -0.03929493 -0.20716868
v 0.03084839 -0.04084882 -0.20988774
v 0.02998160 -0.04063933 -0.20769654
v 0.02893148 -0.04150794 -0.20803760
v 0.03476095 -0.03615721 -0.20596779
v 0.03409304 -0.03690127 -0.20624791
v 0.03395000 -0.03784788 -0.20838266
v 0.03249562 -0.03843929 -0.20683954
v 0.03690758 -0.03366854 -0.20503645
v 0.03886973 -0.03107650 -0.20408359
v 0.04100508 -0.02788805 -0.20321517
v 0.04082424 -0.02804071 -0.20298456
v 0.04061439 -0.02836665 -0.20310255
v 0.04458757 -0.02453362 -0.20873876
v 0.04429039 -0.02279529 -0.20410973
v 0.04285297 -0.02634197 -0.20603827
v 0.04254503 -0.02483295 -0.20183521
v 0.04215742 -0.02555550 -0.20209411
v 0.04166297 -0.02647722 -0.20242436
v 0.04084328 -0.02800520 -0.20297183
v 0.04445179 -0.02026282 -0.20021242
v 0.04402878 -0.02146850 -0.20063939
v 0.04351008 -0.02264467 -0.20105744
v 0.04283218 -0.02418184 -0.20160380
v 0.04562212 -0.01657913 -0.19890714
v 0.04525362 -0.01797739 -0.19940309
v 0.04539967 -0.01923436 -0.20204230
v 0.04467035 -0.01963985 -0.19999181
v 0.04658231 -0.01231456 -0.19739079
v 0.04637046 -0.01348663 -0.19780872
v 0.04618731 -0.01570370 -0.19984103
v 0.04622492 -0.01429186 -0.19809585
v 0.04569834 -0.01628991 -0.19880455
v 0.04690384 -0.01035972 -0.19669235
v 0.04686233 -0.01076536 -0.19683838
v 0.04775354 -0.01039971 -0.20049742
v 0.04722561 -0.00721518 -0.19556033
v 0.04710580 -0.00838607 -0.19598185
v 0.04781480 -0.00705910 -0.19813869
v 0.04729137 -0.00455825 -0.19458395
v 0.04762218 -0.00387598 -0.19569544
v 0.04730409 -0.00404408 -0.19439501
v 0.04731538 -0.00358814 -0.19422745
v 0.04716934 0.00036377 -0.19274659
v 0.04721488 -0.00086874 -0.19320843
v 0.04872392 0.00319127 -0.19930491
v 0.04721847 -0.00096593 -0.19324486
v 0.04630276 0.00925100 -0.18927248
v 0.04670538 0.00595822 -0.19060106
v 0.04816171 0.00598816 -0.19685920
v 0.04681056 0.00468986 -0.19108750
v 0.04697854 0.00266447 -0.19186426
v 0.04687841 0.01100787 -0.19186842
v 0.04618543 0.01021052 -0.18888532
v 0.04593195 0.01228359 -0.18804886
v 0.04657672 0.02013764 -0.19328085
v 0.04412564 0.02339977 -0.18310034
v 0.04611453 0.01767622 -0.19010950
v 0.04457077 0.02090632 -0.18427068
v 0.04482211 0.01949838 -0.18493152
v 0.04542084 0.01560622 -0.18661323
v 0.04551683 0.01533613 -0.18688097
v 0.04542804 0.01555936 -0.18663347
v 0.04547572 0.01524942 -0.18676739
v 0.04370001 0.02578402 -0.18198124
v 0.04394405 0.02792319 -0.18405393
v 0.04363869 0.02609482 -0.18182193
v 0.04363754 0.02610063 -0.18181895
v 0.04255923 0.03156534 -0.17901764
v 0.04263573 0.03117770 -0.17921635
v 0.04269733 0.03158746 -0.17969648
v 0.04263994 0.03115633 -0.17922730
v 0.04179943 0.03829225 -0.17894357
v 0.04159189 0.03609954 -0.17646016
v 0.04159439 0.03608786 -0.17646674
v 0.04051514 0.04088831 -0.17352977
v 0.04051601 0.04088445 -0.17353218
v 0.04140401 0.03698023 -0.17596341
v 0.03941476 0.04553399 -0.17040477
v 0.04025622 0.04202667 -0.17282089
v 0.04062738 0.04220402 -0.17498763
v 0.03829956 0.05002430 -0.16706435
v 0.03718042 0.05434173 -0.16348686
v 0.03503475 0.06217898 -0.15562000
v 0.03518321 0.06165342 -0.15624910
v 0.03608038 0.05842214 -0.15967199
v 0.03610841 0.05832117 -0.15977894
v 0.03434171 0.06463243 -0.15268320
v 0.03497094 0.06240488 -0.15534960
v 0.03414273 0.06533258 -0.15173070
v 0.03394560 0.06628908 -0.15108000
v 0.03406272 0.06561412 -0.15134780
v 0.03359394 0.06726366 -0.14910390
v 0.03278882 0.07013964 -0.14452940
v 0.03292280 0.06964865 -0.14540670
v 0.03290584 0.07138720 -0.14768150
v 0.03300819 0.06934518 -0.14587710
v 0.03318357 0.06872197 -0.14684320
v 0.03207269 0.07421570 -0.14176249
v 0.03215788 0.07248764 -0.14016359
v 0.03231010 0.07189412 -0.14139460
v 0.03171488 0.07660624 -0.14406500
v 0.03242073 0.07148867 -0.14211900
v 0.03130911 0.07756850 -0.13528780
v 0.03194153 0.07333120 -0.13841410
v 0.03144796 0.07541259 -0.13348870
v 0.03180239 0.07388462 -0.13722419
v 0.03182878 0.07377085 -0.13750240
v 0.03118254 0.07677354 -0.12947239
v 0.03136006 0.07586332 -0.13215860
v 0.03138932 0.07571331 -0.13260130
v 0.03093206 0.07948130 -0.12527670
v 0.03101540 0.07822174 -0.12371380
v 0.03103343 0.07785601 -0.12548680
v 0.03056196 0.08265223 -0.12227520
v 0.03060500 0.08248156 -0.12224519
v 0.02967768 0.08615892 -0.12289360
v 0.03051046 0.08285644 -0.12231129
v 0.02967765 0.08598825 -0.12387350
v 0.03055275 0.08274891 -0.12240570
v 0.02967770 0.08598431 -0.12389610
v 0.02968208 0.08564409 -0.12584840
v 0.02985485 0.08250039 -0.14381379
v 0.03023470 0.08143204 -0.14453220
v 0.02987517 0.08216932 -0.14570430
v 0.02996372 0.08112282 -0.15167510
v 0.02998896 0.08085878 -0.15318139
v 0.03003042 0.08042511 -0.15565560
v 0.02996337 0.08112675 -0.15165270
v 0.02993238 0.08147165 -0.14968490
v 0.03013053 0.08114289 -0.14878860
v 0.02992586 0.08155114 -0.14923120
v 0.02991350 0.08170185 -0.14837140
v 0.03017707 0.07886831 -0.16453921
v 0.03017255 0.07892112 -0.16423796
v 0.03019128 0.07889344 -0.16421680
v 0.03017191 0.07892852 -0.16419578
v 0.03013330 0.07937896 -0.16162623
v 0.03009624 0.07661859 -0.17737549
v 0.03022978 0.07754480 -0.17209071
v 0.03057379 0.07709793 -0.17152870
v 0.03024274 0.07763465 -0.17157808
v 0.03023880 0.07774125 -0.17096968
v 0.03023744 0.07777781 -0.17076093
v 0.03209027 0.07470848 -0.16855082
v 0.03021694 0.07833214 -0.16759708
v 0.03019311 0.07868116 -0.16560676
v 0.02999133 0.07589100 -0.18152699
v 0.03002942 0.07615519 -0.18001960
v 0.03063960 0.07551443 -0.17918503
v 0.03008031 0.07650814 -0.17800570
v 0.03241023 0.07312146 -0.17607638
v 0.02963978 0.07523137 -0.18528879
v 0.03229592 0.07168267 -0.18367694
v 0.02976764 0.07547127 -0.18392065
v 0.02934704 0.07491555 -0.18708825
v 0.02962087 0.07519588 -0.18549120
v 0.02871080 0.07436451 -0.19022576
v 0.03152486 0.07018872 -0.19088854
v 0.02737761 0.07323825 -0.19497503
v 0.02723519 0.07359745 -0.19458239
v 0.02780683 0.07382582 -0.19328811
v 0.03004782 0.06844847 -0.19741198
v 0.02647940 0.07331154 -0.19620241
v 0.02661825 0.07335099 -0.19597922
v 0.02691713 0.07347039 -0.19530251
v 0.02319526 0.07167791 -0.20197919
v 0.02146625 0.07215049 -0.20277044
v 0.02189154 0.07221509 -0.20240532
v 0.02272888 0.07238675 -0.20143436
v 0.02292266 0.07242649 -0.20120965
v 0.02450770 0.07275145 -0.19937168
v 0.02045470 0.06904940 -0.20739123
v 0.01931222 0.07182322 -0.20461977
v 0.02452109 0.06796097 -0.20548416
v 0.02039531 0.07198777 -0.20368989
v 0.01516243 0.07134613 -0.20731412
v 0.01545121 0.07136956 -0.20718163
v 0.01595643 0.06970675 -0.20907567
v 0.01786340 0.07164157 -0.20564582
v 0.01884518 0.07175228 -0.20502073
v 0.01044227 0.07099942 -0.20927426
v 0.01178772 0.07107225 -0.20886252
v 0.01107192 0.06991468 -0.21058844
v 0.01214846 0.07110152 -0.20869700
v 0.01509468 0.07134063 -0.20734521
v 0.00590071 0.07080271 -0.21038793
v 0.00792814 0.07086335 -0.21004365
v 0.00907441 0.07092540 -0.20969286
v 0.00272915 0.07073291 -0.21078344
v 0.00036740 0.06898310 -0.21334494
v -0.00000006 0.07070750 -0.21092587
v -0.00000000 0.06659430 -0.21700194
v -0.00000001 0.06893161 -0.21345213
v -0.00000001 0.06934114 -0.21283016
v -0.00000001 0.06947351 -0.21264568
v -0.00000001 0.06947354 -0.21264564
v -0.00000001 0.06416780 -0.22118438
v -0.00000000 0.06561735 -0.21868588
v 0.00316862 0.06609954 -0.21769006
v 0.00000001 0.06258195 -0.22432490
v -0.00000000 0.06376774 -0.22197664
v 0.00160974 0.06284566 -0.22369273
v -0.00000000 0.06376774 -0.22197662
v 0.00670552 0.06349992 -0.22179245
v 0.00000001 0.06204253 -0.22539313
v 0.00381798 0.06042495 -0.22883750
v 0.00000000 0.06056066 -0.22882068
v -0.00000000 0.05843763 -0.23465754
v -0.00000000 0.05862583 -0.23401521
v 0.00414479 0.05920566 -0.23195471
v -0.00000000 0.05863874 -0.23397116
v 0.00138106 0.06007479 -0.22993905
v 0.00000000 0.05985975 -0.23059648
v 0.00000000 0.06020268 -0.22964869
v 0.00703794 0.05828776 -0.23389327
v 0.00582726 0.05711408 -0.23827078
v 0.00257088 0.05786390 -0.23632290
v -0.00000000 0.05734704 -0.23837976
v -0.00000000 0.05559363 -0.24750790
v -0.00000000 0.05581000 -0.24615036
v 0.00113651 0.05588661 -0.24536978
v 0.00000000 0.05603204 -0.24475728
v 0.00516592 0.05614264 -0.24276173
v 0.00000001 0.05514757 -0.25223504
v 0.00000000 0.05526712 -0.25096809
v 0.00134445 0.05530797 -0.24997384
v 0.00000000 0.05542357 -0.24931010
v 0.00509184 0.05540205 -0.24732774
v 0.00000001 0.05510458 -0.25362309
v 0.00563089 0.05488961 -0.25194895
v 0.05067660 0.02156468 -0.24288803
v 0.05140649 0.01946087 -0.23983376
v 0.05317466 0.01187096 -0.23616728
v 0.05280595 0.01439925 -0.23902941
v 0.05112034 0.01997296 -0.23502427
v 0.05231307 0.01669762 -0.24212216
v 0.05037586 0.02227934 -0.23772190
v 0.05259127 0.01606287 -0.24810708
v 0.05308841 0.01401241 -0.24460785
v 0.05347544 0.01172011 -0.24127793
v 0.05373692 0.00917069 -0.23818572
v 0.04680292 0.03012051 -0.23650680
v 0.04950712 0.02440200 -0.24058951
v 0.04548434 0.03209992 -0.23920595
v 0.04852589 0.02636013 -0.24358060
v 0.04892998 0.02529703 -0.24928580
v 0.04404279 0.03393880 -0.24199712
v 0.05123549 0.01790286 -0.22524640
v 0.05064809 0.02061982 -0.22717758
v 0.04877582 0.02635017 -0.22415474
v 0.04777833 0.02891108 -0.22616980
v 0.04543376 0.03438936 -0.22313001
v 0.04396129 0.03678137 -0.22523191
v 0.04122046 0.04189853 -0.22220819
v 0.03920444 0.04406386 -0.22437407
v 0.03614973 0.04872039 -0.22136222
v 0.03177264 0.04930752 -0.23119078
v 0.03254463 0.05002039 -0.22730333
v 0.02963522 0.05145037 -0.22959309
v 0.03211754 0.05138592 -0.22465025
v 0.03352773 0.05056039 -0.22354966
v 0.02417430 0.05451638 -0.23030375
v 0.02587223 0.05402476 -0.22914707
v 0.02751864 0.05346596 -0.22800498
v 0.02911031 0.05283967 -0.22687597
v 0.03064421 0.05214609 -0.22575835
v 0.04038808 0.04107096 -0.22967943
v 0.04018886 0.04036222 -0.23369582
v 0.03830464 0.04294445 -0.23203599
v 0.03813781 0.04211065 -0.23620429
v 0.03604162 0.04463340 -0.23447761
v 0.03594039 0.04369845 -0.23879013
v 0.03361800 0.04614378 -0.23699653
v 0.03361877 0.04513982 -0.24143820
v 0.03105635 0.04748761 -0.23958291
v 0.02838186 0.04868210 -0.24222622
v 0.04371795 0.03573239 -0.23293567
v 0.04379751 0.03492295 -0.23725637
v 0.04202595 0.03768336 -0.23542830
v 0.04215886 0.03674686 -0.23993770
v 0.04018349 0.03947698 -0.23801594
v 0.04040129 0.03844075 -0.24268707
v 0.03820851 0.04112615 -0.24067803
v 0.03854632 0.04002575 -0.24547910
v 0.03612284 0.04264793 -0.24339413
v 0.03395070 0.04406226 -0.24614681
v 0.03119764 0.04645318 -0.24413430
v 0.02870286 0.04766026 -0.24686659
v 0.02562145 0.04974918 -0.24491577
v 0.03262688 0.04434102 -0.25395012
v 0.02944458 0.04665417 -0.25171719
v 0.04086525 0.03729118 -0.24772317
v 0.03661713 0.04152333 -0.24829387
v 0.03171664 0.04539042 -0.24892360
v 0.04249615 0.03566074 -0.24484608
v 0.04524598 0.03361742 -0.23055575
v 0.04798547 0.02798393 -0.23393279
v 0.04902289 0.02568277 -0.23151135
v 0.05173463 0.01748138 -0.23253154
v 0.05341675 0.00913260 -0.23357102
v 0.02265406 0.05261354 -0.23861029
v 0.02322900 0.05358501 -0.23436330
v 0.01978370 0.05430973 -0.23685243
v 0.01310031 0.05613692 -0.23760049
v 0.01503241 0.05601345 -0.23634128
v 0.01621582 0.05483143 -0.23940780
v 0.01935520 0.05333784 -0.24121344
v 0.01708673 0.05239051 -0.25315466
v 0.01423036 0.05313589 -0.25591870
v 0.01309591 0.05367238 -0.25118760
v 0.01625584 0.05309473 -0.24845316
v 0.01939823 0.05242298 -0.24573171
v 0.00908735 0.05467623 -0.24925653
v 0.01254326 0.05435169 -0.24655537
v 0.00883844 0.05535952 -0.24466764
v 0.02242819 0.05494168 -0.23147630
v 0.03589154 0.05103058 -0.21611583
v 0.03822918 0.04881802 -0.21383799
v 0.03849500 0.04664477 -0.21917734
v 0.04055306 0.04435855 -0.21697474
v 0.04298801 0.03955295 -0.22007215
v 0.04450230 0.03705361 -0.21794453
v 0.04669122 0.03186056 -0.22108804
v 0.03024664 0.05468615 -0.22049910
v 0.03322662 0.05299636 -0.21832889
v 0.02960389 0.06273584 -0.20663630
v 0.03123998 0.06461387 -0.20088343
v 0.03260334 0.06079793 -0.20421314
v 0.03270813 0.06631317 -0.19465741
v 0.02812222 0.06647063 -0.20331981
v 0.03421509 0.05694968 -0.20746361
v 0.03350138 0.05511340 -0.21301256
v 0.03139331 0.05898143 -0.20985808
v 0.03053678 0.05695512 -0.21524492
v 0.02816269 0.06069415 -0.21208968
v 0.02721789 0.05847987 -0.21738664
v 0.02453864 0.06205312 -0.21417930
v 0.02356566 0.05966082 -0.21946501
v 0.02054579 0.06302947 -0.21615697
v 0.02162274 0.06011587 -0.22048994
v 0.01621649 0.06360187 -0.21805908
v 0.02864387 0.05542002 -0.22157553
v 0.02696940 0.05607671 -0.22265022
v 0.02522620 0.05665444 -0.22372621
v 0.02341748 0.05715194 -0.22480649
v 0.02154667 0.05756851 -0.22589396
v 0.01961738 0.05790397 -0.22699129
v 0.01763340 0.05815876 -0.22810099
v 0.01559865 0.05833409 -0.22922529
v 0.01960695 0.06047821 -0.22151064
v 0.01752232 0.06074676 -0.22253105
v 0.01158911 0.06375836 -0.21992496
v 0.01537306 0.06092115 -0.22355500
v 0.00917666 0.06368031 -0.22085632
v 0.01316355 0.06100172 -0.22458610
v 0.00839423 0.06661603 -0.21606853
v 0.01335433 0.06669448 -0.21442004
v 0.01799790 0.06633043 -0.21269739
v 0.02227826 0.06553418 -0.21085264
v 0.02615655 0.06432637 -0.20884318
v 0.02063723 0.05530192 -0.23266589
v 0.01351732 0.05843187 -0.23036592
v 0.01880498 0.05559896 -0.23387326
v 0.01139371 0.05845463 -0.23152406
v 0.01693535 0.05583515 -0.23509853
v 0.00923232 0.05840538 -0.23270008
v 0.01003232 0.05727802 -0.23576919
v 0.01089837 0.06098968 -0.22562753
v 0.00858228 0.06088724 -0.22668202
v 0.00622034 0.06069757 -0.22775162
v -0.00000000 0.05753252 -0.23774671
v 0.04697137 0.02539538 -0.19935325
v 0.04687188 0.02271563 -0.19636961
v 0.04228505 0.03285054 -0.17829273
v 0.04407644 0.03655181 -0.19383343
v 0.04685020 0.02815304 -0.20221565
v 0.04358621 0.03950716 -0.19694663
v 0.04648720 0.03095762 -0.20494927
v 0.04278583 0.04243598 -0.19995236
v 0.04586483 0.03377313 -0.20755554
v 0.04165299 0.04529380 -0.20283499
v 0.04496900 0.03656069 -0.21004387
v 0.04016901 0.04803497 -0.20558388
v 0.03725269 0.05604826 -0.19871840
v 0.03892634 0.05333110 -0.19568094
v 0.04019490 0.05045248 -0.19248961
v 0.04108623 0.04746267 -0.18918157
v 0.04163042 0.04441001 -0.18579610
v 0.04069854 0.04529012 -0.17843541
v 0.03954514 0.04936643 -0.17461348
v 0.03838136 0.05357997 -0.17087826
v 0.03932686 0.05244613 -0.17808859
v 0.03719372 0.05792074 -0.16718405
v 0.03878435 0.05547992 -0.18158118
v 0.03788504 0.05842900 -0.18504131
v 0.03659522 0.06125014 -0.18841366
v 0.03488063 0.06389549 -0.19163901
v 0.03515056 0.05855352 -0.20157017
v 0.03367906 0.06780989 -0.18782079
v 0.03538500 0.06521888 -0.18456145
v 0.03667637 0.06246230 -0.18117820
v 0.03758562 0.05958056 -0.17773361
v 0.03689826 0.06086249 -0.17045070
v 0.02970429 0.08495363 -0.12980540
v 0.03108799 0.07745993 -0.12694510
v 0.03142504 0.07553015 -0.13314180
v 0.02982696 0.08295488 -0.14121850
v 0.02972791 0.08456871 -0.13200330
v 0.03327444 0.07221041 -0.16557557
v 0.03004781 0.08024994 -0.15665540
v 0.03401173 0.06917398 -0.18045261
v 0.03533292 0.06651435 -0.17713417
v 0.03380815 0.07058934 -0.17290055
v 0.03628647 0.06373491 -0.17378248
v 0.03485391 0.06794101 -0.16971232
v 0.03556744 0.06519598 -0.16655918
v 0.03413732 0.06961393 -0.16264071
v 0.03333308 0.07159272 -0.15610850
v 0.03251845 0.07390818 -0.15003560
v 0.03106423 0.07891610 -0.14641000
v 0.00945208 -0.05250954 -0.22552913
v 0.00681635 -0.05267633 -0.22434066
v 0.00970909 -0.05128425 -0.21705098
v 0.01466069 -0.05000786 -0.21553171
v 0.01673191 -0.04969920 -0.21687366
v 0.02115773 -0.04786237 -0.21543848
v 0.02303029 -0.04735786 -0.21672947
v 0.02692809 -0.04505512 -0.21533879
v 0.02860692 -0.04438299 -0.21658399
v 0.01257546 -0.05022439 -0.21414045
v 0.01926691 -0.04827265 -0.21409957
v 0.02522749 -0.04563569 -0.21404748
v 0.03047171 -0.04243822 -0.21395491
v 0.01196986 -0.05111104 -0.21839317
v 0.01421805 -0.05083893 -0.21968557
v 0.01878763 -0.04929565 -0.21816599
v 0.02082597 -0.04879529 -0.21940886
v 0.02488286 -0.04675891 -0.21797254
v 0.02671363 -0.04606513 -0.21916835
v 0.03026172 -0.04361926 -0.21778371
v 0.03189036 -0.04276376 -0.21893914
v 0.03348092 -0.04089630 -0.21641461
v 0.01725338 -0.05124922 -0.22883106
v 0.01292960 -0.05248524 -0.23075660
v 0.00838669 -0.05341266 -0.23286139
v 0.00364433 -0.05401986 -0.23516390
v -0.00000000 -0.05433114 -0.23803833
v 0.02366331 -0.04889242 -0.22809612
v 0.01979948 -0.05055847 -0.22986063
v 0.01570874 -0.05194688 -0.23178122
v 0.01140777 -0.05304799 -0.23387703
v 0.00691531 -0.05384998 -0.23616587
v 0.00934042 -0.05197994 -0.22132168
v 0.01177663 -0.05175914 -0.22256225
v 0.01645158 -0.05046543 -0.22092807
v 0.01866783 -0.04998691 -0.22212166
v 0.02284454 -0.04819591 -0.22060325
v 0.02484045 -0.04749508 -0.22175115
v 0.02851990 -0.04527541 -0.22031856
v 0.03029851 -0.04438855 -0.22142573
v 0.03348979 -0.04181644 -0.22005233
v 0.03505666 -0.04077748 -0.22112612
v 0.03637681 -0.03900289 -0.21870440
v 0.01419872 -0.05142617 -0.22375426
v 0.01660315 -0.05097708 -0.22489954
v 0.02086359 -0.04939995 -0.22326841
v 0.02303496 -0.04870128 -0.22437160
v 0.02681014 -0.04669048 -0.22285559
v 0.02874951 -0.04578009 -0.22392076
v 0.03204571 -0.04340363 -0.22249344
v 0.03375733 -0.04232020 -0.22352626
v 0.03658739 -0.03964751 -0.22216414
v 0.03913829 -0.03676648 -0.22083814
v 0.00489783 -0.05447041 -0.24325684
v 0.00854609 -0.05412470 -0.24419843
v 0.00919000 -0.05386047 -0.24058322
v 0.01257454 -0.05331044 -0.24154741
v 0.01333833 -0.05296936 -0.23812155
v 0.01646561 -0.05224095 -0.23910278
v 0.01732833 -0.05181205 -0.23585845
v 0.02020609 -0.05092918 -0.23685059
v 0.02114369 -0.05040070 -0.23377800
v 0.02378044 -0.04938571 -0.23477492
v 0.02476703 -0.04874573 -0.23186339
v 0.02717185 -0.04761990 -0.23285952
v 0.02818258 -0.04685601 -0.23009744
v 0.03036499 -0.04563977 -0.23108818
v 0.03334650 -0.04345243 -0.22944487
v 0.03525732 -0.04204962 -0.23043124
v 0.03781663 -0.03962316 -0.22888473
v 0.03946533 -0.03808263 -0.22986505
v 0.03863307 -0.03848623 -0.22647557
v 0.03705580 -0.03985983 -0.22551035
v 0.03433739 -0.04240398 -0.22694005
v 0.03251836 -0.04363697 -0.22595590
v 0.02935413 -0.04590796 -0.22747325
v 0.02728568 -0.04695731 -0.22646730
v 0.02134093 -0.04971400 -0.22706473
v 0.01467585 -0.05180128 -0.22777025
v 0.00728990 -0.05312181 -0.22860810
v 0.01207351 -0.05221962 -0.22667128
v 0.01898559 -0.05040771 -0.22600139
v 0.02517738 -0.04788788 -0.22543589
v 0.03065394 -0.04476247 -0.22495202
v 0.03542892 -0.04113854 -0.22452972
v 0.03952484 -0.03711994 -0.22415181
v 0.04226938 -0.03425239 -0.22606136
v 0.04583305 -0.02096938 -0.20687930
v 0.04619389 -0.02247904 -0.21131061
v 0.04677200 -0.01739712 -0.20488239
v 0.04725162 -0.01892025 -0.20953154
v 0.04766110 -0.02019762 -0.21374476
v 0.04914466 -0.01313705 -0.21023741
v 0.04949727 -0.00965055 -0.20828399
v 0.04851294 -0.01183849 -0.20557000
v 0.04666930 -0.01183330 -0.19721918
v 0.04666294 -0.01224876 -0.19751881
v 0.04741029 -0.01385955 -0.20275116
v 0.04802257 -0.01536020 -0.20761783
v 0.04853533 -0.01666490 -0.21205634
v 0.04897933 -0.01770793 -0.21603455
v 0.04982038 -0.01882197 -0.22279193
v 0.04939383 -0.01843993 -0.21957868
v 0.04842599 -0.02179948 -0.22091136
v 0.04803764 -0.02117270 -0.21751900
v 0.04684590 -0.02458263 -0.21891629
v 0.04651581 -0.02370031 -0.21531506
v 0.04509407 -0.02713983 -0.21678520
v 0.04484068 -0.02599915 -0.21296391
v 0.04318572 -0.02944556 -0.21450713
v 0.04302455 -0.02804932 -0.21046785
v 0.04113640 -0.03147931 -0.21207945
v 0.04108059 -0.02983202 -0.20783214
v 0.03896191 -0.03322375 -0.20950256
v 0.05149509 -0.00883263 -0.21875287
v 0.05167360 -0.00548103 -0.21723182
v 0.05097858 -0.00818184 -0.21506096
v 0.05108946 -0.00480329 -0.21331577
v 0.05035979 -0.00730286 -0.21087351
v 0.04873110 -0.00839516 -0.20339658
v 0.04949099 -0.00294541 -0.20399701
v 0.05151152 0.00108537 -0.21381336
v 0.05076352 0.00171422 -0.20942378
v 0.05101152 -0.00149549 -0.21143554
v 0.05018830 -0.00068541 -0.20677624
v 0.05037155 -0.00394115 -0.20888830
v 0.04960596 -0.00624179 -0.20620018
v 0.02248708 -0.05019099 -0.24115593
v 0.01951942 -0.05131440 -0.24010817
v 0.01909955 -0.05155579 -0.24357429
v 0.01588253 -0.05254241 -0.24253786
v 0.01558986 -0.05271328 -0.24618641
v 0.01211566 -0.05354031 -0.24516774
v 0.01196535 -0.05365365 -0.24900568
v 0.00822745 -0.05429462 -0.24800902
v 0.00822685 -0.05436385 -0.25204209
v 0.02301368 -0.04986684 -0.23786417
v 0.02573992 -0.04862742 -0.23891595
v 0.02535688 -0.04887710 -0.24226458
v 0.02221240 -0.05035711 -0.24467685
v 0.01895344 -0.05165026 -0.24727644
v 0.01558729 -0.05274986 -0.25007877
v 0.01211378 -0.05364847 -0.25309559
v 0.00852930 -0.05433443 -0.25632824
v 0.01907858 -0.05160242 -0.25124911
v 0.02219371 -0.05036652 -0.24845824
v 0.02530061 -0.04888236 -0.24975000
v 0.02826612 -0.04721932 -0.25116734
v 0.03108310 -0.04539852 -0.25272299
v 0.03076177 -0.04572547 -0.24473565
v 0.02808140 -0.04737862 -0.24715617
v 0.03081975 -0.04563471 -0.24856603
v 0.03327939 -0.04391914 -0.24612983
v 0.03341716 -0.04374731 -0.25010717
v 0.03566345 -0.04198328 -0.24764727
v 0.03586669 -0.04173719 -0.25178922
v 0.03790682 -0.03993784 -0.24929773
v 0.04000286 -0.03780391 -0.25108796
v 0.03985234 -0.03804375 -0.24693140
v 0.03780871 -0.04010781 -0.24532308
v 0.03563180 -0.04207523 -0.24383906
v 0.03332861 -0.04392705 -0.24246956
v 0.02811820 -0.04738375 -0.24345221
v 0.02520956 -0.04895909 -0.24586491
v 0.02837418 -0.04721721 -0.24002307
v 0.03124910 -0.04538464 -0.23793591
v 0.03355993 -0.04375278 -0.23909831
v 0.03606304 -0.04171036 -0.23712558
v 0.03806239 -0.03991802 -0.23833378
v 0.04020285 -0.03771789 -0.23643979
v 0.00574381 -0.05419956 -0.23962720
v 0.01015063 -0.05350322 -0.23714757
v 0.01439182 -0.05251679 -0.23487198
v 0.01844987 -0.05125360 -0.23278452
v 0.02230673 -0.04972491 -0.23086784
v 0.02594621 -0.04794025 -0.22910377
v 0.03137656 -0.04473937 -0.22846248
v 0.03610539 -0.04106507 -0.22791315
v 0.04015581 -0.03702106 -0.22743364
v 0.04301820 -0.03383538 -0.22936478
v 0.03248580 -0.04429344 -0.23208811
v 0.03710235 -0.04053512 -0.23143314
v 0.04104587 -0.03644937 -0.23086486
v 0.04398106 -0.03293577 -0.23296716
v 0.04350432 -0.03385069 -0.23900581
v 0.03995720 -0.03802246 -0.23962566
v 0.03576692 -0.04198918 -0.24034036
v 0.03090671 -0.04564611 -0.24120233
v 0.03178013 -0.04493539 -0.23490760
v 0.03396638 -0.04338645 -0.23598815
v 0.03840299 -0.03952402 -0.23527280
v 0.04217826 -0.03539043 -0.23465216
v 0.04512079 -0.03155869 -0.23709386
v 0.04499466 -0.03181891 -0.24042589
v 0.04766495 -0.02752624 -0.23987037
v 0.03365915 -0.03956425 -0.21254084
v 0.03636691 -0.03793925 -0.21502754
v 0.03895562 -0.03598099 -0.21735073
v 0.04140684 -0.03370285 -0.21951922
v 0.04173997 -0.03420096 -0.22284047
v 0.04369872 -0.03112292 -0.22154952
v 0.04415398 -0.03132914 -0.22474799
v 0.04580804 -0.02826659 -0.22346930
v 0.04635280 -0.02818545 -0.22660914
v 0.04771246 -0.02516841 -0.22531769
v 0.04831196 -0.02481693 -0.22848386
v 0.04939291 -0.02187277 -0.22714604
v 0.05001359 -0.02128151 -0.23044314
v 0.05083694 -0.01843220 -0.22901919
v 0.04499148 -0.03175302 -0.24815403
v 0.04877345 -0.02553533 -0.24532679
v 0.04979601 -0.02343983 -0.24718875
v 0.04978693 -0.02341766 -0.24304484
v 0.05148338 -0.01936489 -0.24665804
v 0.05217978 -0.01740012 -0.25347619
v 0.05216710 -0.01726807 -0.24422556
v 0.05068379 -0.02121273 -0.24084780
v 0.04882293 -0.02521448 -0.23788331
v 0.04658340 -0.02915873 -0.23527938
v 0.05401189 -0.00919015 -0.24299766
v 0.05319581 -0.01277435 -0.23968686
v 0.05274065 -0.01507297 -0.24189518
v 0.05210173 -0.01650028 -0.23677981
v 0.05145657 -0.01890945 -0.23875441
v 0.05071587 -0.02027824 -0.23422559
v 0.04984056 -0.02280051 -0.23599874
v 0.04903087 -0.02402120 -0.23195509
v 0.04788746 -0.02664706 -0.23356588
v 0.04704985 -0.02764643 -0.22989026
v 0.04560592 -0.03035398 -0.23138150
v 0.04478788 -0.03107815 -0.22795124
v 0.00822745 -0.05429462 -0.24800902
v 0.05456843 -0.00583519 -0.24673484
v 0.05476924 0.00167425 -0.24527989
v 0.05475795 0.00429730 -0.24919045
v 0.05459578 0.00656675 -0.25333577
v 0.05427520 -0.00447058 -0.23849991
v 0.05374568 -0.00785660 -0.23568251
v 0.05352997 -0.01036948 -0.23761407
v 0.05300588 -0.01135823 -0.23320843
v 0.05261753 -0.01398311 -0.23493127
v 0.05029431 -0.01882494 -0.22585670
v 0.04886768 -0.02204139 -0.22405361
v 0.04723159 -0.02508299 -0.22219932
v 0.04540038 -0.02790846 -0.22025084
v 0.04339188 -0.03048423 -0.21817779
v 0.04122494 -0.03278408 -0.21596105
v 0.03891830 -0.03478787 -0.21359163
v 0.03648916 -0.03647978 -0.21106529
v 0.05113029 -0.01219212 -0.22016929
v 0.05066488 -0.01160132 -0.21667629
v 0.05013265 -0.01073990 -0.21272447
v 0.05221074 -0.00266273 -0.21923401
v 0.05216028 -0.00594153 -0.22067781
v 0.05194789 -0.00922298 -0.22203267
v 0.05156857 -0.01248014 -0.22332737
v 0.04967568 -0.01421943 -0.21444188
v 0.05013866 -0.01503088 -0.21817522
v 0.05057342 -0.01553089 -0.22150630
v 0.05150317 -0.01548141 -0.22766663
v 0.05144852 -0.01764600 -0.23256563
v 0.05204000 -0.01490593 -0.23101317
v 0.05249316 -0.01206380 -0.22955530
v 0.05243802 -0.01079022 -0.22725883
v 0.05281155 -0.00912920 -0.22817264
v 0.05305839 -0.00304142 -0.22552884
v 0.05258947 -0.00615961 -0.22380037
v 0.05229060 -0.00770067 -0.22292544
v 0.05154211 -0.01407579 -0.22547799
v 0.05186073 0.00378080 -0.21600331
v 0.05205221 0.00656249 -0.21801243
v 0.05107230 0.01261547 -0.21448962
v 0.05042633 0.01281541 -0.21024795
v 0.05100057 0.00991339 -0.21227654
v 0.05022285 0.01022528 -0.20774360
v 0.05076226 0.00730008 -0.20987688
v 0.04985926 0.00775026 -0.20506531
v 0.05036952 0.00480229 -0.20729311
v 0.04935334 0.00540590 -0.20224057
v 0.04983731 0.00243749 -0.20455269
v 0.04918277 0.00020752 -0.20169142
v 0.04722085 -0.00103012 -0.19326891
v 0.04917340 0.02375552 -0.21500573
v 0.04957843 0.02099476 -0.21285632
v 0.05097000 0.01537603 -0.21654118
v 0.04978008 0.01826248 -0.21057739
v 0.04978656 0.01559137 -0.20814027
v 0.04960977 0.01301074 -0.20553364
v 0.04926585 0.01054377 -0.20276647
v 0.04877480 0.00820337 -0.19986453
v 0.05101853 -0.01568801 -0.22459251
v 0.05258695 0.00024202 -0.22108700
v 0.05208343 0.00939888 -0.21987774
v 0.05384080 -0.00251428 -0.23222018
v 0.05341561 -0.00580272 -0.23009753
v 0.05327043 -0.00862905 -0.23160260
v 0.05336346 0.00009068 -0.22729259
v 0.05332228 0.01344222 -0.25105599
v 0.05372853 0.01142304 -0.24730700
v 0.05402590 0.00913852 -0.24371768
v 0.05445439 0.00666362 -0.24635659
v 0.05419182 0.00656561 -0.24036989
v 0.05453696 0.00406570 -0.24273351
v 0.05421806 0.00372852 -0.23732559
v 0.05461150 -0.00127041 -0.24169920
v 0.05410351 0.00068182 -0.23461315
v 0.05351714 0.00319427 -0.22917393
v 0.05278715 0.00912826 -0.22631796
v 0.05353190 0.00622415 -0.23124821
v 0.05256851 0.01202414 -0.22819992
v 0.05221715 0.01482132 -0.23025956
v 0.04991046 0.02322196 -0.22925938
v 0.04660106 0.03134003 -0.22829989
v 0.04227717 0.03901385 -0.22741197
v 0.03867382 0.04360161 -0.22812003
v 0.03639120 0.04541889 -0.23042850
v 0.03391387 0.04703452 -0.23281315
v 0.03126152 0.04845179 -0.23527221
v 0.02845722 0.04968076 -0.23780125
v 0.02552678 0.05073772 -0.24039368
v 0.02249764 0.05164418 -0.24304081
v 0.01597498 0.05390986 -0.24386694
v 0.01255671 0.05517397 -0.24201867
v 0.00916556 0.05623161 -0.24016157
v 0.05201515 -0.01244117 -0.22636382
v 0.05284509 -0.00460483 -0.22466520
v 0.05280405 0.00319918 -0.22283759
v 0.05195568 0.01225727 -0.22165902
v 0.05069017 0.01816324 -0.21847719
v 0.05023150 0.02094392 -0.22035413
v 0.04855944 0.02651015 -0.21706522
v 0.04773279 0.02922336 -0.21907851
v 0.05036952 0.00480229 -0.20729311
v 0.05167203 0.01510368 -0.22342599
v 0.04959346 0.02368405 -0.22222944
v 0.04747372 0.01326499 -0.19499780
v 0.04794546 0.01564267 -0.19804434
v 0.04826189 0.01814035 -0.20098095
v 0.04839711 0.02074636 -0.20378444
v 0.04833026 0.02343897 -0.20644191
v 0.04804473 0.02618894 -0.20895396
v 0.04752758 0.02896229 -0.21133420
v 0.04676904 0.03172242 -0.21360616
v 0.04576208 0.03443183 -0.21579915
v 0.05286811 0.00617357 -0.22455507
v 0.05500000 0.00000000 -0.25900000
v 0.05435542 -0.00839571 -0.25900000
v 0.00000000 0.00000000 -0.25900000
v 0.05435542 0.00839571 -0.25900000
v 0.04498611 0.03164253 -0.25900000
v 0.04928911 0.02440459 -0.25900000
v 0.05243680 0.01659463 -0.25900000
v 0.02627459 0.04831817 -0.25900000
v 0.03334240 0.04374111 -0.25900000
v 0.03962869 0.03813879 -0.25900000
v 0.00210665 0.05495964 -0.25900000
v 0.01047151 0.05399396 -0.25900000
v 0.01859093 0.05176270 -0.25900000
v -0.02249878 0.05018770 -0.25900000
v -0.01457398 0.05303394 -0.25900000
v -0.00630759 0.05463711 -0.25900000
v -0.04243191 0.03499333 -0.25900000
v -0.03659291 0.04106042 -0.25900000
v -0.02989622 0.04616510 -0.25900000
v -0.05355325 0.01253194 -0.25900000
v -0.05101263 0.02055994 -0.25900000
v -0.04727633 0.02810603 -0.25900000
v -0.05355325 -0.01253194 -0.25900000
v -0.05483862 -0.00421021 -0.25900000
v -0.05483862 0.00421021 -0.25900000
v -0.04243191 -0.03499333 -0.25900000
v -0.04727633 -0.02810603 -0.25900000
v -0.05101263 -0.02055994 -0.25900000
v -0.02249878 -0.05018770 -0.25900000
v -0.02989622 -0.04616510 -0.25900000
v -0.03659291 -0.04106042 -0.25900000
v 0.00210665 -0.05495964 -0.25900000
v -0.00630759 -0.05463711 -0.25900000
v -0.01457398 -0.05303394 -0.25900000
v 0.02627459 -0.04831817 -0.25900000
v 0.01859093 -0.05176270 -0.25900000
v 0.01047151 -0.05399396 -0.25900000
v 0.04498611 -0.03164253 -0.25900000
v 0.03962869 -0.03813879 -0.25900000
v 0.03334240 -0.04374111 -0.25900000
v 0.05243680 -0.01659463 -0.25900000
v 0.04928911 -0.02440459 -0.25900000
v 0.00000000 0.01580000 -0.04689999
v 0.00385435 0.01580000 -0.04674470
v 0.00000000 0.01580000 0.00100001
v -0.01877520 0.01580000 -0.04306699
v -0.01146322 0.01580000 -0.04550810
v -0.00385435 0.01580000 -0.04674470
v -0.03710358 0.01580000 -0.02929409
v -0.03176358 0.01580000 -0.03485369
v -0.02560091 0.01580000 -0.03948460
v -0.04693197 0.01580000 -0.00858120
v -0.04478728 0.01580000 -0.01598559
v -0.04148262 0.01580000 -0.02294999
v -0.04600882 0.01580000 0.01432661
v -0.04755076 0.01580000 0.00677372
v -0.04786115 0.01580000 -0.00092870
v -0.03454560 0.01580000 0.03418150
v -0.03942093 0.01580000 0.02821031
v -0.04327527 0.01580000 0.02153440
v -0.01516840 0.01580000 0.04643492
v -0.02226024 0.01580000 0.04341331
v -0.02877556 0.01580000 0.03929332
v 0.00768370 0.01580000 0.04827970
v 0.00000000 0.01580000 0.04890001
v -0.00768370 0.01580000 0.04827970
v 0.02877556 0.01580000 0.03929332
v 0.02226024 0.01580000 0.04341331
v 0.01516840 0.01580000 0.04643492
v 0.04327527 0.01580000 0.02153440
v 0.03942093 0.01580000 0.02821031
v 0.03454560 0.01580000 0.03418150
v 0.04786115 0.01580000 -0.00092870
v 0.04755076 0.01580000 0.00677372
v 0.04600882 0.01580000 0.01432661
v 0.04148262 0.01580000 -0.02294999
v 0.04478728 0.01580000 -0.01598559
v 0.04693197 0.01580000 -0.00858120
v 0.02560091 0.01580000 -0.03948460
v 0.03176358 0.01580000 -0.03485369
v 0.03710358 0.01580000 -0.02929409
v 0.01146322 0.01580000 -0.04550810
v 0.01877520 0.01580000 -0.04306699
v -0.05195568 0.01225727 -0.22165902
v -0.05208343 0.00939888 -0.21987774
v -0.05097000 0.01537603 -0.21654118
v -0.05327043 -0.00862905 -0.23160260
v -0.05300588 -0.01135823 -0.23320843
v -0.05204000 -0.01490593 -0.23101317
v -0.05107230 0.01261547 -0.21448962
v -0.05205221 0.00656249 -0.21801243
v -0.05186073 0.00378080 -0.21600331
v -0.05456843 -0.00583519 -0.24673484
v -0.05407667 -0.00998764 -0.25231831
v -0.05328844 -0.01349260 -0.24804854
v -0.04217826 -0.03539043 -0.23465216
v -0.04398106 -0.03293577 -0.23296716
v -0.04658340 -0.02915873 -0.23527938
v -0.04512079 -0.03155869 -0.23709386
v -0.04350432 -0.03385069 -0.23900581
v -0.04020285 -0.03771789 -0.23643979
v -0.04781480 -0.00705910 -0.19813869
v -0.04762218 -0.00387598 -0.19569544
v -0.04918277 0.00020752 -0.20169142
v -0.04540038 -0.02790846 -0.22025084
v -0.04369872 -0.03112292 -0.22154952
v -0.04140684 -0.03370285 -0.21951922
v -0.04339188 -0.03048423 -0.21817779
v -0.03895562 -0.03598099 -0.21735073
v -0.03902238 -0.03132995 -0.20506231
v -0.04100508 -0.02788805 -0.20321517
v -0.04285297 -0.02634197 -0.20603827
v -0.00364433 -0.05401986 -0.23516390
v -0.00034821 -0.05402422 -0.23413215
v -0.00533805 -0.05361917 -0.23181539
v -0.00681635 -0.05267633 -0.22434066
v -0.00417013 -0.05272496 -0.22310437
v -0.00934042 -0.05197994 -0.22132168
v -0.03106423 0.07891610 -0.14641000
v -0.03013053 0.08114289 -0.14878860
v -0.03183891 0.07634350 -0.15245860
v -0.00582726 0.05711408 -0.23827078
v -0.00916556 0.05623161 -0.24016157
v -0.01310031 0.05613692 -0.23760049
v -0.02888784 0.07230144 -0.19369368
v -0.03004782 0.06844847 -0.19741198
v -0.03270813 0.06631317 -0.19465741
v -0.00509184 0.05540205 -0.24732774
v -0.00883844 0.05535952 -0.24466764
v -0.00516592 0.05614264 -0.24276173
v -0.02177964 0.05074200 -0.25138592
v -0.02359342 0.04984021 -0.25240332
v -0.02616020 0.04878321 -0.24962551
v -0.01621582 0.05483143 -0.23940780
v -0.01255671 0.05517397 -0.24201867
v -0.01597498 0.05390986 -0.24386694
v -0.01935520 0.05333784 -0.24121344
v -0.03917178 0.03885391 -0.25060688
v -0.04086525 0.03729118 -0.24772317
v -0.03854632 0.04002575 -0.24547910
v -0.04852589 0.02636013 -0.24358060
v -0.04744874 0.02818564 -0.24664458
v -0.04892998 0.02529703 -0.24928580
v -0.05140649 0.01946087 -0.23983376
v -0.05231307 0.01669762 -0.24212216
v -0.05280595 0.01439925 -0.23902941
v -0.05454246 -0.00683207 -0.25697228
v -0.02976925 0.08373003 -0.13679760
v -0.02977133 0.08369719 -0.13698510
v -0.03021768 0.08255272 -0.13551270
v -0.02992625 0.08155234 -0.14922440
v -0.02991360 0.08170157 -0.14837300
v -0.03013217 0.07665998 -0.17713810
v -0.03011137 0.07651052 -0.17799098
v -0.03063960 0.07551443 -0.17918503
v -0.03006168 0.07615365 -0.18002726
v -0.02788148 0.07389753 -0.19287959
v -0.02723938 0.07359639 -0.19458878
v -0.02737761 0.07323825 -0.19497503
v -0.00113651 0.05588661 -0.24536978
v -0.01423036 0.05313589 -0.25591870
v -0.04508306 0.03158801 -0.25281458
v -0.05499743 -0.00011403 -0.25536525
v -0.04992126 -0.02308416 -0.25664257
v -0.04773226 -0.02736830 -0.25214917
v -0.04372702 -0.03336821 -0.25509687
v -0.02290612 -0.05000309 -0.25693397
v -0.01946481 -0.05144177 -0.25552458
v -0.00000000 -0.05497346 -0.25449698
v -0.00010525 -0.05498694 -0.25434787
v -0.00000001 -0.05488245 -0.25009464
v -0.00011661 -0.05491334 -0.25015430
v -0.00047466 -0.05478044 -0.24615133
v -0.00227002 -0.05367637 -0.23073209
v -0.00158531 -0.05321681 -0.22629067
v -0.00151635 -0.05266010 -0.22182014
v -0.00882084 -0.05044406 -0.21188541
v -0.00924509 -0.05035688 -0.21184265
v -0.01047746 -0.05035215 -0.21270064
v -0.04636132 -0.01348493 -0.19780791
v -0.04658466 -0.01231463 -0.19739107
v -0.04666294 -0.01224876 -0.19751881
v -0.04667737 -0.01182887 -0.19721804
v -0.04721707 -0.00096776 -0.19324453
v -0.04721364 -0.00086892 -0.19320761
v -0.04872392 0.00319127 -0.19930491
v -0.04672927 0.00572252 -0.19069145
v -0.04630183 0.00925077 -0.18927183
v -0.04687841 0.01100787 -0.19186842
v -0.04363785 0.02609377 -0.18182019
v -0.04363694 0.02609837 -0.18181782
v -0.04394405 0.02792319 -0.18405393
v -0.04264054 0.03115742 -0.17922917
v -0.04263614 0.03117977 -0.17921774
v -0.04269733 0.03158746 -0.17969648
v -0.03437930 0.06450080 -0.15285230
v -0.03414600 0.06532133 -0.15174030
v -0.03394560 0.06628908 -0.15108000
v -0.03118551 0.07675637 -0.12952940
v -0.03115853 0.07694889 -0.12882049
v -0.03108486 0.07839670 -0.13046930
v -0.03108943 0.07744217 -0.12700450
v -0.03093206 0.07948130 -0.12527670
v -0.03064150 0.08150244 -0.12788279
v -0.03101655 0.07821675 -0.12371000
v -0.03077020 0.08141890 -0.12205780
v -0.03099397 0.07865686 -0.12160409
v -0.03099160 0.07868847 -0.12157629
v -0.03099362 0.07866359 -0.12157190
v -0.03108716 0.07745839 -0.12694470
v -0.03103713 0.07781550 -0.12563000
v -0.03130911 0.07756850 -0.13528780
v -0.03142584 0.07552859 -0.13313960
v -0.03139016 0.07571087 -0.13260360
v -0.03183174 0.07375824 -0.13752920
v -0.03180264 0.07388353 -0.13722370
v -0.03145431 0.07538314 -0.13356730
v -0.03232482 0.07183870 -0.14150090
v -0.03215857 0.07248591 -0.14016179
v -0.03207269 0.07421570 -0.14176249
v -0.03194160 0.07333056 -0.13841410
v -0.03300846 0.06934317 -0.14587570
v -0.03292388 0.06964361 -0.14541050
v -0.03290584 0.07138720 -0.14768150
v -0.03278854 0.07013952 -0.14452730
v -0.03406331 0.06561214 -0.15134610
v -0.03361219 0.06719878 -0.14919580
v -0.03318408 0.06871939 -0.14684150
v -0.03716964 0.05437965 -0.16345189
v -0.03706528 0.05477886 -0.16311434
v -0.03719753 0.05492977 -0.16401764
v -0.03610668 0.05832735 -0.15977260
v -0.03494961 0.06416555 -0.15701650
v -0.03608032 0.05842238 -0.15967223
v -0.03521080 0.06155675 -0.15636200
v -0.03503501 0.06217916 -0.15562000
v -0.03497108 0.06240553 -0.15535010
v -0.03378459 0.06898133 -0.15354519
v -0.03832675 0.05052012 -0.16755739
v -0.03829510 0.05004159 -0.16705060
v -0.03808681 0.05087110 -0.16641861
v -0.03717995 0.05434022 -0.16348523
v -0.03947019 0.04627500 -0.17119883
v -0.03941341 0.04554011 -0.17040175
v -0.03915977 0.04659805 -0.16967417
v -0.03829951 0.05002402 -0.16706398
v -0.03941474 0.04553456 -0.17040558
v -0.04062738 0.04220402 -0.17498763
v -0.04027576 0.04194309 -0.17287556
v -0.04159206 0.03610083 -0.17646119
v -0.04142117 0.03690288 -0.17600963
v -0.04179943 0.03829225 -0.17894357
v -0.04051617 0.04088524 -0.17353335
v -0.04051520 0.04088945 -0.17353073
v -0.04258229 0.03145317 -0.17907784
v -0.04269733 0.03158746 -0.17969648
v -0.04228277 0.03285895 -0.17828638
v -0.04159465 0.03608866 -0.17646804
v -0.04551683 0.01533613 -0.18688097
v -0.04611453 0.01767622 -0.19010950
v -0.04543132 0.01555108 -0.18664101
v -0.04542263 0.01560797 -0.18661651
v -0.04488373 0.01913540 -0.18509754
v -0.04456931 0.02090556 -0.18426954
v -0.04412703 0.02339560 -0.18310483
v -0.04618554 0.01021069 -0.18888559
v -0.04594940 0.01215989 -0.18810132
v -0.04547706 0.01525168 -0.18676993
v -0.04717301 0.00030256 -0.19276994
v -0.04697964 0.00266449 -0.19186416
v -0.04816171 0.00598816 -0.19685920
v -0.04681379 0.00469010 -0.19108738
v -0.04731077 -0.00404495 -0.19439303
v -0.04731668 -0.00383981 -0.19431755
v -0.04710561 -0.00838583 -0.19598181
v -0.04721481 -0.00737883 -0.19561956
v -0.04722009 -0.00719542 -0.19555208
v -0.04729597 -0.00455914 -0.19458220
v -0.04689169 -0.01035862 -0.19669151
v -0.04775354 -0.01039971 -0.20049742
v -0.04680449 -0.01116277 -0.19698079
v -0.04611181 -0.01479235 -0.19827360
v -0.04618731 -0.01570370 -0.19984103
v -0.04385337 -0.02190453 -0.20079364
v -0.04444781 -0.02026090 -0.20021159
v -0.04539967 -0.01923436 -0.20204230
v -0.04467229 -0.01964019 -0.19999179
v -0.04512661 -0.01838399 -0.19954694
v -0.04562180 -0.01657873 -0.19890692
v -0.04570091 -0.01629032 -0.19880467
v -0.04231919 -0.02528960 -0.20199824
v -0.04282342 -0.02417705 -0.20160233
v -0.04429039 -0.02279529 -0.20410973
v -0.04351679 -0.02264718 -0.20105791
v -0.04216941 -0.02556124 -0.20209564
v -0.04166520 -0.02647562 -0.20242351
v -0.04082719 -0.02799538 -0.20296846
v -0.04062016 -0.02837082 -0.20310308
v -0.03690327 -0.03366521 -0.20503547
v -0.03846068 -0.03167212 -0.20429987
v -0.03885836 -0.03106968 -0.20408133
v -0.04051979 -0.02855285 -0.20316835
v -0.03475301 -0.03615033 -0.20596573
v -0.03566418 -0.03515692 -0.20559063
v -0.03667332 -0.03466290 -0.20678027
v -0.03616027 -0.03461606 -0.20538641
v -0.03244380 -0.03847883 -0.20685503
v -0.03249151 -0.03843438 -0.20683784
v -0.03395000 -0.03784788 -0.20838266
v -0.03363498 -0.03736927 -0.20642599
v -0.02802402 -0.04219945 -0.20831510
v -0.02891767 -0.04148906 -0.20803382
v -0.03084839 -0.04084882 -0.20988774
v -0.02998439 -0.04064109 -0.20769807
v -0.03092629 -0.03989236 -0.20740161
v -0.02736706 -0.04362492 -0.21131979
v -0.02493532 -0.04427923 -0.20916034
v -0.02737113 -0.04263907 -0.20849377
v -0.02176467 -0.04651490 -0.21132860
v -0.02036089 -0.04672711 -0.21020221
v -0.02168646 -0.04611214 -0.20993320
v -0.02350608 -0.04612285 -0.21271048
v -0.02459428 -0.04447164 -0.20924147
v -0.02491109 -0.04429290 -0.20916610
v -0.01857676 -0.04755482 -0.21056428
v -0.01735911 -0.04858873 -0.21271330
v -0.01833574 -0.04766664 -0.21061319
v -0.01685915 -0.04821298 -0.21085739
v -0.01543464 -0.04880834 -0.21128122
v -0.01540167 -0.04875226 -0.21109844
v -0.01522731 -0.04881678 -0.21112727
v -0.01155157 -0.04988292 -0.21161018
v -0.01214568 -0.04971427 -0.21153369
v -0.01496316 -0.04891451 -0.21117096
v -0.00207382 -0.05117453 -0.21221740
v -0.00237378 -0.05116972 -0.21222067
v -0.00286396 -0.05123782 -0.21273686
v -0.00519657 -0.05098669 -0.21218370
v -0.00515550 -0.05134491 -0.21422110
v -0.00535082 -0.05096602 -0.21217181
v -0.00786005 -0.05092132 -0.21344489
v -0.00591047 -0.05089102 -0.21212866
v -0.00802408 -0.05060779 -0.21196572
v -0.00000000 -0.05142176 -0.21357954
v -0.00195145 -0.05117649 -0.21221606
v -0.00000001 -0.05176330 -0.21578967
v -0.00197225 -0.05200617 -0.21730778
v -0.00743730 -0.05136092 -0.21565988
v -0.00443639 -0.05210105 -0.21869337
v -0.00689295 -0.05209288 -0.22003189
v -0.00444301 -0.05323365 -0.22747214
v -0.00225053 -0.05433948 -0.23866381
v -0.00118783 -0.05459028 -0.24232376
v -0.00489783 -0.05447041 -0.24325684
v -0.00439081 -0.05466675 -0.24706563
v -0.00000000 -0.05496953 -0.25430724
v -0.00422137 -0.05478673 -0.25106946
v -0.00437554 -0.05482259 -0.25529625
v -0.00852930 -0.05433443 -0.25632824
v -0.01586429 -0.05266502 -0.25425036
v -0.02562778 -0.04867387 -0.25395221
v -0.02867060 -0.04693870 -0.25551339
v -0.03624375 -0.04136981 -0.25628359
v -0.03374470 -0.04344124 -0.25442642
v -0.04194464 -0.03560513 -0.25302119
v -0.04643267 -0.02955920 -0.25008755
v -0.04889318 -0.02520289 -0.25433585
v -0.05217978 -0.01740012 -0.25347619
v -0.05149441 -0.01935588 -0.25126497
v -0.05488758 -0.00278881 -0.25088184
v -0.05459578 0.00656675 -0.25333577
v -0.05423074 0.00893948 -0.25022100
v -0.05390059 0.01092903 -0.25422742
v -0.05332228 0.01344222 -0.25105599
v -0.05024133 0.02244114 -0.25216602
v -0.05137274 0.01964977 -0.25529507
v -0.04693177 0.02868495 -0.25571706
v -0.04305302 0.03446854 -0.25015825
v -0.04008435 0.03766481 -0.25606231
v -0.03743663 0.04037078 -0.25348618
v -0.03262688 0.04434102 -0.25395012
v -0.03060316 0.04569982 -0.25679091
v -0.02889571 0.04681089 -0.25563668
v -0.02715552 0.04787265 -0.25452409
v -0.02538673 0.04888307 -0.25344790
v -0.01635535 0.05251195 -0.25694279
v -0.00680035 0.05457894 -0.25663261
v -0.00993898 0.05416505 -0.25391813
v 0.00000001 0.05510458 -0.25362309
v -0.00219443 0.05499412 -0.25461831
v -0.00563089 0.05488961 -0.25194895
v -0.00134445 0.05530797 -0.24997384
v -0.00155431 0.05674327 -0.24080986
v -0.00923232 0.05840538 -0.23270008
v -0.00414479 0.05920566 -0.23195471
v -0.00703794 0.05828776 -0.23389327
v -0.00138106 0.06007479 -0.22993905
v -0.00138106 0.06007479 -0.22993905
v -0.00381798 0.06042495 -0.22883750
v -0.00670552 0.06349992 -0.22179245
v -0.00160974 0.06284566 -0.22369273
v -0.00000001 0.06893161 -0.21345212
v -0.00036740 0.06898310 -0.21334494
v -0.00645431 0.07081282 -0.21032951
v -0.00512236 0.07078075 -0.21051171
v -0.00585571 0.06966970 -0.21199127
v -0.00333273 0.07073767 -0.21075651
v -0.00288868 0.07072699 -0.21081726
v -0.00188011 0.07071573 -0.21088049
v -0.01045068 0.07099565 -0.20929616
v -0.00983000 0.07095415 -0.20953084
v -0.01107192 0.06991468 -0.21058844
v -0.00963071 0.07094527 -0.20958096
v -0.00689233 0.07082335 -0.21026959
v -0.01264195 0.07114215 -0.20846764
v -0.01595643 0.06970675 -0.20907567
v -0.01360237 0.07120636 -0.20810451
v -0.01960317 0.07185508 -0.20443983
v -0.01932268 0.07181980 -0.20463907
v -0.02045470 0.06904940 -0.20739123
v -0.01828782 0.07168965 -0.20537416
v -0.01714417 0.07154583 -0.20618653
v -0.01553157 0.07139126 -0.20705980
v -0.01514392 0.07135411 -0.20726972
v -0.02075706 0.07204314 -0.20337691
v -0.02452109 0.06796097 -0.20548416
v -0.02140785 0.07214920 -0.20277744
v -0.02305741 0.07244712 -0.20109315
v -0.02294002 0.07242121 -0.20123970
v -0.02319526 0.07167791 -0.20197919
v -0.02255396 0.07233600 -0.20172169
v -0.02505718 0.07288849 -0.19859649
v -0.02687831 0.07024978 -0.19985856
v -0.02506070 0.07288958 -0.19859033
v -0.02595742 0.07316716 -0.19701943
v -0.02703626 0.07350111 -0.19512949
v -0.02693907 0.07347103 -0.19529974
v -0.02664572 0.07338022 -0.19581364
v -0.02828208 0.07408542 -0.19181322
v -0.02877397 0.07443460 -0.18982632
v -0.02843777 0.07415844 -0.19139879
v -0.03152486 0.07018872 -0.19088854
v -0.02920607 0.07478955 -0.18780527
v -0.02959914 0.07523410 -0.18527195
v -0.02947852 0.07501333 -0.18653097
v -0.03015694 0.07400510 -0.18674057
v -0.02944174 0.07498313 -0.18670298
v -0.02976657 0.07554050 -0.18352443
v -0.03229592 0.07168267 -0.18367694
v -0.03004804 0.07605564 -0.18058655
v -0.03209027 0.07470848 -0.16855082
v -0.03057379 0.07709793 -0.17152870
v -0.03241023 0.07312146 -0.17607638
v -0.03023555 0.07754706 -0.17207635
v -0.03024225 0.07745063 -0.17262658
v -0.03014121 0.07890609 -0.16432237
v -0.03014313 0.07887852 -0.16447970
v -0.03021920 0.07778260 -0.17073247
v -0.03022087 0.07775863 -0.17086921
v -0.03004850 0.08024163 -0.15670250
v -0.03007009 0.07993064 -0.15847680
v -0.03154014 0.07655249 -0.16146657
v -0.03013819 0.07894963 -0.16407394
v -0.03327444 0.07221041 -0.16557557
v -0.02998086 0.08093940 -0.15272170
v -0.02998850 0.08086062 -0.15317110
v -0.03087229 0.07869133 -0.15493979
v -0.03004785 0.08024831 -0.15666430
v -0.03258631 0.07411792 -0.15875570
v -0.02994864 0.08128823 -0.15073130
v -0.02996107 0.08115364 -0.15149930
v -0.02988949 0.08198597 -0.14675030
v -0.02986263 0.08233484 -0.14475980
v -0.03023470 0.08143204 -0.14453220
v -0.02984975 0.08251770 -0.14371650
v -0.02982080 0.08292833 -0.14137340
v -0.03025924 0.08189054 -0.14014910
v -0.02981346 0.08303254 -0.14077880
v -0.02979405 0.08333873 -0.13903100
v -0.02974880 0.08407856 -0.13480700
v -0.02974304 0.08418861 -0.13417780
v -0.03078123 0.08051104 -0.13297270
v -0.02972394 0.08455300 -0.13209459
v -0.03013125 0.08344636 -0.13053450
v -0.02971231 0.08477499 -0.13082550
v -0.02970128 0.08506958 -0.12913900
v -0.02968628 0.08547046 -0.12684379
v -0.02968537 0.08550821 -0.12662739
v -0.02968208 0.08564409 -0.12584840
v -0.03002921 0.08458774 -0.12517370
v -0.02967916 0.08581488 -0.12486850
v -0.02967843 0.08598375 -0.12389920
v -0.02967768 0.08615892 -0.12289360
v -0.03026717 0.08409687 -0.12253000
v -0.03049968 0.08285904 -0.12231170
v -0.03055275 0.08274891 -0.12240570
v -0.03054088 0.08263974 -0.12227310
v -0.03057173 0.08247551 -0.12224409
v -0.05475795 0.00429730 -0.24919045
v -0.05476924 0.00167425 -0.24527989
v -0.05461150 -0.00127041 -0.24169920
v -0.05453696 0.00406570 -0.24273351
v -0.05445439 0.00666362 -0.24635659
v -0.05037586 0.02227934 -0.23772190
v -0.05112034 0.01997296 -0.23502427
v -0.05173463 0.01748138 -0.23253154
v -0.05317466 0.01187096 -0.23616728
v -0.05221715 0.01482132 -0.23025956
v -0.04950712 0.02440200 -0.24058951
v -0.05067660 0.02156468 -0.24288803
v -0.05170748 0.01877670 -0.24538811
v -0.05353190 0.00622415 -0.23124821
v -0.05341675 0.00913260 -0.23357102
v -0.05373692 0.00917069 -0.23818572
v -0.05347544 0.01172011 -0.24127793
v -0.05308841 0.01401241 -0.24460785
v -0.05259127 0.01606287 -0.24810708
v -0.04446870 0.03280981 -0.24718553
v -0.04581324 0.03107607 -0.24422332
v -0.05064809 0.02061982 -0.22717758
v -0.04877582 0.02635017 -0.22415474
v -0.04991046 0.02322196 -0.22925938
v -0.04777833 0.02891108 -0.22616980
v -0.04902289 0.02568277 -0.23151135
v -0.04660106 0.03134003 -0.22829989
v -0.04798547 0.02798393 -0.23393279
v -0.04524598 0.03361742 -0.23055575
v -0.04680292 0.03012051 -0.23650680
v -0.04227717 0.03901385 -0.22741197
v -0.04396129 0.03678137 -0.22523191
v -0.04543376 0.03438936 -0.22313001
v -0.04669122 0.03186056 -0.22108804
v -0.04371795 0.03573239 -0.23293567
v -0.04038808 0.04107096 -0.22967943
v -0.04018886 0.04036222 -0.23369582
v -0.04404279 0.03393880 -0.24199712
v -0.04548434 0.03209991 -0.23920595
v -0.04215886 0.03674686 -0.23993770
v -0.04379751 0.03492295 -0.23725637
v -0.04018349 0.03947698 -0.23801594
v -0.04249615 0.03566074 -0.24484608
v -0.04040129 0.03844075 -0.24268707
v -0.03820851 0.04112615 -0.24067803
v -0.03594039 0.04369845 -0.23879013
v -0.03920444 0.04406386 -0.22437407
v -0.03522811 0.04834786 -0.22506587
v -0.03694857 0.04602843 -0.22658612
v -0.03254463 0.05002039 -0.22730333
v -0.03867382 0.04360161 -0.22812003
v -0.03639120 0.04541889 -0.23042850
v -0.03446569 0.04777849 -0.22885589
v -0.03177264 0.04930752 -0.23119078
v -0.02963522 0.05145037 -0.22959309
v -0.02652175 0.05263645 -0.23194436
v -0.02751864 0.05346596 -0.22800498
v -0.02587223 0.05402476 -0.22914707
v -0.03612284 0.04264793 -0.24339413
v -0.03361877 0.04513982 -0.24143820
v -0.03105635 0.04748761 -0.23958291
v -0.03463703 0.04295465 -0.25111875
v -0.03171664 0.04539042 -0.24892360
v -0.02944458 0.04665417 -0.25171719
v -0.02870286 0.04766026 -0.24686659
v -0.03830464 0.04294445 -0.23203599
v -0.03604162 0.04463340 -0.23447761
v -0.03391387 0.04703452 -0.23281315
v -0.03126152 0.04845179 -0.23527221
v -0.02889009 0.05061642 -0.23359473
v -0.02584180 0.05171337 -0.23606862
v -0.02322900 0.05358501 -0.23436330
v -0.01978370 0.05430973 -0.23685243
v -0.02063723 0.05530192 -0.23266589
v -0.01880498 0.05559896 -0.23387326
v -0.04202595 0.03768336 -0.23542830
v -0.03813781 0.04211065 -0.23620429
v -0.03361800 0.04614378 -0.23699653
v -0.02845722 0.04968076 -0.23780125
v -0.02552678 0.05073772 -0.24039368
v -0.02265406 0.05261354 -0.23861029
v -0.03661713 0.04152333 -0.24829387
v -0.03395070 0.04406226 -0.24614681
v -0.03119764 0.04645318 -0.24413430
v -0.02838186 0.04868210 -0.24222622
v -0.02249764 0.05164418 -0.24304081
v -0.01939823 0.05242298 -0.24573171
v -0.01625584 0.05309473 -0.24845316
v -0.01693535 0.05583515 -0.23509853
v -0.01503241 0.05601345 -0.23634128
v -0.02562145 0.04974918 -0.24491577
v -0.02280213 0.05071122 -0.24764104
v -0.01994943 0.05158646 -0.25039132
v -0.01708673 0.05239051 -0.25315466
v -0.00908735 0.05467623 -0.24925653
v -0.01254326 0.05435169 -0.24655537
v -0.01309591 0.05367238 -0.25118760
v -0.02417430 0.05451638 -0.23030375
v -0.02242819 0.05494168 -0.23147630
v -0.04231814 0.04189213 -0.21473292
v -0.03831999 0.05061408 -0.20819415
v -0.03822918 0.04881802 -0.21383799
v -0.04055306 0.04435855 -0.21697474
v -0.03589154 0.05103058 -0.21611583
v -0.03849500 0.04664477 -0.21917734
v -0.03322662 0.05299636 -0.21832889
v -0.03614973 0.04872039 -0.22136222
v -0.03024664 0.05468615 -0.22049910
v -0.03352773 0.05056039 -0.22354966
v -0.03609785 0.05298727 -0.21066749
v -0.03350138 0.05511340 -0.21301256
v -0.03053678 0.05695512 -0.21524492
v -0.02721789 0.05847987 -0.21738664
v -0.02696940 0.05607671 -0.22265022
v -0.03064421 0.05214609 -0.22575835
v -0.02864387 0.05542002 -0.22157553
v -0.03211754 0.05138592 -0.22465025
v -0.02911031 0.05283967 -0.22687597
v -0.02522620 0.05665444 -0.22372621
v -0.03421509 0.05694968 -0.20746361
v -0.03139331 0.05898143 -0.20985808
v -0.02816269 0.06069415 -0.21208968
v -0.02453864 0.06205312 -0.21417930
v -0.02054579 0.06302947 -0.21615697
v -0.02356566 0.05966082 -0.21946501
v -0.01621649 0.06360186 -0.21805908
v -0.01960695 0.06047821 -0.22151064
v -0.02162274 0.06011587 -0.22048994
v -0.02960389 0.06273584 -0.20663630
v -0.02615655 0.06432637 -0.20884318
v -0.02227826 0.06553418 -0.21085264
v -0.01799790 0.06633043 -0.21269739
v -0.01335433 0.06669448 -0.21442004
v -0.00839423 0.06661603 -0.21606853
v -0.01158911 0.06375836 -0.21992496
v -0.00316862 0.06609954 -0.21769006
v -0.00917666 0.06368031 -0.22085632
v -0.00257088 0.05786390 -0.23632290
v -0.01003232 0.05727802 -0.23576919
v -0.01139371 0.05845463 -0.23152406
v -0.01351732 0.05843187 -0.23036592
v -0.01559865 0.05833409 -0.22922529
v -0.01763340 0.05815876 -0.22810099
v -0.01961738 0.05790397 -0.22699129
v -0.02154667 0.05756851 -0.22589396
v -0.02341748 0.05715194 -0.22480649
v -0.00622034 0.06069757 -0.22775162
v -0.00858228 0.06088724 -0.22668202
v -0.01089837 0.06098968 -0.22562753
v -0.01316355 0.06100172 -0.22458610
v -0.01537306 0.06092115 -0.22355500
v -0.01752232 0.06074676 -0.22253105
v -0.01003232 0.05727802 -0.23576919
v -0.04069854 0.04529012 -0.17843541
v -0.03954514 0.04936643 -0.17461348
v -0.03932686 0.05244613 -0.17808859
v -0.03838136 0.05357997 -0.17087826
v -0.04108623 0.04746267 -0.18918157
v -0.04163042 0.04441001 -0.18579610
v -0.04185815 0.04133969 -0.18237169
v -0.03878435 0.05547992 -0.18158118
v -0.03758562 0.05958056 -0.17773361
v -0.03788504 0.05842900 -0.18504131
v -0.03667637 0.06246230 -0.18117820
v -0.03659522 0.06125014 -0.18841366
v -0.03538500 0.06521888 -0.18456145
v -0.03488063 0.06389549 -0.19163901
v -0.03367906 0.06780989 -0.18782079
v -0.03123998 0.06461387 -0.20088343
v -0.03515056 0.05855352 -0.20157017
v -0.03725269 0.05604826 -0.19871840
v -0.03892634 0.05333110 -0.19568094
v -0.04019490 0.05045248 -0.19248961
v -0.03628647 0.06373491 -0.17378248
v -0.03689826 0.06086249 -0.17045070
v -0.03719372 0.05792074 -0.16718405
v -0.03092506 0.07976674 -0.13770469
v -0.03136051 0.07586236 -0.13215820
v -0.03102845 0.07924627 -0.14214720
v -0.03171488 0.07660624 -0.14406500
v -0.03556744 0.06519598 -0.16655918
v -0.03485391 0.06794101 -0.16971232
v -0.03533292 0.06651435 -0.17713417
v -0.03251845 0.07390818 -0.15003560
v -0.03241974 0.07149092 -0.14212040
v -0.03413732 0.06961393 -0.16264071
v -0.03333308 0.07159272 -0.15610850
v -0.03469147 0.06692913 -0.15977878
v -0.03380815 0.07058934 -0.17290055
v -0.03401173 0.06917398 -0.18045261
v -0.01257546 -0.05022439 -0.21414045
v -0.00970909 -0.05128425 -0.21705098
v -0.01466069 -0.05000786 -0.21553171
v -0.01926691 -0.04827265 -0.21409957
v -0.02522749 -0.04563569 -0.21404748
v -0.02115773 -0.04786237 -0.21543848
v -0.01673191 -0.04969920 -0.21687366
v -0.01196986 -0.05111104 -0.21839317
v -0.03348092 -0.04089630 -0.21641461
v -0.03026172 -0.04361926 -0.21778371
v -0.03047171 -0.04243822 -0.21395491
v -0.02860692 -0.04438299 -0.21658399
v -0.02692809 -0.04505512 -0.21533879
v -0.01177663 -0.05175914 -0.22256225
v -0.00945208 -0.05250954 -0.22552913
v -0.00728990 -0.05312181 -0.22860810
v -0.01419872 -0.05142617 -0.22375426
v -0.01207351 -0.05221962 -0.22667128
v -0.01012086 -0.05287465 -0.22970128
v -0.00838669 -0.05341266 -0.23286139
v -0.00691531 -0.05384998 -0.23616587
v -0.01015063 -0.05350322 -0.23714757
v -0.00574381 -0.05419956 -0.23962720
v -0.01333833 -0.05296936 -0.23812155
v -0.01660315 -0.05097708 -0.22489954
v -0.01467585 -0.05180128 -0.22777025
v -0.01292960 -0.05248524 -0.23075660
v -0.01140777 -0.05304799 -0.23387703
v -0.01439182 -0.05251679 -0.23487198
v -0.01732833 -0.05181205 -0.23585845
v -0.02020609 -0.05092918 -0.23685059
v -0.01898559 -0.05040771 -0.22600139
v -0.01725338 -0.05124922 -0.22883106
v -0.01570874 -0.05194688 -0.23178122
v -0.01844987 -0.05125360 -0.23278452
v -0.02114369 -0.05040070 -0.23377800
v -0.02378044 -0.04938571 -0.23477492
v -0.02635009 -0.04820877 -0.23578990
v -0.03658739 -0.03964751 -0.22216414
v -0.03505666 -0.04077748 -0.22112612
v -0.03637681 -0.03900289 -0.21870440
v -0.03348979 -0.04181644 -0.22005233
v -0.03189036 -0.04276376 -0.21893914
v -0.03375733 -0.04232020 -0.22352626
v -0.03204571 -0.04340363 -0.22249344
v -0.03029851 -0.04438855 -0.22142573
v -0.02851990 -0.04527541 -0.22031856
v -0.02671363 -0.04606513 -0.21916835
v -0.02488286 -0.04675891 -0.21797254
v -0.02303029 -0.04735786 -0.21672947
v -0.04015581 -0.03702106 -0.22743364
v -0.03863307 -0.03848623 -0.22647557
v -0.03952484 -0.03711994 -0.22415181
v -0.03705580 -0.03985983 -0.22551035
v -0.03542892 -0.04113854 -0.22452972
v -0.04741029 -0.01385955 -0.20275116
v -0.04873110 -0.00839516 -0.20339658
v -0.03365915 -0.03956425 -0.21254084
v -0.03648916 -0.03647978 -0.21106529
v -0.03891830 -0.03478787 -0.21359163
v -0.04113640 -0.03147931 -0.21207945
v -0.04318572 -0.02944556 -0.21450713
v -0.04484068 -0.02599915 -0.21296391
v -0.04651581 -0.02370031 -0.21531506
v -0.04766110 -0.02019762 -0.21374476
v -0.04897933 -0.01770793 -0.21603455
v -0.04967568 -0.01421943 -0.21444188
v -0.05066488 -0.01160132 -0.21667629
v -0.05097858 -0.00818184 -0.21506096
v -0.05167360 -0.00548103 -0.21723182
v -0.04747372 0.01326499 -0.19499780
v -0.04657672 0.02013764 -0.19328085
v -0.04373904 0.02558002 -0.18208306
v -0.03896191 -0.03322375 -0.20950256
v -0.04108059 -0.02983202 -0.20783214
v -0.04302455 -0.02804932 -0.21046785
v -0.04458757 -0.02453362 -0.20873876
v -0.04619389 -0.02247904 -0.21131061
v -0.04725162 -0.01892025 -0.20953154
v -0.04853533 -0.01666490 -0.21205634
v -0.04914466 -0.01313705 -0.21023741
v -0.05013265 -0.01073990 -0.21272447
v -0.05035979 -0.00730286 -0.21087351
v -0.05108946 -0.00480329 -0.21331577
v -0.05101152 -0.00149549 -0.21143554
v -0.05151152 0.00108537 -0.21381336
v -0.01211378 -0.05364847 -0.25309559
v -0.00822745 -0.05429462 -0.24800902
v -0.01211566 -0.05354031 -0.24516774
v -0.01558986 -0.05271328 -0.24618641
v -0.01909955 -0.05155579 -0.24357429
v -0.02221240 -0.05035711 -0.24467685
v -0.02535688 -0.04887710 -0.24226458
v -0.02811820 -0.04738375 -0.24345221
v -0.00822745 -0.05429462 -0.24800902
v -0.01196535 -0.05365365 -0.24900568
v -0.01895344 -0.05165026 -0.24727644
v -0.02520956 -0.04895909 -0.24586491
v -0.03076177 -0.04572547 -0.24473565
v -0.03108310 -0.04539852 -0.25272299
v -0.00854609 -0.05412470 -0.24419843
v -0.01588253 -0.05254241 -0.24253786
v -0.02248708 -0.05019099 -0.24115593
v -0.02837418 -0.04721721 -0.24002307
v -0.03090671 -0.04564611 -0.24120233
v -0.03332861 -0.04392705 -0.24246956
v -0.03563180 -0.04207523 -0.24383906
v -0.03786227 -0.04010783 -0.24167566
v -0.03983870 -0.03812471 -0.24311613
v -0.02242806 -0.05023574 -0.25253502
v -0.02826612 -0.04721932 -0.25116734
v -0.03341716 -0.04374731 -0.25010717
v -0.03586669 -0.04173719 -0.25178922
v -0.03790682 -0.03993784 -0.24929773
v -0.04000286 -0.03780391 -0.25108796
v -0.00822685 -0.05436385 -0.25204209
v -0.01558729 -0.05274986 -0.25007877
v -0.02219371 -0.05036652 -0.24845824
v -0.02808140 -0.04737862 -0.24715617
v -0.03327939 -0.04391914 -0.24612983
v -0.03780871 -0.04010781 -0.24532308
v -0.04168960 -0.03605776 -0.24467155
v -0.01257454 -0.05331044 -0.24154741
v -0.01951942 -0.05131440 -0.24010817
v -0.02573992 -0.04862742 -0.23891595
v -0.03124910 -0.04538464 -0.23793591
v -0.03355993 -0.04375278 -0.23909831
v -0.03576692 -0.04198918 -0.24034036
v -0.02134093 -0.04971400 -0.22706473
v -0.01979948 -0.05055847 -0.22986063
v -0.02230673 -0.04972491 -0.23086784
v -0.02476703 -0.04874573 -0.23186339
v -0.02717185 -0.04761990 -0.23285952
v -0.02951246 -0.04634858 -0.23386955
v -0.03178013 -0.04493539 -0.23490760
v -0.03651220 -0.04122845 -0.23416719
v -0.03453738 -0.04282098 -0.23311004
v -0.03248580 -0.04429344 -0.23208811
v -0.03036499 -0.04563977 -0.23108818
v -0.02818258 -0.04685601 -0.23009744
v -0.02594621 -0.04794025 -0.22910377
v -0.02366331 -0.04889242 -0.22809612
v -0.01878763 -0.04929565 -0.21816599
v -0.02082597 -0.04879529 -0.21940886
v -0.02284454 -0.04819591 -0.22060325
v -0.02484045 -0.04749508 -0.22175115
v -0.02681014 -0.04669048 -0.22285559
v -0.02874951 -0.04578009 -0.22392076
v -0.03065394 -0.04476247 -0.22495202
v -0.03251836 -0.04363697 -0.22595590
v -0.03433739 -0.04240398 -0.22694005
v -0.03610539 -0.04106507 -0.22791315
v -0.03781663 -0.03962316 -0.22888473
v -0.03946533 -0.03808263 -0.22986505
v -0.04104587 -0.03644937 -0.23086486
v -0.01421805 -0.05083893 -0.21968557
v -0.01645158 -0.05046543 -0.22092807
v -0.01866783 -0.04998691 -0.22212166
v -0.02086359 -0.04939995 -0.22326841
v -0.02303496 -0.04870128 -0.22437160
v -0.02517738 -0.04788788 -0.22543589
v -0.02728568 -0.04695731 -0.22646730
v -0.02935413 -0.04590796 -0.22747325
v -0.03137656 -0.04473937 -0.22846248
v -0.03334650 -0.04345243 -0.22944487
v -0.03525732 -0.04204962 -0.23043124
v -0.03710235 -0.04053512 -0.23143314
v -0.03887503 -0.03891495 -0.23246253
v -0.04056901 -0.03719688 -0.23353154
v -0.04499466 -0.03181891 -0.24042589
v -0.04174076 -0.03603861 -0.24101277
v -0.03995720 -0.03802246 -0.23962566
v -0.03806239 -0.03991802 -0.23833378
v -0.03840299 -0.03952402 -0.23527280
v -0.03606304 -0.04171036 -0.23712558
v -0.03396638 -0.04338645 -0.23598815
v -0.02884282 -0.04687302 -0.23683831
v -0.02301368 -0.04986684 -0.23786417
v -0.01646561 -0.05224095 -0.23910278
v -0.00919000 -0.05386047 -0.24058322
v -0.04301820 -0.03383538 -0.22936478
v -0.04560592 -0.03035398 -0.23138150
v -0.04788746 -0.02664706 -0.23356588
v -0.04984056 -0.02280051 -0.23599874
v -0.05210173 -0.01650028 -0.23677981
v -0.05071587 -0.02027824 -0.23422559
v -0.04903087 -0.02402120 -0.23195509
v -0.04704985 -0.02764643 -0.22989026
v -0.04478788 -0.03107815 -0.22795124
v -0.04226938 -0.03425239 -0.22606136
v -0.04340909 -0.03392673 -0.24634931
v -0.03985234 -0.03804375 -0.24693140
v -0.03566345 -0.04198328 -0.24764727
v -0.03081975 -0.04563471 -0.24856603
v -0.02530061 -0.04888236 -0.24975000
v -0.01907858 -0.05160242 -0.25124911
v -0.04766495 -0.02752624 -0.23987037
v -0.04763205 -0.02764280 -0.24358114
v -0.04637178 -0.02974360 -0.24194892
v -0.04499148 -0.03175302 -0.24815403
v -0.03913829 -0.03676648 -0.22083814
v -0.04173997 -0.03420096 -0.22284047
v -0.04415398 -0.03132914 -0.22474799
v -0.04635280 -0.02818545 -0.22660914
v -0.04831196 -0.02481693 -0.22848386
v -0.05001359 -0.02128151 -0.23044314
v -0.05144852 -0.01764600 -0.23256563
v -0.05261753 -0.01398311 -0.23493127
v -0.05352997 -0.01036948 -0.23761407
v -0.04882293 -0.02521448 -0.23788331
v -0.05068379 -0.02121273 -0.24084780
v -0.05145657 -0.01890945 -0.23875441
v -0.05274065 -0.01507297 -0.24189518
v -0.05319581 -0.01277435 -0.23968686
v -0.05401189 -0.00919015 -0.24299766
v -0.05148338 -0.01936489 -0.24665804
v -0.05216710 -0.01726807 -0.24422556
v -0.04978693 -0.02341766 -0.24304484
v -0.04979601 -0.02343983 -0.24718875
v -0.05070170 -0.02137433 -0.24916832
v -0.04877345 -0.02553533 -0.24532679
v -0.05221074 -0.00266273 -0.21923401
v -0.05216028 -0.00594153 -0.22067781
v -0.05149509 -0.00883263 -0.21875287
v -0.05113029 -0.01219212 -0.22016929
v -0.05013866 -0.01503088 -0.21817522
v -0.04939383 -0.01843993 -0.21957868
v -0.04803764 -0.02117270 -0.21751900
v -0.04684590 -0.02458263 -0.21891629
v -0.04509407 -0.02713983 -0.21678520
v -0.04122494 -0.03278408 -0.21596105
v -0.03636691 -0.03793925 -0.21502754
v -0.04723159 -0.02508299 -0.22219932
v -0.04842599 -0.02179948 -0.22091136
v -0.04982038 -0.01882197 -0.22279193
v -0.05057342 -0.01553089 -0.22150630
v -0.05156857 -0.01248014 -0.22332737
v -0.05194789 -0.00922298 -0.22203267
v -0.05229060 -0.00770067 -0.22292544
v -0.04771246 -0.02516841 -0.22531769
v -0.05029431 -0.01882494 -0.22585670
v -0.04939291 -0.02187277 -0.22714604
v -0.05150317 -0.01548141 -0.22766663
v -0.05083694 -0.01843220 -0.22901919
v -0.05154211 -0.01407579 -0.22547799
v -0.05101853 -0.01568801 -0.22459251
v -0.04886768 -0.02204139 -0.22405361
v -0.04580804 -0.02826659 -0.22346930
v -0.05258695 0.00024202 -0.22108700
v -0.05258947 -0.00615961 -0.22380037
v -0.05201515 -0.01244117 -0.22636382
v -0.05341561 -0.00580272 -0.23009753
v -0.05249316 -0.01206380 -0.22955530
v -0.05281155 -0.00912920 -0.22817264
v -0.05243802 -0.01079022 -0.22725883
v -0.05284509 -0.00460483 -0.22466520
v -0.04721924 -0.00103048 -0.19326796
v -0.04935334 0.00540590 -0.20224057
v -0.04877480 0.00820337 -0.19986453
v -0.04926585 0.01054377 -0.20276647
v -0.04794546 0.01564267 -0.19804434
v -0.04826189 0.01814035 -0.20098095
v -0.04687188 0.02271563 -0.19636961
v -0.04697137 0.02539538 -0.19935325
v -0.04422800 0.03072499 -0.18736476
v -0.04428144 0.03361182 -0.19063219
v -0.05100057 0.00991339 -0.21227654
v -0.04960596 -0.00624179 -0.20620018
v -0.04949099 -0.00294541 -0.20399701
v -0.05018830 -0.00068541 -0.20677624
v -0.04983731 0.00243749 -0.20455269
v -0.05036952 0.00480229 -0.20729311
v -0.04985926 0.00775026 -0.20506531
v -0.05022285 0.01022528 -0.20774360
v -0.04960977 0.01301074 -0.20553364
v -0.04978656 0.01559137 -0.20814027
v -0.04839711 0.02074636 -0.20378444
v -0.04833026 0.02343897 -0.20644191
v -0.04685020 0.02815304 -0.20221565
v -0.04648720 0.03095762 -0.20494927
v -0.04407644 0.03655181 -0.19383343
v -0.04358621 0.03950716 -0.19694663
v -0.04957843 0.02099476 -0.21285632
v -0.04677200 -0.01739712 -0.20488239
v -0.04851294 -0.01183849 -0.20557000
v -0.05374568 -0.00785660 -0.23568251
v -0.05351714 0.00319427 -0.22917393
v -0.05336346 0.00009068 -0.22729259
v -0.05305839 -0.00304142 -0.22552884
v -0.05384080 -0.00251428 -0.23222018
v -0.05410351 0.00068182 -0.23461315
v -0.05427520 -0.00447058 -0.23849991
v -0.05421806 0.00372852 -0.23732559
v -0.05419182 0.00656561 -0.24036989
v -0.05402590 0.00913852 -0.24371768
v -0.05372853 0.01142304 -0.24730700
v -0.04583305 -0.02096938 -0.20687930
v -0.04802257 -0.01536020 -0.20761783
v -0.04949727 -0.00965055 -0.20828399
v -0.05037155 -0.00394115 -0.20888830
v -0.05076352 0.00171422 -0.20942378
v -0.05076226 0.00730008 -0.20987688
v -0.05042633 0.01281541 -0.21024795
v -0.04978008 0.01826248 -0.21057739
v -0.04804473 0.02618894 -0.20895396
v -0.04752758 0.02896229 -0.21133420
v -0.04586483 0.03377313 -0.20755554
v -0.04496900 0.03656069 -0.21004387
v -0.04278583 0.04243598 -0.19995236
v -0.04165299 0.04529380 -0.20283499
v -0.02812222 0.06647063 -0.20331981
v -0.03260334 0.06079793 -0.20421314
v -0.03662236 0.05463845 -0.20489585
v -0.04016901 0.04803497 -0.20558388
v -0.04378910 0.03928025 -0.21242982
v -0.04576208 0.03443183 -0.21579915
v -0.04676904 0.03172242 -0.21360616
v -0.04855944 0.02651015 -0.21706522
v -0.04917340 0.02375552 -0.21500573
v -0.05023150 0.02094392 -0.22035413
v -0.05069017 0.01816324 -0.21847719
v -0.05167203 0.01510368 -0.22342599
v -0.05280405 0.00319918 -0.22283759
v -0.05286811 0.00617357 -0.22455507
v -0.05278715 0.00912826 -0.22631796
v -0.05256851 0.01202414 -0.22819992
v -0.05123549 0.01790286 -0.22524640
v -0.04959346 0.02368405 -0.22222944
v -0.04773279 0.02922336 -0.21907851
v -0.04450230 0.03705361 -0.21794453
v -0.04298801 0.03955295 -0.22007215
v -0.04122046 0.04189853 -0.22220819
v -0.05036952 0.00480229 -0.20729311
v 0.00629113 -0.05012025 -0.20973310
v 0.00532526 -0.05022105 -0.20976645
v 0.00534627 -0.05067350 -0.21096408
v 0.03789841 -0.03069215 -0.20178054
v 0.03756952 -0.03112651 -0.20194479
v 0.03829273 -0.03116545 -0.20298264
v 0.04647646 0.00420191 -0.18999813
v 0.04587104 0.00970217 -0.18781039
v 0.04528656 0.00916092 -0.18673609
v 0.02414483 -0.04426491 -0.20810338
v 0.04004717 -0.02851139 -0.20200405
v 0.04646186 -0.01077206 -0.19560112
v 0.04512760 0.01507827 -0.18555955
v 0.03278882 0.07013964 -0.14452940
v 0.03242073 0.07148867 -0.14211900
v 0.03232750 0.07040074 -0.14154540
v 0.03126767 0.07471135 -0.13175129
v 0.00000000 -0.05106719 -0.21150717
v 0.00198137 -0.05090087 -0.21099983
v 0.00000000 -0.05089727 -0.21098634
v 0.03097352 0.07346812 -0.13132950
v 0.03080013 0.07434405 -0.12865269
v 0.03099116 0.07627558 -0.12662890
v 0.03066049 0.07504950 -0.12649690
v 0.03065717 0.07508871 -0.12632060
v 0.03090188 0.07742950 -0.12135429
v 0.03056009 0.07623561 -0.12116279
v 0.03063120 0.07539550 -0.12494090
v 0.03090255 0.07743191 -0.12135470
v 0.03090254 0.07743180 -0.12135460
v 0.03171774 0.07274630 -0.13672410
v 0.03194153 0.07333120 -0.13841410
v 0.03307970 0.06768589 -0.14619810
v 0.03394651 0.06462931 -0.15063330
v 0.03359394 0.06726366 -0.14910390
v 0.03490343 0.06124061 -0.15483550
v 0.03497094 0.06240488 -0.15534960
v 0.03434171 0.06463243 -0.15268320
v 0.03593126 0.05752510 -0.15881670
v 0.03701111 0.05350386 -0.16258703
v 0.03811444 0.04924440 -0.16613006
v 0.03921596 0.04480312 -0.16943985
v 0.03829956 0.05002430 -0.16706435
v 0.04030354 0.04019392 -0.17254005
v 0.04051514 0.04088831 -0.17352977
v 0.04136526 0.03543109 -0.17544983
v 0.04159189 0.03609954 -0.17646016
v 0.04363754 0.02610063 -0.18181895
v 0.04238946 0.03052784 -0.17818560
v 0.04228505 0.03285054 -0.17829273
v 0.04336619 0.02549675 -0.18076740
v 0.04428393 0.02034471 -0.18321859
v 0.04686517 -0.00150902 -0.19217585
v 0.04692257 -0.00452080 -0.19330449
v 0.04680230 -0.00764758 -0.19446500
v 0.04591084 -0.01385957 -0.19671593
v 0.04514868 -0.01691375 -0.19781358
v 0.04569834 -0.01628991 -0.19880455
v 0.04445179 -0.02026282 -0.20021242
v 0.04417280 -0.01993244 -0.19889701
v 0.04161132 -0.02575371 -0.20099771
v 0.04298814 -0.02289159 -0.19996148
v 0.03420546 -0.03615012 -0.20486217
v 0.03634550 -0.03371344 -0.20393515
v 0.03190969 -0.03842984 -0.20574726
v 0.02947035 -0.04054091 -0.20658318
v 0.02688439 -0.04248604 -0.20736910
v 0.02125256 -0.04587062 -0.20878652
v 0.01825582 -0.04727006 -0.20939862
v 0.01516848 -0.04845017 -0.20992109
v 0.01678363 -0.04827731 -0.21087937
v 0.01198852 -0.04940895 -0.21034583
v 0.00871856 -0.05014932 -0.21068513
v 0.00204986 -0.05115029 -0.21220480
v 0.04481793 0.01317230 -0.18509922
v 0.04469211 0.01424941 -0.18465969
v 0.04626358 -0.00197002 -0.19115507
v 0.04627944 -0.00245356 -0.19134012
v 0.04615591 -0.00805443 -0.19345505
v 0.04609368 -0.00857704 -0.19364851
v 0.04579048 -0.01112314 -0.19459103
v 0.04633620 -0.00418319 -0.19200204
v 0.04630607 -0.00496473 -0.19229583
v 0.04620186 -0.00766855 -0.19331221
v 0.04500328 -0.01509864 -0.19604786
v 0.04342546 -0.02010902 -0.19787569
v 0.04282543 -0.02172730 -0.19846637
v 0.04441427 -0.01714798 -0.19679527
v 0.04403816 -0.01845656 -0.19727254
v 0.04400020 -0.01855893 -0.19730991
v 0.04575829 -0.01139350 -0.19469111
v 0.04567630 -0.01179587 -0.19483845
v 0.04519630 -0.01415144 -0.19570101
v 0.04592301 0.00371292 -0.18895919
v 0.04598771 0.00315910 -0.18918517
v 0.04618682 0.00036956 -0.19025972
v 0.03594304 -0.03327448 -0.20275707
v 0.03870354 -0.02945479 -0.20131874
v 0.03930834 -0.02852529 -0.20097184
v 0.03353258 -0.03601338 -0.20381000
v 0.03241947 -0.03711638 -0.20424138
v 0.02796425 -0.04098412 -0.20578047
v 0.02631686 -0.04220466 -0.20627701
v 0.03133957 -0.03818649 -0.20465989
v 0.03126806 -0.03824800 -0.20468441
v 0.02885043 -0.04032756 -0.20551336
v 0.03588649 -0.03334917 -0.20278531
v 0.03564532 -0.03362466 -0.20289115
v 0.03369582 -0.03585161 -0.20374674
v 0.02290671 -0.04438132 -0.20718160
v 0.02214746 -0.04478287 -0.20735405
v 0.01788282 -0.04685576 -0.20825254
v 0.01684408 -0.04731245 -0.20845286
v 0.01488689 -0.04800266 -0.20875623
v 0.02080019 -0.04549539 -0.20766005
v 0.01992906 -0.04595610 -0.20785792
v 0.01848074 -0.04659288 -0.20813723
v 0.00000000 -0.05050806 -0.20979344
v 0.00200571 -0.05044693 -0.20981069
v 0.00363772 -0.05039719 -0.20982473
v 0.00473953 -0.05028219 -0.20978668
v 0.00837795 -0.04972672 -0.20953460
v 0.00858721 -0.04968725 -0.20951470
v 0.01405062 -0.04829757 -0.20888586
v 0.01355654 -0.04847181 -0.20896244
v 0.01179045 -0.04894360 -0.20917010
v 0.01001380 -0.04941823 -0.20937900
v 0.02601664 -0.04242709 -0.20636751
v 0.02526400 -0.04290004 -0.20656453
v 0.02362496 -0.04392998 -0.20699358
v 0.04265673 -0.02209462 -0.19860109
v 0.04223577 -0.02301121 -0.19893727
v 0.04134223 -0.02495675 -0.19965084
v 0.04091536 -0.02572899 -0.19993620
v 0.04086430 -0.02582134 -0.19997034
v 0.03971565 -0.02789931 -0.20073822
v 0.03112122 0.07272200 -0.13360959
v 0.03200221 0.06929030 -0.14099090
v 0.03230408 0.06821347 -0.14278950
v 0.03362357 0.06353469 -0.14987930
v 0.03446435 0.06057696 -0.15374700
v 0.03276576 0.06656659 -0.14554030
v 0.03305508 0.06553453 -0.14726420
v 0.03349739 0.06397856 -0.14929889
v 0.03138607 0.07168312 -0.13588170
v 0.03142457 0.07153209 -0.13621200
v 0.03193484 0.06953060 -0.14058950
v 0.03594886 0.05521649 -0.15938498
v 0.03641537 0.05344684 -0.16092299
v 0.03664028 0.05259369 -0.16166445
v 0.03762056 0.04887512 -0.16489626
v 0.04193970 0.02984242 -0.17711290
v 0.04287631 0.02516570 -0.17962411
v 0.03989829 0.03946551 -0.17155667
v 0.04096558 0.03470645 -0.17450110
v 0.04151291 0.03197346 -0.17596860
v 0.03772918 0.04843160 -0.16521652
v 0.03800876 0.04729006 -0.16604081
v 0.03881753 0.04398773 -0.16842537
v 0.03960737 0.04076269 -0.17075412
v 0.03455020 0.06026695 -0.15407310
v 0.03488578 0.05905520 -0.15534750
v 0.03557430 0.05656902 -0.15796240
v 0.04292273 0.02488661 -0.17975285
v 0.04327480 0.02276999 -0.18072923
v 0.04378048 0.01972993 -0.18213158
v 0.04464514 0.01453175 -0.18452945
v 0.00197237 -0.03174747 -0.18530445
v 0.00000000 -0.03188044 -0.18542607
v 0.00000000 -0.03644001 -0.18938739
v 0.04504316 -0.00244297 -0.18933123
v 0.04328347 -0.00243472 -0.18690664
v 0.04279897 -0.00852597 -0.18905404
v 0.00000000 -0.04144003 -0.19472728
v 0.00000000 -0.04437258 -0.19877859
v 0.00362680 -0.04423063 -0.19856754
v 0.00000000 -0.04584031 -0.20080625
v 0.00000000 -0.04772061 -0.20424276
v 0.00419306 -0.04756683 -0.20405353
v 0.00000000 -0.03675774 -0.18966343
v 0.00000000 -0.04061255 -0.19383238
v 0.00307053 -0.04044539 -0.19365001
v 0.00448848 -0.03592822 -0.18906497
v 0.00761293 -0.03504843 -0.18862851
v 0.00601340 -0.03078908 -0.18481704
v 0.00060319 -0.01657002 -0.17569238
v 0.00000000 -0.01660000 -0.17570407
v 0.00000000 -0.02187865 -0.17870724
v 0.00441769 -0.02626418 -0.18142711
v 0.00730776 -0.02508848 -0.18086706
v 0.00487285 -0.02083754 -0.17808819
v 0.01248561 -0.04572110 -0.20319450
v 0.03244442 -0.03182763 -0.19749215
v 0.04484882 0.00253286 -0.18754160
v 0.04630607 -0.00496473 -0.19229583
v 0.04468024 -0.00855800 -0.19151384
v 0.04223165 -0.01164666 -0.19015155
v 0.04142319 -0.01483495 -0.19127619
v 0.04034643 -0.01809519 -0.19243371
v 0.03896585 -0.02142815 -0.19362935
v 0.03723494 -0.02483192 -0.19486838
v 0.03508981 -0.02830117 -0.19615493
v 0.02917148 -0.03539452 -0.19888109
v 0.02506809 -0.03896779 -0.20031680
v 0.02260313 -0.04073721 -0.20104684
v 0.01977348 -0.04247597 -0.20177816
v 0.01992906 -0.04595610 -0.20785792
v 0.01646563 -0.04415446 -0.20250041
v 0.00742788 -0.04706370 -0.20381203
v 0.00532526 -0.05022105 -0.20976645
v 0.00000000 -0.04942904 -0.20736516
v 0.02067840 -0.00348952 -0.17174022
v 0.01914834 -0.00364185 -0.17134054
v 0.01878777 -0.00528281 -0.17196422
v 0.01913255 -0.00364343 -0.17133642
v 0.01657576 -0.00381166 -0.17089488
v 0.02505473 -0.00296104 -0.17312682
v 0.02274585 -0.00326300 -0.17233454
v 0.02239728 -0.00532535 -0.17308694
v 0.02208357 -0.00334962 -0.17210728
v 0.02810384 -0.00247376 -0.17440636
v 0.02676305 -0.00269146 -0.17383465
v 0.02641179 -0.00536449 -0.17478383
v 0.02530200 -0.00292869 -0.17321167
v 0.03690255 -0.00048973 -0.17961093
v 0.03531794 -0.00092760 -0.17846227
v 0.03527120 -0.00243568 -0.17898086
v 0.03492805 -0.00103534 -0.17817965
v 0.03315660 -0.00144969 -0.17709265
v 0.03185911 -0.00175318 -0.17629649
v 0.03100002 -0.00245458 -0.17603177
v 0.03101998 -0.00191804 -0.17586410
v 0.02920801 -0.00227405 -0.17493042
v 0.03942642 -0.00242804 -0.18259689
v 0.03943733 0.00029291 -0.18166463
v 0.03774626 -0.00025659 -0.18022252
v 0.04024241 0.00055452 -0.18235119
v 0.04140362 -0.00242960 -0.18466320
v 0.04245417 0.00139941 -0.18456739
v 0.04034397 0.00059331 -0.18245295
v 0.04318859 0.00173232 -0.18544091
v 0.04336387 0.00181178 -0.18564940
v 0.04435229 0.00225983 -0.18682502
v 0.01092642 -0.01249702 -0.17412665
v 0.01017012 -0.01302457 -0.17432818
v 0.01378120 -0.01452562 -0.17549183
v 0.00831195 -0.01432072 -0.17482331
v 0.01117312 -0.01706111 -0.17649228
v 0.00244889 -0.01635566 -0.17560901
v 0.00164827 -0.01651807 -0.17567214
v 0.00282045 -0.02150661 -0.17840336
v 0.00795366 -0.01457065 -0.17491877
v 0.00761809 -0.01471261 -0.17497355
v 0.00825798 -0.01915107 -0.17734934
v 0.00501971 -0.01581191 -0.17539776
v 0.00664590 -0.02004543 -0.17773324
v 0.00491870 -0.01585464 -0.17541425
v 0.00121569 -0.01653957 -0.17568052
v 0.00158835 -0.02177154 -0.17853289
v 0.00256000 -0.02674854 -0.18166923
v 0.00962681 -0.02376840 -0.18027102
v 0.01887450 -0.02140448 -0.18079796
v 0.02463238 -0.02092499 -0.18276629
v 0.02182048 -0.01722273 -0.17917545
v 0.02611096 -0.01844803 -0.18182618
v 0.02846703 -0.01340765 -0.17996576
v 0.00352482 -0.03147990 -0.18516192
v 0.00000000 -0.02700094 -0.18189641
v 0.00000000 -0.03131109 -0.18493142
v 0.00803411 -0.02998881 -0.18443686
v 0.01011962 -0.03402540 -0.18815365
v 0.00976506 -0.02912763 -0.18404176
v 0.01224260 -0.03292656 -0.18766437
v 0.01266217 -0.02730058 -0.18323320
v 0.01573800 -0.03061640 -0.18666831
v 0.01505439 -0.02538975 -0.18241915
v 0.01856007 -0.02823515 -0.18567194
v 0.01709681 -0.02342133 -0.18160727
v 0.02091448 -0.02581875 -0.18468792
v 0.02291532 -0.02338100 -0.18371952
v 0.00000000 -0.02496767 -0.18046468
v 0.03477535 -0.02057474 -0.18899981
v 0.03045981 -0.01957384 -0.18508294
v 0.03310606 -0.02369512 -0.19015262
v 0.02888006 -0.02238507 -0.18613643
v 0.03108214 -0.02685209 -0.19134528
v 0.02700424 -0.02520445 -0.18721801
v 0.02863154 -0.03004434 -0.19257848
v 0.02477379 -0.02803366 -0.18832822
v 0.02564666 -0.03326309 -0.19385092
v 0.02210016 -0.03086785 -0.18946577
v 0.02195510 -0.03648454 -0.19515605
v 0.01884035 -0.03368927 -0.19062488
v 0.01975752 -0.03808115 -0.19581558
v 0.01473817 -0.03645302 -0.19178827
v 0.00643465 -0.04378316 -0.19833119
v 0.01084414 -0.04258168 -0.19775486
v 0.01433344 -0.04117015 -0.19712369
v 0.01724930 -0.03965262 -0.19647360
v 0.00545665 -0.04005149 -0.19343426
v 0.00922155 -0.03900322 -0.19291927
v 0.01221876 -0.03777446 -0.19236120
v 0.03011095 -0.00816506 -0.17807692
v 0.03447861 -0.00831623 -0.18104493
v 0.03066245 -0.00539937 -0.17708793
v 0.03498048 -0.00542895 -0.18003246
v 0.03288595 -0.01396393 -0.18304360
v 0.03178562 -0.01676837 -0.18405417
v 0.03614285 -0.01749176 -0.18788355
v 0.03875938 -0.00843888 -0.18469106
v 0.03919712 -0.00545098 -0.18365098
v 0.04081895 -0.00848673 -0.18678090
v 0.03936510 -0.01465120 -0.18894432
v 0.03724592 -0.01444521 -0.18679789
v 0.03378015 -0.01115188 -0.18204381
v 0.03811188 -0.01143083 -0.18573636
v 0.01498205 -0.00714842 -0.17210592
v 0.01803144 -0.00760605 -0.17284511
v 0.01566478 -0.00521217 -0.17137227
v 0.01603165 -0.00417170 -0.17097804
v 0.01615235 -0.00382939 -0.17084833
v 0.02173278 -0.00780637 -0.17401567
v 0.01483710 -0.00738279 -0.17219431
v 0.01374264 -0.00915244 -0.17286178
v 0.01712092 -0.00963606 -0.17361519
v 0.01609546 -0.01144047 -0.17430268
v 0.01308791 -0.01021110 -0.17326109
v 0.01264293 -0.01068169 -0.17343928
v 0.01262250 -0.01070330 -0.17344746
v 0.02581082 -0.00799380 -0.17574679
v 0.01994782 -0.01213779 -0.17564203
v 0.01161104 -0.02235416 -0.17966069
v 0.01336388 -0.02086099 -0.17903930
v 0.01494075 -0.01929224 -0.17840503
v 0.01768001 -0.01591142 -0.17708050
v 0.02411301 -0.01279593 -0.17751430
v 0.02860895 -0.00239175 -0.17462174
v 0.00252035 -0.03626497 -0.18924776
v 0.01660000 0.02180772 -0.16116761
v 0.01660000 0.01548561 -0.16353704
v 0.02066610 0.01600818 -0.16446380
v 0.02098814 -0.00106927 -0.17082129
v 0.03506087 0.01919533 -0.17176201
v 0.03169711 0.01826151 -0.16944123
v 0.03243862 0.00856244 -0.17332502
v 0.04528656 0.00916092 -0.18673609
v 0.04290475 0.00685469 -0.18363984
v 0.04231824 0.01180468 -0.18161815
v 0.04481793 0.01317230 -0.18509922
v 0.04469211 0.01424941 -0.18465969
v 0.03600659 0.00952174 -0.17575418
v 0.03988813 0.00564013 -0.18049785
v 0.03933296 0.01059647 -0.17851723
v 0.04464514 0.01453175 -0.18452945
v 0.04097625 0.02143348 -0.17740455
v 0.03818670 0.02024436 -0.17441390
v 0.03678855 0.00204013 -0.17865439
v 0.03288951 0.00358542 -0.17521367
v 0.03652156 0.00455300 -0.17768793
v 0.04015966 0.00313121 -0.18148330
v 0.02818083 0.01742879 -0.16746605
v 0.02872926 0.00771204 -0.17125063
v 0.02451517 0.01667592 -0.16580666
v 0.02084098 0.00629277 -0.16807597
v 0.03313014 0.00107055 -0.17615942
v 0.02928232 0.00023076 -0.17402857
v 0.02909263 0.00273936 -0.17310119
v 0.02512856 0.00200225 -0.17132444
v 0.02487665 0.00695221 -0.16949852
v 0.02096426 0.00138552 -0.16989900
v 0.02524318 -0.00048674 -0.17224173
v 0.01660000 0.00888945 -0.16600919
v 0.01660000 0.00645996 -0.16691973
v 0.02429211 0.02604176 -0.16189377
v 0.02780689 0.02675334 -0.16341977
v 0.02637393 0.03531374 -0.15841980
v 0.02409143 0.03492604 -0.15765560
v 0.02170844 0.03452127 -0.15685770
v 0.02056092 0.02543221 -0.16070742
v 0.02047090 0.03439679 -0.15665500
v 0.01660000 0.03400745 -0.15602100
v 0.03949085 0.03069000 -0.17284827
v 0.04096558 0.03470645 -0.17450110
v 0.03784882 0.03952604 -0.16784957
v 0.03960737 0.04076269 -0.17075412
v 0.03573114 0.03838467 -0.16521067
v 0.03432974 0.03769161 -0.16361801
v 0.03702004 0.02951990 -0.17000158
v 0.03420558 0.02848245 -0.16747710
v 0.03739810 0.03920908 -0.16710513
v 0.04287631 0.02516570 -0.17962411
v 0.04193970 0.02984242 -0.17711290
v 0.04151291 0.03197346 -0.17596860
v 0.04378048 0.01972993 -0.18213158
v 0.04327480 0.02276999 -0.18072923
v 0.04292273 0.02488661 -0.17975285
v 0.03331523 0.03733273 -0.16281773
v 0.03062804 0.03638214 -0.16069799
v 0.03111540 0.02756303 -0.16527789
v 0.03058406 0.03636902 -0.16066929
v 0.02746448 0.03558708 -0.15900252
v 0.01660000 0.00582353 -0.16716144
v 0.01660000 0.00097210 -0.16900395
v 0.01660000 0.00000000 -0.16937314
v 0.01651612 -0.00144427 -0.16993279
v 0.01648818 -0.00192546 -0.17011925
v 0.01660000 0.02803574 -0.15859250
v 0.01660000 0.02495664 -0.15991840
v 0.01660000 0.02371988 -0.16045096
v 0.01660000 0.02495664 -0.15991840
v 0.01660000 0.02803574 -0.15859250
v 0.00831219 0.02780819 -0.15805160
v 0.01660000 0.00097210 -0.16900395
v 0.01660000 0.00582353 -0.16716144
v 0.00831219 0.00865937 -0.16538534
v 0.00831219 -0.00440589 -0.17040693
v 0.01660000 0.00000000 -0.16937314
v 0.00831219 -0.01082754 -0.17317391
v 0.00121569 -0.01653957 -0.17568052
v 0.00000000 -0.01087598 -0.17306598
v 0.00831219 0.02157427 -0.16056614
v 0.01660000 0.02180772 -0.16116761
v 0.01660000 0.02371988 -0.16045096
v 0.01660000 0.00645996 -0.16691973
v 0.01660000 0.00888945 -0.16600919
v 0.01660000 0.01548561 -0.16353704
v 0.00831219 0.03380400 -0.15537030
v 0.00000000 0.03319190 -0.15541100
v 0.00000000 0.02768501 -0.15776060
v 0.00000000 -0.00612181 -0.17087490
v 0.00000000 -0.00447959 -0.17022841
v 0.00000000 0.00465831 -0.16663114
v 0.00000000 0.02277701 -0.15985467
v 0.00000000 0.02148593 -0.16033754
v 0.00000000 0.00857809 -0.16516513
v 0.00831219 0.06436920 -0.12259129
v 0.00000000 0.06404510 -0.12251049
v 0.00831219 0.06344143 -0.12580859
v 0.00000000 0.06333168 -0.12541830
v 0.00000000 0.05819433 -0.13602920
v 0.00831219 0.05785829 -0.13690799
v 0.00000000 0.05924216 -0.13421660
v 0.00831219 0.05951793 -0.13438110
v 0.00000000 0.06077068 -0.13157240
v 0.00000000 0.06109559 -0.13101040
v 0.00831219 0.06100747 -0.13169470
v 0.00000000 0.06201334 -0.12871530
v 0.00831219 0.06231818 -0.12884010
v 0.00000000 0.06320712 -0.12572979
v 0.00000000 0.05386064 -0.14132309
v 0.00000000 0.05173295 -0.14339370
v 0.00831219 0.05194556 -0.14361920
v 0.00831219 0.04969215 -0.14559649
v 0.00000000 0.05029041 -0.14479760
v 0.00000000 0.04951961 -0.14538500
v 0.00831219 0.04481317 -0.14921589
v 0.00000000 0.04512175 -0.14873650
v 0.00000000 0.05461234 -0.14059160
v 0.00831219 0.05406347 -0.14151800
v 0.00000000 0.05579418 -0.13908630
v 0.00831219 0.05603726 -0.13928390
v 0.00000000 0.05763276 -0.13674450
v 0.00000000 0.06487197 -0.11914010
v 0.00609698 0.06499123 -0.11916119
v 0.00830775 0.06515269 -0.11918960
v 0.01660000 0.06491490 -0.12272920
v 0.01660000 0.06575830 -0.11929640
v 0.01660000 0.06283977 -0.12905769
v 0.01660000 0.06404812 -0.12602310
v 0.01660000 0.06405378 -0.12600889
v 0.01660000 0.06419828 -0.12564599
v 0.01660000 0.06491318 -0.12273620
v 0.01660000 0.06155016 -0.13199700
v 0.01660000 0.05833614 -0.13728830
v 0.01660000 0.05835813 -0.13726000
v 0.01660000 0.05901228 -0.13641919
v 0.01660000 0.06000977 -0.13468110
v 0.01660000 0.06156402 -0.13197290
v 0.01660000 0.06193954 -0.13131849
v 0.01660000 0.06283159 -0.12907829
v 0.01660000 0.05235062 -0.14405700
v 0.01660000 0.05447674 -0.14196679
v 0.01660000 0.05107987 -0.14530630
v 0.01660000 0.05008753 -0.14607110
v 0.00000000 0.04467548 -0.14900800
v 0.00831219 0.03949470 -0.15244950
v 0.01660000 0.04511120 -0.14977980
v 0.01660000 0.04516818 -0.14974470
v 0.01660000 0.04592898 -0.14927600
v 0.01660000 0.05004423 -0.14610450
v 0.01660000 0.05450857 -0.14193550
v 0.01660000 0.05541021 -0.14104910
v 0.01660000 0.05649039 -0.13966070
v 0.00000000 0.03937403 -0.15223420
v 0.00000000 0.03894003 -0.15249830
v 0.00000000 0.03370020 -0.15515340
v 0.01660000 0.03409314 -0.15597710
v 0.01660000 0.03975130 -0.15307820
v 0.01660000 0.03978514 -0.15306090
v -0.01660000 0.05105035 -0.14533059
v -0.01660000 0.05008771 -0.14607129
v -0.00831219 0.04969215 -0.14559649
v -0.00831219 0.05194556 -0.14361920
v -0.00609698 0.06499123 -0.11916119
v -0.00830775 0.06515269 -0.11918960
v -0.00831219 0.06436920 -0.12259129
v -0.01265085 -0.01069100 -0.17344266
v -0.01264046 -0.01070335 -0.17344733
v -0.00831219 -0.01082754 -0.17317391
v -0.00662984 -0.01521858 -0.17516823
v -0.00501579 -0.01580079 -0.17539351
v -0.00460919 -0.01594746 -0.17545026
v -0.00250706 -0.01640971 -0.17562993
v -0.00246279 -0.01641373 -0.17563149
v -0.00121365 -0.01652724 -0.17567573
v -0.00060361 -0.01658267 -0.17569732
v -0.00049287 -0.01659273 -0.17570124
v -0.01196726 -0.01150412 -0.17374997
v -0.01035951 -0.01297096 -0.17430698
v -0.01021017 -0.01307489 -0.17434669
v -0.00856384 -0.01422060 -0.17478443
v -0.00831212 -0.01435050 -0.17483439
v -0.00761394 -0.01471077 -0.17497294
v -0.01483406 -0.00738497 -0.17219496
v -0.00831219 -0.00440589 -0.17040693
v -0.01550348 -0.00593318 -0.17164681
v -0.01572029 -0.00523022 -0.17138001
v -0.01457821 -0.00793984 -0.17240446
v -0.01379190 -0.00917871 -0.17287164
v -0.01339031 -0.00981143 -0.17311024
v -0.01660000 0.00097208 -0.16900391
v -0.01660000 0.00582344 -0.16716119
v -0.00831219 0.00865937 -0.16538534
v -0.01660000 0.00647866 -0.16691231
v -0.01660000 0.00000000 -0.16937314
v -0.01650379 -0.00144357 -0.16993202
v -0.01645308 -0.00220447 -0.17022659
v -0.01615235 -0.00382939 -0.17084833
v -0.01604680 -0.00417161 -0.17097822
v -0.01660000 0.02803568 -0.15859240
v -0.01660000 0.02495654 -0.15991817
v -0.00831219 0.02157427 -0.16056614
v -0.01660000 0.02373781 -0.16044294
v -0.01660000 0.02180733 -0.16116655
v -0.01660000 0.01548532 -0.16353628
v -0.01660000 0.00888928 -0.16600872
v -0.00831219 0.03380400 -0.15537030
v -0.00831219 0.02780819 -0.15805160
v -0.01660000 0.03400745 -0.15602100
v -0.00831219 0.06344143 -0.12580859
v -0.00831219 0.05785829 -0.13690799
v -0.00831219 0.05951793 -0.13438110
v -0.00831219 0.06100747 -0.13169470
v -0.00831219 0.06231818 -0.12884010
v -0.00831219 0.04481317 -0.14921589
v -0.00831219 0.05406347 -0.14151800
v -0.00831219 0.05603726 -0.13928390
v -0.01660000 0.06405973 -0.12601130
v -0.01660000 0.06419107 -0.12568210
v -0.01660000 0.06575830 -0.11929640
v -0.01660000 0.06491574 -0.12272950
v -0.01660000 0.06491401 -0.12273649
v -0.01660000 0.05834042 -0.13729149
v -0.01660000 0.05836246 -0.13726320
v -0.01660000 0.05899039 -0.13645870
v -0.01660000 0.06001349 -0.13468300
v -0.01660000 0.06405405 -0.12602549
v -0.01660000 0.06284338 -0.12905909
v -0.01660000 0.06283518 -0.12907960
v -0.01660000 0.06191820 -0.13137740
v -0.01660000 0.06157235 -0.13197760
v -0.01660000 0.06155845 -0.13200170
v -0.01660000 0.05447793 -0.14196790
v -0.01660000 0.05234963 -0.14405590
v -0.00831219 0.03949470 -0.15244950
v -0.01660000 0.04511174 -0.14978060
v -0.01660000 0.03982034 -0.15303550
v -0.01660000 0.05004439 -0.14610460
v -0.01660000 0.04588593 -0.14930440
v -0.01660000 0.04516874 -0.14974560
v -0.01660000 0.05649107 -0.13966100
v -0.01660000 0.05538565 -0.14107740
v -0.01660000 0.05450980 -0.14193660
v -0.01660000 0.03975112 -0.15307810
v -0.00831219 0.03949470 -0.15244950
v -0.01660000 0.03973122 -0.15309040
v -0.01660000 0.03409315 -0.15597710
v -0.00307053 -0.04044539 -0.19365001
v -0.00252035 -0.03626497 -0.18924776
v -0.00256000 -0.02674854 -0.18166923
v -0.02066471 -0.00347457 -0.17177943
v -0.02273683 -0.00324821 -0.17237343
v -0.02239728 -0.00532535 -0.17308694
v -0.04030329 0.00060680 -0.18248855
v -0.04303472 0.00164670 -0.18521707
v -0.04140362 -0.00242960 -0.18466320
v -0.04627593 -0.00196964 -0.19115391
v -0.04628185 -0.00245233 -0.19133713
v -0.04504316 -0.00244297 -0.18933123
v -0.03651672 -0.03255882 -0.20248325
v -0.03592383 -0.03326005 -0.20275131
v -0.03244442 -0.03182763 -0.19749215
v -0.02878618 -0.04037845 -0.20553331
v -0.02796416 -0.04098403 -0.20578002
v -0.02506809 -0.03896779 -0.20031680
v -0.02278625 -0.04444967 -0.20721051
v -0.02214778 -0.04478322 -0.20735403
v -0.01977348 -0.04247597 -0.20177816
v -0.00532551 -0.05022235 -0.20976734
v -0.00473957 -0.05028227 -0.20978628
v -0.00419306 -0.04756683 -0.20405353
v 0.00000000 -0.05050806 -0.20979344
v 0.00000000 -0.04942904 -0.20736516
v -0.00200574 -0.05044744 -0.20981010
v 0.00000000 -0.04772061 -0.20424276
v -0.00359382 -0.05039945 -0.20982329
v -0.00620602 -0.05013230 -0.20973890
v -0.00742788 -0.04706370 -0.20381203
v -0.00837932 -0.04973283 -0.20953475
v -0.01488650 -0.04800059 -0.20875528
v -0.01404629 -0.04828638 -0.20888073
v -0.01248561 -0.04572110 -0.20319450
v -0.01304344 -0.04862749 -0.20903046
v -0.01179240 -0.04894863 -0.20917230
v -0.00964044 -0.04950102 -0.20941630
v -0.00858869 -0.04969435 -0.20951509
v -0.01641023 -0.04748231 -0.20852778
v -0.01646563 -0.04415446 -0.20250041
v -0.01788070 -0.04685103 -0.20825047
v -0.02079656 -0.04548912 -0.20765777
v -0.01961409 -0.04610687 -0.20792358
v -0.01848122 -0.04659322 -0.20813722
v -0.02631322 -0.04220026 -0.20627552
v -0.02260313 -0.04073721 -0.20104684
v -0.02586547 -0.04253012 -0.20640990
v -0.02526655 -0.04290348 -0.20656563
v -0.02362348 -0.04392775 -0.20699283
v -0.03241562 -0.03711380 -0.20423869
v -0.03154500 -0.03799425 -0.20458246
v -0.02917148 -0.03539452 -0.19888109
v -0.03126017 -0.03824040 -0.20468062
v -0.02886382 -0.04031135 -0.20550655
v -0.03562680 -0.03361137 -0.20288559
v -0.03413953 -0.03537043 -0.20355801
v -0.03351678 -0.03600021 -0.20380391
v -0.03929902 -0.02852105 -0.20097040
v -0.03872579 -0.02946822 -0.20132204
v -0.03508981 -0.02830117 -0.19615493
v -0.03865666 -0.02958245 -0.20136445
v -0.03755347 -0.03111685 -0.20194122
v -0.04054944 -0.02645494 -0.20020335
v -0.03723494 -0.02483192 -0.19486838
v -0.04086662 -0.02582341 -0.19997099
v -0.04263980 -0.02208883 -0.19859976
v -0.04226026 -0.02302156 -0.19894050
v -0.03896585 -0.02142815 -0.19362935
v -0.04220230 -0.02316401 -0.19899254
v -0.04091390 -0.02572926 -0.19993636
v -0.04034643 -0.01809519 -0.19243371
v -0.04360174 -0.01972482 -0.19773613
v -0.04344331 -0.02011416 -0.19787837
v -0.04471199 -0.01622006 -0.19645773
v -0.04441805 -0.01714793 -0.19679618
v -0.04397350 -0.01855127 -0.19730806
v -0.04142319 -0.01483495 -0.19127619
v -0.04496678 -0.01511935 -0.19605526
v -0.04576466 -0.01112004 -0.19458822
v -0.04566424 -0.01179519 -0.19483715
v -0.04223165 -0.01164666 -0.19015155
v -0.04553482 -0.01266540 -0.19515799
v -0.04519126 -0.01414958 -0.19570067
v -0.04631742 -0.00535091 -0.19243738
v -0.04613940 -0.00805530 -0.19345195
v -0.04468024 -0.00855800 -0.19151384
v -0.04610494 -0.00857894 -0.19364839
v -0.04607503 -0.00903330 -0.19381885
v -0.04631271 -0.00496717 -0.19229172
v -0.04626576 -0.00114148 -0.19083955
v -0.04479233 0.00254686 -0.18757887
v -0.04598771 0.00315908 -0.18918519
v -0.04328347 -0.00243472 -0.18690664
v -0.04319619 0.00172939 -0.18543404
v -0.04335783 0.00181218 -0.18565124
v -0.03685255 -0.00046838 -0.17966744
v -0.03945561 0.00028571 -0.18164606
v -0.03942642 -0.00242804 -0.18259689
v -0.03947355 0.00029091 -0.18165971
v -0.03066245 -0.00539937 -0.17708793
v -0.03100002 -0.00245458 -0.17603177
v -0.03527120 -0.00243568 -0.17898086
v -0.03098487 -0.00189707 -0.17591874
v -0.03312958 -0.00143302 -0.17713636
v -0.03468283 -0.00109694 -0.17801819
v -0.03529769 -0.00091882 -0.17848556
v -0.02402821 -0.00310713 -0.17274361
v -0.02503599 -0.00294668 -0.17316464
v -0.02641179 -0.00536449 -0.17478383
v -0.02674441 -0.00267467 -0.17387838
v -0.02797882 -0.00247813 -0.17439409
v -0.01914737 -0.00364033 -0.17134447
v -0.01908099 -0.00364758 -0.17132545
v -0.01878777 -0.00528281 -0.17196422
v -0.00825798 -0.01915107 -0.17734934
v -0.01117312 -0.01706111 -0.17649228
v -0.00487285 -0.02083754 -0.17808819
v -0.00664590 -0.02004543 -0.17773324
v -0.00158835 -0.02177154 -0.17853289
v -0.00282045 -0.02150661 -0.17840336
v -0.02182048 -0.01722273 -0.17917545
v -0.01887450 -0.02140448 -0.18079796
v -0.01494075 -0.01929224 -0.17840503
v -0.01336388 -0.02086099 -0.17903930
v -0.01709681 -0.02342133 -0.18160727
v -0.01161104 -0.02235416 -0.17966069
v -0.01505439 -0.02538975 -0.18241915
v -0.00962681 -0.02376840 -0.18027102
v -0.01266217 -0.02730058 -0.18323320
v -0.00730776 -0.02508848 -0.18086706
v -0.00976506 -0.02912763 -0.18404176
v -0.00803411 -0.02998881 -0.18443686
v -0.00441769 -0.02626418 -0.18142711
v -0.00601340 -0.03078908 -0.18481704
v -0.00352482 -0.03147990 -0.18516192
v -0.00197237 -0.03174747 -0.18530445
v -0.00362680 -0.04423063 -0.19856754
v -0.00643465 -0.04378316 -0.19833119
v -0.01084414 -0.04258168 -0.19775486
v -0.01433344 -0.04117015 -0.19712369
v -0.01724930 -0.03965262 -0.19647360
v -0.01975752 -0.03808115 -0.19581558
v -0.00545665 -0.04005149 -0.19343426
v -0.00922155 -0.03900322 -0.19291927
v -0.01221876 -0.03777446 -0.19236120
v -0.01473817 -0.03645302 -0.19178827
v -0.01884035 -0.03368927 -0.19062488
v -0.03498048 -0.00542895 -0.18003246
v -0.03447861 -0.00831623 -0.18104493
v -0.03011095 -0.00816506 -0.17807692
v -0.03378015 -0.01115188 -0.18204381
v -0.02846703 -0.01340765 -0.17996576
v -0.00448848 -0.03592822 -0.18906497
v -0.00761293 -0.03504843 -0.18862851
v -0.01011962 -0.03402540 -0.18815365
v -0.01224260 -0.03292656 -0.18766437
v -0.01573800 -0.03061640 -0.18666831
v -0.02210016 -0.03086785 -0.18946577
v -0.01856007 -0.02823515 -0.18567194
v -0.02477379 -0.02803366 -0.18832822
v -0.02091448 -0.02581875 -0.18468792
v -0.02700424 -0.02520445 -0.18721801
v -0.02291532 -0.02338100 -0.18371952
v -0.02888006 -0.02238507 -0.18613643
v -0.02463238 -0.02092499 -0.18276629
v -0.03045981 -0.01957384 -0.18508294
v -0.02611096 -0.01844803 -0.18182618
v -0.03178562 -0.01676837 -0.18405417
v -0.03288595 -0.01396393 -0.18304360
v -0.04081895 -0.00848673 -0.18678090
v -0.03875938 -0.00843888 -0.18469106
v -0.03919712 -0.00545098 -0.18365098
v -0.03936510 -0.01465120 -0.18894432
v -0.04279897 -0.00852597 -0.18905404
v -0.02195510 -0.03648454 -0.19515605
v -0.02564666 -0.03326309 -0.19385092
v -0.02863154 -0.03004434 -0.19257848
v -0.03108214 -0.02685209 -0.19134528
v -0.03310606 -0.02369512 -0.19015262
v -0.03477535 -0.02057474 -0.18899981
v -0.03614285 -0.01749176 -0.18788355
v -0.03724592 -0.01444521 -0.18679789
v -0.03811188 -0.01143083 -0.18573636
v -0.01803144 -0.00760605 -0.17284511
v -0.02173278 -0.00780637 -0.17401567
v -0.01712092 -0.00963606 -0.17361519
v -0.01609546 -0.01144047 -0.17430268
v -0.01378120 -0.01452562 -0.17549183
v -0.01768001 -0.01591142 -0.17708050
v -0.01994782 -0.01213779 -0.17564203
v -0.02411301 -0.01279593 -0.17751430
v -0.02581082 -0.00799380 -0.17574679
v -0.02919239 -0.00228491 -0.17490109
v 0.02834922 0.07157386 -0.12380870
v 0.02822027 0.07236303 -0.12046100
v 0.02677142 0.07059990 -0.12015010
v 0.01660000 0.06156402 -0.13197290
v 0.01660000 0.06155016 -0.13199700
v 0.01910573 0.06196094 -0.13232510
v 0.01966907 0.06637305 -0.11940480
v 0.01885705 0.06621041 -0.11937610
v 0.01888495 0.06540561 -0.12291340
v 0.02634908 0.06173134 -0.13839570
v 0.02567465 0.06495807 -0.13267759
v 0.02367386 0.06368178 -0.13253250
v 0.02317552 0.06709869 -0.12311709
v 0.02328205 0.06615461 -0.12640770
v 0.02522464 0.06742434 -0.12651330
v 0.03647092 0.04598264 -0.16332310
v 0.03460107 0.04469570 -0.16086892
v 0.03362357 0.06353469 -0.14987930
v 0.03349739 0.06397856 -0.14929889
v 0.03227819 0.06239287 -0.14723620
v 0.03080013 0.07434405 -0.12865269
v 0.02961493 0.07344577 -0.12429379
v 0.03056009 0.07623561 -0.12116279
v 0.02952026 0.07421646 -0.12079280
v 0.02914578 0.07348931 -0.12065960
v 0.03446435 0.06057696 -0.15374700
v 0.03557430 0.05656902 -0.15796240
v 0.03488578 0.05905520 -0.15534750
v 0.03357221 0.05754439 -0.15301380
v 0.03455020 0.06026695 -0.15407310
v 0.03762056 0.04887512 -0.16489626
v 0.03664028 0.05259369 -0.16166445
v 0.03498652 0.05203318 -0.15837890
v 0.03641537 0.05344684 -0.16092299
v 0.03594886 0.05521649 -0.15938498
v 0.03800876 0.04729006 -0.16604081
v 0.03772918 0.04843160 -0.16521652
v 0.03881753 0.04398773 -0.16842537
v 0.03960737 0.04076269 -0.17075412
v 0.01963829 0.05489841 -0.14239240
v 0.01992911 0.05046148 -0.14654550
v 0.02242907 0.05559657 -0.14271630
v 0.02296617 0.05113669 -0.14701120
v 0.02494524 0.05658066 -0.14311139
v 0.02568643 0.05207586 -0.14763740
v 0.02717984 0.05780354 -0.14366730
v 0.02809052 0.05323324 -0.14848520
v 0.03018926 0.05456024 -0.14961329
v 0.03129491 0.04928685 -0.15436690
v 0.03327926 0.05061719 -0.15618090
v 0.02019042 0.04551364 -0.15023200
v 0.02346715 0.04614849 -0.15085870
v 0.02640702 0.04701522 -0.15173860
v 0.02901232 0.04807502 -0.15289920
v 0.03241836 0.04350046 -0.15874220
v 0.03331523 0.03733273 -0.16281773
v 0.02707410 0.04147429 -0.15546720
v 0.02389897 0.04069739 -0.15432730
v 0.01660000 0.05107987 -0.14530630
v 0.01660000 0.05008753 -0.14607110
v 0.01660000 0.05004423 -0.14610450
v 0.02345114 0.06501391 -0.12954469
v 0.02425044 0.06046995 -0.13808780
v 0.02147472 0.06267035 -0.13244880
v 0.02130339 0.06400627 -0.12948399
v 0.02117250 0.06515396 -0.12634190
v 0.02108939 0.06610675 -0.12301420
v 0.02101689 0.06695388 -0.11950720
v 0.01893304 0.06444981 -0.12624820
v 0.01660000 0.06419828 -0.12564599
v 0.01660000 0.06405378 -0.12600889
v 0.01900809 0.06329898 -0.12938209
v 0.02312687 0.06786314 -0.11966749
v 0.02337863 0.06797163 -0.11968670
v 0.02191231 0.05946308 -0.13788440
v 0.01935221 0.05875471 -0.13767960
v 0.01660000 0.06000977 -0.13468110
v 0.01660000 0.05901228 -0.13641919
v 0.01660000 0.05835813 -0.13726000
v 0.01660000 0.05833614 -0.13728830
v 0.01660000 0.06404812 -0.12602310
v 0.01660000 0.06283977 -0.12905769
v 0.01660000 0.06283159 -0.12907829
v 0.01660000 0.06193954 -0.13131849
v 0.03097352 0.07346812 -0.13132950
v 0.02975582 0.07247795 -0.12775160
v 0.03112122 0.07272200 -0.13360959
v 0.03030384 0.06991453 -0.13451730
v 0.03138607 0.07168312 -0.13588170
v 0.03142457 0.07153209 -0.13621200
v 0.03193484 0.06953060 -0.14058950
v 0.03116402 0.06653393 -0.14103900
v 0.03200221 0.06929030 -0.14099090
v 0.03305508 0.06553453 -0.14726420
v 0.03276576 0.06656659 -0.14554030
v 0.03230408 0.06821347 -0.14278950
v 0.03200875 0.05601206 -0.15109830
v 0.03082895 0.06076224 -0.14562510
v 0.02913501 0.05921495 -0.14446950
v 0.02980104 0.06481978 -0.13975120
v 0.02819766 0.06320003 -0.13890910
v 0.02899910 0.06812950 -0.13355740
v 0.02745313 0.06645880 -0.13298069
v 0.02848311 0.07063324 -0.12711210
v 0.02696593 0.06893264 -0.12672300
v 0.02683748 0.06986451 -0.12347650
v 0.02510396 0.06835960 -0.12325950
v 0.02659854 0.07038952 -0.12011300
v 0.02498859 0.06918058 -0.11989979
v 0.01660000 0.03978514 -0.15306090
v 0.02039644 0.04011818 -0.15353100
v 0.01660000 0.03975130 -0.15307820
v 0.02991357 0.04241908 -0.15694180
v 0.01660000 0.05649039 -0.13966070
v 0.01660000 0.05541021 -0.14104910
v 0.01660000 0.05450857 -0.14193550
v 0.01660000 0.05447674 -0.14196679
v 0.01660000 0.05235062 -0.14405700
v -0.03313014 0.00107055 -0.17615942
v -0.02524318 -0.00048674 -0.17224173
v -0.02096426 0.00138552 -0.16989900
v -0.01660000 0.00097208 -0.16900391
v -0.01660000 0.00582344 -0.16716119
v -0.02098814 -0.00106927 -0.17082129
v -0.01660000 0.00000000 -0.16937314
v -0.02512856 0.00200225 -0.17132444
v -0.02909263 0.00273936 -0.17310119
v -0.02872926 0.00771204 -0.17125063
v -0.03243862 0.00856244 -0.17332502
v -0.03288951 0.00358542 -0.17521367
v -0.03600659 0.00952174 -0.17575418
v -0.04290475 0.00685469 -0.18363984
v -0.04592968 0.00371557 -0.18896328
v -0.04535905 0.00918788 -0.18678125
v -0.04533736 0.00939586 -0.18669831
v -0.04380451 0.01975424 -0.18217534
v -0.04445623 0.01579179 -0.18398912
v -0.04231824 0.01180468 -0.18161815
v -0.04463035 0.01452784 -0.18452450
v -0.04481723 0.01317132 -0.18509910
v -0.04332512 0.02266891 -0.18084115
v -0.04097625 0.02143348 -0.17740455
v -0.03818670 0.02024436 -0.17441390
v -0.03988813 0.00564013 -0.18049785
v -0.04015966 0.00313121 -0.18148330
v -0.03678855 0.00204013 -0.17865439
v -0.04303472 0.00164670 -0.18521707
v -0.02928232 0.00023076 -0.17402857
v -0.03652156 0.00455300 -0.17768793
v -0.03933296 0.01059647 -0.17851723
v -0.02487665 0.00695221 -0.16949852
v -0.02084098 0.00629277 -0.16807597
v -0.01660000 0.00647866 -0.16691231
v -0.01660000 0.00888928 -0.16600872
v -0.02066610 0.01600818 -0.16446380
v -0.02451517 0.01667592 -0.16580666
v -0.02818083 0.01742879 -0.16746605
v -0.03169711 0.01826151 -0.16944123
v -0.03506087 0.01919533 -0.17176201
v -0.03111540 0.02756303 -0.16527789
v -0.02780689 0.02675334 -0.16341977
v -0.02746448 0.03558708 -0.15900252
v -0.02637393 0.03531374 -0.15841980
v -0.02429211 0.02604176 -0.16189377
v -0.02409143 0.03492604 -0.15765560
v -0.02056092 0.02543221 -0.16070742
v -0.01660000 0.02495654 -0.15991817
v -0.01660000 0.02803568 -0.15859240
v -0.02170844 0.03452127 -0.15685770
v -0.02047090 0.03439679 -0.15665500
v -0.03784882 0.03952604 -0.16784957
v -0.03960737 0.04076269 -0.17075412
v -0.03990325 0.03948257 -0.17158251
v -0.03996592 0.03921142 -0.17175798
v -0.04095231 0.03475105 -0.17446116
v -0.03949085 0.03069000 -0.17284827
v -0.03702004 0.02951990 -0.17000158
v -0.03420558 0.02848245 -0.16747710
v -0.03432974 0.03769161 -0.16361801
v -0.03739810 0.03920908 -0.16710513
v -0.03573114 0.03838467 -0.16521067
v -0.04108064 0.03417076 -0.17481286
v -0.04152566 0.03199682 -0.17600801
v -0.04195935 0.02987823 -0.17717273
v -0.04220378 0.02868417 -0.17782918
v -0.04291366 0.02487613 -0.17973595
v -0.04330135 0.02279641 -0.18077731
v -0.03058406 0.03636902 -0.16066929
v -0.03062804 0.03638214 -0.16069799
v -0.03331523 0.03733273 -0.16281773
v -0.01660000 0.01548532 -0.16353628
v -0.01660000 0.02180733 -0.16116655
v -0.01660000 0.02373781 -0.16044294
v -0.04330135 0.02279641 -0.18077731
v -0.04291366 0.02487613 -0.17973595
v -0.04336619 0.02549675 -0.18076740
v -0.03065426 0.07509932 -0.12633200
v -0.03065407 0.07510126 -0.12632339
v -0.03099116 0.07627558 -0.12662890
v -0.02688439 -0.04248604 -0.20736910
v -0.04004717 -0.02851139 -0.20200405
v -0.03171774 0.07274630 -0.13672410
v -0.03241974 0.07149092 -0.14212040
v -0.03232750 0.07040074 -0.14154540
v -0.03829951 0.05002402 -0.16706398
v -0.03811444 0.04924440 -0.16613006
v -0.04051520 0.04088945 -0.17353073
v -0.04030354 0.04019392 -0.17254005
v -0.04686517 -0.00150902 -0.19217585
v -0.04646186 -0.01077206 -0.19560112
v -0.03056480 0.07602977 -0.12226280
v -0.03056009 0.07623561 -0.12116279
v -0.03090091 0.07742977 -0.12135440
v -0.03062378 0.07541632 -0.12494549
v -0.03090155 0.07743197 -0.12135479
v -0.00198137 -0.05090087 -0.21099983
v -0.00207382 -0.05117453 -0.21221740
v -0.00534627 -0.05067350 -0.21096408
v -0.00871856 -0.05014932 -0.21068513
v -0.01198852 -0.04940895 -0.21034583
v -0.01516848 -0.04845017 -0.20992109
v -0.01825582 -0.04727006 -0.20939862
v -0.02125256 -0.04587062 -0.20878652
v -0.02414483 -0.04426491 -0.20810338
v -0.02947035 -0.04054091 -0.20658318
v -0.03190969 -0.03842984 -0.20574726
v -0.03634550 -0.03371344 -0.20393515
v -0.03420546 -0.03615012 -0.20486217
v -0.03829273 -0.03116545 -0.20298264
v -0.04161132 -0.02575371 -0.20099771
v -0.04444781 -0.02026090 -0.20021159
v -0.04298814 -0.02289159 -0.19996148
v -0.04570091 -0.01629032 -0.19880467
v -0.04514868 -0.01691375 -0.19781358
v -0.04417280 -0.01993244 -0.19889701
v -0.04591084 -0.01385957 -0.19671593
v -0.04680230 -0.00764758 -0.19446500
v -0.04692257 -0.00452080 -0.19330449
v -0.04647646 0.00420191 -0.18999813
v -0.04587104 0.00970217 -0.18781039
v -0.04512760 0.01507827 -0.18555955
v -0.04428393 0.02034471 -0.18321859
v -0.04363694 0.02609837 -0.18181782
v -0.04238946 0.03052784 -0.17818560
v -0.04136526 0.03543109 -0.17544983
v -0.04228277 0.03285895 -0.17828638
v -0.04159206 0.03610083 -0.17646119
v -0.03921596 0.04480312 -0.16943985
v -0.03701111 0.05350386 -0.16258703
v -0.03593126 0.05752510 -0.15881670
v -0.03490343 0.06124061 -0.15483550
v -0.03497108 0.06240553 -0.15535010
v -0.03394651 0.06462931 -0.15063330
v -0.03307970 0.06768589 -0.14619810
v -0.03278854 0.07013952 -0.14452730
v -0.03194160 0.07333056 -0.13841410
v -0.03126767 0.07471135 -0.13175129
v -0.04535905 0.00918788 -0.18678125
v -0.04533736 0.00939586 -0.18669831
v -0.04481723 0.01317132 -0.18509910
v -0.04631271 -0.00496717 -0.19229172
v -0.00532551 -0.05022235 -0.20976734
v -0.03139694 0.07159397 -0.13624389
v -0.03135980 0.07174206 -0.13591210
v -0.03120606 0.07235501 -0.13453850
v -0.03094443 0.07353855 -0.13135320
v -0.03087036 0.07387363 -0.13045150
v -0.03077713 0.07440242 -0.12867419
v -0.03274366 0.06661994 -0.14557580
v -0.03227379 0.06828660 -0.14283830
v -0.03454851 0.06027770 -0.15408410
v -0.03445143 0.06062569 -0.15370400
v -0.03361981 0.06355043 -0.15005880
v -0.03361981 0.06355043 -0.15005880
v -0.03359869 0.06362426 -0.14995340
v -0.03347860 0.06404407 -0.14935390
v -0.03287490 0.06615442 -0.14634030
v -0.03221521 0.06849437 -0.14249710
v -0.03200131 0.06928495 -0.14099019
v -0.03165559 0.07056279 -0.13855480
v -0.03641086 0.05349038 -0.16097445
v -0.03628607 0.05396338 -0.16056401
v -0.03843950 0.04561981 -0.16738334
v -0.03801099 0.04731070 -0.16607075
v -0.03772906 0.04842317 -0.16520719
v -0.03727403 0.05021872 -0.16381336
v -0.03663609 0.05263671 -0.16171520
v -0.04095231 0.03475105 -0.17446116
v -0.03996592 0.03921142 -0.17175798
v -0.04220378 0.02868417 -0.17782918
v -0.04195935 0.02987823 -0.17717273
v -0.04152566 0.03199682 -0.17600801
v -0.04108064 0.03417076 -0.17481286
v -0.03990325 0.03948257 -0.17158251
v -0.03960737 0.04076269 -0.17075412
v -0.03882118 0.04403242 -0.16848496
v -0.03556661 0.05661002 -0.15800210
v -0.03537269 0.05732340 -0.15731160
v -0.03488003 0.05908937 -0.15538240
v -0.04463035 0.01452784 -0.18452450
v -0.04445623 0.01579179 -0.18398912
v -0.04380451 0.01975424 -0.18217534
v -0.04332512 0.02266891 -0.18084115
v -0.02991357 0.04241908 -0.15694180
v -0.01660000 0.03973122 -0.15309040
v -0.01660000 0.03975112 -0.15307810
v -0.02039644 0.04011818 -0.15353100
v -0.02659854 0.07038952 -0.12011300
v -0.02677142 0.07059990 -0.12015010
v -0.02683748 0.06986451 -0.12347650
v -0.02822027 0.07236303 -0.12046100
v -0.03077713 0.07440242 -0.12867419
v -0.02975582 0.07247795 -0.12775160
v -0.01660000 0.06191820 -0.13137740
v -0.01660000 0.06283518 -0.12907960
v -0.01900809 0.06329898 -0.12938209
v -0.01660000 0.06284338 -0.12905909
v -0.01660000 0.06405405 -0.12602549
v -0.01893304 0.06444981 -0.12624820
v -0.02634908 0.06173134 -0.13839570
v -0.02717984 0.05780354 -0.14366730
v -0.02494524 0.05658066 -0.14311139
v -0.01966907 0.06637305 -0.11940480
v -0.02101689 0.06695388 -0.11950720
v -0.02108939 0.06610675 -0.12301420
v -0.02312687 0.06786314 -0.11966749
v -0.02707410 0.04147429 -0.15546720
v -0.01660000 0.05234963 -0.14405590
v -0.01660000 0.05447793 -0.14196790
v -0.01963829 0.05489841 -0.14239240
v -0.03882118 0.04403242 -0.16848496
v -0.03960737 0.04076269 -0.17075412
v -0.02952026 0.07421646 -0.12079280
v -0.03056009 0.07623561 -0.12116279
v -0.03287490 0.06615442 -0.14634030
v -0.03347860 0.06404407 -0.14935390
v -0.03227819 0.06239287 -0.14723620
v -0.03359869 0.06362426 -0.14995340
v -0.03361981 0.06355043 -0.15005880
v -0.03445143 0.06062569 -0.15370400
v -0.03357221 0.05754439 -0.15301380
v -0.03454851 0.06027770 -0.15408410
v -0.03488003 0.05908937 -0.15538240
v -0.03537269 0.05732340 -0.15731160
v -0.03556661 0.05661002 -0.15800210
v -0.03498652 0.05203318 -0.15837890
v -0.03628607 0.05396338 -0.16056401
v -0.03641086 0.05349038 -0.16097445
v -0.03663609 0.05263671 -0.16171520
v -0.03460107 0.04469570 -0.16086892
v -0.03647092 0.04598264 -0.16332310
v -0.03727403 0.05021872 -0.16381336
v -0.03772906 0.04842317 -0.16520719
v -0.03801099 0.04731070 -0.16607075
v -0.03843950 0.04561981 -0.16738334
v -0.03327926 0.05061719 -0.15618090
v -0.03241836 0.04350046 -0.15874220
v -0.03331523 0.03733273 -0.16281773
v -0.01660000 0.05004439 -0.14610460
v -0.01992911 0.05046148 -0.14654550
v -0.01660000 0.05008771 -0.14607129
v -0.01660000 0.05105035 -0.14533059
v -0.02389897 0.04069739 -0.15432730
v -0.01660000 0.03982034 -0.15303550
v -0.02019042 0.04551364 -0.15023200
v -0.02522464 0.06742434 -0.12651330
v -0.02567465 0.06495807 -0.13267759
v -0.02345114 0.06501391 -0.12954469
v -0.02367386 0.06368178 -0.13253250
v -0.02147472 0.06267035 -0.13244880
v -0.01885705 0.06621041 -0.11937610
v -0.01888495 0.06540561 -0.12291340
v -0.02117250 0.06515396 -0.12634190
v -0.02317552 0.06709869 -0.12311709
v -0.02337863 0.06797163 -0.11968670
v -0.01660000 0.06405973 -0.12601130
v -0.01660000 0.06419107 -0.12568210
v -0.01935221 0.05875471 -0.13767960
v -0.02191231 0.05946308 -0.13788440
v -0.02425044 0.06046995 -0.13808780
v -0.01660000 0.05899039 -0.13645870
v -0.01660000 0.05836246 -0.13726320
v -0.01660000 0.05834042 -0.13729149
v -0.01660000 0.06001349 -0.13468300
v -0.01660000 0.06155845 -0.13200170
v -0.01910573 0.06196094 -0.13232510
v -0.01660000 0.06157235 -0.13197760
v -0.02130339 0.06400627 -0.12948399
v -0.02328205 0.06615461 -0.12640770
v -0.02510396 0.06835960 -0.12325950
v -0.02498859 0.06918058 -0.11989979
v -0.02961493 0.07344577 -0.12429379
v -0.03087036 0.07387363 -0.13045150
v -0.03094443 0.07353855 -0.13135320
v -0.03030384 0.06991453 -0.13451730
v -0.03120606 0.07235501 -0.13453850
v -0.03135980 0.07174206 -0.13591210
v -0.03200131 0.06928495 -0.14099019
v -0.03116402 0.06653393 -0.14103900
v -0.03165559 0.07056279 -0.13855480
v -0.03139694 0.07159397 -0.13624389
v -0.03221521 0.06849437 -0.14249710
v -0.03227379 0.06828660 -0.14283830
v -0.03274366 0.06661994 -0.14557580
v -0.02346715 0.04614849 -0.15085870
v -0.02296617 0.05113669 -0.14701120
v -0.02640702 0.04701522 -0.15173860
v -0.02568643 0.05207586 -0.14763740
v -0.02901232 0.04807502 -0.15289920
v -0.02809052 0.05323324 -0.14848520
v -0.03018926 0.05456024 -0.14961329
v -0.02913501 0.05921495 -0.14446950
v -0.03082895 0.06076224 -0.14562510
v -0.02819766 0.06320003 -0.13890910
v -0.02980104 0.06481978 -0.13975120
v -0.02745313 0.06645880 -0.13298069
v -0.02899910 0.06812950 -0.13355740
v -0.02696593 0.06893264 -0.12672300
v -0.02848311 0.07063324 -0.12711210
v -0.02834922 0.07157386 -0.12380870
v -0.02914578 0.07348931 -0.12065960
v -0.03200875 0.05601206 -0.15109830
v -0.03129491 0.04928685 -0.15436690
v -0.01660000 0.05450980 -0.14193660
v -0.01660000 0.05538565 -0.14107740
v -0.01660000 0.05649107 -0.13966100
v -0.02242907 0.05559657 -0.14271630
v -0.03099355 0.08908484 -0.06248390
v -0.02977082 0.09521093 -0.06986520
v -0.03005436 0.09516787 -0.06355650
v -0.02982087 0.09591579 -0.06494889
v -0.02985347 0.09602569 -0.06370779
v -0.02974107 0.09479200 -0.07278709
v -0.02971005 0.09435514 -0.07583419
v -0.02970962 0.09428309 -0.07625050
v -0.02970641 0.09348826 -0.08081570
v -0.02970889 0.09412514 -0.07715930
v -0.03058636 0.09289622 -0.06315589
v -0.03070291 0.09211792 -0.06301870
v -0.03065740 0.09259288 -0.06310249
v -0.03719461 0.09202977 -0.03287669
v -0.03603385 0.09282261 -0.03551159
v -0.03747666 0.09099448 -0.03213090
v -0.03550844 0.09318148 -0.03670429
v -0.03514558 0.09342415 -0.03774270
v -0.03546110 0.08999469 -0.03751099
v -0.03159457 0.08949907 -0.05343780
v -0.03178464 0.08936732 -0.05219039
v -0.03152421 0.09223340 -0.05264950
v -0.03265710 0.08863182 -0.04744459
v -0.03307409 0.08820974 -0.04575950
v -0.03289907 0.09055626 -0.04607029
v -0.04243738 0.08838498 -0.02124380
v -0.04486180 0.08633084 -0.01578619
v -0.04419171 0.08713721 -0.01746949
v -0.04487556 0.08656176 -0.01574459
v -0.04389912 0.07433406 -0.01816149
v -0.04201419 0.07851149 -0.02242409
v -0.04266132 0.07630688 -0.02097129
v -0.04194598 0.07733625 -0.02255830
v -0.04062266 0.07924050 -0.02549429
v -0.03989075 0.08267431 -0.02711259
v -0.04005641 0.07997779 -0.02676049
v -0.03786970 0.08275789 -0.03175399
v -0.03870967 0.08173137 -0.02977219
v -0.03983877 0.08026117 -0.02724718
v -0.03714255 0.08364653 -0.03346960
v -0.03772610 0.08293338 -0.03209280
v -0.03767185 0.08654477 -0.03211259
v -0.03567977 0.08601786 -0.03724799
v -0.03569893 0.08533899 -0.03720129
v -0.03578693 0.08523584 -0.03697379
v -0.03444638 0.08675406 -0.04085349
v -0.03476416 0.08639540 -0.03992429
v -0.03469710 0.08774752 -0.04004110
v -0.03476833 0.08639067 -0.03991209
v -0.03566848 0.08537469 -0.03727999
v -0.03394875 0.08729161 -0.04253950
v -0.03376161 0.08927276 -0.04298109
v -0.03388118 0.08736461 -0.04276849
v -0.03314485 0.08813811 -0.04547349
v -0.03316672 0.08811599 -0.04538519
v -0.03346684 0.08781221 -0.04417230
v -0.03214193 0.09155632 -0.04929910
v -0.03243920 0.08882772 -0.04853849
v -0.03259186 0.08869046 -0.04777209
v -0.03212353 0.08911151 -0.05012319
v -0.03216285 0.08907616 -0.04992579
v -0.03236662 0.08889296 -0.04890279
v -0.03182500 0.08933934 -0.05192559
v -0.03184959 0.08932231 -0.05176429
v -0.03202195 0.08920282 -0.05063310
v -0.03135768 0.08957850 -0.05556379
v -0.03139714 0.08956795 -0.05519169
v -0.03107829 0.09256076 -0.05608369
v -0.03154069 0.08952955 -0.05383770
v -0.03155686 0.08952521 -0.05368530
v -0.03121668 0.08960186 -0.05698139
v -0.03122948 0.08961280 -0.05677290
v -0.03135542 0.08957911 -0.05558509
v -0.03109070 0.08949398 -0.05903460
v -0.03110081 0.08950264 -0.05886990
v -0.03081729 0.09252019 -0.05955689
v -0.03110509 0.08950631 -0.05880020
v -0.03120060 0.08958809 -0.05724360
v -0.03100914 0.08918918 -0.06170899
v -0.03102670 0.08930668 -0.06083630
v -0.03103753 0.08937915 -0.06029789
v -0.03104941 0.08945864 -0.05970759
v -0.03004990 0.09612561 -0.06078919
v -0.03019585 0.09558844 -0.06008250
v -0.03048256 0.09566086 -0.05659730
v -0.03027279 0.09623899 -0.05747749
v -0.03008913 0.09614556 -0.06020640
v -0.03096744 0.09539682 -0.05315049
v -0.03070025 0.09612086 -0.05429929
v -0.03032341 0.09626474 -0.05672540
v -0.03145818 0.09578512 -0.04994740
v -0.03124315 0.09591359 -0.05080409
v -0.03163631 0.09481913 -0.04978169
v -0.03121329 0.09592498 -0.05099630
v -0.03085715 0.09606096 -0.05328919
v -0.03194860 0.09549213 -0.04799349
v -0.03245405 0.09395412 -0.04652319
v -0.03226087 0.09530558 -0.04674929
v -0.03275999 0.09500738 -0.04476069
v -0.03338530 0.09283761 -0.04338920
v -0.03293009 0.09490577 -0.04408299
v -0.03439657 0.09150676 -0.04038630
v -0.03478974 0.09366211 -0.03876109
v -0.03309249 0.09479715 -0.04361829
v -0.03991819 0.09016948 -0.02669430
v -0.03972904 0.09029866 -0.02712359
v -0.03750529 0.09181756 -0.03217149
v -0.04235924 0.08844056 -0.02141199
v -0.04017568 0.08999360 -0.02610979
v -0.03095471 0.08861959 -0.06240190
v -0.03056016 0.08666037 -0.06205639
v -0.03056840 0.08668811 -0.06206129
v -0.03071904 0.08719542 -0.06215080
v -0.03084399 0.08761618 -0.06222509
v -0.03088149 0.08774244 -0.06224729
v -0.03089061 0.08785173 -0.06226660
v -0.01966907 0.07679193 -0.06031629
v -0.01952172 0.07676242 -0.06031109
v -0.01735274 0.07632798 -0.06023449
v -0.01660000 0.07617718 -0.06020789
v -0.02964201 0.08487378 -0.06174139
v -0.02914578 0.08390819 -0.06157110
v -0.02842658 0.08303299 -0.06141679
v -0.02701478 0.08131495 -0.06111390
v -0.02677142 0.07059990 -0.12015010
v -0.02659854 0.08080841 -0.06102450
v -0.02534818 0.07986950 -0.06085899
v -0.02357193 0.07853567 -0.06062379
v -0.02337863 0.07839052 -0.06059820
v -0.02156334 0.07760826 -0.06046029
v -0.03099263 0.08811111 -0.05790379
v -0.03104533 0.08883649 -0.05929829
v -0.03093818 0.08815015 -0.05972109
v -0.03184322 0.08781810 -0.05090020
v -0.03196272 0.08705548 -0.04957809
v -0.03219289 0.08771521 -0.04920689
v -0.03657359 0.06101007 -0.02990559
v -0.03614817 0.06148140 -0.03044030
v -0.03714255 0.08364653 -0.03346960
v -0.03563230 0.08462462 -0.03733360
v -0.03100914 0.08918918 -0.06170899
v -0.03056008 0.08682254 -0.06051069
v -0.03056008 0.08682513 -0.06048599
v -0.03077037 0.08747693 -0.06011849
v -0.03056005 0.08681572 -0.05789449
v -0.03056023 0.08665584 -0.05687959
v -0.03059199 0.08675148 -0.05683109
v -0.03056030 0.08659874 -0.05651699
v -0.03056018 0.08040293 -0.04474969
v -0.03056015 0.07897303 -0.04336720
v -0.03244586 0.08111129 -0.04248289
v -0.03055996 0.06007934 -0.03589529
v -0.03056028 0.06191165 -0.03604209
v -0.03056007 0.06636589 -0.03681950
v -0.03056001 0.06584774 -0.03667559
v -0.03280990 0.06515060 -0.03452729
v -0.03056030 0.06355131 -0.03625950
v -0.03107831 0.06268709 -0.03567149
v -0.03056035 0.06319953 -0.03619579
v -0.03056041 0.06269894 -0.03610510
v -0.03448242 0.06762690 -0.03335830
v -0.03056025 0.06988214 -0.03790809
v -0.03365967 0.06638582 -0.03394839
v -0.03056038 0.06877407 -0.03748789
v -0.03056025 0.06780474 -0.03721879
v -0.03056022 0.06755442 -0.03714939
v -0.03106951 0.06700061 -0.03654089
v -0.03056015 0.07209236 -0.03882029
v -0.03056015 0.07208181 -0.03881500
v -0.03148815 0.07122168 -0.03758979
v -0.03056007 0.07145069 -0.03850289
v -0.03056022 0.07017965 -0.03802090
v -0.03056001 0.07645063 -0.04131660
v -0.03056000 0.07640490 -0.04128069
v -0.03118545 0.07707232 -0.04108039
v -0.03056001 0.07634980 -0.04124600
v -0.03321762 0.07947081 -0.04006239
v -0.03056014 0.07858593 -0.04299299
v -0.03056013 0.07841256 -0.04285690
v -0.03056012 0.07822110 -0.04270649
v -0.03056011 0.08307364 -0.04809300
v -0.03055984 0.08230764 -0.04696830
v -0.03185848 0.08271190 -0.04498080
v -0.03055985 0.08228477 -0.04694119
v -0.03055997 0.08170808 -0.04625520
v -0.03056007 0.08117971 -0.04562669
v -0.03056018 0.08061368 -0.04495339
v -0.03056006 0.08510493 -0.05169000
v -0.03056002 0.08498282 -0.05138749
v -0.03131255 0.08577708 -0.05024079
v -0.03056011 0.08465165 -0.05076930
v -0.03148295 0.08426667 -0.04756770
v -0.03056029 0.08395620 -0.04947099
v -0.03056035 0.08375006 -0.04908619
v -0.03056042 0.08638515 -0.05541729
v -0.03056031 0.08589425 -0.05367039
v -0.03061298 0.08598291 -0.05362730
v -0.03056030 0.08587088 -0.05358720
v -0.03056019 0.08552407 -0.05272819
v -0.03056044 0.08647696 -0.05574400
v -0.03088014 0.08739869 -0.05648420
v -0.03078844 0.08744577 -0.05828590
v -0.03056005 0.08684206 -0.05875799
v -0.03056005 0.08684066 -0.05871180
v -0.03056005 0.08683780 -0.05861849
v -0.03081758 0.08749398 -0.06197860
v -0.03056840 0.08668811 -0.06206129
v -0.03093885 0.08817726 -0.06156159
v -0.03100316 0.08887287 -0.06112069
v -0.03110081 0.08950264 -0.05886990
v -0.03121668 0.08960186 -0.05698139
v -0.03120710 0.08948375 -0.05705810
v -0.03120060 0.08958809 -0.05724360
v -0.03110509 0.08950631 -0.05880020
v -0.03147100 0.08866265 -0.05395640
v -0.03136888 0.08942151 -0.05528579
v -0.03127527 0.08873224 -0.05571439
v -0.03135768 0.08957850 -0.05556379
v -0.03135542 0.08957911 -0.05558509
v -0.03178464 0.08936732 -0.05219039
v -0.03159457 0.08949907 -0.05343780
v -0.03157649 0.08934935 -0.05353280
v -0.03155686 0.08952521 -0.05368530
v -0.03154069 0.08952955 -0.05383770
v -0.03202195 0.08920282 -0.05063310
v -0.03184959 0.08932231 -0.05176429
v -0.03182819 0.08926764 -0.05179829
v -0.03182500 0.08933934 -0.05192559
v -0.03172136 0.08858123 -0.05222140
v -0.03212353 0.08911151 -0.05012319
v -0.03201780 0.08848986 -0.05050570
v -0.03300008 0.08748610 -0.04586549
v -0.03307409 0.08820974 -0.04575950
v -0.03376963 0.08655561 -0.04297630
v -0.03316672 0.08811599 -0.04538519
v -0.03521913 0.08329496 -0.03809579
v -0.03743760 0.08128702 -0.03260270
v -0.03870967 0.08173137 -0.02977219
v -0.03943796 0.07790722 -0.02795359
v -0.04379891 0.07266008 -0.01839239
v -0.04143234 0.06591674 -0.02303689
v -0.03965945 0.06923609 -0.02630050
v -0.03856013 0.06663581 -0.02771029
v -0.03737555 0.06405398 -0.02908419
v -0.03709294 0.06132102 -0.02928519
v -0.03252706 0.07241598 -0.03709039
v -0.03526929 0.06887572 -0.03275300
v -0.03349224 0.07362625 -0.03656010
v -0.03601447 0.07013356 -0.03213029
v -0.03402123 0.08071601 -0.03946420
v -0.03413605 0.07779860 -0.03770359
v -0.03515764 0.07610406 -0.03538810
v -0.03227878 0.07536227 -0.03879499
v -0.03735661 0.07268132 -0.03082249
v -0.03056036 0.07398816 -0.03975770
v -0.03056018 0.07236474 -0.03895499
v -0.03139714 0.08956795 -0.05519169
v -0.03235477 0.08838971 -0.04880700
v -0.03113377 0.08879010 -0.05749519
v -0.03056016 0.08666507 -0.06201170
v -0.03111041 0.08805838 -0.05611309
v -0.03129227 0.08799179 -0.05434919
v -0.03153826 0.08791133 -0.05261239
v -0.03097586 0.08661393 -0.05331190
v -0.03056014 0.08535576 -0.05231129
v -0.03128680 0.08725621 -0.05297459
v -0.03104698 0.08733532 -0.05471409
v -0.03225702 0.08551828 -0.04695710
v -0.03256282 0.08616163 -0.04661759
v -0.03281080 0.08681752 -0.04625390
v -0.03166674 0.08640998 -0.04992170
v -0.04065065 0.07185974 -0.02484530
v -0.03849279 0.07527362 -0.02942820
v -0.03645775 0.07866090 -0.03406260
v -0.03468495 0.08199147 -0.03880720
v -0.03332628 0.08523246 -0.04372579
v -0.03268886 0.08395131 -0.04439379
v -0.03056006 0.08687907 -0.05997169
v -0.03314485 0.08813811 -0.04547349
v 0.00864182 0.07554026 -0.06009559
v 0.00826495 0.07551010 -0.06009030
v -0.01298269 0.07591301 -0.06016140
v 0.01298419 0.07588781 -0.06015690
v 0.01660000 0.07617718 -0.06020789
v 0.00609582 0.07545256 -0.06008019
v 0.00431491 0.07540532 -0.06007179
v 0.00000000 0.07529087 -0.06005169
v -0.00431591 0.07537529 -0.06006649
v -0.00609698 0.07541012 -0.06007269
v -0.00863771 0.07559568 -0.06010539
v 0.00000000 0.07212839 -0.05052769
v 0.00000000 0.07092273 -0.04962499
v -0.00526689 0.07137826 -0.04933610
v 0.00000000 0.07498645 -0.05474229
v 0.00000000 0.07471263 -0.05414889
v -0.00467903 0.07510649 -0.05400449
v 0.00000000 0.06304277 -0.04708500
v 0.00000000 0.06237819 -0.04705160
v -0.00622150 0.06254285 -0.04659249
v -0.01232433 0.06271737 -0.04536430
v -0.01171295 0.06598551 -0.04592550
v -0.00590663 0.06565815 -0.04703950
v -0.01109276 0.06909989 -0.04695570
v -0.02845683 0.07713652 -0.04397459
v -0.03045797 0.08521917 -0.05232609
v -0.03056006 0.08510493 -0.05169000
v -0.02877056 0.06340341 -0.03758990
v -0.02981989 0.08534272 -0.05859660
v -0.03056006 0.08687907 -0.05997169
v -0.03006610 0.08547773 -0.05544340
v -0.03056042 0.08638515 -0.05541729
v -0.03056044 0.08647696 -0.05574400
v -0.03056030 0.08659874 -0.05651699
v -0.03056023 0.08665584 -0.05687959
v -0.03056019 0.08552407 -0.05272819
v -0.02925032 0.08353856 -0.05258650
v -0.03056011 0.08465165 -0.05076930
v -0.03056002 0.08498282 -0.05138749
v -0.02974925 0.08298591 -0.04974690
v -0.03055997 0.08170808 -0.04625520
v -0.03035844 0.08207512 -0.04703289
v -0.02886231 0.08071141 -0.04765539
v -0.03056014 0.07858593 -0.04299299
v -0.03056015 0.07897303 -0.04336720
v -0.02778985 0.07844249 -0.04603520
v -0.03056018 0.08040293 -0.04474969
v -0.03056018 0.08061368 -0.04495339
v -0.03056001 0.07645063 -0.04131660
v -0.02914822 0.07562065 -0.04208320
v -0.03056000 0.07640490 -0.04128069
v -0.03056036 0.07398816 -0.03975770
v -0.03056001 0.07634980 -0.04124600
v -0.03056022 0.06755442 -0.03714939
v -0.03056025 0.06780474 -0.03721879
v -0.02756900 0.06727413 -0.03924709
v -0.02631591 0.07088552 -0.04138780
v -0.03056007 0.07145069 -0.03850289
v -0.03056001 0.06584774 -0.03667559
v -0.00542635 0.07005809 -0.04855349
v 0.00000000 0.06534333 -0.04753430
v 0.00000000 0.07044187 -0.04926499
v 0.00000000 0.06961460 -0.04891309
v -0.00558681 0.06864817 -0.04791889
v 0.00000000 0.06822860 -0.04832359
v 0.00000000 0.06724691 -0.04790609
v -0.01778534 0.07706192 -0.05617979
v -0.01335897 0.07648458 -0.05652340
v -0.00891458 0.07602166 -0.05679339
v -0.01992263 0.07437110 -0.04725379
v -0.01940369 0.07547927 -0.04878599
v -0.01470187 0.07482332 -0.04990710
v -0.01430405 0.07568422 -0.05140789
v -0.00959071 0.07507709 -0.05212739
v -0.00445846 0.07563333 -0.05697880
v 0.00000000 0.07544133 -0.05710529
v 0.00000000 0.07543101 -0.05705169
v -0.02045904 0.07307867 -0.04588979
v -0.01512217 0.07373595 -0.04856469
v -0.00987128 0.07422068 -0.05077290
v -0.00481296 0.07447779 -0.05263160
v 0.00000000 0.07316633 -0.05159620
v 0.00000000 0.07256794 -0.05085690
v -0.00510992 0.07258017 -0.05027839
v 0.00000000 0.07402333 -0.05265510
v -0.00495775 0.07362627 -0.05137989
v -0.01016696 0.07315179 -0.04957459
v -0.01047194 0.07191841 -0.04854200
v -0.01555605 0.07247457 -0.04739030
v -0.01643970 0.06956987 -0.04552589
v -0.01732166 0.06632865 -0.04422819
v -0.01818819 0.06290085 -0.04341630
v 0.00000000 0.07408223 -0.05278269
v -0.02155308 0.07007908 -0.04364889
v -0.02264305 0.06670032 -0.04198039
v -0.02370369 0.06310063 -0.04080000
v -0.02724256 0.08182299 -0.05834390
v -0.02380653 0.07904519 -0.05818170
v -0.02183305 0.07800071 -0.05814529
v -0.01996710 0.07758937 -0.05601820
v -0.02206529 0.07837143 -0.05587980
v -0.02027508 0.07769783 -0.05392860
v -0.01809035 0.07717199 -0.05421380
v -0.01847139 0.07692875 -0.05229809
v -0.01362167 0.07654140 -0.05475669
v -0.01394007 0.07627060 -0.05303689
v -0.00910510 0.07599726 -0.05517689
v -0.00933274 0.07568036 -0.05360769
v -0.00455966 0.07549128 -0.05546530
v 0.00000000 0.07514654 -0.05557400
v -0.02561958 0.08032686 -0.05824929
v -0.02584825 0.08064064 -0.05566270
v -0.02403614 0.07939487 -0.05576220
v -0.02434964 0.07943576 -0.05337759
v -0.02237372 0.07845547 -0.05364999
v -0.02278591 0.07817431 -0.05147959
v -0.02067317 0.07744580 -0.05189329
v -0.02114508 0.07685183 -0.04995629
v -0.01891464 0.07634916 -0.05047689
v -0.02888648 0.08370946 -0.05550669
v -0.02781434 0.08199797 -0.05284719
v -0.02828530 0.08153170 -0.05019129
v -0.02662018 0.08023205 -0.05062809
v -0.02716856 0.07949060 -0.04825999
v -0.02530011 0.07843135 -0.04884609
v -0.02384188 0.07662163 -0.04748019
v -0.02505573 0.07407647 -0.04410510
v -0.02443877 0.07544738 -0.04570860
v -0.02865033 0.08350510 -0.05846119
v -0.02747311 0.08208767 -0.05557859
v -0.02617264 0.08062259 -0.05311039
v -0.02477785 0.07910769 -0.05105760
v -0.02328322 0.07754769 -0.04941209
v 0.02114508 0.07685183 -0.04995629
v 0.02328322 0.07754769 -0.04941209
v 0.02384188 0.07662163 -0.04748019
v 0.02335349 0.07844153 -0.06060719
v 0.02357269 0.07854631 -0.06062570
v 0.02380653 0.07904519 -0.05818170
v 0.02388194 0.07869413 -0.06065170
v 0.02534857 0.07986374 -0.06085800
v 0.02561958 0.08032686 -0.05824929
v 0.02704421 0.08129084 -0.06110960
v 0.02842276 0.08303364 -0.06141689
v 0.02865033 0.08350510 -0.05846119
v 0.00481296 0.07447779 -0.05263160
v 0.01891464 0.07634916 -0.05047689
v 0.01940369 0.07547927 -0.04878599
v 0.01470187 0.07482332 -0.04990710
v 0.00558681 0.06864817 -0.04791889
v 0.00526689 0.07137826 -0.04933610
v 0.03056046 0.08644854 -0.05561680
v 0.03056044 0.08639054 -0.05541630
v 0.03006610 0.08547773 -0.05544340
v 0.03056024 0.07236252 -0.03895039
v 0.03056021 0.07209080 -0.03882609
v 0.02914822 0.07562065 -0.04208320
v 0.03056026 0.06193526 -0.03602439
v 0.02877056 0.06340341 -0.03758990
v 0.03056027 0.06208328 -0.03603239
v 0.03056004 0.06320581 -0.03620519
v 0.03056054 0.06772908 -0.03716499
v 0.03056048 0.06753598 -0.03711799
v 0.02756900 0.06727413 -0.03924709
v 0.03056015 0.06635211 -0.03682980
v 0.03055972 0.06478418 -0.03644810
v 0.03055997 0.06355256 -0.03625849
v 0.03056004 0.07068422 -0.03818269
v 0.02631591 0.07088552 -0.04138780
v 0.03056020 0.07207408 -0.03881849
v 0.03056012 0.07019136 -0.03801289
v 0.03056017 0.06988140 -0.03790620
v 0.03056053 0.06781147 -0.03719329
v 0.03056011 0.07633498 -0.04126629
v 0.03056013 0.07572748 -0.04081739
v 0.03056034 0.07319755 -0.03933250
v 0.03056010 0.07840281 -0.04286659
v 0.03056008 0.07821466 -0.04269439
v 0.02845683 0.07713652 -0.04397459
v 0.03056005 0.07799282 -0.04249139
v 0.03056010 0.07642424 -0.04133230
v 0.02778985 0.07844249 -0.04603520
v 0.03056029 0.08012964 -0.04444679
v 0.03056016 0.07895874 -0.04337530
v 0.03055986 0.08172072 -0.04624839
v 0.03056000 0.08117432 -0.04562969
v 0.02886231 0.08071141 -0.04765539
v 0.03035844 0.08207512 -0.04703289
v 0.03055989 0.08226651 -0.04695390
v 0.03055979 0.08195476 -0.04651339
v 0.03056014 0.08307302 -0.04809350
v 0.02974925 0.08298591 -0.04974690
v 0.03056029 0.08357553 -0.04880360
v 0.03056021 0.08394912 -0.04947509
v 0.03056003 0.08479950 -0.05100379
v 0.03056006 0.08466546 -0.05076289
v 0.02925032 0.08353856 -0.05258650
v 0.03056009 0.08509510 -0.05170860
v 0.03056026 0.08588640 -0.05367390
v 0.03056023 0.08581317 -0.05342080
v 0.03056017 0.08551794 -0.05271679
v 0.02981989 0.08534272 -0.05859660
v 0.03056006 0.08683990 -0.05871200
v 0.03056006 0.08683619 -0.05861929
v 0.03056006 0.08680128 -0.05774809
v 0.03056022 0.08665741 -0.05687879
v 0.03056029 0.08659698 -0.05651370
v 0.03056016 0.08666037 -0.06205639
v 0.03056022 0.08666714 -0.06201609
v 0.02965422 0.08486731 -0.06174020
v 0.03056057 0.08670292 -0.06180329
v 0.03056024 0.08682068 -0.06050700
v 0.03056023 0.08682248 -0.06048730
v 0.03056006 0.08688395 -0.05981069
v 0.03056006 0.08684173 -0.05875750
v 0.00542635 0.07005809 -0.04855349
v 0.01047194 0.07191841 -0.04854200
v 0.01992263 0.07437110 -0.04725379
v 0.02045904 0.07307867 -0.04588979
v 0.01555605 0.07247457 -0.04739030
v 0.02155308 0.07007908 -0.04364889
v 0.01643970 0.06956987 -0.04552589
v 0.02264305 0.06670032 -0.04198039
v 0.01732166 0.06632865 -0.04422819
v 0.02370369 0.06310063 -0.04080000
v 0.01818819 0.06290085 -0.04341630
v 0.01109276 0.06909989 -0.04695570
v 0.01171295 0.06598551 -0.04592550
v 0.00590663 0.06565815 -0.04703950
v 0.01232433 0.06271737 -0.04536430
v 0.00622150 0.06254285 -0.04659249
v 0.01778534 0.07706192 -0.05617979
v 0.01335897 0.07648458 -0.05652340
v 0.00891458 0.07602166 -0.05679339
v 0.01512217 0.07373595 -0.04856469
v 0.00445846 0.07563333 -0.05697880
v 0.00510992 0.07258017 -0.05027839
v 0.01016696 0.07315179 -0.04957459
v 0.00987128 0.07422068 -0.05077290
v 0.00495775 0.07362627 -0.05137989
v 0.01430405 0.07568422 -0.05140789
v 0.00959071 0.07507709 -0.05212739
v 0.00467903 0.07510649 -0.05400449
v 0.02926710 0.08410109 -0.06160510
v 0.02912632 0.08392312 -0.06157369
v 0.02657264 0.08083992 -0.06103010
v 0.02688380 0.08108805 -0.06107389
v 0.02724256 0.08182299 -0.05834390
v 0.02888648 0.08370946 -0.05550669
v 0.03045797 0.08521917 -0.05232609
v 0.03056014 0.08534903 -0.05231410
v 0.02747311 0.08208767 -0.05557859
v 0.02584825 0.08064064 -0.05566270
v 0.02781434 0.08199797 -0.05284719
v 0.03056022 0.08039886 -0.04475160
v 0.02716856 0.07949060 -0.04825999
v 0.02662018 0.08023205 -0.05062809
v 0.02477785 0.07910769 -0.05105760
v 0.02434964 0.07943576 -0.05337759
v 0.02237372 0.07845547 -0.05364999
v 0.02206529 0.07837143 -0.05587980
v 0.01996710 0.07758937 -0.05601820
v 0.01734787 0.07634392 -0.06023730
v 0.01950698 0.07682528 -0.06032220
v 0.01965388 0.07685804 -0.06032800
v 0.02037892 0.07701967 -0.06035650
v 0.02156799 0.07758805 -0.06045669
v 0.02183305 0.07800071 -0.05814529
v 0.02403614 0.07939487 -0.05576220
v 0.02617264 0.08062259 -0.05311039
v 0.02828530 0.08153170 -0.05019129
v 0.02027508 0.07769783 -0.05392860
v 0.02278591 0.07817431 -0.05147959
v 0.02530011 0.07843135 -0.04884609
v 0.02067317 0.07744580 -0.05189329
v 0.01847139 0.07692875 -0.05229809
v 0.01809035 0.07717199 -0.05421380
v 0.01394007 0.07627060 -0.05303689
v 0.01362167 0.07654140 -0.05475669
v 0.00933274 0.07568036 -0.05360769
v 0.00910510 0.07599726 -0.05517689
v 0.00455966 0.07549128 -0.05546530
v 0.02505573 0.07407647 -0.04410510
v 0.02443877 0.07544738 -0.04570860
v 0.02677142 0.07059990 -0.12015010
v 0.03227878 0.07536227 -0.03879499
v 0.03118545 0.07707232 -0.04108039
v 0.03321762 0.07947081 -0.04006239
v 0.03708975 0.06133013 -0.02928289
v 0.03658864 0.06099862 -0.02990020
v 0.03614817 0.06148140 -0.03044030
v 0.03056016 0.07895874 -0.04337530
v 0.03244586 0.08111129 -0.04248289
v 0.03097586 0.08661393 -0.05331190
v 0.03128680 0.08725621 -0.05297459
v 0.03174443 0.08939496 -0.05245210
v 0.03182504 0.08933883 -0.05192489
v 0.03182819 0.08926764 -0.05179829
v 0.03302428 0.08826002 -0.04596270
v 0.03314511 0.08813768 -0.04547379
v 0.03300008 0.08748610 -0.04586549
v 0.04065065 0.07185974 -0.02484530
v 0.03943796 0.07790722 -0.02795359
v 0.04193347 0.07735367 -0.02258619
v 0.04060817 0.07926014 -0.02552619
v 0.04005647 0.07997792 -0.02676040
v 0.03981335 0.08029425 -0.02730439
v 0.04266621 0.07629963 -0.02096069
v 0.04389914 0.07433404 -0.01816149
v 0.04380622 0.07270827 -0.01837600
v 0.03709280 0.08370594 -0.03359190
v 0.03768911 0.08297802 -0.03218249
v 0.03743760 0.08128702 -0.03260270
v 0.03787012 0.08275706 -0.03175469
v 0.03868447 0.08176298 -0.02982989
v 0.03476672 0.08639284 -0.03991479
v 0.03565164 0.08539370 -0.03732800
v 0.03563230 0.08462462 -0.03733360
v 0.03566375 0.08538003 -0.03729260
v 0.03578686 0.08523581 -0.03697379
v 0.03471291 0.08645359 -0.04007209
v 0.03521913 0.08329496 -0.03809579
v 0.03346869 0.08781010 -0.04416479
v 0.03382979 0.08741999 -0.04294320
v 0.03376963 0.08655561 -0.04297630
v 0.03394901 0.08729120 -0.04253989
v 0.03445970 0.08673948 -0.04081229
v 0.03216101 0.08907827 -0.04992849
v 0.03231941 0.08893592 -0.04913479
v 0.03235477 0.08838971 -0.04880700
v 0.03243854 0.08882883 -0.04853770
v 0.03259096 0.08869185 -0.04777389
v 0.03201780 0.08848986 -0.05050570
v 0.03219289 0.08771521 -0.04920689
v 0.03281080 0.08681752 -0.04625390
v 0.03265129 0.08863763 -0.04747160
v 0.03184955 0.08932175 -0.05176460
v 0.03202957 0.08919639 -0.05058720
v 0.03212239 0.08911299 -0.05012209
v 0.03157649 0.08934935 -0.05353280
v 0.03154073 0.08952900 -0.05383700
v 0.03155962 0.08952363 -0.05366070
v 0.03132258 0.08959108 -0.05587289
v 0.03135518 0.08958179 -0.05556860
v 0.03136888 0.08942151 -0.05528579
v 0.03139573 0.08957026 -0.05519019
v 0.03147100 0.08866265 -0.05395640
v 0.03120710 0.08948375 -0.05705810
v 0.03121889 0.08959710 -0.05698429
v 0.03127527 0.08873224 -0.05571439
v 0.03124117 0.08961422 -0.05663259
v 0.03113377 0.08879010 -0.05749519
v 0.03110362 0.08950856 -0.05880380
v 0.03120278 0.08958474 -0.05723849
v 0.03104533 0.08883649 -0.05929829
v 0.03109953 0.08950544 -0.05886819
v 0.03099263 0.08811111 -0.05790379
v 0.03103985 0.08937548 -0.06029200
v 0.03105512 0.08947133 -0.05956930
v 0.03106925 0.08948217 -0.05934620
v 0.03095871 0.08861757 -0.06240150
v 0.03099355 0.08908484 -0.06248390
v 0.03093885 0.08817726 -0.06156159
v 0.03100997 0.08918789 -0.06170689
v 0.03100316 0.08887287 -0.06112069
v 0.03081758 0.08749398 -0.06197860
v 0.03056815 0.08668824 -0.06206129
v 0.03071318 0.08719397 -0.06215049
v 0.03083574 0.08762137 -0.06222579
v 0.03090155 0.08785086 -0.06226629
v 0.03077037 0.08747693 -0.06011849
v 0.03056006 0.08688395 -0.05981069
v 0.03093818 0.08815015 -0.05972109
v 0.03078844 0.08744577 -0.05828590
v 0.03059199 0.08675148 -0.05683109
v 0.03056022 0.08665741 -0.05687879
v 0.03088014 0.08739869 -0.05648420
v 0.03056046 0.08644854 -0.05561680
v 0.03056029 0.08659698 -0.05651370
v 0.03056017 0.08551794 -0.05271679
v 0.03056023 0.08581317 -0.05342080
v 0.03061298 0.08598291 -0.05362730
v 0.03056044 0.08639054 -0.05541630
v 0.03056006 0.08466546 -0.05076289
v 0.03056003 0.08479950 -0.05100379
v 0.03131255 0.08577708 -0.05024079
v 0.03056009 0.08509510 -0.05170860
v 0.03148295 0.08426667 -0.04756770
v 0.03055986 0.08172072 -0.04624839
v 0.03185848 0.08271190 -0.04498080
v 0.03056022 0.08039886 -0.04475160
v 0.03056010 0.07642424 -0.04133230
v 0.03056005 0.07799282 -0.04249139
v 0.03056013 0.07572748 -0.04081739
v 0.03148815 0.07122168 -0.03758979
v 0.03056048 0.06753598 -0.03711799
v 0.03106951 0.06700061 -0.03654089
v 0.03056054 0.06772908 -0.03716499
v 0.03365967 0.06638582 -0.03394839
v 0.03056053 0.06781147 -0.03719329
v 0.03107831 0.06268709 -0.03567149
v 0.03280990 0.06515060 -0.03452729
v 0.03737555 0.06405398 -0.02908419
v 0.03856013 0.06663581 -0.02771029
v 0.03965945 0.06923609 -0.02630050
v 0.03468495 0.08199147 -0.03880720
v 0.03645775 0.07866090 -0.03406260
v 0.03402123 0.08071601 -0.03946420
v 0.03515764 0.07610406 -0.03538810
v 0.03413605 0.07779860 -0.03770359
v 0.03349224 0.07362625 -0.03656010
v 0.03849279 0.07527362 -0.02942820
v 0.03735661 0.07268132 -0.03082249
v 0.03601447 0.07013356 -0.03213029
v 0.03252706 0.07241598 -0.03709039
v 0.03526929 0.06887572 -0.03275300
v 0.03448242 0.06762690 -0.03335830
v 0.03153826 0.08791133 -0.05261239
v 0.03102831 0.08930301 -0.06083859
v 0.03129227 0.08799179 -0.05434919
v 0.03104698 0.08733532 -0.05471409
v 0.03111041 0.08805838 -0.05611309
v 0.03166674 0.08640998 -0.04992170
v 0.03316724 0.08811528 -0.04538429
v 0.03332628 0.08523246 -0.04372579
v 0.03256282 0.08616163 -0.04661759
v 0.03196272 0.08705548 -0.04957809
v 0.03184322 0.08781810 -0.05090020
v 0.03172136 0.08858123 -0.05222140
v 0.03159379 0.08949984 -0.05343719
v 0.03225702 0.08551828 -0.04695710
v 0.03268886 0.08395131 -0.04439379
v 0.03314511 0.08813768 -0.04547379
v 0.03302428 0.08826002 -0.04596270
v 0.03284547 0.09063147 -0.04627929
v 0.03060500 0.09290046 -0.06315669
v 0.03005952 0.09516884 -0.06355670
v 0.03017948 0.09556528 -0.06039649
v 0.03000376 0.09621209 -0.06050929
v 0.02992123 0.09615117 -0.06190699
v 0.02985348 0.09602566 -0.06370779
v 0.03080256 0.09249869 -0.05986979
v 0.03068488 0.09211599 -0.06301840
v 0.03100997 0.08918789 -0.06170689
v 0.03135518 0.08958179 -0.05556860
v 0.03132258 0.08959108 -0.05587289
v 0.03104931 0.09257155 -0.05637460
v 0.03121889 0.08959710 -0.05698429
v 0.03120278 0.08958474 -0.05723849
v 0.03110362 0.08950856 -0.05880380
v 0.03182504 0.08933883 -0.05192489
v 0.03174443 0.08939496 -0.05245210
v 0.03148287 0.09227182 -0.05291490
v 0.03159379 0.08949984 -0.05343719
v 0.03155962 0.08952363 -0.05366070
v 0.03154073 0.08952900 -0.05383700
v 0.03139573 0.08957026 -0.05519019
v 0.03209239 0.09161625 -0.04953660
v 0.03212239 0.08911299 -0.05012209
v 0.03202957 0.08919639 -0.05058720
v 0.03184955 0.08932175 -0.05176460
v 0.03370751 0.08935698 -0.04316229
v 0.03316724 0.08811528 -0.04538429
v 0.03464516 0.08783545 -0.04019610
v 0.03763164 0.08661106 -0.03220599
v 0.03709280 0.08370594 -0.03359190
v 0.03563185 0.08610502 -0.03737869
v 0.03868447 0.08176298 -0.02982989
v 0.03986450 0.08272274 -0.02717049
v 0.04200189 0.07853715 -0.02245150
v 0.04352193 0.08759156 -0.01883459
v 0.04213400 0.08864743 -0.02200300
v 0.04244425 0.08841140 -0.02129479
v 0.03994648 0.09014561 -0.02677459
v 0.03743245 0.09105121 -0.03222889
v 0.03812524 0.09139296 -0.03074729
v 0.03743486 0.09186580 -0.03225320
v 0.03332686 0.09291101 -0.04357359
v 0.03360981 0.09446173 -0.04192599
v 0.03434038 0.09158355 -0.04054519
v 0.03503632 0.09349685 -0.03813659
v 0.03540913 0.09007093 -0.03764619
v 0.03512550 0.09343654 -0.03789970
v 0.03599511 0.09284835 -0.03558970
v 0.03193417 0.09552769 -0.04771830
v 0.03216168 0.09538296 -0.04693179
v 0.03239619 0.09401941 -0.04673460
v 0.03299991 0.09484971 -0.04403419
v 0.03306258 0.09480986 -0.04381759
v 0.03092259 0.09542904 -0.05341700
v 0.03081172 0.09610634 -0.05327459
v 0.03158274 0.09487069 -0.05002079
v 0.03143401 0.09578553 -0.05019410
v 0.03192229 0.09553383 -0.04777709
v 0.03045091 0.09566790 -0.05688920
v 0.03072815 0.09614940 -0.05368820
v 0.03075978 0.09613311 -0.05353169
v 0.03004731 0.09624425 -0.05977160
v 0.03018464 0.09622513 -0.05854460
v 0.03035658 0.09620116 -0.05700829
v 0.03540913 0.09007093 -0.03764619
v 0.03640779 0.09256920 -0.03449349
v 0.03056815 0.08668824 -0.06206129
v 0.02968020 0.08679580 -0.11923719
v 0.02970889 0.09412514 -0.07715930
v 0.02970919 0.09419758 -0.07674310
v 0.02971005 0.09435514 -0.07583419
v 0.02971265 0.09462900 -0.07423429
v 0.02977109 0.09520858 -0.06986619
v 0.02981220 0.09561631 -0.06679310
v -0.04520769 0.08625818 -0.01483189
v 0.05400000 -0.00100000 -0.25502350
v 0.05498733 -0.00100000 -0.25502350
v 0.05499394 -0.00062259 -0.25614687
v 0.05400000 0.00000000 -0.25800000
v 0.05499897 -0.00033597 -0.25700000
v 0.05500000 0.00000000 -0.25800000
v 0.05498726 0.00100000 -0.25502350
v 0.05400000 0.00100000 -0.25502350
v 0.05499616 0.00049562 -0.25652480
v 0.05400000 0.00000000 -0.25800000
v 0.05499897 0.00033597 -0.25700000
v 0.05500000 0.00000000 -0.25800000
v 0.05498731 -0.00029631 -0.25502350
v 0.05498733 -0.00100000 -0.25502350
v 0.05400000 -0.00100000 -0.25502350
v 0.05498729 0.00010580 -0.25502350
v 0.05400000 0.00100000 -0.25502350
v 0.05498726 0.00100000 -0.25502350
v 0.05400000 0.00000000 -0.25800000
v 0.05400000 0.00100000 -0.25502350
v 0.05400000 -0.00100000 -0.25502350
v -0.04690000 0.01977651 0.00200001
v -0.04690000 0.01680000 0.00100001
v -0.04788956 0.01977651 0.00200001
v -0.04790000 0.01680000 0.00100001
v -0.04690000 0.01680000 0.00100001
v -0.04690000 0.01977651 0.00000001
v -0.04790000 0.01680000 0.00100001
v -0.04788956 0.01977651 0.00000001
v -0.04690000 0.01977651 0.00000001
v -0.04690000 0.01977651 0.00200001
v -0.04788956 0.01977651 0.00000001
v -0.04788956 0.01977651 0.00200001
v -0.04690000 0.01977651 0.00200001
v -0.04690000 0.01977651 0.00000001
v -0.04690000 0.01680000 0.00100001
f 1 2 3
f 4 5 6
f 7 8 9
f 10 11 12
f 13 14 15
f 16 17 18
f 19 20 21
f 22 23 24
f 25 26 27
f 28 29 30
f 29 31 30
f 30 31 32
f 33 34 35
f 36 37 38
f 37 33 38
f 34 39 35
f 39 40 35
f 35 40 41
f 42 43 44
f 45 46 43
f 46 47 43
f 43 47 44
f 48 49 50
f 49 51 50
f 22 24 52
f 19 21 53
f 54 55 53
f 56 57 58
f 57 59 58
f 58 59 60
f 59 61 60
f 60 61 62
f 63 64 65
f 64 66 65
f 65 66 67
f 63 68 64
f 68 69 64
f 64 69 58
f 69 70 58
f 58 70 56
f 67 66 71
f 66 72 71
f 71 72 73
f 74 75 76
f 75 77 76
f 76 77 72
f 77 78 72
f 72 78 73
f 79 80 76
f 80 81 76
f 76 81 74
f 82 83 79
f 83 84 79
f 84 85 79
f 85 86 79
f 79 86 80
f 87 88 82
f 88 89 82
f 82 89 83
f 90 91 87
f 91 92 87
f 87 92 88
f 93 94 95
f 94 96 95
f 97 98 93
f 98 99 93
f 93 99 94
f 97 100 101
f 101 102 97
f 102 103 97
f 97 103 98
f 104 105 106
f 105 107 106
f 106 107 108
f 109 110 18
f 110 111 18
f 18 111 16
f 112 113 109
f 113 114 109
f 109 114 110
f 115 116 117
f 116 118 117
f 119 120 121
f 119 121 122
f 123 124 125
f 124 126 125
f 125 126 127
f 126 128 127
f 127 128 129
f 123 125 130
f 125 131 130
f 130 131 132
f 133 134 135
f 134 136 135
f 137 138 139
f 138 140 139
f 137 139 141
f 139 142 141
f 141 142 143
f 144 145 146
f 145 144 147
f 144 148 147
f 147 148 149
f 14 150 15
f 150 151 15
f 15 151 148
f 151 152 148
f 148 152 149
f 13 15 153
f 15 154 153
f 153 154 155
f 156 157 158
f 157 159 158
f 158 159 154
f 159 160 154
f 154 160 155
f 156 158 161
f 158 162 161
f 161 162 163
f 164 165 166
f 165 167 166
f 166 167 162
f 167 168 162
f 162 168 163
f 164 166 169
f 166 170 169
f 169 170 171
f 172 173 174
f 173 175 174
f 174 175 176
f 177 178 179
f 178 180 179
f 181 182 183
f 184 185 181
f 185 186 181
f 181 186 182
f 187 188 184
f 188 189 184
f 189 190 184
f 190 191 184
f 184 191 185
f 192 193 194
f 195 196 192
f 196 197 192
f 192 197 193
f 198 199 200
f 200 201 195
f 201 202 195
f 195 202 196
f 203 204 205
f 204 206 205
f 205 206 207
f 207 208 205
f 208 209 205
f 205 209 210
f 210 211 205
f 211 212 205
f 205 212 198
f 212 213 198
f 198 213 199
f 214 215 216
f 215 217 216
f 217 215 218
f 215 219 218
f 218 219 220
f 220 219 221
f 219 222 221
f 221 222 223
f 222 224 223
f 223 224 225
f 225 224 226
f 224 227 226
f 226 227 228
f 228 227 229
f 227 230 229
f 229 230 231
f 231 230 232
f 230 35 232
f 232 35 32
f 35 41 32
f 32 41 30
f 233 234 235
f 51 25 50
f 25 27 50
f 50 27 236
f 27 237 236
f 236 237 238
f 237 239 238
f 238 239 240
f 239 241 240
f 240 241 242
f 241 233 242
f 242 233 243
f 233 235 243
f 23 48 24
f 48 50 24
f 24 50 244
f 50 236 244
f 244 236 245
f 236 238 245
f 245 238 246
f 238 240 246
f 246 240 247
f 240 242 247
f 247 242 248
f 249 11 250
f 11 10 250
f 250 10 251
f 252 249 253
f 249 250 253
f 253 250 254
f 250 251 254
f 254 251 255
f 256 257 255
f 257 258 255
f 255 258 254
f 258 259 254
f 254 259 253
f 259 260 253
f 253 260 252
f 260 261 252
f 262 8 263
f 8 7 263
f 263 7 264
f 2 4 3
f 4 6 3
f 3 6 265
f 6 266 265
f 265 266 267
f 266 268 267
f 267 268 269
f 268 270 269
f 118 112 117
f 112 109 117
f 117 109 271
f 109 18 271
f 271 18 106
f 18 17 106
f 106 17 104
f 272 1 273
f 1 3 273
f 273 3 274
f 3 265 274
f 274 265 275
f 265 267 275
f 275 267 276
f 267 269 276
f 5 256 6
f 256 255 6
f 6 255 266
f 255 251 266
f 266 251 268
f 251 10 268
f 268 10 270
f 10 12 270
f 53 21 54
f 21 277 54
f 54 277 278
f 276 264 275
f 264 7 275
f 275 7 274
f 7 9 274
f 274 9 273
f 9 279 273
f 273 279 272
f 279 280 272
f 272 280 1
f 280 281 1
f 1 281 2
f 281 282 2
f 2 282 4
f 282 283 4
f 4 283 5
f 283 284 5
f 5 284 256
f 284 285 256
f 256 285 257
f 285 286 257
f 257 286 258
f 286 287 258
f 258 287 259
f 287 288 259
f 259 288 260
f 288 289 260
f 260 289 261
f 289 290 261
f 277 290 278
f 290 289 278
f 278 289 291
f 289 288 291
f 291 288 292
f 288 287 292
f 292 287 293
f 287 286 293
f 293 286 294
f 286 285 294
f 294 285 295
f 285 284 295
f 295 284 296
f 284 283 296
f 296 283 297
f 283 282 297
f 297 282 95
f 282 281 95
f 95 281 93
f 281 280 93
f 93 280 97
f 280 279 97
f 97 279 100
f 96 90 95
f 90 87 95
f 95 87 297
f 87 82 297
f 297 82 296
f 82 79 296
f 296 79 295
f 79 76 295
f 295 76 294
f 76 72 294
f 294 72 293
f 72 66 293
f 293 66 292
f 66 64 292
f 292 64 291
f 64 58 291
f 291 58 278
f 58 60 278
f 278 60 54
f 60 62 54
f 54 62 55
f 298 299 300
f 299 301 300
f 300 301 302
f 301 303 302
f 303 304 302
f 302 304 305
f 146 143 144
f 143 142 144
f 144 142 148
f 142 306 148
f 148 306 15
f 306 307 15
f 15 307 154
f 307 308 154
f 154 308 158
f 308 309 158
f 158 309 162
f 309 310 162
f 162 310 166
f 310 311 166
f 166 311 170
f 311 312 170
f 304 313 305
f 313 314 305
f 305 314 315
f 314 316 315
f 316 317 315
f 315 317 318
f 317 319 318
f 318 319 131
f 129 122 127
f 122 121 127
f 127 121 125
f 121 320 125
f 125 320 131
f 320 321 131
f 131 321 318
f 321 322 318
f 318 322 315
f 322 323 315
f 315 323 305
f 323 324 305
f 305 324 302
f 324 325 302
f 302 325 300
f 325 326 300
f 300 326 298
f 326 327 298
f 120 115 121
f 115 117 121
f 121 117 320
f 117 328 320
f 320 328 321
f 328 329 321
f 321 329 322
f 329 330 322
f 322 330 323
f 330 331 323
f 323 331 324
f 331 332 324
f 324 332 325
f 332 333 325
f 325 333 326
f 333 334 326
f 326 334 327
f 334 335 327
f 336 195 337
f 195 192 337
f 337 192 187
f 192 194 187
f 187 194 188
f 338 336 339
f 336 337 339
f 339 337 340
f 337 187 340
f 340 187 341
f 187 184 341
f 341 184 342
f 184 181 342
f 342 181 179
f 181 183 179
f 179 183 177
f 200 195 198
f 195 336 198
f 198 336 205
f 336 338 205
f 205 338 343
f 338 344 343
f 343 344 345
f 344 346 345
f 345 346 347
f 346 348 347
f 347 348 349
f 348 350 349
f 349 350 351
f 350 42 351
f 351 42 38
f 42 44 38
f 38 44 36
f 33 35 38
f 35 230 38
f 38 230 351
f 230 227 351
f 351 227 349
f 227 224 349
f 349 224 347
f 224 222 347
f 347 222 345
f 222 219 345
f 345 219 343
f 219 215 343
f 343 215 205
f 215 214 205
f 205 214 203
f 352 353 354
f 353 355 354
f 354 355 356
f 355 357 356
f 356 357 358
f 357 359 358
f 358 359 360
f 359 312 360
f 360 312 361
f 312 311 361
f 361 311 362
f 311 310 362
f 362 310 363
f 310 309 363
f 363 309 364
f 309 308 364
f 364 308 365
f 308 307 365
f 365 307 366
f 307 306 366
f 366 306 367
f 306 142 367
f 367 142 368
f 142 139 368
f 368 139 135
f 139 140 135
f 135 140 133
f 369 335 370
f 335 334 370
f 370 334 12
f 334 333 12
f 12 333 270
f 333 332 270
f 270 332 269
f 332 331 269
f 269 331 276
f 331 330 276
f 276 330 264
f 330 329 264
f 264 329 263
f 329 328 263
f 263 328 262
f 328 117 262
f 262 117 8
f 117 271 8
f 8 271 9
f 271 106 9
f 9 106 279
f 106 108 279
f 279 108 100
f 248 242 371
f 242 243 371
f 371 243 372
f 243 235 372
f 372 235 373
f 235 234 373
f 373 234 374
f 136 132 135
f 132 131 135
f 135 131 368
f 131 319 368
f 368 319 367
f 319 317 367
f 367 317 366
f 317 316 366
f 366 316 365
f 316 314 365
f 365 314 364
f 314 313 364
f 364 313 363
f 313 304 363
f 363 304 362
f 304 303 362
f 362 303 361
f 303 301 361
f 361 301 360
f 301 299 360
f 360 299 358
f 299 298 358
f 358 298 356
f 298 327 356
f 356 327 354
f 327 335 354
f 354 335 352
f 335 369 352
f 26 45 27
f 45 43 27
f 27 43 237
f 43 42 237
f 237 42 239
f 42 350 239
f 239 350 241
f 350 348 241
f 241 348 233
f 348 346 233
f 233 346 234
f 346 344 234
f 234 344 374
f 344 338 374
f 374 338 375
f 338 339 375
f 375 339 376
f 339 340 376
f 376 340 377
f 340 341 377
f 377 341 378
f 341 342 378
f 378 342 379
f 342 179 379
f 379 179 174
f 179 180 174
f 174 180 172
f 20 52 21
f 52 24 21
f 21 24 277
f 24 244 277
f 277 244 290
f 244 245 290
f 290 245 261
f 245 246 261
f 261 246 252
f 246 247 252
f 252 247 249
f 247 248 249
f 249 248 11
f 248 371 11
f 11 371 12
f 371 372 12
f 12 372 370
f 372 373 370
f 370 373 369
f 373 374 369
f 369 374 352
f 374 375 352
f 352 375 353
f 375 376 353
f 353 376 355
f 376 377 355
f 355 377 357
f 377 378 357
f 357 378 359
f 378 379 359
f 359 379 312
f 379 174 312
f 312 174 170
f 174 176 170
f 170 176 171
f 380 381 382
f 383 384 226
f 385 383 386
f 383 226 386
f 386 226 387
f 384 388 226
f 388 389 226
f 226 389 225
f 389 390 225
f 390 391 225
f 225 391 392
f 391 393 392
f 392 393 394
f 394 395 392
f 395 396 392
f 392 396 397
f 398 399 400
f 399 401 400
f 400 401 402
f 401 403 402
f 402 403 382
f 403 404 382
f 382 404 380
f 387 226 405
f 226 406 405
f 405 406 398
f 406 407 398
f 398 407 399
f 408 409 410
f 409 411 410
f 412 410 413
f 410 411 413
f 413 411 414
f 412 415 410
f 415 416 410
f 410 416 417
f 417 418 410
f 418 419 410
f 410 419 420
f 421 422 410
f 422 423 410
f 410 423 408
f 385 386 424
f 386 425 424
f 424 425 426
f 427 428 429
f 428 430 429
f 429 430 431
f 431 432 429
f 432 433 429
f 429 433 434
f 434 435 429
f 435 436 429
f 429 436 426
f 436 437 426
f 426 437 424
f 420 438 410
f 438 439 410
f 410 439 440
f 440 441 410
f 441 442 410
f 410 442 443
f 443 444 410
f 444 445 410
f 410 445 446
f 446 447 410
f 447 448 410
f 410 448 449
f 449 450 410
f 450 451 410
f 410 451 452
f 451 453 452
f 452 453 454
f 455 421 456
f 421 410 456
f 456 410 457
f 410 452 457
f 457 452 429
f 452 454 429
f 429 454 427
f 458 414 411
f 409 459 411
f 459 460 411
f 411 460 458
f 423 461 408
f 461 462 408
f 408 462 409
f 462 463 409
f 409 463 459
f 464 465 422
f 465 466 422
f 422 466 423
f 466 467 423
f 423 467 461
f 421 468 422
f 468 469 422
f 422 469 464
f 470 471 472
f 421 455 468
f 455 470 468
f 468 470 473
f 470 472 473
f 474 475 476
f 470 455 477
f 478 479 480
f 479 481 480
f 480 481 482
f 481 483 482
f 482 483 477
f 483 484 477
f 477 484 470
f 484 471 470
f 474 476 485
f 486 487 478
f 485 476 478
f 476 488 478
f 478 488 486
f 487 489 478
f 489 490 478
f 478 490 479
f 491 492 475
f 492 493 475
f 475 493 476
f 494 495 491
f 495 496 491
f 491 496 492
f 387 405 497
f 400 402 498
f 477 455 456
f 480 482 499
f 482 477 499
f 500 501 502
f 501 503 502
f 503 494 502
f 494 491 502
f 502 491 475
f 475 474 502
f 474 485 502
f 502 485 499
f 485 478 499
f 499 478 480
f 504 505 506
f 505 507 506
f 508 509 510
f 509 511 510
f 510 511 512
f 513 514 505
f 514 515 505
f 505 515 507
f 508 510 516
f 510 498 516
f 516 498 517
f 382 518 402
f 518 519 402
f 402 519 498
f 519 520 498
f 498 520 517
f 456 457 521
f 504 500 505
f 500 502 505
f 505 502 522
f 502 499 522
f 398 400 523
f 400 498 523
f 523 498 522
f 498 510 522
f 522 510 505
f 510 512 505
f 505 512 513
f 386 387 425
f 387 497 425
f 425 497 426
f 497 521 426
f 426 521 429
f 521 457 429
f 477 456 499
f 456 521 499
f 499 521 522
f 521 497 522
f 522 497 523
f 497 405 523
f 523 405 398
f 524 380 404
f 525 526 527
f 525 527 404
f 527 528 404
f 404 528 524
f 529 530 531
f 530 532 531
f 533 530 529
f 534 535 536
f 537 538 536
f 538 539 536
f 536 539 540
f 540 541 536
f 541 542 536
f 536 542 534
f 529 543 533
f 543 536 533
f 533 536 544
f 536 535 544
f 545 546 537
f 546 547 537
f 547 548 537
f 537 548 538
f 549 550 551
f 550 552 551
f 551 552 553
f 553 554 551
f 554 555 551
f 551 555 537
f 555 556 537
f 537 556 545
f 557 558 559
f 558 560 559
f 559 560 551
f 560 561 551
f 551 561 549
f 557 559 562
f 559 563 562
f 562 563 564
f 564 563 565
f 563 566 565
f 565 566 567
f 568 569 566
f 569 570 566
f 566 570 567
f 571 572 568
f 572 573 568
f 568 573 569
f 574 575 576
f 575 577 576
f 576 577 578
f 577 579 578
f 578 579 571
f 579 580 571
f 571 580 572
f 574 576 581
f 576 582 581
f 581 582 583
f 582 584 583
f 583 584 585
f 586 587 584
f 587 588 584
f 584 588 585
f 589 590 591
f 590 592 591
f 591 592 586
f 592 593 586
f 586 593 587
f 594 595 596
f 596 597 594
f 597 598 594
f 594 598 599
f 599 600 594
f 600 601 594
f 594 601 591
f 601 602 591
f 591 602 589
f 594 603 604
f 604 605 594
f 605 606 594
f 594 606 595
f 607 608 609
f 607 609 610
f 608 611 609
f 611 612 609
f 609 612 613
f 613 614 609
f 614 615 609
f 609 615 616
f 615 617 616
f 616 617 594
f 617 618 594
f 594 618 603
f 619 620 621
f 610 609 621
f 609 622 621
f 621 622 619
f 623 624 625
f 624 626 625
f 625 626 609
f 626 627 609
f 609 627 622
f 623 625 628
f 625 629 628
f 628 629 630
f 631 630 632
f 630 629 632
f 632 629 633
f 629 634 633
f 633 634 635
f 636 637 634
f 637 638 634
f 634 638 635
f 638 639 635
f 635 639 632
f 639 640 632
f 632 640 631
f 641 642 643
f 642 644 643
f 641 645 642
f 645 646 642
f 642 646 634
f 646 647 634
f 634 647 636
f 648 644 649
f 644 650 649
f 648 651 644
f 651 652 644
f 644 652 643
f 653 654 650
f 654 655 650
f 650 655 649
f 656 657 658
f 657 659 658
f 656 660 657
f 660 661 657
f 657 661 650
f 661 662 650
f 650 662 653
f 663 659 664
f 659 665 664
f 663 666 659
f 666 667 659
f 659 667 658
f 668 669 665
f 669 670 665
f 665 670 664
f 671 672 673
f 672 674 673
f 673 674 675
f 674 676 675
f 671 677 672
f 677 678 672
f 672 678 665
f 678 679 665
f 665 679 668
f 680 681 682
f 680 682 674
f 682 683 674
f 674 683 676
f 681 680 684
f 680 685 684
f 684 685 686
f 687 688 689
f 688 690 689
f 689 690 685
f 690 691 685
f 685 691 686
f 692 693 694
f 693 695 694
f 694 695 689
f 695 696 689
f 689 696 687
f 697 698 699
f 698 700 699
f 699 700 694
f 700 701 694
f 694 701 692
f 702 703 704
f 704 705 702
f 705 706 702
f 702 706 699
f 706 707 699
f 699 707 697
f 703 702 708
f 702 709 708
f 708 709 710
f 711 712 713
f 713 714 711
f 714 715 711
f 711 715 709
f 715 716 709
f 709 716 710
f 717 718 719
f 719 720 717
f 720 721 717
f 717 721 711
f 721 722 711
f 711 722 712
f 718 717 723
f 717 724 723
f 723 724 725
f 726 727 728
f 727 729 728
f 729 730 728
f 730 731 728
f 728 731 724
f 731 732 724
f 724 732 725
f 543 733 536
f 733 734 536
f 536 734 735
f 734 736 735
f 735 736 737
f 737 738 735
f 738 739 735
f 735 739 728
f 739 740 728
f 728 740 726
f 741 742 743
f 744 745 746
f 747 748 749
f 750 751 752
f 753 754 755
f 756 757 758
f 759 760 761
f 762 763 764
f 765 766 767
f 768 769 770
f 769 771 770
f 770 771 772
f 771 773 772
f 774 775 776
f 775 777 776
f 776 777 771
f 778 773 779
f 773 771 779
f 779 771 780
f 771 777 780
f 768 781 769
f 781 782 769
f 769 782 783
f 782 784 783
f 783 784 785
f 785 786 783
f 786 787 783
f 783 787 788
f 787 789 788
f 788 789 790
f 790 791 788
f 791 792 788
f 788 792 793
f 792 794 793
f 793 794 795
f 796 797 798
f 797 793 798
f 798 793 799
f 793 795 799
f 796 800 797
f 800 801 797
f 797 801 802
f 801 803 802
f 802 803 804
f 804 805 802
f 805 806 802
f 802 806 807
f 806 808 807
f 808 809 807
f 809 810 807
f 807 810 811
f 810 812 811
f 812 813 811
f 813 814 811
f 811 814 815
f 814 816 815
f 815 816 817
f 817 818 815
f 818 819 815
f 815 819 820
f 819 821 820
f 821 822 820
f 822 823 820
f 820 823 767
f 823 824 767
f 767 824 765
f 762 764 825
f 766 826 767
f 826 827 767
f 767 827 764
f 827 828 764
f 764 828 825
f 763 829 764
f 829 830 764
f 764 830 831
f 830 832 831
f 832 833 831
f 831 833 834
f 834 835 831
f 835 836 831
f 831 836 837
f 836 838 837
f 838 839 837
f 839 840 837
f 837 840 841
f 841 842 837
f 842 843 837
f 837 843 844
f 843 845 844
f 844 845 846
f 846 847 844
f 847 848 844
f 844 848 849
f 848 850 849
f 849 850 851
f 851 852 849
f 852 853 849
f 849 853 854
f 855 856 857
f 856 849 857
f 857 849 858
f 849 854 858
f 855 859 856
f 859 860 856
f 856 860 861
f 759 761 862
f 861 863 856
f 863 864 856
f 856 864 761
f 864 865 761
f 761 865 862
f 760 866 761
f 866 867 761
f 761 867 868
f 867 869 868
f 869 870 868
f 868 870 871
f 756 758 872
f 871 873 868
f 873 874 868
f 868 874 758
f 874 875 758
f 758 875 872
f 757 876 758
f 876 877 758
f 758 877 878
f 877 879 878
f 878 879 880
f 880 881 878
f 881 882 878
f 878 882 883
f 883 884 878
f 884 885 878
f 878 885 886
f 885 887 886
f 887 888 886
f 888 889 886
f 886 889 890
f 890 891 886
f 891 892 886
f 886 892 893
f 892 894 893
f 894 895 893
f 893 895 896
f 753 755 897
f 896 898 893
f 898 899 893
f 893 899 755
f 899 900 755
f 755 900 897
f 754 901 755
f 901 902 755
f 755 902 752
f 902 903 752
f 752 903 750
f 751 904 752
f 904 905 752
f 752 905 749
f 905 906 749
f 749 906 747
f 748 907 749
f 907 908 749
f 749 908 909
f 908 910 909
f 909 910 911
f 911 912 909
f 912 913 909
f 909 913 914
f 914 915 909
f 915 916 909
f 909 916 917
f 916 918 917
f 744 746 919
f 918 920 917
f 920 921 917
f 917 921 922
f 922 923 917
f 923 924 917
f 917 924 746
f 924 925 746
f 746 925 919
f 745 926 746
f 926 927 746
f 746 927 928
f 927 929 928
f 929 930 928
f 928 930 931
f 931 932 928
f 932 933 928
f 928 933 934
f 933 935 934
f 935 936 934
f 934 936 937
f 936 938 937
f 937 938 939
f 939 940 937
f 940 941 937
f 937 941 743
f 941 942 743
f 743 942 741
f 742 943 743
f 943 944 743
f 743 944 945
f 944 946 945
f 946 947 945
f 947 948 945
f 945 948 949
f 948 950 949
f 949 950 951
f 951 952 949
f 952 953 949
f 949 953 954
f 953 955 954
f 955 956 954
f 956 957 954
f 954 957 958
f 957 959 958
f 959 960 958
f 960 961 958
f 958 961 962
f 961 963 962
f 963 964 962
f 964 965 962
f 962 965 966
f 965 967 966
f 966 967 968
f 968 969 966
f 969 970 966
f 966 970 776
f 970 971 776
f 776 971 774
f 972 973 974
f 975 976 977
f 974 973 978
f 979 980 978
f 980 979 981
f 982 983 984
f 984 983 985
f 986 987 988
f 989 990 991
f 992 993 994
f 995 996 997
f 998 999 1000
f 1001 1002 1003
f 1004 1005 1006
f 1007 1008 1009
f 1010 1006 1011
f 1012 1013 1014
f 1015 1016 1017
f 1018 1019 1020
f 1021 1022 1023
f 1024 1025 1026
f 1027 1028 1029
f 1030 1031 1032
f 1033 1034 1035
f 1035 1034 1036
f 1037 1038 1039
f 1040 1041 1042
f 1043 1044 1045
f 1046 1047 1048
f 1049 1050 1051
f 1052 1053 1054
f 1054 1053 1055
f 1056 1057 1058
f 1059 1060 1061
f 1062 1063 1064
f 1065 1066 1067
f 1068 1069 1070
f 1071 1072 1073
f 1074 1075 1076
f 1077 1078 1079
f 1080 1081 1082
f 1083 1084 1085
f 1086 1087 1088
f 1089 1090 1091
f 1092 1093 1094
f 1095 1096 1097
f 1096 1098 1097
f 822 821 1099
f 817 816 1100
f 795 794 1101
f 791 790 1102
f 1102 790 789
f 1103 770 772
f 961 1104 963
f 948 1105 1106
f 1016 1015 943
f 936 935 1107
f 938 936 1108
f 939 1109 940
f 1109 1110 940
f 940 1110 941
f 741 1111 742
f 1111 1012 742
f 742 1012 943
f 947 946 1112
f 946 944 1112
f 952 951 1106
f 951 950 1106
f 1106 950 948
f 1113 955 953
f 1104 961 1114
f 961 960 1114
f 960 959 1114
f 1114 959 1115
f 959 957 1115
f 1115 957 1113
f 957 956 1113
f 1113 956 955
f 965 1031 967
f 1031 1030 967
f 967 1030 968
f 1116 971 1117
f 1118 775 1116
f 775 774 1116
f 1116 774 971
f 778 779 1119
f 779 780 1119
f 1119 780 1120
f 1121 1122 1123
f 1122 1124 1123
f 1125 782 1126
f 782 781 1126
f 1126 781 768
f 1127 785 1125
f 785 784 1125
f 1125 784 782
f 1128 1129 1130
f 1129 1101 1130
f 1130 1101 792
f 1101 794 792
f 798 976 796
f 976 975 796
f 796 975 800
f 975 801 800
f 1131 1132 804
f 812 810 1133
f 810 809 1133
f 1133 809 1134
f 809 808 1134
f 1134 808 806
f 1133 1135 812
f 1135 1136 812
f 812 1136 813
f 1136 814 813
f 1137 823 822
f 1138 1139 1140
f 1139 1141 1140
f 1140 1141 1142
f 1143 1144 1145
f 1144 1143 1146
f 1143 1147 1146
f 1146 1147 1148
f 1149 1150 1151
f 1150 1149 1152
f 1153 1152 1154
f 1155 1156 1157
f 1093 1158 989
f 1158 1159 989
f 989 1159 990
f 1159 1160 990
f 990 1160 1155
f 1160 1161 1155
f 1155 1161 1156
f 1092 1094 1162
f 1163 1091 1164
f 1090 1089 1165
f 1087 1166 1088
f 1166 1167 1088
f 1088 1167 1168
f 1169 1086 1170
f 1171 1172 1173
f 1174 1175 1176
f 1175 1177 1176
f 1178 1179 1180
f 1179 1085 1180
f 1181 1182 1178
f 1182 1183 1178
f 1183 1184 1178
f 1184 1185 1178
f 1178 1185 1179
f 1185 1186 1179
f 1179 1186 1085
f 1186 1187 1085
f 1085 1187 1083
f 1081 1188 1182
f 1188 1189 1182
f 1182 1189 1183
f 1190 1191 1192
f 1080 1082 1193
f 1194 1195 1190
f 1195 1196 1190
f 1190 1196 1191
f 1197 1194 1198
f 1194 1190 1198
f 1198 1190 1082
f 1190 1192 1082
f 1082 1192 1193
f 1199 1200 1201
f 1200 1202 1201
f 1203 1204 1205
f 1204 1206 1205
f 1205 1206 1207
f 1208 1209 1199
f 1209 1210 1199
f 1199 1210 1200
f 1211 1212 1213
f 1212 1214 1213
f 1214 1215 1213
f 1213 1215 1208
f 1216 1217 1218
f 1217 1219 1218
f 1218 1219 1211
f 1077 1079 1220
f 1074 1076 1221
f 1222 1223 1224
f 1225 1226 1227
f 1226 1228 1227
f 1228 1229 1227
f 1229 1230 1227
f 1227 1230 1222
f 1230 1231 1222
f 1222 1231 1223
f 1232 1233 1226
f 1233 1234 1226
f 1234 1235 1226
f 1226 1235 1228
f 1236 1237 1238
f 1237 1239 1238
f 1240 1241 1242
f 1241 1243 1242
f 1242 1243 1244
f 1245 1246 1247
f 1248 1249 1250
f 1249 1245 1250
f 1251 1252 1253
f 1252 1254 1253
f 1255 1256 1257
f 1256 1258 1257
f 1259 1260 1261
f 1260 1262 1261
f 1261 1262 1263
f 1259 1264 1265
f 1264 1266 1265
f 1267 1268 1269
f 1268 1270 1269
f 1270 1271 1269
f 1271 1272 1269
f 1269 1272 1273
f 1272 1274 1273
f 1273 1274 1275
f 1276 1277 1278
f 1277 1279 1278
f 1280 1281 1282
f 1281 1283 1282
f 1007 1282 1277
f 1282 1283 1277
f 1277 1283 1279
f 1284 1285 1286
f 1287 1288 1284
f 1288 1289 1284
f 1284 1289 1285
f 1290 1291 1292
f 1071 1073 1293
f 1068 1070 1294
f 1295 1296 996
f 1296 1297 996
f 1065 1067 1298
f 995 1299 996
f 1299 1300 996
f 996 1300 1295
f 1301 1302 1303
f 1302 1304 1303
f 1305 1306 1307
f 1306 1308 1307
f 1307 1308 1309
f 1310 1311 1312
f 1307 1313 1305
f 1313 1310 1305
f 1305 1310 1314
f 1310 1312 1314
f 1001 1315 1000
f 1315 1316 1000
f 1317 1318 1315
f 1318 1319 1315
f 1315 1319 1316
f 1063 1320 1064
f 1320 1321 1064
f 1064 1321 1322
f 1323 1324 1325
f 1326 1327 1323
f 1324 1323 1059
f 1323 1327 1059
f 1059 1327 1060
f 1328 1329 1330
f 1329 1331 1330
f 1330 1331 1332
f 1331 1058 1332
f 1332 1058 1333
f 1058 1057 1333
f 999 998 1334
f 998 1335 1334
f 1334 1335 1336
f 1337 994 1338
f 994 993 1338
f 1338 993 1339
f 1337 1340 994
f 1340 1341 994
f 994 1341 1342
f 1341 1343 1342
f 1342 1343 1344
f 1345 1346 1347
f 1346 1348 1347
f 1347 1348 1051
f 1348 1349 1051
f 1051 1349 1049
f 1350 1351 1352
f 1351 1353 1352
f 1353 1354 1352
f 1354 1355 1352
f 1352 1355 1356
f 1355 1357 1356
f 1356 1357 1358
f 1359 1360 1361
f 1360 1362 1361
f 1361 1362 1363
f 1048 1364 1365
f 1364 1366 1365
f 1047 1367 1048
f 1367 1368 1048
f 1048 1368 1364
f 1044 1369 1370
f 1371 1372 1045
f 1372 1373 1045
f 1045 1373 1043
f 1042 1041 1374
f 1041 1375 1374
f 1375 1376 1374
f 1374 1376 1377
f 1378 1379 1380
f 1380 1381 1378
f 1381 1382 1378
f 1378 1382 1042
f 1382 1383 1042
f 1042 1383 1040
f 1384 1385 1386
f 1385 1387 1386
f 1388 1389 1390
f 1389 1391 1390
f 1390 1391 1384
f 1391 1392 1384
f 1384 1392 1385
f 1393 1394 1395
f 1394 1396 1395
f 1395 1396 1390
f 1396 1397 1390
f 1390 1397 1388
f 1038 1398 1039
f 1398 1399 1039
f 1039 1399 1395
f 1399 1400 1395
f 1395 1400 1393
f 1037 1039 1401
f 1039 1402 1401
f 1401 1402 1403
f 1404 1405 1402
f 1405 1406 1402
f 1406 1407 1402
f 1407 1408 1402
f 1402 1408 1403
f 1409 1410 1411
f 1410 1404 1411
f 1412 1413 1414
f 1413 1415 1414
f 1414 1415 1416
f 1412 1414 1417
f 1414 1418 1417
f 1417 1418 1419
f 1420 1421 1422
f 1421 1423 1422
f 1422 1423 1424
f 1423 1425 1424
f 1424 1425 1426
f 1427 1428 1429
f 1428 1430 1429
f 1431 1432 1433
f 1432 1434 1433
f 1433 1434 1435
f 1436 1437 1438
f 1437 1439 1438
f 1438 1439 1440
f 936 1107 1108
f 1107 1441 1108
f 1108 1441 1442
f 770 1103 768
f 1103 1121 768
f 768 1121 1126
f 1121 1123 1126
f 1126 1123 1125
f 1032 1443 1444
f 1445 1446 1447
f 1446 1448 1447
f 1444 1443 1449
f 1450 1448 1451
f 1448 1446 1451
f 1451 1446 1452
f 1446 1445 1452
f 1452 1445 1453
f 1454 1455 1456
f 1455 1457 1456
f 1032 1031 1443
f 1031 1458 1443
f 1443 1458 1029
f 1115 1027 1114
f 1027 1029 1114
f 1114 1029 1104
f 1029 1458 1104
f 1104 1458 963
f 1458 1031 963
f 963 1031 964
f 1031 965 964
f 1454 1449 1455
f 1449 1443 1455
f 1455 1443 1457
f 1443 1029 1457
f 1457 1029 1456
f 1029 1028 1456
f 1456 1028 1459
f 1460 1461 1462
f 1461 1463 1462
f 1462 1463 1464
f 1463 1465 1464
f 1464 1465 1466
f 1465 1467 1466
f 1466 1467 1468
f 1026 1469 1470
f 1469 1471 1470
f 1026 1470 1024
f 1470 1472 1024
f 1024 1472 1473
f 1474 1475 1021
f 1475 1471 1021
f 1021 1471 1022
f 1471 1469 1022
f 1475 1476 1471
f 1476 1477 1471
f 1471 1477 1470
f 1477 1478 1470
f 1470 1478 1472
f 1479 1480 1481
f 1480 1482 1481
f 1481 1482 1483
f 1482 1484 1483
f 1483 1484 1485
f 1484 1486 1485
f 1485 1486 1487
f 1486 1488 1487
f 1489 1490 1491
f 1490 1492 1491
f 1491 1492 1493
f 1492 1494 1493
f 1493 1494 1495
f 1494 1496 1495
f 1495 1496 1497
f 1496 1498 1497
f 1497 1498 1499
f 1498 1500 1499
f 1499 1500 1501
f 1500 1014 1501
f 1020 1502 1503
f 1504 1018 1505
f 1018 1020 1505
f 1505 1020 1506
f 1020 1503 1506
f 1506 1503 1017
f 1503 1112 1017
f 1017 1112 1015
f 1112 944 1015
f 1015 944 943
f 1459 1028 1507
f 1028 1027 1507
f 1507 1027 1504
f 1027 1115 1504
f 1504 1115 1018
f 1115 1113 1018
f 1018 1113 1019
f 1113 953 1019
f 1019 953 1020
f 953 952 1020
f 1020 952 1502
f 952 1106 1502
f 1502 1106 1503
f 1106 1105 1503
f 1503 1105 1112
f 1105 948 1112
f 1112 948 947
f 1501 1488 1499
f 1488 1486 1499
f 1499 1486 1497
f 1486 1484 1497
f 1497 1484 1495
f 1484 1482 1495
f 1495 1482 1493
f 1482 1480 1493
f 1493 1480 1491
f 1480 1479 1491
f 1491 1479 1489
f 1479 1508 1489
f 1489 1508 1509
f 1508 1510 1509
f 1509 1510 1447
f 1510 1511 1447
f 1447 1511 1445
f 1511 1512 1445
f 1445 1512 1453
f 1023 1513 1514
f 1513 1515 1514
f 1516 1517 1518
f 1517 1515 1518
f 1518 1515 1519
f 1515 1513 1519
f 943 1012 1016
f 1012 1014 1016
f 1016 1014 1017
f 1014 1500 1017
f 1017 1500 1506
f 1500 1498 1506
f 1506 1498 1505
f 1498 1496 1505
f 1505 1496 1504
f 1496 1494 1504
f 1504 1494 1507
f 1494 1492 1507
f 1507 1492 1459
f 1492 1490 1459
f 1459 1490 1456
f 1490 1489 1456
f 1456 1489 1454
f 1489 1509 1454
f 1454 1509 1449
f 1509 1447 1449
f 1449 1447 1444
f 1447 1448 1444
f 1444 1448 1032
f 1448 1450 1032
f 1032 1450 1030
f 1450 969 1030
f 1030 969 968
f 1013 1012 1520
f 1012 1111 1520
f 1520 1111 1521
f 741 942 1111
f 942 941 1111
f 1111 941 1521
f 941 1110 1521
f 1521 1110 1520
f 1110 1522 1520
f 1520 1522 1013
f 1522 1523 1013
f 1013 1523 1014
f 1523 1524 1014
f 1014 1524 1501
f 1441 1436 1442
f 1436 1438 1442
f 1442 1438 1525
f 1438 1440 1525
f 1525 1440 1526
f 1440 1527 1526
f 939 938 1109
f 938 1108 1109
f 1109 1108 1110
f 1108 1442 1110
f 1110 1442 1522
f 1442 1525 1522
f 1522 1525 1523
f 1525 1526 1523
f 1523 1526 1524
f 1023 1514 1021
f 1514 1528 1021
f 1021 1528 1474
f 1529 1530 1531
f 1530 1532 1531
f 1531 1532 1533
f 1532 1534 1533
f 1533 1534 1535
f 1536 1537 1473
f 1537 1468 1473
f 1473 1468 1024
f 1468 1467 1024
f 1024 1467 1025
f 1538 1539 1540
f 1539 1541 1540
f 1044 1370 1045
f 1370 1374 1045
f 1045 1374 1371
f 1374 1377 1371
f 1371 1377 1372
f 1374 1542 1042
f 1542 1386 1042
f 1042 1386 1378
f 1386 1387 1378
f 1378 1387 1379
f 1010 1011 1543
f 1011 1544 1543
f 1543 1544 1545
f 1544 1546 1545
f 1545 1546 1547
f 1546 1548 1547
f 1547 1548 1549
f 1548 1550 1549
f 1549 1550 1551
f 1550 1552 1551
f 1551 1552 1553
f 1536 1473 1554
f 1473 1472 1554
f 1554 1472 1555
f 1472 1478 1555
f 1555 1478 1556
f 1478 1477 1556
f 1556 1477 1557
f 1477 1476 1557
f 1557 1476 1558
f 1476 1475 1558
f 1558 1475 1559
f 1475 1474 1559
f 1559 1474 1560
f 1474 1528 1560
f 1560 1528 1561
f 1552 1562 1553
f 1562 1563 1553
f 1553 1563 1564
f 1563 1565 1564
f 1564 1565 1566
f 1565 1567 1566
f 1566 1567 1416
f 1404 1402 1411
f 1402 1039 1411
f 1411 1039 1568
f 1039 1395 1568
f 1568 1395 1569
f 1395 1390 1569
f 1569 1390 1570
f 1390 1384 1570
f 1570 1384 1571
f 1384 1386 1571
f 1571 1386 1572
f 1386 1542 1572
f 1572 1542 1538
f 1561 1573 1574
f 1573 1575 1574
f 1574 1575 1576
f 1575 1577 1576
f 1576 1577 1578
f 1561 1528 1573
f 1528 1514 1573
f 1573 1514 1575
f 1514 1515 1575
f 1575 1515 1577
f 1515 1517 1577
f 1577 1517 1578
f 1517 1516 1578
f 1578 1516 1579
f 1567 1580 1416
f 1580 1581 1416
f 1416 1581 1414
f 1581 1582 1414
f 1414 1582 1418
f 1426 1419 1424
f 1419 1418 1424
f 1424 1418 1422
f 1418 1427 1422
f 1422 1427 1420
f 1427 1429 1420
f 1420 1429 1583
f 1429 1430 1583
f 1434 1033 1435
f 1033 1035 1435
f 1435 1035 1428
f 1035 1036 1428
f 1428 1036 1430
f 1584 1008 1585
f 1008 1007 1585
f 1585 1007 1267
f 1007 1277 1267
f 1267 1277 1268
f 1277 1276 1268
f 1009 1284 1007
f 1284 1286 1007
f 1007 1286 1282
f 1286 1586 1282
f 1282 1586 1280
f 1587 1588 1589
f 1588 1590 1589
f 1589 1590 1591
f 1590 1592 1591
f 1591 1592 1593
f 1592 1594 1593
f 1593 1594 1595
f 1595 1596 1593
f 1596 1597 1593
f 1593 1597 1591
f 1597 1598 1591
f 1591 1598 1589
f 1598 1599 1589
f 1589 1599 1587
f 1599 1600 1587
f 1291 1287 1292
f 1287 1284 1292
f 1292 1284 1601
f 1284 1009 1601
f 1601 1009 1600
f 1009 1008 1600
f 1600 1008 1587
f 1008 1584 1587
f 1587 1584 1588
f 1602 1603 1073
f 1603 1070 1073
f 1073 1070 1293
f 1070 1069 1293
f 1602 1604 1603
f 1604 1605 1603
f 1603 1605 1070
f 1605 1067 1070
f 1070 1067 1294
f 1067 1066 1294
f 1072 1290 1073
f 1290 1292 1073
f 1073 1292 1602
f 1292 1601 1602
f 1602 1601 1604
f 1601 1600 1604
f 1604 1600 1606
f 1600 1599 1606
f 1606 1599 1607
f 1599 1598 1607
f 1607 1598 1608
f 1598 1597 1608
f 1608 1597 1609
f 1597 1596 1609
f 1609 1596 1541
f 1596 1610 1541
f 1541 1610 1540
f 1538 1542 1539
f 1542 1374 1539
f 1539 1374 1541
f 1374 1370 1541
f 1541 1370 1609
f 1370 1611 1609
f 1609 1611 1608
f 1611 1612 1608
f 1608 1612 1607
f 1612 1613 1607
f 1607 1613 1606
f 1613 1614 1606
f 1606 1614 1604
f 1614 1615 1604
f 1604 1615 1605
f 1594 1004 1595
f 1004 1006 1595
f 1595 1006 1596
f 1006 1010 1596
f 1596 1010 1610
f 1010 1543 1610
f 1610 1543 1540
f 1543 1545 1540
f 1540 1545 1538
f 1545 1547 1538
f 1538 1547 1572
f 1547 1549 1572
f 1572 1549 1571
f 1549 1551 1571
f 1571 1551 1570
f 1551 1553 1570
f 1570 1553 1569
f 1553 1564 1569
f 1569 1564 1568
f 1564 1566 1568
f 1568 1566 1411
f 1566 1416 1411
f 1411 1416 1409
f 1416 1415 1409
f 1329 1326 1331
f 1326 1323 1331
f 1331 1323 1058
f 1323 1003 1058
f 1058 1003 1056
f 1003 1002 1056
f 1056 1002 1616
f 1325 1617 1323
f 1617 1062 1323
f 1323 1062 1003
f 1062 1064 1003
f 1003 1064 1001
f 1064 1322 1001
f 1001 1322 1315
f 1322 1618 1315
f 1315 1618 1317
f 1334 1619 999
f 1619 1052 999
f 999 1052 1000
f 1052 1054 1000
f 1000 1054 1001
f 1054 1055 1001
f 1001 1055 1002
f 1055 1620 1002
f 1002 1620 1616
f 1309 1304 1307
f 1304 1302 1307
f 1307 1302 995
f 1302 1301 995
f 995 1301 1299
f 1358 1345 1356
f 1345 1347 1356
f 1356 1347 1621
f 1347 1051 1621
f 1621 1051 992
f 1051 1050 992
f 992 1050 993
f 1050 1622 993
f 993 1622 1339
f 1366 1359 1365
f 1359 1361 1365
f 1365 1361 1623
f 1361 1363 1623
f 1623 1363 1624
f 1363 1625 1624
f 1624 1625 1626
f 1625 1627 1626
f 1626 1627 1628
f 1627 1629 1628
f 1628 1629 997
f 1629 1630 997
f 997 1630 995
f 1630 1631 995
f 995 1631 1307
f 1631 1632 1307
f 1307 1632 1313
f 1336 1335 1632
f 1335 998 1632
f 1632 998 1313
f 998 1000 1313
f 1313 1000 1310
f 1000 1316 1310
f 1310 1316 1311
f 1362 1350 1363
f 1350 1352 1363
f 1363 1352 1625
f 1352 1356 1625
f 1625 1356 1627
f 1356 1621 1627
f 1627 1621 1629
f 1621 992 1629
f 1629 992 1630
f 992 994 1630
f 1630 994 1631
f 994 1342 1631
f 1631 1342 1632
f 1342 1344 1632
f 1632 1344 1336
f 1369 1046 1370
f 1046 1048 1370
f 1370 1048 1611
f 1048 1365 1611
f 1611 1365 1612
f 1365 1623 1612
f 1612 1623 1613
f 1623 1624 1613
f 1613 1624 1614
f 1624 1626 1614
f 1614 1626 1615
f 1626 1628 1615
f 1615 1628 1605
f 1628 997 1605
f 1605 997 1067
f 997 996 1067
f 1067 996 1298
f 996 1297 1298
f 1202 1203 1201
f 1203 1205 1201
f 1201 1205 1198
f 1205 1207 1198
f 1198 1207 1197
f 1633 1634 1163
f 1180 1177 1178
f 1177 1175 1178
f 1178 1175 1181
f 1175 1635 1181
f 1181 1635 1636
f 1635 1637 1636
f 1636 1637 1638
f 1637 1639 1638
f 1638 1639 1640
f 1639 1641 1640
f 1082 1642 1198
f 1642 1643 1198
f 1198 1643 1201
f 1643 1644 1201
f 1201 1644 1199
f 1644 1645 1199
f 1172 1169 1173
f 1169 1170 1173
f 1173 1170 1646
f 1170 1647 1646
f 1646 1647 1648
f 1647 1649 1648
f 1648 1649 1650
f 1649 1651 1650
f 1650 1651 1652
f 1651 1653 1652
f 1081 1182 1082
f 1182 1181 1082
f 1082 1181 1642
f 1181 1636 1642
f 1642 1636 1643
f 1636 1638 1643
f 1643 1638 1644
f 1638 1640 1644
f 1644 1640 1645
f 1640 1641 1645
f 1645 1641 1654
f 1655 991 1656
f 991 990 1656
f 1656 990 1657
f 990 1155 1657
f 1657 1155 1658
f 1155 1157 1658
f 1658 1157 1097
f 1157 1659 1097
f 1097 1659 1095
f 1660 1655 1661
f 1655 1656 1661
f 1661 1656 1662
f 1656 1657 1662
f 1662 1657 1663
f 1657 1658 1663
f 1663 1658 1664
f 1658 1097 1664
f 1168 1165 1088
f 1165 1089 1088
f 1088 1089 1665
f 1089 1666 1665
f 1665 1666 1667
f 1666 1668 1667
f 1667 1668 1669
f 1668 1670 1669
f 1669 1670 1671
f 1670 1672 1671
f 1671 1672 1673
f 1672 1674 1673
f 1174 1171 1175
f 1171 1173 1175
f 1175 1173 1635
f 1173 1646 1635
f 1635 1646 1637
f 1646 1648 1637
f 1637 1648 1639
f 1648 1650 1639
f 1639 1650 1641
f 1650 1652 1641
f 1641 1652 1654
f 1652 1653 1654
f 1654 1653 1675
f 1634 1633 1676
f 1633 1677 1676
f 1676 1677 1678
f 1677 1679 1678
f 1678 1679 1680
f 1679 1681 1680
f 1680 1681 1682
f 1681 1683 1682
f 1682 1683 1684
f 1086 1088 1170
f 1088 1665 1170
f 1170 1665 1647
f 1665 1667 1647
f 1647 1667 1649
f 1667 1669 1649
f 1649 1669 1651
f 1669 1671 1651
f 1651 1671 1653
f 1671 1673 1653
f 1653 1673 1675
f 1673 1674 1675
f 1675 1674 1685
f 1151 1148 1149
f 1148 1147 1149
f 1149 1147 1686
f 1147 1687 1686
f 1686 1687 1688
f 1687 1689 1688
f 1688 1689 1690
f 1689 1691 1690
f 1690 1691 1692
f 1691 1693 1692
f 1692 1693 1694
f 1693 1695 1694
f 1694 1695 1696
f 1695 1697 1696
f 1696 1697 1698
f 1697 1699 1698
f 1698 1699 1700
f 1699 1701 1700
f 1700 1701 1702
f 1701 1703 1702
f 1704 1705 1706
f 1705 1707 1706
f 1706 1707 1708
f 1707 1709 1708
f 1708 1709 1660
f 1709 1710 1660
f 1660 1710 1655
f 1710 1711 1655
f 1655 1711 991
f 1711 1712 991
f 991 1712 989
f 1164 1162 1163
f 1162 1094 1163
f 1163 1094 1633
f 1094 1713 1633
f 1633 1713 1677
f 1713 1714 1677
f 1677 1714 1679
f 1714 1715 1679
f 1679 1715 1681
f 1715 1716 1681
f 1681 1716 1683
f 1716 1717 1683
f 1683 1717 1684
f 1717 1718 1684
f 1093 989 1094
f 989 1712 1094
f 1094 1712 1713
f 1712 1711 1713
f 1713 1711 1714
f 1711 1710 1714
f 1714 1710 1715
f 1710 1709 1715
f 1715 1709 1716
f 1709 1707 1716
f 1716 1707 1717
f 1707 1705 1717
f 1717 1705 1718
f 1705 1704 1718
f 1718 1704 1719
f 1239 1232 1238
f 1232 1226 1238
f 1238 1226 1720
f 1226 1225 1720
f 1720 1225 1721
f 1244 1236 1242
f 1236 1238 1242
f 1242 1238 1722
f 1238 1720 1722
f 1722 1720 1723
f 1720 1721 1723
f 1723 1721 1724
f 1725 1726 1727
f 1728 1240 1729
f 1240 1242 1729
f 1729 1242 1730
f 1242 1722 1730
f 1730 1722 1731
f 1722 1723 1731
f 1731 1723 1732
f 1723 1724 1732
f 1732 1724 1733
f 1734 1735 1736
f 1735 1737 1736
f 1736 1737 1738
f 1737 1739 1738
f 1738 1739 1740
f 1739 1741 1740
f 1740 1741 1742
f 1741 1743 1742
f 1742 1743 1744
f 1743 1745 1744
f 1744 1745 1746
f 1745 1076 1746
f 1746 1076 1079
f 1076 1075 1079
f 1079 1075 1220
f 1747 1748 1749
f 1748 1750 1749
f 1749 1750 1751
f 1735 1733 1737
f 1733 1724 1737
f 1737 1724 1739
f 1724 1721 1739
f 1739 1721 1741
f 1721 1225 1741
f 1741 1225 1743
f 1225 1227 1743
f 1743 1227 1745
f 1227 1222 1745
f 1745 1222 1076
f 1222 1224 1076
f 1076 1224 1221
f 1245 1247 1250
f 1247 1752 1250
f 1250 1752 1753
f 1754 1755 1756
f 1755 1757 1756
f 1756 1757 1758
f 1757 1753 1758
f 1758 1753 1759
f 1753 1752 1759
f 1760 1761 1762
f 1761 1763 1762
f 1762 1763 1764
f 1763 1765 1764
f 1764 1765 1766
f 1765 1767 1766
f 1766 1767 1768
f 1767 1138 1768
f 1768 1138 1099
f 1138 1140 1099
f 1099 1140 822
f 1140 1142 822
f 822 1142 1137
f 987 1769 1770
f 1771 1760 1772
f 1760 1762 1772
f 1772 1762 1773
f 1762 1764 1773
f 1773 1764 1774
f 1764 1766 1774
f 1774 1766 1775
f 1766 1768 1775
f 1775 1768 1776
f 1768 1099 1776
f 1776 1099 819
f 1099 821 819
f 816 814 1100
f 814 1136 1100
f 1100 1136 1777
f 1136 1135 1777
f 1777 1135 1778
f 1778 1135 1779
f 1135 1133 1779
f 1779 1133 1780
f 1133 1134 1780
f 1780 1134 1781
f 1134 806 1781
f 1781 806 1132
f 806 805 1132
f 1132 805 804
f 1782 1783 1784
f 1782 1784 1785
f 1784 1786 1785
f 1785 1786 1787
f 1786 1788 1787
f 1787 1788 1789
f 1790 1791 1789
f 1791 1792 1789
f 1789 1792 1787
f 1792 1793 1787
f 1787 1793 1785
f 1793 1794 1785
f 1785 1794 1782
f 1794 1795 1782
f 1782 1795 1783
f 1795 1796 1783
f 1790 1789 1131
f 1789 1788 1131
f 1131 1788 1132
f 1788 1786 1132
f 1132 1786 1781
f 1786 1784 1781
f 1781 1784 1780
f 1784 1783 1780
f 1780 1783 1779
f 1783 1796 1779
f 1779 1796 1778
f 987 1770 988
f 1770 1797 988
f 988 1797 1798
f 1797 1799 1798
f 1798 1799 1800
f 1799 1801 1800
f 1800 1801 1802
f 1152 1149 1154
f 1149 1686 1154
f 1154 1686 1803
f 1686 1688 1803
f 1803 1688 1804
f 1688 1690 1804
f 1804 1690 1805
f 1690 1692 1805
f 1805 1692 1806
f 1692 1694 1806
f 1806 1694 1807
f 1694 1696 1807
f 1807 1696 1808
f 1696 1698 1808
f 1808 1698 1809
f 1698 1700 1809
f 1809 1700 1810
f 1700 1702 1810
f 1810 1702 1811
f 1702 1703 1811
f 1811 1703 1812
f 1813 985 1814
f 985 983 1814
f 1814 983 1815
f 983 982 1815
f 1815 982 1816
f 1817 1802 1818
f 1802 1801 1818
f 1818 1801 1819
f 1801 1799 1819
f 1819 1799 1820
f 1799 1797 1820
f 1820 1797 1771
f 1797 1770 1771
f 1771 1770 1760
f 1770 1769 1760
f 1760 1769 1761
f 986 988 1821
f 988 1798 1821
f 1821 1798 1822
f 1798 1800 1822
f 1822 1800 1823
f 1800 1802 1823
f 1823 1802 1824
f 1802 1817 1824
f 1824 1817 1825
f 1817 1826 1825
f 1825 1826 1827
f 1208 1199 1213
f 1199 1645 1213
f 1213 1645 1828
f 1645 1654 1828
f 1828 1654 1829
f 1654 1675 1829
f 1829 1675 1830
f 1675 1685 1830
f 1830 1685 1831
f 1685 1832 1831
f 1831 1832 1833
f 1832 1834 1833
f 1833 1834 1835
f 1834 1836 1835
f 1835 1836 1837
f 1836 1838 1837
f 1837 1838 1839
f 1838 1840 1839
f 1839 1840 1841
f 804 803 1131
f 803 801 1131
f 1131 801 1790
f 801 975 1790
f 1790 975 1842
f 975 977 1842
f 1842 977 1843
f 977 1844 1843
f 1819 981 1818
f 981 979 1818
f 1818 979 1817
f 979 978 1817
f 1817 978 1826
f 978 973 1826
f 1826 973 1827
f 973 972 1827
f 1827 972 1845
f 819 818 1776
f 818 817 1776
f 1776 817 1775
f 817 1100 1775
f 1775 1100 1774
f 1100 1777 1774
f 1774 1777 1773
f 1777 1778 1773
f 1773 1778 1772
f 1778 1796 1772
f 1772 1796 1771
f 1796 1795 1771
f 1771 1795 1820
f 1795 1794 1820
f 1820 1794 1819
f 1794 1793 1819
f 1819 1793 981
f 1793 1792 981
f 981 1792 980
f 1792 1791 980
f 980 1791 978
f 1791 1790 978
f 978 1790 974
f 1790 1842 974
f 974 1842 972
f 1842 1843 972
f 972 1843 1845
f 1843 1844 1845
f 1845 1844 1846
f 792 791 1130
f 791 1102 1130
f 1130 1102 1128
f 1102 789 1128
f 1128 789 1847
f 789 787 1847
f 1847 787 786
f 1127 1848 1846
f 1848 1849 1846
f 1846 1849 1845
f 1849 1850 1845
f 1845 1850 1827
f 1850 1851 1827
f 1827 1851 1825
f 1851 1816 1825
f 1825 1816 1824
f 1816 982 1824
f 1824 982 1823
f 982 984 1823
f 1823 984 1822
f 984 985 1822
f 1822 985 1821
f 985 1813 1821
f 1821 1813 986
f 786 785 1847
f 785 1127 1847
f 1847 1127 1128
f 1127 1846 1128
f 1128 1846 1129
f 1846 1844 1129
f 1129 1844 1101
f 1844 977 1101
f 1101 977 795
f 977 976 795
f 795 976 799
f 976 798 799
f 1852 1853 1854
f 1853 1855 1854
f 1854 1855 1856
f 1855 1857 1856
f 1856 1857 1858
f 1857 1859 1858
f 1858 1859 1860
f 1859 1861 1860
f 1860 1861 1862
f 1861 1863 1862
f 1862 1863 1812
f 1863 1719 1812
f 1812 1719 1811
f 1719 1704 1811
f 1811 1704 1810
f 1704 1706 1810
f 1810 1706 1809
f 1706 1708 1809
f 1809 1708 1808
f 1708 1660 1808
f 1808 1660 1807
f 1660 1661 1807
f 1807 1661 1806
f 1661 1662 1806
f 1806 1662 1805
f 1662 1663 1805
f 1805 1663 1804
f 1663 1664 1804
f 1804 1664 1803
f 1664 1097 1803
f 1803 1097 1154
f 1097 1098 1154
f 1154 1098 1153
f 1145 1139 1143
f 1139 1138 1143
f 1143 1138 1147
f 1138 1864 1147
f 1147 1864 1687
f 1864 1765 1687
f 1687 1765 1689
f 1765 1763 1689
f 1689 1763 1691
f 1763 1761 1691
f 1691 1761 1693
f 1761 1769 1693
f 1693 1769 1695
f 1769 987 1695
f 1695 987 1697
f 987 986 1697
f 1697 986 1699
f 986 1813 1699
f 1699 1813 1701
f 1813 1814 1701
f 1701 1814 1703
f 1814 1815 1703
f 1703 1815 1812
f 1815 1816 1812
f 1812 1816 1862
f 1816 1851 1862
f 1862 1851 1860
f 1851 1850 1860
f 1860 1850 1858
f 1850 1849 1858
f 1858 1849 1856
f 1849 1848 1856
f 1856 1848 1854
f 1848 1127 1854
f 1854 1127 1852
f 1127 1125 1852
f 1852 1125 1865
f 1125 1123 1865
f 1865 1123 1866
f 1123 1124 1866
f 1866 1124 1867
f 1124 1120 1867
f 1867 1120 1868
f 1120 780 1868
f 1868 780 777
f 1869 1870 1871
f 1870 1872 1871
f 1871 1872 1873
f 1874 1734 1875
f 1734 1736 1875
f 1875 1736 1876
f 1736 1738 1876
f 1876 1738 1877
f 1738 1740 1877
f 1877 1740 1878
f 1740 1742 1878
f 1878 1742 1879
f 1742 1744 1879
f 1879 1744 1880
f 1744 1746 1880
f 1880 1746 1881
f 1746 1079 1881
f 1881 1079 1218
f 1079 1078 1218
f 1218 1078 1216
f 1882 1747 1883
f 1747 1749 1883
f 1883 1749 1884
f 1749 1751 1884
f 1884 1751 1726
f 1885 1748 1886
f 1748 1747 1886
f 1886 1747 1887
f 1747 1882 1887
f 1887 1882 1888
f 1726 1725 1884
f 1725 1889 1884
f 1884 1889 1883
f 1889 1890 1883
f 1883 1890 1882
f 1890 1891 1882
f 1882 1891 1888
f 1211 1213 1218
f 1213 1828 1218
f 1218 1828 1881
f 1828 1829 1881
f 1881 1829 1880
f 1829 1830 1880
f 1880 1830 1879
f 1830 1831 1879
f 1879 1831 1878
f 1831 1833 1878
f 1878 1833 1877
f 1833 1835 1877
f 1877 1835 1876
f 1835 1837 1876
f 1876 1837 1875
f 1837 1839 1875
f 1875 1839 1874
f 1839 1841 1874
f 1874 1841 1892
f 1840 1893 1841
f 1893 1894 1841
f 1841 1894 1892
f 1894 1895 1892
f 1892 1895 1896
f 1895 1897 1896
f 1896 1897 1898
f 1899 1900 1901
f 1247 1727 1752
f 1727 1726 1752
f 1752 1726 1759
f 1726 1751 1759
f 1759 1751 1758
f 1751 1750 1758
f 1758 1750 1756
f 1750 1748 1756
f 1756 1748 1754
f 1748 1885 1754
f 1754 1885 1902
f 1885 1903 1902
f 1904 1905 1906
f 1905 1907 1906
f 1906 1907 1908
f 1907 1909 1908
f 1908 1909 1910
f 1909 1911 1910
f 1910 1911 1912
f 1911 1257 1912
f 1912 1257 1913
f 1257 1258 1913
f 1913 1258 1252
f 1258 1914 1252
f 1252 1914 1254
f 1915 1916 1917
f 1916 1918 1917
f 1917 1918 1904
f 1918 1919 1904
f 1904 1919 1905
f 1919 1920 1905
f 1905 1920 1907
f 1920 1921 1907
f 1907 1921 1909
f 1921 1922 1909
f 1909 1922 1911
f 1922 1261 1911
f 1911 1261 1257
f 1261 1263 1257
f 1257 1263 1255
f 1891 1923 1888
f 1923 1901 1888
f 1888 1901 1887
f 1901 1900 1887
f 1887 1900 1886
f 1900 1899 1886
f 1886 1899 1885
f 1899 1924 1885
f 1885 1924 1903
f 1924 1925 1903
f 1926 1927 1928
f 1927 1926 1929
f 970 1930 1116
f 1930 1931 1116
f 1116 1931 1118
f 1931 1932 1118
f 1118 1932 1933
f 1932 1934 1933
f 1933 1934 1935
f 1934 1936 1935
f 1935 1936 1937
f 1936 1938 1937
f 1937 1938 1869
f 1938 1926 1869
f 1869 1926 1870
f 1926 1928 1870
f 1870 1928 1872
f 1929 1939 1940
f 1939 1941 1940
f 1940 1941 1942
f 1941 1512 1942
f 1942 1512 1943
f 1512 1511 1943
f 1943 1511 1944
f 1511 1510 1944
f 1944 1510 1945
f 1510 1508 1945
f 1945 1508 1946
f 1508 1479 1946
f 1946 1479 1947
f 1479 1481 1947
f 1947 1481 1948
f 1481 1483 1948
f 1948 1483 1949
f 1483 1485 1949
f 1949 1485 1950
f 1485 1487 1950
f 1950 1487 1951
f 1487 1488 1951
f 1951 1488 1952
f 1488 1501 1952
f 1952 1501 1953
f 1501 1524 1953
f 1953 1524 1954
f 1524 1526 1954
f 1954 1526 1955
f 1526 1527 1955
f 1955 1527 1956
f 1929 1926 1939
f 1926 1938 1939
f 1939 1938 1941
f 1938 1936 1941
f 1941 1936 1512
f 1936 1934 1512
f 1512 1934 1453
f 1934 1932 1453
f 1453 1932 1452
f 1932 1931 1452
f 1452 1931 1451
f 1931 1930 1451
f 1451 1930 1450
f 1930 1117 1450
f 1450 1117 969
f 1901 1957 1899
f 1957 1958 1899
f 1899 1958 1924
f 1958 1959 1924
f 1924 1959 1925
f 1959 1960 1925
f 1925 1960 1961
f 1960 1962 1961
f 1961 1962 1963
f 1962 1964 1963
f 1963 1915 1961
f 1915 1917 1961
f 1961 1917 1925
f 1917 1904 1925
f 1925 1904 1903
f 1904 1906 1903
f 1903 1906 1902
f 1906 1908 1902
f 1902 1908 1754
f 1908 1965 1754
f 1754 1965 1755
f 1965 1912 1755
f 1755 1912 1757
f 1912 1913 1757
f 1757 1913 1753
f 1913 1252 1753
f 1753 1252 1250
f 1252 1251 1250
f 1250 1251 1248
f 1966 1460 1967
f 1460 1462 1967
f 1967 1462 1535
f 1462 1464 1535
f 1535 1464 1533
f 1464 1466 1533
f 1533 1466 1531
f 1466 1468 1531
f 1531 1468 1529
f 1468 1537 1529
f 1259 1261 1264
f 1261 1922 1264
f 1264 1922 1968
f 1922 1921 1968
f 1968 1921 1969
f 1921 1920 1969
f 1969 1920 1970
f 1920 1919 1970
f 1970 1919 1971
f 1919 1918 1971
f 1971 1918 1972
f 1918 1916 1972
f 1972 1916 1973
f 1916 1915 1973
f 1973 1915 1974
f 1915 1963 1974
f 1974 1963 1975
f 1963 1964 1975
f 1975 1964 1976
f 1534 1976 1535
f 1976 1964 1535
f 1535 1964 1967
f 1964 1962 1967
f 1967 1962 1966
f 1962 1960 1966
f 1966 1960 1977
f 1960 1959 1977
f 1977 1959 1898
f 1959 1958 1898
f 1898 1958 1896
f 1958 1957 1896
f 1896 1957 1892
f 1957 1901 1892
f 1892 1901 1874
f 1901 1923 1874
f 1874 1923 1734
f 1923 1891 1734
f 1734 1891 1735
f 1891 1890 1735
f 1735 1890 1733
f 1890 1889 1733
f 1733 1889 1732
f 1889 1725 1732
f 1732 1725 1731
f 1725 1727 1731
f 1731 1727 1730
f 1727 1247 1730
f 1730 1247 1729
f 1247 1246 1729
f 1729 1246 1728
f 1893 1873 1894
f 1873 1872 1894
f 1894 1872 1895
f 1872 1928 1895
f 1895 1928 1897
f 1928 1927 1897
f 1897 1927 1898
f 1927 1929 1898
f 1898 1929 1977
f 1929 1940 1977
f 1977 1940 1966
f 1940 1942 1966
f 1966 1942 1460
f 1942 1943 1460
f 1460 1943 1461
f 1943 1944 1461
f 1461 1944 1463
f 1944 1945 1463
f 1463 1945 1465
f 1945 1946 1465
f 1465 1946 1467
f 1946 1947 1467
f 1467 1947 1025
f 1947 1948 1025
f 1025 1948 1026
f 1948 1949 1026
f 1026 1949 1469
f 1949 1950 1469
f 1469 1950 1022
f 1950 1951 1022
f 1022 1951 1023
f 1951 1952 1023
f 1023 1952 1513
f 1952 1953 1513
f 1513 1953 1519
f 1953 1954 1519
f 1519 1954 1518
f 1954 1955 1518
f 1518 1955 1516
f 1955 1956 1516
f 1516 1956 1579
f 1091 1163 1089
f 1163 1634 1089
f 1089 1634 1666
f 1634 1676 1666
f 1666 1676 1668
f 1676 1678 1668
f 1668 1678 1670
f 1678 1680 1670
f 1670 1680 1672
f 1680 1682 1672
f 1672 1682 1674
f 1682 1684 1674
f 1674 1684 1685
f 1684 1718 1685
f 1685 1718 1832
f 1718 1719 1832
f 1832 1719 1834
f 1719 1863 1834
f 1834 1863 1836
f 1863 1861 1836
f 1836 1861 1838
f 1861 1859 1838
f 1838 1859 1840
f 1859 1857 1840
f 1840 1857 1893
f 1857 1855 1893
f 1893 1855 1873
f 1855 1853 1873
f 1873 1853 1871
f 1853 1852 1871
f 1871 1852 1869
f 1852 1865 1869
f 1869 1865 1937
f 1865 1866 1937
f 1937 1866 1935
f 1866 1867 1935
f 1935 1867 1933
f 1867 1868 1933
f 1933 1868 1118
f 1868 777 1118
f 1118 777 775
f 1439 1431 1440
f 1431 1433 1440
f 1440 1433 1527
f 1433 1435 1527
f 1527 1435 1956
f 1435 1428 1956
f 1956 1428 1579
f 1428 1427 1579
f 1579 1427 1578
f 1427 1418 1578
f 1578 1418 1576
f 1418 1582 1576
f 1576 1582 1574
f 1582 1581 1574
f 1574 1581 1561
f 1581 1580 1561
f 1561 1580 1560
f 1580 1567 1560
f 1560 1567 1559
f 1567 1565 1559
f 1559 1565 1558
f 1565 1563 1558
f 1558 1563 1557
f 1563 1562 1557
f 1557 1562 1556
f 1562 1552 1556
f 1556 1552 1555
f 1552 1550 1555
f 1555 1550 1554
f 1550 1548 1554
f 1554 1548 1536
f 1548 1546 1536
f 1536 1546 1537
f 1546 1544 1537
f 1537 1544 1529
f 1544 1011 1529
f 1529 1011 1530
f 1011 1006 1530
f 1530 1006 1532
f 1006 1005 1532
f 1532 1005 1534
f 1005 1004 1534
f 1534 1004 1976
f 1004 1594 1976
f 1976 1594 1975
f 1594 1592 1975
f 1975 1592 1974
f 1592 1590 1974
f 1974 1590 1973
f 1590 1588 1973
f 1973 1588 1972
f 1588 1584 1972
f 1972 1584 1971
f 1584 1585 1971
f 1971 1585 1970
f 1585 1267 1970
f 1970 1267 1969
f 1267 1269 1969
f 1969 1269 1968
f 1269 1273 1968
f 1968 1273 1264
f 1273 1275 1264
f 1264 1275 1266
f 1978 1979 1980
f 1978 1980 1981
f 1982 1983 1980
f 1983 1984 1980
f 1980 1984 1981
f 1985 1986 1980
f 1986 1987 1980
f 1980 1987 1982
f 1988 1989 1980
f 1989 1990 1980
f 1980 1990 1985
f 1991 1992 1980
f 1992 1993 1980
f 1980 1993 1988
f 1994 1995 1980
f 1995 1996 1980
f 1980 1996 1991
f 1997 1998 1980
f 1998 1999 1980
f 1980 1999 1994
f 2000 2001 1980
f 2001 2002 1980
f 1980 2002 1997
f 2003 2004 1980
f 2004 2005 1980
f 1980 2005 2000
f 2006 2007 1980
f 2007 2008 1980
f 1980 2008 2003
f 2009 2010 1980
f 2010 2011 1980
f 1980 2011 2006
f 2012 2013 1980
f 2013 2014 1980
f 1980 2014 2009
f 2015 2016 1980
f 2016 2017 1980
f 1980 2017 2012
f 1979 2018 1980
f 2018 2019 1980
f 1980 2019 2015
f 2020 2021 2022
f 2023 2024 2022
f 2024 2025 2022
f 2022 2025 2020
f 2026 2027 2022
f 2027 2028 2022
f 2022 2028 2023
f 2029 2030 2022
f 2030 2031 2022
f 2022 2031 2026
f 2032 2033 2022
f 2033 2034 2022
f 2022 2034 2029
f 2035 2036 2022
f 2036 2037 2022
f 2022 2037 2032
f 2038 2039 2022
f 2039 2040 2022
f 2022 2040 2035
f 2041 2042 2022
f 2042 2043 2022
f 2022 2043 2038
f 2044 2045 2022
f 2045 2046 2022
f 2022 2046 2041
f 2047 2048 2022
f 2048 2049 2022
f 2022 2049 2044
f 2050 2051 2022
f 2051 2052 2022
f 2022 2052 2047
f 2053 2054 2022
f 2054 2055 2022
f 2022 2055 2050
f 2056 2057 2022
f 2057 2058 2022
f 2022 2058 2053
f 2021 2059 2022
f 2059 2060 2022
f 2022 2060 2056
f 2061 2062 2063
f 2064 2065 2066
f 2067 2068 2069
f 2070 2071 2072
f 2073 2074 2075
f 2076 2077 2078
f 2079 2080 2081
f 2082 2083 2084
f 2085 2084 2086
f 2087 2088 2089
f 2090 2091 2092
f 2093 2094 2095
f 2096 2097 2098
f 2099 2100 2101
f 2102 2103 2104
f 2105 2106 2107
f 2108 2109 2110
f 2101 2100 2111
f 2112 2113 2114
f 2115 2116 2117
f 2118 2119 2120
f 2121 2122 2123
f 2071 2070 2124
f 2125 2126 2127
f 2128 2097 2129
f 2130 2131 2132
f 2132 2131 2133
f 2134 2135 2136
f 1033 1434 2137
f 2137 1434 1432
f 927 926 2138
f 751 750 2139
f 881 880 2140
f 872 2124 756
f 760 759 2141
f 860 859 2142
f 857 858 2143
f 836 835 2144
f 2144 835 834
f 832 830 2145
f 1137 2146 2147
f 2148 2149 1145
f 1148 1151 2150
f 1160 1159 2151
f 1092 1162 2152
f 2152 1162 1164
f 1166 2153 1167
f 2154 2155 2156
f 2157 2158 2159
f 2159 2158 2160
f 2161 2162 2163
f 2164 2165 2166
f 2167 2168 2169
f 2170 2171 2172
f 2173 2174 2175
f 2176 2177 2178
f 2179 2180 2181
f 2180 2182 2183
f 2182 2184 2183
f 2183 2184 2185
f 2184 2186 2185
f 2179 2187 2180
f 2187 2188 2180
f 2180 2188 2182
f 2189 2190 2191
f 2192 2193 2189
f 2193 2194 2189
f 2189 2194 2190
f 2195 2196 2197
f 2196 2198 2197
f 2199 2200 2201
f 2200 2202 2201
f 2174 2203 2175
f 2203 2204 2175
f 2175 2204 2201
f 2204 2205 2201
f 2201 2205 2199
f 2206 2207 2208
f 2207 2209 2208
f 2208 2209 2210
f 2209 2211 2210
f 2210 2211 2212
f 2212 2213 2210
f 2213 2214 2210
f 2210 2214 2215
f 2216 2217 2218
f 2216 2218 2208
f 2218 2219 2208
f 2208 2219 2206
f 2220 2221 2222
f 2220 2222 2216
f 2222 2223 2216
f 2216 2223 2217
f 2221 2220 2224
f 2220 2225 2224
f 2224 2225 2226
f 2227 2228 2229
f 2228 2230 2229
f 2229 2230 2225
f 2230 2231 2225
f 2225 2231 2226
f 2171 2232 2233
f 2232 2234 2233
f 2233 2234 2235
f 2168 2170 2169
f 2170 2233 2169
f 2169 2233 2229
f 2233 2235 2229
f 2229 2235 2227
f 2166 2236 2237
f 2236 2238 2237
f 2237 2238 2239
f 2239 2240 2237
f 2240 2241 2237
f 2237 2241 2242
f 2165 2243 2166
f 2243 2244 2166
f 2166 2244 2236
f 2244 2245 2236
f 2236 2245 2238
f 2246 2247 2248
f 2247 2249 2248
f 2250 2251 2080
f 2252 2253 2079
f 2253 2254 2079
f 2079 2254 2080
f 2254 2255 2080
f 2080 2255 2250
f 2252 2079 2256
f 2079 2257 2256
f 2256 2257 2258
f 2259 2157 2260
f 2157 2159 2260
f 2260 2159 2257
f 2159 2160 2257
f 2257 2160 2258
f 2261 2262 2263
f 2262 2264 2263
f 2265 2266 2260
f 2266 2267 2260
f 2260 2267 2259
f 2268 2269 2270
f 2269 2271 2270
f 2272 2089 2273
f 2089 2088 2273
f 2273 2088 2274
f 2088 2275 2274
f 2276 2277 2087
f 2277 2278 2087
f 2087 2278 2088
f 2278 2279 2088
f 2088 2279 2275
f 2280 2281 2282
f 2281 2283 2282
f 2284 2285 2286
f 2285 2287 2286
f 2288 2289 2290
f 2289 2291 2290
f 2290 2291 2292
f 2293 2294 2295
f 2296 2297 2298
f 2299 2300 2293
f 2300 2301 2293
f 2293 2301 2294
f 2297 2296 2302
f 2296 2303 2302
f 2302 2303 2304
f 2305 2306 2307
f 2306 2308 2307
f 2155 2309 2156
f 2309 2310 2156
f 2156 2310 2306
f 2310 2311 2306
f 2306 2311 2308
f 2312 2313 2314
f 2313 2315 2314
f 2314 2315 2316
f 2315 2317 2316
f 2316 2317 2318
f 2317 2319 2318
f 2318 2319 2320
f 2321 1084 2322
f 1177 2323 2316
f 2323 2321 2316
f 2316 2321 2314
f 2321 2322 2314
f 2314 2322 2312
f 1171 1174 2324
f 1174 1176 2324
f 2324 1176 2325
f 1176 1177 2325
f 2326 1172 1171
f 1086 1169 2327
f 2153 1166 2327
f 1166 1087 2327
f 2327 1087 1086
f 1091 1090 2093
f 1090 1165 2093
f 2093 1165 2094
f 1165 1168 2094
f 1159 1158 2151
f 1158 1093 2151
f 2151 1093 2328
f 1095 1659 2329
f 1659 1157 2329
f 2329 1157 2090
f 1157 1156 2090
f 2090 1156 2091
f 1156 1161 2091
f 2091 1161 2092
f 2330 1098 1096
f 1150 1152 2331
f 1152 1153 2331
f 1146 1148 2332
f 2333 1139 2334
f 1139 1145 2334
f 823 1137 2335
f 766 765 2335
f 765 824 2335
f 2335 824 823
f 826 2336 827
f 2336 828 827
f 830 829 2337
f 829 763 2337
f 2337 763 762
f 832 2145 833
f 838 836 2338
f 836 2144 2338
f 2338 2144 2145
f 2144 834 2145
f 2145 834 833
f 842 841 2339
f 841 840 2339
f 2339 840 839
f 851 850 2340
f 850 848 2340
f 848 847 2340
f 847 846 2340
f 2340 846 2341
f 846 845 2341
f 2341 845 843
f 858 854 2342
f 854 853 2342
f 2342 853 852
f 857 2143 855
f 2143 2343 855
f 855 2343 859
f 2344 863 2142
f 863 861 2142
f 2142 861 860
f 759 862 2141
f 862 865 2141
f 2141 865 2344
f 865 864 2344
f 2344 864 863
f 869 867 2345
f 867 866 2345
f 2345 866 2346
f 870 2072 871
f 2072 2071 871
f 871 2071 873
f 2071 874 873
f 2124 872 2071
f 872 875 2071
f 2071 875 874
f 880 879 2140
f 879 877 2140
f 2140 877 2347
f 877 876 2347
f 2347 876 757
f 2348 884 883
f 885 2349 887
f 2349 2350 887
f 887 2350 888
f 892 891 2351
f 891 890 2351
f 2351 890 889
f 900 899 2352
f 899 898 2352
f 2352 898 2353
f 898 896 2353
f 2353 896 895
f 900 2352 897
f 2352 2120 897
f 897 2120 753
f 750 903 2139
f 903 902 2139
f 2139 902 2354
f 902 901 2354
f 2354 901 754
f 904 2355 905
f 2355 2356 905
f 905 2356 906
f 906 2356 747
f 2356 2357 747
f 747 2357 748
f 911 910 2358
f 910 908 2358
f 2358 908 2357
f 908 907 2357
f 2357 907 748
f 912 2359 913
f 2359 2360 913
f 913 2360 914
f 920 918 2361
f 918 916 2361
f 2361 916 2360
f 916 915 2360
f 2360 915 914
f 2362 922 921
f 923 2109 924
f 2109 2108 924
f 924 2108 925
f 2108 2363 925
f 926 745 2138
f 745 744 2138
f 2138 744 2363
f 744 919 2363
f 2363 919 925
f 2364 930 2365
f 930 929 2365
f 2366 1107 2367
f 1107 935 2367
f 933 932 2364
f 932 931 2364
f 2364 931 930
f 2366 2367 1436
f 2367 2368 1436
f 1436 2368 1437
f 1439 2369 1431
f 2369 2105 1431
f 1430 1036 2370
f 1036 1034 2370
f 2370 1034 2107
f 2371 2372 2373
f 2372 1420 2373
f 1425 1423 2372
f 1423 1421 2372
f 2372 1421 1420
f 2374 1419 1426
f 1419 2375 1417
f 2375 2376 1417
f 1417 2376 1412
f 1410 1409 2377
f 1409 1415 2377
f 1415 1413 2377
f 2377 1413 2378
f 1413 1412 2378
f 2379 2380 1406
f 2380 1407 1406
f 2381 2382 2383
f 2382 2384 2383
f 2383 2384 2380
f 2384 2385 2380
f 2380 2385 2386
f 1407 2380 1408
f 2380 2386 1408
f 1408 2386 1403
f 2387 2388 2389
f 2388 2390 2389
f 2389 2390 2383
f 2390 2391 2383
f 2383 2391 2381
f 2387 2389 2392
f 2389 2393 2392
f 2392 2393 2394
f 2395 2396 2397
f 2396 2398 2397
f 2398 2399 2397
f 2399 2400 2397
f 2397 2400 2393
f 2400 2401 2393
f 2393 2401 2394
f 2395 2397 2402
f 2397 2403 2402
f 2402 2403 2404
f 2405 2406 2407
f 2406 2408 2407
f 2409 2410 2411
f 2410 2412 2411
f 2135 2413 2136
f 2413 2414 2136
f 2136 2414 2410
f 2414 2415 2410
f 2410 2415 2412
f 2102 2416 2134
f 2417 2418 2419
f 2417 2419 2420
f 2421 2422 2423
f 2422 2424 2423
f 2421 2423 2425
f 2423 2426 2425
f 2425 2426 2427
f 2428 2429 2430
f 2429 2431 2430
f 2430 2431 2432
f 2433 2434 2428
f 2434 2435 2428
f 2428 2435 2429
f 2435 2436 2429
f 2429 2436 2431
f 2437 2438 2439
f 2438 2440 2439
f 2439 2440 2441
f 2442 2443 2444
f 2443 2445 2444
f 2444 2445 2446
f 2097 2128 2098
f 2128 2447 2098
f 2098 2447 2448
f 2129 2097 2449
f 2097 2096 2449
f 2449 2096 2450
f 2096 2451 2450
f 2450 2451 2452
f 2453 2454 2455
f 2454 2456 2455
f 2125 2127 2457
f 2457 2127 2458
f 2127 2459 2458
f 2458 2459 2460
f 2460 2461 2462
f 2461 2463 2462
f 2463 2461 2464
f 2461 2181 2464
f 2464 2181 2465
f 2466 2467 2468
f 2467 2469 2468
f 2470 2469 2471
f 2469 2467 2471
f 2471 2467 2472
f 2467 2473 2472
f 2472 2473 2474
f 2473 2475 2474
f 883 882 2348
f 882 881 2348
f 2348 881 2476
f 881 2140 2476
f 2476 2140 2477
f 2140 2347 2477
f 2477 2347 2478
f 2478 2479 2477
f 2479 2480 2477
f 2477 2480 2476
f 2480 2349 2476
f 2476 2349 2348
f 2349 885 2348
f 2348 885 884
f 2481 2121 2482
f 2121 2123 2482
f 2482 2123 2483
f 2123 2484 2483
f 2483 2484 2485
f 2481 2486 2121
f 2486 2487 2121
f 2121 2487 2122
f 2487 2488 2122
f 2489 2485 2490
f 2485 2484 2490
f 2490 2484 2491
f 2484 2123 2491
f 2491 2123 2492
f 2123 2122 2492
f 2492 2122 2493
f 2122 2488 2493
f 2493 2488 2494
f 2486 2118 2487
f 2118 2120 2487
f 2487 2120 2488
f 2120 2352 2488
f 2488 2352 2494
f 2352 2353 2494
f 2494 2353 894
f 2353 895 894
f 904 751 2355
f 751 2139 2355
f 2355 2139 2495
f 2139 2496 2495
f 2118 2496 2119
f 2496 2139 2119
f 2119 2139 2120
f 2139 2354 2120
f 2120 2354 753
f 2354 754 753
f 2497 2498 2499
f 2498 2500 2499
f 2499 2500 2501
f 2500 2502 2501
f 2501 2502 2503
f 2502 2504 2503
f 2503 2504 2505
f 2506 2504 2507
f 2504 2502 2507
f 2507 2502 2508
f 2502 2500 2508
f 2508 2500 2509
f 2500 2498 2509
f 2510 2511 2512
f 2513 2514 2515
f 2514 2516 2515
f 2515 2516 2517
f 2518 2513 2519
f 2513 2515 2519
f 2519 2515 2520
f 2515 2517 2520
f 2520 2517 2521
f 2522 2523 2524
f 2523 2525 2524
f 2505 2504 2510
f 2504 2506 2510
f 2510 2506 2511
f 2506 2526 2511
f 2511 2526 2527
f 2526 2528 2527
f 2527 2528 2529
f 2528 2530 2529
f 2529 2530 2531
f 2530 2532 2533
f 2116 2518 2117
f 2518 2519 2117
f 2117 2519 2534
f 2519 2520 2534
f 2534 2520 2535
f 2520 2521 2535
f 2535 2521 2536
f 2357 2537 2358
f 2537 2538 2358
f 2358 2538 2539
f 923 922 2109
f 922 2362 2109
f 2109 2362 2110
f 2362 2539 2110
f 2110 2539 2540
f 2539 2538 2540
f 912 911 2359
f 911 2358 2359
f 2359 2358 2360
f 2358 2539 2360
f 2360 2539 2361
f 2539 2362 2361
f 2361 2362 920
f 2362 921 920
f 2512 2541 2542
f 2541 2543 2542
f 2542 2543 2544
f 2543 2545 2544
f 2544 2545 2546
f 2545 2547 2546
f 2546 2547 2548
f 2547 2549 2550
f 2516 2551 2517
f 2551 2552 2517
f 2517 2552 2521
f 2552 2553 2521
f 2521 2553 2536
f 2553 2554 2536
f 2536 2554 2555
f 2554 2556 2555
f 2555 2556 2114
f 2556 2111 2114
f 2114 2111 2112
f 2111 2100 2112
f 2115 2117 2557
f 2117 2534 2557
f 2557 2534 2558
f 2534 2535 2558
f 2558 2535 2559
f 2535 2536 2559
f 2559 2536 2560
f 2536 2555 2560
f 2560 2555 2561
f 2555 2114 2561
f 2561 2114 2562
f 2114 2113 2562
f 2562 2113 2563
f 2547 2550 2548
f 2550 2564 2548
f 2548 2564 2565
f 2540 2566 2110
f 2566 2567 2110
f 2110 2567 2108
f 2567 2568 2108
f 2108 2568 2363
f 2568 2569 2363
f 2363 2569 2138
f 1034 1033 2107
f 1033 2137 2107
f 2107 2137 2105
f 2137 1432 2105
f 2105 1432 1431
f 1439 1437 2369
f 1437 2368 2369
f 2369 2368 2105
f 2368 2570 2105
f 2105 2570 2106
f 2570 2571 2106
f 935 933 2367
f 933 2364 2367
f 2367 2364 2368
f 2364 2365 2368
f 2368 2365 2570
f 2365 2572 2570
f 2570 2572 2571
f 2530 2533 2531
f 2533 2573 2531
f 2531 2573 2574
f 2512 2511 2541
f 2511 2527 2541
f 2541 2527 2543
f 2527 2529 2543
f 2543 2529 2545
f 2529 2531 2545
f 2545 2531 2547
f 2531 2574 2547
f 2547 2574 2549
f 2575 2576 2577
f 2575 2577 2578
f 2577 2579 2578
f 2578 2579 2580
f 2579 2581 2580
f 2580 2581 2582
f 2581 2583 2582
f 2582 2583 2584
f 2576 2585 2577
f 2585 2586 2577
f 2577 2586 2579
f 2586 2587 2579
f 2579 2587 2581
f 2587 2588 2581
f 2581 2588 2583
f 2589 2590 2591
f 2590 2592 2591
f 2523 2592 2525
f 2592 2590 2525
f 2525 2590 2593
f 2590 2589 2593
f 2593 2589 2594
f 2576 2595 2585
f 2595 2596 2585
f 2585 2596 2586
f 2596 2597 2586
f 2586 2597 2587
f 2597 2598 2587
f 2587 2598 2588
f 2598 2599 2588
f 2588 2599 2600
f 2601 2602 2599
f 2602 2603 2599
f 2599 2603 2600
f 2595 2604 2596
f 2604 2605 2596
f 2596 2605 2597
f 2605 2606 2597
f 2597 2606 2598
f 2606 2607 2598
f 2598 2607 2599
f 2607 2608 2599
f 2599 2608 2601
f 2608 2609 2601
f 2601 2609 2610
f 2604 2403 2605
f 2403 2397 2605
f 2605 2397 2606
f 2397 2393 2606
f 2606 2393 2607
f 2393 2389 2607
f 2607 2389 2608
f 2389 2383 2608
f 2608 2383 2609
f 2383 2380 2609
f 2609 2380 2611
f 2380 2379 2611
f 2611 2379 1404
f 1404 1410 2611
f 1410 2377 2611
f 2611 2377 2609
f 2377 2612 2609
f 2609 2612 2610
f 1420 2613 2373
f 2613 2614 2373
f 2373 2614 2371
f 2614 2565 2371
f 2371 2565 2615
f 2565 2564 2615
f 2615 2564 2616
f 2564 2550 2616
f 2616 2550 2617
f 2550 2549 2617
f 2617 2549 2618
f 2549 2574 2618
f 2618 2574 2619
f 2574 2573 2619
f 2619 2573 2620
f 2573 2533 2620
f 2620 2533 2621
f 2533 2532 2621
f 1412 2376 2378
f 2376 2622 2378
f 2378 2622 2377
f 2622 2623 2377
f 2623 2624 2377
f 2377 2624 2612
f 2624 2625 2612
f 2612 2625 2610
f 2625 2626 2610
f 2610 2626 2601
f 2626 2627 2601
f 2601 2627 2602
f 2572 2563 2571
f 2563 2113 2571
f 2571 2113 2106
f 2113 2112 2106
f 2106 2112 2107
f 2112 2100 2107
f 2107 2100 2370
f 2100 2099 2370
f 2370 2099 1430
f 2099 1583 1430
f 2514 2505 2516
f 2505 2510 2516
f 2516 2510 2551
f 2510 2512 2551
f 2551 2512 2552
f 2512 2542 2552
f 2552 2542 2553
f 2542 2544 2553
f 2553 2544 2554
f 2544 2546 2554
f 2554 2546 2556
f 2546 2548 2556
f 2556 2548 2111
f 2548 2565 2111
f 2111 2565 2101
f 2565 2628 2101
f 2101 2628 2099
f 2628 2613 2099
f 2099 2613 1583
f 2613 1420 1583
f 2629 2630 2631
f 2630 2632 2631
f 2633 2634 2631
f 2634 2635 2631
f 2631 2635 2629
f 2636 2637 2638
f 2637 2639 2638
f 2638 2639 2640
f 2639 2641 2640
f 2640 2641 2642
f 2641 2643 2642
f 2642 2643 2104
f 2643 2419 2104
f 2104 2419 2102
f 2419 2418 2102
f 2102 2418 2416
f 2134 2136 2102
f 2136 2410 2102
f 2102 2410 2103
f 2410 2644 2103
f 2103 2644 2104
f 2644 2645 2104
f 2104 2645 2642
f 2645 2646 2642
f 2642 2646 2640
f 2646 2647 2640
f 2640 2647 2638
f 2647 2648 2638
f 2638 2648 2636
f 2649 2631 2650
f 2631 2632 2650
f 2650 2632 2651
f 2183 2475 2180
f 2475 2473 2180
f 2180 2473 2181
f 2473 2467 2181
f 2181 2467 2465
f 2467 2466 2465
f 2460 2459 2461
f 2459 2178 2461
f 2461 2178 2181
f 2178 2177 2181
f 2181 2177 2179
f 2126 2652 2127
f 2652 2189 2127
f 2127 2189 2459
f 2189 2191 2459
f 2459 2191 2178
f 2191 2653 2178
f 2178 2653 2176
f 2453 2654 2454
f 2654 2652 2454
f 2454 2652 2456
f 2652 2126 2456
f 2192 2189 2198
f 2189 2652 2198
f 2198 2652 2197
f 2652 2654 2197
f 2197 2654 2655
f 2651 2656 2650
f 2656 2657 2650
f 2650 2657 2649
f 2657 2658 2649
f 2210 2651 2208
f 2651 2632 2208
f 2208 2632 2216
f 2632 2630 2216
f 2216 2630 2220
f 2630 2629 2220
f 2220 2629 2225
f 2629 2635 2225
f 2225 2635 2229
f 2214 2173 2215
f 2173 2175 2215
f 2215 2175 2659
f 2175 2201 2659
f 2659 2201 2655
f 2201 2202 2655
f 2655 2202 2197
f 2202 2660 2197
f 2197 2660 2195
f 2441 2661 2439
f 2661 2446 2439
f 2439 2446 2437
f 2446 2445 2437
f 2448 2442 2098
f 2442 2444 2098
f 2098 2444 2662
f 2444 2446 2662
f 2662 2446 2663
f 2446 2661 2663
f 2432 2130 2430
f 2130 2132 2430
f 2430 2132 2426
f 2132 2133 2426
f 2426 2133 2427
f 2440 2433 2441
f 2433 2428 2441
f 2441 2428 2664
f 2428 2430 2664
f 2664 2430 2665
f 2430 2426 2665
f 2453 2452 2654
f 2452 2451 2654
f 2654 2451 2655
f 2451 2096 2655
f 2655 2096 2659
f 2096 2098 2659
f 2659 2098 2215
f 2098 2662 2215
f 2215 2662 2210
f 2662 2663 2210
f 2210 2663 2651
f 2663 2661 2651
f 2651 2661 2656
f 2661 2441 2656
f 2656 2441 2657
f 2441 2664 2657
f 2657 2664 2658
f 2664 2665 2658
f 2424 2420 2423
f 2420 2419 2423
f 2423 2419 2426
f 2419 2643 2426
f 2426 2643 2665
f 2643 2641 2665
f 2665 2641 2658
f 2641 2639 2658
f 2658 2639 2649
f 2639 2637 2649
f 2649 2637 2631
f 2637 2636 2631
f 2631 2636 2633
f 2636 2648 2633
f 1177 2316 2325
f 2316 2318 2325
f 2325 2318 2666
f 2320 2154 2318
f 2154 2156 2318
f 2318 2156 2666
f 2156 2306 2666
f 2666 2306 2303
f 2306 2305 2303
f 2303 2305 2304
f 1171 2324 2326
f 2324 2325 2326
f 2326 2325 2667
f 2325 2666 2667
f 2667 2666 2668
f 2666 2303 2668
f 2668 2303 2669
f 2303 2296 2669
f 2669 2296 2299
f 2296 2298 2299
f 2299 2298 2300
f 1093 1092 2328
f 1092 2152 2328
f 2328 2152 2093
f 2152 1164 2093
f 2093 1164 1091
f 2293 2670 2299
f 2670 2671 2299
f 2299 2671 2669
f 2671 2672 2669
f 2669 2672 2668
f 2672 2673 2668
f 2668 2673 2667
f 2673 2327 2667
f 2667 2327 2326
f 2327 1169 2326
f 2326 1169 1172
f 2674 2675 2676
f 2675 2677 2676
f 2676 2677 2678
f 2095 2679 2093
f 2679 2680 2093
f 2093 2680 2328
f 2680 2681 2328
f 2328 2681 2151
f 2681 2092 2151
f 2151 2092 1160
f 2092 1161 1160
f 2679 2682 2680
f 2682 2683 2680
f 2680 2683 2681
f 2683 2684 2681
f 2681 2684 2092
f 2684 2685 2092
f 2092 2685 2090
f 2685 2686 2090
f 2090 2686 2329
f 2686 2687 2329
f 2329 2687 2688
f 2687 2689 2688
f 2682 2690 2683
f 2690 2691 2683
f 2683 2691 2684
f 2691 2692 2684
f 2684 2692 2685
f 2692 2693 2685
f 2685 2693 2686
f 2693 2694 2686
f 2686 2694 2687
f 2694 2695 2687
f 2687 2695 2689
f 2695 2696 2689
f 2690 2697 2691
f 2697 2698 2691
f 2691 2698 2692
f 2698 2699 2692
f 2692 2699 2693
f 2699 2700 2693
f 2693 2700 2694
f 2700 2701 2694
f 2694 2701 2695
f 2701 2702 2695
f 2695 2702 2696
f 2702 2703 2696
f 2704 2705 2706
f 2705 2707 2706
f 2706 2707 2674
f 2707 2708 2674
f 2674 2708 2675
f 2704 2709 2705
f 2709 2710 2705
f 2705 2710 2707
f 2710 2711 2707
f 2707 2711 2708
f 2711 2712 2708
f 2708 2712 2675
f 2712 2713 2675
f 2675 2713 2677
f 2713 2714 2677
f 2677 2714 2678
f 2714 2715 2678
f 2716 2717 2718
f 2717 2719 2718
f 2718 2719 2704
f 2719 2720 2704
f 2704 2720 2709
f 2264 2265 2263
f 2265 2260 2263
f 2263 2260 2721
f 2260 2257 2721
f 2721 2257 2722
f 2257 2079 2722
f 2295 2288 2293
f 2288 2290 2293
f 2293 2290 2723
f 2290 2724 2723
f 2723 2724 2725
f 2724 2726 2725
f 2725 2726 2727
f 2726 2728 2727
f 2727 2728 2729
f 2728 2730 2729
f 2729 2730 2731
f 2730 2732 2731
f 2731 2732 2733
f 2732 2734 2733
f 2733 2734 2735
f 2249 2164 2248
f 2164 2166 2248
f 2248 2166 2736
f 2166 2237 2736
f 2736 2237 2737
f 2237 2242 2737
f 2737 2242 2169
f 2242 2738 2169
f 2169 2738 2167
f 2287 2280 2286
f 2280 2282 2286
f 2286 2282 2739
f 2282 2740 2739
f 2739 2740 2741
f 2740 2742 2741
f 2741 2742 2743
f 2742 2744 2743
f 2743 2744 2745
f 2744 2746 2745
f 2745 2746 2747
f 2746 2748 2747
f 2747 2748 2749
f 2748 2750 2749
f 2749 2750 2751
f 825 828 2752
f 828 2336 2752
f 2752 2336 2335
f 2336 826 2335
f 2335 826 766
f 2148 1146 2149
f 1146 2332 2149
f 2149 2332 2753
f 2332 2754 2753
f 2753 2754 2755
f 2754 2756 2755
f 2755 2756 2757
f 2756 2758 2757
f 2757 2758 2759
f 1145 2149 2334
f 2149 2760 2334
f 2334 2760 2761
f 2760 2755 2761
f 2761 2755 2762
f 2755 2757 2762
f 2762 2757 2763
f 2757 2759 2763
f 2763 2759 2764
f 843 842 2765
f 842 2339 2765
f 2765 2339 2338
f 2339 839 2338
f 2338 839 838
f 1148 2150 2332
f 2150 2766 2332
f 2332 2766 2754
f 2766 2767 2754
f 2754 2767 2756
f 2767 2768 2756
f 2756 2768 2758
f 2768 2769 2758
f 2758 2769 2759
f 2769 2770 2759
f 2759 2770 2764
f 2770 2771 2764
f 2764 2771 2772
f 2771 2773 2772
f 2772 2773 2774
f 830 2337 2145
f 2337 2775 2145
f 2145 2775 2338
f 2775 2776 2338
f 2338 2776 2765
f 2776 2777 2765
f 2765 2777 2778
f 2777 2779 2778
f 2778 2779 2780
f 843 2765 2341
f 2765 2778 2341
f 2341 2778 2340
f 2778 2780 2340
f 2340 2780 851
f 2146 2333 2147
f 2333 2334 2147
f 2147 2334 2781
f 2334 2761 2781
f 2781 2761 2782
f 2761 2762 2782
f 2782 2762 2783
f 2762 2763 2783
f 2783 2763 2784
f 2763 2764 2784
f 2784 2764 2785
f 2764 2772 2785
f 2785 2772 2786
f 2772 2774 2786
f 2786 2774 2787
f 1151 1150 2150
f 1150 2331 2150
f 2150 2331 2766
f 2331 2788 2766
f 2766 2788 2767
f 2788 2789 2767
f 2767 2789 2768
f 2789 2790 2768
f 2768 2790 2769
f 2790 2791 2769
f 2769 2791 2770
f 2791 2792 2770
f 2770 2792 2771
f 2792 2793 2771
f 2771 2793 2773
f 2697 2794 2698
f 2794 2795 2698
f 2698 2795 2699
f 2795 2796 2699
f 2699 2796 2700
f 2796 2797 2700
f 2700 2797 2701
f 2797 2798 2701
f 2701 2798 2702
f 2798 2799 2702
f 2702 2799 2703
f 2799 2800 2703
f 2801 2800 2802
f 2800 2799 2802
f 2802 2799 2803
f 2799 2798 2803
f 2803 2798 2804
f 2798 2797 2804
f 2804 2797 2805
f 2797 2796 2805
f 2805 2796 2806
f 2796 2795 2806
f 2806 2795 2807
f 2795 2794 2807
f 2808 2715 2809
f 2715 2714 2809
f 2809 2714 2810
f 2714 2713 2810
f 2810 2713 2811
f 2713 2712 2811
f 2811 2712 2812
f 2712 2711 2812
f 2812 2711 2813
f 2711 2710 2813
f 2813 2710 2814
f 2710 2709 2814
f 2814 2709 2815
f 2709 2720 2815
f 2815 2720 2816
f 2720 2719 2816
f 2816 2719 2817
f 2719 2717 2817
f 2817 2717 2818
f 2717 2716 2818
f 2818 2716 2819
f 2716 2820 2819
f 2074 2073 2820
f 2821 2808 2822
f 2808 2809 2822
f 2822 2809 2823
f 2809 2810 2823
f 2823 2810 2824
f 2810 2811 2824
f 2824 2811 2825
f 2811 2812 2825
f 2825 2812 2826
f 2812 2813 2826
f 2826 2813 2827
f 2813 2814 2827
f 2827 2814 2828
f 2814 2815 2828
f 2828 2815 2829
f 2815 2816 2829
f 2829 2816 2830
f 2816 2817 2830
f 2830 2817 2831
f 2817 2818 2831
f 2831 2818 2832
f 2818 2819 2832
f 2832 2819 2833
f 2819 2820 2833
f 2833 2820 2834
f 2820 2073 2834
f 2076 2835 2077
f 2835 2836 2077
f 2077 2836 2078
f 2836 2837 2078
f 2837 2838 2078
f 2078 2838 2839
f 2838 2840 2839
f 2839 2840 2801
f 2840 2841 2801
f 2801 2841 2800
f 2841 2842 2800
f 2800 2842 2703
f 2842 2843 2703
f 2703 2843 2696
f 2843 2844 2696
f 2696 2844 2689
f 2844 2845 2689
f 2689 2845 2688
f 2845 2330 2688
f 2688 2330 2329
f 2330 1096 2329
f 2329 1096 1095
f 2835 2787 2836
f 2787 2774 2836
f 2836 2774 2837
f 2774 2773 2837
f 2837 2773 2838
f 2773 2793 2838
f 2838 2793 2840
f 2793 2792 2840
f 2840 2792 2841
f 2792 2791 2841
f 2841 2791 2842
f 2791 2790 2842
f 2842 2790 2843
f 2790 2789 2843
f 2843 2789 2844
f 2789 2788 2844
f 2844 2788 2845
f 2788 2331 2845
f 2845 2331 2330
f 2331 1153 2330
f 2330 1153 1098
f 2716 2846 2820
f 2846 2847 2820
f 2820 2847 2074
f 2847 2848 2074
f 2074 2848 2075
f 2848 2849 2075
f 2850 2849 2851
f 2849 2848 2851
f 2851 2848 2852
f 2848 2847 2852
f 2852 2847 2853
f 2847 2846 2853
f 2853 2846 2854
f 2846 2716 2854
f 2854 2716 2855
f 2716 2718 2855
f 2856 2780 2857
f 2780 2779 2857
f 2857 2779 2858
f 2779 2777 2858
f 2858 2777 2859
f 2777 2776 2859
f 2859 2776 2860
f 2776 2775 2860
f 2860 2775 2861
f 2775 2337 2861
f 2861 2337 2752
f 2337 762 2752
f 2752 762 825
f 2862 2863 2864
f 2863 2865 2864
f 2864 2865 2856
f 2865 2342 2856
f 2856 2342 2780
f 2342 852 2780
f 2780 852 851
f 2706 2866 2704
f 2866 2867 2704
f 2704 2867 2718
f 2867 2868 2718
f 2718 2868 2855
f 2868 2869 2855
f 2855 2869 2854
f 2869 2870 2854
f 2854 2870 2853
f 2870 2871 2853
f 2853 2871 2852
f 2871 2872 2852
f 2852 2872 2851
f 2872 2873 2851
f 2851 2873 2850
f 2873 2874 2850
f 1137 2147 2335
f 2147 2781 2335
f 2335 2781 2752
f 2781 2782 2752
f 2752 2782 2861
f 2782 2783 2861
f 2861 2783 2860
f 2783 2784 2860
f 2860 2784 2859
f 2784 2785 2859
f 2859 2785 2858
f 2785 2786 2858
f 2858 2786 2857
f 2786 2787 2857
f 2857 2787 2856
f 2787 2835 2856
f 2856 2835 2864
f 2835 2076 2864
f 2864 2076 2862
f 2076 2875 2862
f 2862 2875 2876
f 2875 2877 2876
f 2876 2877 2878
f 2877 2879 2878
f 2878 2879 2880
f 2072 2881 2882
f 2881 2883 2882
f 2142 2884 2344
f 2884 2885 2344
f 2344 2885 2141
f 2885 2346 2141
f 2141 2346 760
f 2346 866 760
f 859 2343 2142
f 2343 2886 2142
f 2142 2886 2884
f 2886 2883 2884
f 2884 2883 2885
f 2883 2881 2885
f 2885 2881 2346
f 2881 2072 2346
f 2346 2072 2345
f 2072 870 2345
f 2345 870 869
f 858 2342 2143
f 2342 2865 2143
f 2143 2865 2343
f 2865 2863 2343
f 2343 2863 2886
f 2863 2862 2886
f 2886 2862 2883
f 2862 2876 2883
f 2883 2876 2882
f 2876 2878 2882
f 2882 2878 2072
f 2878 2880 2072
f 2072 2880 2070
f 2095 2821 2679
f 2821 2822 2679
f 2679 2822 2682
f 2822 2823 2682
f 2682 2823 2690
f 2823 2824 2690
f 2690 2824 2697
f 2824 2825 2697
f 2697 2825 2794
f 2825 2826 2794
f 2794 2826 2807
f 2826 2827 2807
f 2807 2827 2806
f 2827 2828 2806
f 2806 2828 2805
f 2828 2829 2805
f 2805 2829 2804
f 2829 2830 2804
f 2804 2830 2803
f 2830 2831 2803
f 2803 2831 2802
f 2831 2832 2802
f 2802 2832 2801
f 2832 2833 2801
f 2801 2833 2839
f 2833 2834 2839
f 2839 2834 2078
f 2834 2073 2078
f 2078 2073 2076
f 2073 2075 2076
f 2076 2075 2875
f 2075 2849 2875
f 2875 2849 2877
f 2849 2850 2877
f 2877 2850 2879
f 2850 2874 2879
f 2879 2874 2880
f 2887 2888 2889
f 2888 2890 2889
f 2889 2890 2891
f 2890 2892 2891
f 2891 2892 2893
f 2892 2894 2893
f 2893 2894 2895
f 2894 2085 2895
f 2895 2085 2896
f 2085 2086 2896
f 2896 2086 2897
f 2083 2082 2898
f 2082 2899 2898
f 2898 2899 2900
f 2899 2901 2900
f 2900 2901 2902
f 2901 2903 2902
f 2902 2903 2904
f 2905 2906 2907
f 2906 2908 2907
f 2907 2908 2909
f 2904 2910 2902
f 2910 2911 2902
f 2902 2911 2900
f 2911 2912 2900
f 2900 2912 2898
f 2912 2913 2898
f 2898 2913 2083
f 2084 2085 2082
f 2085 2894 2082
f 2082 2894 2899
f 2894 2892 2899
f 2899 2892 2901
f 2892 2890 2901
f 2901 2890 2903
f 2890 2888 2903
f 2903 2888 2904
f 2887 2914 2888
f 2914 2915 2888
f 2888 2915 2904
f 2915 2916 2904
f 2904 2916 2910
f 2916 2908 2910
f 2910 2908 2911
f 2908 2906 2911
f 2911 2906 2912
f 2906 2905 2912
f 2912 2905 2913
f 2917 2918 2919
f 2918 2920 2919
f 2919 2920 2921
f 2251 2922 2080
f 2922 2161 2080
f 2080 2161 2081
f 2161 2163 2081
f 2081 2163 2923
f 2163 2924 2923
f 2923 2924 2925
f 2924 2926 2925
f 2925 2926 2927
f 2926 2928 2927
f 2927 2928 2929
f 2928 2930 2929
f 2929 2930 2931
f 2292 2284 2290
f 2284 2286 2290
f 2290 2286 2724
f 2286 2739 2724
f 2724 2739 2726
f 2739 2741 2726
f 2726 2741 2728
f 2741 2743 2728
f 2728 2743 2730
f 2743 2745 2730
f 2730 2745 2732
f 2745 2747 2732
f 2732 2747 2734
f 2747 2749 2734
f 2734 2749 2735
f 2749 2751 2735
f 2735 2751 2069
f 2751 2932 2069
f 2069 2932 2067
f 2933 2934 2935
f 2934 2936 2935
f 2935 2936 2937
f 2936 2938 2937
f 2937 2938 2939
f 2938 2940 2939
f 2939 2940 2941
f 2940 2942 2941
f 2941 2942 2943
f 2942 2944 2943
f 2943 2944 2945
f 2944 2946 2945
f 2945 2946 2947
f 2062 2068 2063
f 2068 2067 2063
f 2063 2067 2948
f 2271 2261 2270
f 2261 2263 2270
f 2270 2263 2949
f 2263 2721 2949
f 2949 2721 2950
f 2721 2722 2950
f 2950 2722 2933
f 2722 2079 2933
f 2933 2079 2934
f 2079 2081 2934
f 2934 2081 2936
f 2081 2923 2936
f 2936 2923 2938
f 2923 2925 2938
f 2938 2925 2940
f 2925 2927 2940
f 2940 2927 2942
f 2927 2929 2942
f 2942 2929 2944
f 2929 2931 2944
f 2944 2931 2946
f 2065 2064 2951
f 2952 2917 2953
f 2917 2919 2953
f 2953 2919 2954
f 2919 2921 2954
f 2064 2955 2951
f 2955 2956 2951
f 2951 2956 2957
f 2956 2958 2957
f 2957 2958 2478
f 2958 2959 2478
f 2478 2959 2479
f 2959 2960 2479
f 2479 2960 2480
f 2960 2961 2480
f 2480 2961 2349
f 2961 2351 2349
f 2349 2351 2350
f 2351 889 2350
f 2350 889 888
f 2955 2489 2956
f 2489 2490 2956
f 2956 2490 2958
f 2490 2491 2958
f 2958 2491 2959
f 2491 2492 2959
f 2959 2492 2960
f 2492 2493 2960
f 2960 2493 2961
f 2493 2494 2961
f 2961 2494 2351
f 2494 894 2351
f 2351 894 892
f 2283 2276 2282
f 2276 2087 2282
f 2282 2087 2740
f 2087 2089 2740
f 2740 2089 2742
f 2089 2962 2742
f 2742 2962 2744
f 2962 2963 2744
f 2744 2963 2746
f 2963 2964 2746
f 2746 2964 2748
f 2964 2965 2748
f 2748 2965 2750
f 2965 2966 2750
f 2750 2966 2751
f 2966 2967 2751
f 2751 2967 2932
f 2967 2968 2932
f 2932 2968 2067
f 2968 2969 2067
f 2067 2969 2948
f 2969 2970 2948
f 2948 2970 2971
f 2970 2972 2971
f 2971 2972 2973
f 2972 2974 2973
f 2973 2974 2975
f 2408 2404 2407
f 2404 2403 2407
f 2407 2403 2976
f 2403 2604 2976
f 2976 2604 2977
f 2604 2595 2977
f 2977 2595 2978
f 2595 2576 2978
f 2978 2576 2979
f 2576 2575 2979
f 2979 2575 2980
f 2575 2981 2980
f 2980 2981 2982
f 2981 2983 2982
f 2982 2983 2984
f 2983 2985 2984
f 2984 2985 2986
f 2985 2987 2986
f 2986 2987 2061
f 2909 2908 2918
f 2908 2916 2918
f 2918 2916 2920
f 2916 2915 2920
f 2920 2915 2921
f 2915 2914 2921
f 2921 2914 2954
f 2914 2988 2954
f 2954 2988 2953
f 2988 2989 2953
f 2953 2989 2952
f 2989 2990 2952
f 2952 2990 2991
f 2990 2992 2991
f 2991 2992 2497
f 2992 2993 2497
f 2497 2993 2498
f 2993 2994 2498
f 2498 2994 2509
f 2994 2995 2509
f 2509 2995 2508
f 2995 2996 2508
f 2508 2996 2507
f 2996 2997 2507
f 2507 2997 2506
f 2997 2522 2506
f 2506 2522 2526
f 2522 2524 2526
f 2526 2524 2528
f 2524 2525 2528
f 2528 2525 2530
f 2525 2593 2530
f 2530 2593 2532
f 2593 2594 2532
f 2532 2594 2621
f 2061 2063 2986
f 2063 2948 2986
f 2986 2948 2984
f 2948 2971 2984
f 2984 2971 2982
f 2971 2973 2982
f 2982 2973 2980
f 2973 2975 2980
f 2980 2975 2979
f 929 927 2365
f 927 2138 2365
f 2365 2138 2572
f 2138 2569 2572
f 2572 2569 2563
f 2569 2568 2563
f 2563 2568 2562
f 2568 2567 2562
f 2562 2567 2561
f 2567 2566 2561
f 2561 2566 2560
f 2566 2540 2560
f 2560 2540 2559
f 2540 2538 2559
f 2559 2538 2558
f 2538 2537 2558
f 2558 2537 2557
f 2537 2357 2557
f 2557 2357 2115
f 2357 2356 2115
f 2115 2356 2116
f 2356 2355 2116
f 2116 2355 2518
f 2355 2495 2518
f 2518 2495 2513
f 2495 2496 2513
f 2513 2496 2514
f 2496 2118 2514
f 2514 2118 2505
f 2118 2486 2505
f 2505 2486 2503
f 2486 2481 2503
f 2503 2481 2501
f 2481 2482 2501
f 2501 2482 2499
f 2482 2483 2499
f 2499 2483 2497
f 2483 2485 2497
f 2497 2485 2991
f 2485 2489 2991
f 2991 2489 2952
f 2489 2955 2952
f 2952 2955 2917
f 2955 2064 2917
f 2917 2064 2918
f 2064 2066 2918
f 2918 2066 2909
f 2272 2268 2089
f 2268 2270 2089
f 2089 2270 2962
f 2270 2949 2962
f 2962 2949 2963
f 2949 2950 2963
f 2963 2950 2964
f 2950 2933 2964
f 2964 2933 2965
f 2933 2935 2965
f 2965 2935 2966
f 2935 2998 2966
f 2966 2998 2967
f 2998 2939 2967
f 2967 2939 2968
f 2939 2941 2968
f 2968 2941 2969
f 2941 2943 2969
f 2969 2943 2970
f 2943 2945 2970
f 2970 2945 2972
f 2945 2947 2972
f 2972 2947 2974
f 2676 2897 2674
f 2897 2086 2674
f 2674 2086 2706
f 2086 2084 2706
f 2706 2084 2866
f 2084 2083 2866
f 2866 2083 2867
f 2083 2913 2867
f 2867 2913 2868
f 2913 2905 2868
f 2868 2905 2869
f 2905 2907 2869
f 2869 2907 2870
f 2907 2909 2870
f 2870 2909 2871
f 2909 2066 2871
f 2871 2066 2872
f 2066 2065 2872
f 2872 2065 2873
f 2065 2951 2873
f 2873 2951 2874
f 2951 2957 2874
f 2874 2957 2880
f 2957 2478 2880
f 2880 2478 2070
f 2478 2347 2070
f 2070 2347 2124
f 2347 757 2124
f 2124 757 756
f 2162 2246 2163
f 2246 2248 2163
f 2163 2248 2924
f 2248 2736 2924
f 2924 2736 2926
f 2736 2737 2926
f 2926 2737 2928
f 2737 2169 2928
f 2928 2169 2930
f 2169 2229 2930
f 2930 2229 2931
f 2229 2635 2931
f 2931 2635 2946
f 2635 2634 2946
f 2946 2634 2947
f 2634 2633 2947
f 2947 2633 2974
f 2633 2648 2974
f 2974 2648 2975
f 2648 2647 2975
f 2975 2647 2979
f 2647 2646 2979
f 2979 2646 2978
f 2646 2645 2978
f 2978 2645 2977
f 2645 2644 2977
f 2977 2644 2976
f 2644 2410 2976
f 2976 2410 2407
f 2410 2409 2407
f 2407 2409 2405
f 1426 1425 2375
f 1425 2372 2375
f 2375 2372 2376
f 2372 2371 2376
f 2376 2371 2622
f 2371 2615 2622
f 2622 2615 2623
f 2615 2616 2623
f 2623 2616 2624
f 2616 2617 2624
f 2624 2617 2625
f 2617 2618 2625
f 2625 2618 2626
f 2618 2619 2626
f 2626 2619 2627
f 2619 2620 2627
f 2627 2620 2602
f 2620 2621 2602
f 2602 2621 2603
f 2621 2594 2603
f 2603 2594 2600
f 2594 2589 2600
f 2600 2589 2588
f 2589 2591 2588
f 2588 2591 2583
f 2591 2592 2583
f 2583 2592 2584
f 2592 2523 2584
f 2584 2523 2582
f 2523 2522 2582
f 2582 2522 2580
f 2522 2997 2580
f 2580 2997 2578
f 2997 2996 2578
f 2578 2996 2575
f 2996 2995 2575
f 2575 2995 2981
f 2995 2994 2981
f 2981 2994 2983
f 2994 2993 2983
f 2983 2993 2985
f 2993 2992 2985
f 2985 2992 2987
f 2992 2990 2987
f 2987 2990 2061
f 2990 2989 2061
f 2061 2989 2062
f 2989 2988 2062
f 2062 2988 2068
f 2988 2914 2068
f 2068 2914 2069
f 2914 2887 2069
f 2069 2887 2735
f 2887 2889 2735
f 2735 2889 2733
f 2889 2891 2733
f 2733 2891 2731
f 2891 2893 2731
f 2731 2893 2729
f 2893 2895 2729
f 2729 2895 2727
f 2895 2896 2727
f 2727 2896 2725
f 2896 2897 2725
f 2725 2897 2723
f 2897 2676 2723
f 2723 2676 2293
f 2676 2678 2293
f 2293 2678 2670
f 2678 2715 2670
f 2670 2715 2671
f 2715 2808 2671
f 2671 2808 2672
f 2808 2821 2672
f 2672 2821 2673
f 2821 2095 2673
f 2673 2095 2327
f 2095 2094 2327
f 2327 2094 2153
f 2094 1168 2153
f 2153 1168 1167
f 2999 3000 3001
f 3002 3003 3004
f 3005 3006 3007
f 1203 1202 3008
f 1224 3009 3004
f 1246 1245 3010
f 1274 1272 3011
f 3012 3013 3014
f 1322 1321 3015
f 1084 1083 3016
f 1083 3017 3016
f 3016 3017 3018
f 3019 3015 3020
f 3015 3021 3020
f 3020 3021 3022
f 3021 3023 3022
f 3024 3025 3021
f 3025 3026 3021
f 3021 3026 3023
f 1325 1324 3027
f 1324 1059 3027
f 3027 1059 1061
f 1325 3027 3021
f 3027 3028 3021
f 3021 3028 3024
f 3015 1321 3021
f 1321 1320 3021
f 3021 1320 1063
f 1063 1062 3021
f 1062 1617 3021
f 3021 1617 1325
f 1318 1317 3015
f 1317 1618 3015
f 3015 1618 1322
f 3013 1312 3014
f 1312 1311 3014
f 3014 1311 3029
f 1311 3030 3029
f 3029 3030 1319
f 1309 1308 3031
f 1308 1306 3031
f 3032 1303 3031
f 1303 3033 3031
f 3031 3033 1309
f 3034 1295 3035
f 3035 3036 3032
f 3036 1301 3032
f 3032 1301 1303
f 3037 1297 3034
f 1297 1296 3034
f 3034 1296 1295
f 1294 1066 3038
f 1066 1065 3038
f 3038 1065 1298
f 1294 3038 1068
f 3038 3039 1068
f 1068 3039 1069
f 1290 1072 3040
f 1072 1071 3040
f 3040 1071 3039
f 1071 3041 3039
f 3039 3041 1069
f 3042 1288 3043
f 3042 3043 3040
f 3043 1291 3040
f 3040 1291 1290
f 1288 3042 1289
f 3042 3044 1289
f 1289 3044 3045
f 3046 1283 3047
f 1283 1281 3047
f 1281 1280 3047
f 1280 3048 3047
f 3047 3048 3044
f 3048 1286 3044
f 3044 1286 3045
f 3049 1278 3046
f 3050 1270 1268
f 3050 1268 3049
f 1268 1276 3049
f 3049 1276 1278
f 3011 1272 3050
f 1272 1271 3050
f 3050 1271 1270
f 1259 1265 3006
f 1265 1266 3006
f 3006 1266 3011
f 1266 1275 3011
f 3011 1275 1274
f 1259 3006 1260
f 3006 3005 1260
f 1260 3005 1262
f 1254 1914 3051
f 1914 1258 3051
f 1258 1256 3051
f 1256 1255 3051
f 3051 1255 3005
f 1255 1263 3005
f 3005 1263 1262
f 1253 3052 1251
f 3052 3053 1251
f 1245 1249 3053
f 1249 1248 3053
f 3053 1248 1251
f 1243 1241 3054
f 1241 1240 3054
f 3054 1240 3010
f 1240 1728 3010
f 3010 1728 1246
f 3055 1236 3056
f 1233 3057 3058
f 3057 1239 3058
f 3058 1239 3055
f 1239 1237 3055
f 3055 1237 1236
f 1229 1228 3059
f 1228 1235 3059
f 3059 1235 3060
f 1235 1234 3060
f 3060 1234 1233
f 1224 1223 3009
f 1223 1231 3009
f 3009 1231 3059
f 1231 1230 3059
f 3059 1230 1229
f 1220 1075 3004
f 1075 1074 3004
f 1074 1221 3004
f 3004 1221 1224
f 3061 1078 3062
f 1078 1077 3062
f 3063 1211 1219
f 1219 1217 3061
f 1217 1216 3061
f 3061 1216 1078
f 3064 1214 3063
f 1214 1212 3063
f 3063 1212 1211
f 1209 1208 3064
f 1208 1215 3064
f 3064 1215 1214
f 1209 3065 1210
f 3065 3008 1210
f 1210 3008 1200
f 3008 1202 1200
f 3066 1204 1203
f 1194 1197 3067
f 1197 1207 3067
f 3067 1207 3066
f 1207 1206 3066
f 3066 1206 1204
f 1191 1196 3068
f 1196 3069 3068
f 3068 3069 1194
f 1191 3068 1192
f 3068 3070 1192
f 1192 3070 1193
f 1193 3070 1080
f 3070 3071 1080
f 1080 3071 1081
f 1184 1183 3001
f 1183 1189 3001
f 3001 1189 3071
f 1189 1188 3071
f 3071 1188 1081
f 1083 1187 3017
f 1187 3072 3017
f 3017 3072 3001
f 3072 1185 3001
f 3001 1185 1184
f 3007 3006 3073
f 3006 3011 3073
f 3073 3011 3074
f 3075 3076 3051
f 3076 3052 3051
f 3051 3052 1254
f 3052 1253 1254
f 3053 3077 3078
f 1245 3053 3010
f 3053 3078 3010
f 3010 3078 3079
f 3076 3080 3052
f 3080 3081 3052
f 3052 3081 3053
f 3081 3082 3053
f 3053 3082 3077
f 3083 3055 3054
f 3055 3056 3054
f 3054 3056 1243
f 1233 3058 3060
f 3058 3084 3060
f 3060 3084 3085
f 3083 3086 3055
f 3086 3087 3055
f 3055 3087 3058
f 3087 3088 3058
f 3058 3088 3084
f 3079 3089 3010
f 3089 3090 3010
f 3010 3090 3054
f 3090 3091 3054
f 3054 3091 3083
f 3007 3092 3005
f 3092 3093 3005
f 3005 3093 3051
f 3093 3094 3051
f 3051 3094 3075
f 3003 3095 3004
f 3095 3062 3004
f 3004 3062 1220
f 3062 1077 1220
f 3002 3004 3096
f 3004 3009 3096
f 3096 3009 3097
f 1219 3061 3063
f 3061 3098 3063
f 3063 3098 3099
f 1209 3064 3065
f 3064 3100 3065
f 3065 3100 3101
f 3099 3102 3063
f 3102 3103 3063
f 3063 3103 3064
f 3103 3104 3064
f 3064 3104 3100
f 3095 3105 3062
f 3105 3106 3062
f 3062 3106 3061
f 3106 3107 3061
f 3061 3107 3098
f 1203 3008 3066
f 3008 3108 3066
f 3066 3108 3109
f 3067 3110 3111
f 1194 3067 3068
f 3067 3111 3068
f 3068 3111 3112
f 3109 3113 3066
f 3113 3114 3066
f 3066 3114 3067
f 3114 3115 3067
f 3067 3115 3110
f 3116 3018 3117
f 3018 3017 3117
f 3117 3017 3118
f 3017 3001 3118
f 3118 3001 3119
f 3001 3000 3119
f 2999 3001 3120
f 3001 3071 3120
f 3120 3071 3121
f 3112 3122 3068
f 3122 3123 3068
f 3068 3123 3070
f 3123 3124 3070
f 3070 3124 3071
f 3124 3125 3071
f 3071 3125 3121
f 3101 3126 3065
f 3126 3127 3065
f 3065 3127 3008
f 3127 3128 3008
f 3008 3128 3108
f 3085 3129 3060
f 3129 3130 3060
f 3060 3130 3059
f 3130 3131 3059
f 3131 3132 3059
f 3132 3133 3059
f 3059 3133 3009
f 3133 3134 3009
f 3009 3134 3097
f 3019 3135 3015
f 3135 3029 3015
f 3015 3029 1318
f 3029 1319 1318
f 3136 3137 3014
f 3137 3031 3014
f 3014 3031 3012
f 3031 1306 3012
f 3035 3032 3034
f 3032 3138 3034
f 3034 3138 3139
f 3137 3140 3031
f 3140 3141 3031
f 3031 3141 3032
f 3141 3142 3032
f 3032 3142 3138
f 3135 3143 3029
f 3143 3144 3029
f 3029 3144 3014
f 3144 3145 3014
f 3014 3145 3136
f 3146 3038 3037
f 3038 1298 3037
f 3037 1298 1297
f 3146 3147 3038
f 3147 3148 3038
f 3038 3148 3039
f 3148 3149 3039
f 3046 3047 3049
f 3047 3150 3049
f 3049 3150 3151
f 3042 3152 3044
f 3152 3153 3044
f 3044 3153 3047
f 3153 3154 3047
f 3047 3154 3150
f 3149 3155 3039
f 3155 3156 3039
f 3039 3156 3040
f 3156 3157 3040
f 3040 3157 3042
f 3157 3158 3042
f 3042 3158 3152
f 3139 3159 3034
f 3159 3160 3034
f 3034 3160 3037
f 3160 3161 3037
f 3037 3161 3146
f 3151 3162 3049
f 3162 3163 3049
f 3049 3163 3050
f 3163 3164 3050
f 3050 3164 3011
f 3164 3165 3011
f 3011 3165 3074
f 3166 3167 3168
f 3169 3170 3171
f 3172 3173 3174
f 3175 3176 3177
f 3178 3179 3180
f 3181 3182 3183
f 3184 3185 3186
f 3187 3188 3189
f 3123 3122 3190
f 3105 3095 3191
f 3080 3076 3169
f 3093 3192 3094
f 3192 3169 3094
f 3094 3169 3075
f 3169 3076 3075
f 3082 3193 3194
f 3091 3090 3195
f 3090 3089 3195
f 3089 3079 3195
f 3079 3078 3195
f 3195 3078 3194
f 3078 3077 3194
f 3194 3077 3082
f 3086 3083 3196
f 3083 3091 3196
f 3084 3088 3197
f 3088 3087 3197
f 3084 3198 3085
f 3198 3129 3085
f 3133 3132 3199
f 3132 3131 3199
f 3199 3131 3198
f 3131 3130 3198
f 3198 3130 3129
f 3133 3199 3134
f 3199 3200 3134
f 3134 3200 3097
f 3095 3003 3191
f 3003 3002 3191
f 3191 3002 3200
f 3002 3096 3200
f 3200 3096 3097
f 3201 3098 3107
f 3201 3107 3191
f 3107 3106 3191
f 3191 3106 3105
f 3103 3201 3104
f 3201 3202 3104
f 3103 3102 3201
f 3102 3099 3201
f 3201 3099 3098
f 3127 3126 3203
f 3126 3101 3203
f 3203 3101 3202
f 3101 3100 3202
f 3202 3100 3104
f 3113 3109 3204
f 3109 3108 3204
f 3204 3108 3128
f 3113 3204 3205
f 3204 3206 3205
f 3205 3206 3115
f 3122 3112 3190
f 3112 3111 3190
f 3190 3111 3206
f 3111 3110 3206
f 3206 3110 3115
f 3207 3121 3125
f 3207 3125 3190
f 3125 3124 3190
f 3190 3124 3123
f 3119 3208 3177
f 3208 2999 3177
f 3177 2999 3207
f 2999 3120 3207
f 3207 3120 3121
f 3119 3177 3118
f 3177 3176 3118
f 3118 3176 3117
f 3176 3209 3117
f 3117 3209 3116
f 3210 3211 3212
f 3211 3213 3212
f 3212 3213 3214
f 3215 3216 3217
f 3216 3218 3217
f 3219 3220 3221
f 3220 3222 3221
f 3223 3224 3225
f 3224 3226 3225
f 3227 3228 3229
f 3228 3230 3229
f 3229 3230 3231
f 3232 3233 3234
f 3233 3232 3235
f 3236 3237 3238
f 3237 3236 3239
f 3239 3170 3240
f 3170 3169 3240
f 3240 3169 3241
f 3169 3192 3241
f 3242 3243 3244
f 3243 3245 3244
f 3244 3245 3246
f 3247 3248 3249
f 3245 3250 3246
f 3250 3251 3246
f 3246 3251 3252
f 3251 3253 3252
f 3252 3253 3254
f 3253 3255 3254
f 3254 3255 3189
f 3248 3256 3249
f 3256 3257 3249
f 3249 3257 3258
f 3189 3188 3254
f 3188 3259 3254
f 3254 3259 3252
f 3260 3261 3262
f 3261 3263 3262
f 3262 3263 3264
f 3255 3247 3189
f 3247 3249 3189
f 3189 3249 3187
f 3249 3258 3187
f 3187 3258 3265
f 3258 3266 3265
f 3167 3166 3267
f 3183 3182 3268
f 3182 3269 3268
f 3268 3269 3270
f 3269 3271 3270
f 3270 3271 3272
f 3271 3273 3272
f 3272 3273 3274
f 3273 3275 3274
f 3274 3275 3276
f 3275 3277 3276
f 3276 3277 3260
f 3277 3278 3260
f 3260 3278 3261
f 3256 3184 3257
f 3184 3186 3257
f 3257 3186 3258
f 3186 3279 3258
f 3258 3279 3266
f 3280 3281 3282
f 3281 3283 3282
f 3282 3283 3284
f 3283 3285 3284
f 3284 3285 3286
f 3285 3287 3286
f 3286 3287 3288
f 3287 3289 3288
f 3288 3289 3290
f 3289 3291 3290
f 3290 3291 3292
f 3291 3293 3292
f 3198 3280 3199
f 3280 3282 3199
f 3199 3282 3200
f 3282 3284 3200
f 3200 3284 3191
f 3284 3286 3191
f 3191 3286 3201
f 3286 3288 3201
f 3201 3288 3202
f 3288 3290 3202
f 3202 3290 3203
f 3290 3292 3203
f 3173 3175 3174
f 3175 3177 3174
f 3174 3177 3294
f 3177 3207 3294
f 3294 3207 3295
f 3207 3190 3295
f 3295 3190 3296
f 3190 3206 3296
f 3296 3206 3297
f 3206 3204 3297
f 3179 3172 3180
f 3172 3174 3180
f 3180 3174 3298
f 3174 3294 3298
f 3298 3294 3299
f 3294 3295 3299
f 3299 3295 3300
f 3295 3296 3300
f 3300 3296 3293
f 3296 3297 3293
f 3293 3297 3292
f 3297 3204 3292
f 3292 3204 3203
f 3204 3128 3203
f 3203 3128 3127
f 3301 3302 3303
f 3302 3304 3303
f 3303 3304 3229
f 3304 3225 3229
f 3229 3225 3227
f 3225 3226 3227
f 3305 3306 3307
f 3302 3308 3304
f 3308 3309 3304
f 3304 3309 3225
f 3309 3232 3225
f 3225 3232 3223
f 3232 3234 3223
f 3239 3236 3170
f 3236 3310 3170
f 3170 3310 3171
f 3087 3086 3197
f 3086 3196 3197
f 3197 3196 3307
f 3091 3195 3196
f 3195 3311 3196
f 3196 3311 3307
f 3311 3312 3307
f 3307 3312 3305
f 3263 3306 3264
f 3306 3305 3264
f 3264 3305 3313
f 3305 3312 3313
f 3313 3312 3314
f 3312 3311 3314
f 3314 3311 3310
f 3311 3195 3310
f 3310 3195 3171
f 3195 3194 3171
f 3171 3194 3169
f 3194 3193 3169
f 3169 3193 3080
f 3084 3197 3198
f 3197 3307 3198
f 3198 3307 3280
f 3307 3306 3280
f 3280 3306 3281
f 3306 3263 3281
f 3281 3263 3283
f 3263 3261 3283
f 3283 3261 3285
f 3261 3278 3285
f 3285 3278 3287
f 3278 3277 3287
f 3287 3277 3289
f 3277 3275 3289
f 3289 3275 3291
f 3275 3273 3291
f 3291 3273 3293
f 3273 3271 3293
f 3293 3271 3300
f 3271 3269 3300
f 3300 3269 3299
f 3269 3182 3299
f 3299 3182 3298
f 3182 3181 3298
f 3298 3181 3180
f 3315 3316 3317
f 3316 3212 3317
f 3317 3212 3318
f 3212 3214 3318
f 3318 3214 3319
f 3316 3320 3212
f 3320 3217 3212
f 3212 3217 3210
f 3217 3218 3210
f 3321 3322 3323
f 3323 3322 3324
f 3322 3325 3324
f 3325 3326 3324
f 3324 3326 3327
f 3222 3215 3221
f 3215 3217 3221
f 3221 3217 3328
f 3217 3320 3328
f 3328 3320 3329
f 3320 3316 3329
f 3315 3321 3316
f 3321 3323 3316
f 3316 3323 3329
f 3323 3324 3329
f 3329 3324 3244
f 3324 3327 3244
f 3244 3327 3242
f 3259 3330 3252
f 3330 3331 3252
f 3252 3331 3246
f 3331 3332 3246
f 3246 3332 3244
f 3332 3333 3244
f 3244 3333 3329
f 3333 3334 3329
f 3329 3334 3328
f 3334 3301 3328
f 3328 3301 3221
f 3301 3303 3221
f 3221 3303 3219
f 3303 3229 3219
f 3219 3229 3335
f 3229 3231 3335
f 3266 3267 3265
f 3267 3166 3265
f 3265 3166 3336
f 3166 3168 3336
f 3336 3168 3178
f 3178 3180 3336
f 3180 3181 3336
f 3336 3181 3265
f 3181 3183 3265
f 3265 3183 3187
f 3183 3268 3187
f 3187 3268 3188
f 3268 3270 3188
f 3188 3270 3259
f 3270 3272 3259
f 3259 3272 3330
f 3272 3274 3330
f 3330 3274 3331
f 3274 3276 3331
f 3331 3276 3332
f 3276 3260 3332
f 3332 3260 3333
f 3260 3262 3333
f 3333 3262 3334
f 3262 3264 3334
f 3334 3264 3301
f 3264 3313 3301
f 3301 3313 3302
f 3313 3314 3302
f 3302 3314 3308
f 3314 3310 3308
f 3308 3310 3309
f 3310 3236 3309
f 3309 3236 3232
f 3236 3238 3232
f 3232 3238 3235
f 3337 3338 3339
f 3211 3210 3340
f 3341 3342 3343
f 3092 3344 3345
f 3346 3347 3348
f 3192 3093 3092
f 3192 3092 3241
f 3241 3092 3240
f 3092 3345 3240
f 3240 3345 3239
f 3349 3350 3351
f 3350 3345 3351
f 3351 3345 3346
f 3345 3344 3346
f 3346 3344 3347
f 3348 3352 3346
f 3352 3353 3346
f 3346 3353 3351
f 3353 3354 3351
f 3351 3354 3349
f 3354 3341 3349
f 3224 3223 3355
f 3223 3234 3355
f 3343 3356 3357
f 3356 3355 3357
f 3357 3355 3358
f 3355 3234 3358
f 3358 3234 3233
f 3233 3235 3358
f 3235 3238 3358
f 3358 3238 3237
f 3341 3343 3349
f 3343 3357 3349
f 3349 3357 3350
f 3357 3358 3350
f 3350 3358 3345
f 3358 3237 3345
f 3345 3237 3239
f 3342 3359 3360
f 3361 3339 3362
f 3230 3363 3364
f 3363 3365 3364
f 3364 3365 3366
f 3365 3360 3366
f 3366 3360 3367
f 3360 3359 3367
f 3367 3359 3361
f 3368 3340 3369
f 3210 3218 3340
f 3218 3216 3340
f 3340 3216 3369
f 3219 3335 3364
f 3335 3231 3364
f 3364 3231 3230
f 3216 3215 3369
f 3215 3222 3369
f 3369 3222 3220
f 3361 3362 3367
f 3362 3368 3367
f 3367 3368 3366
f 3368 3369 3366
f 3366 3369 3364
f 3369 3220 3364
f 3364 3220 3219
f 3339 3338 3362
f 3338 3370 3362
f 3362 3370 3371
f 3372 3373 3374
f 3374 3375 3372
f 3375 3376 3372
f 3372 3376 3377
f 3376 3378 3377
f 3377 3378 3379
f 3380 3381 3382
f 3381 3152 3382
f 3382 3152 3383
f 3384 3385 3386
f 3385 3387 3386
f 3380 3382 3386
f 3382 3388 3386
f 3386 3388 3384
f 3389 3390 3380
f 3390 3391 3380
f 3380 3391 3381
f 3352 3392 3353
f 3392 3393 3353
f 3353 3393 3394
f 3385 3395 3387
f 3395 3396 3387
f 3387 3396 3397
f 3396 3398 3397
f 3397 3398 3373
f 3398 3399 3373
f 3373 3399 3374
f 3371 3400 3362
f 3400 3401 3362
f 3362 3401 3368
f 3401 3402 3368
f 3368 3402 3340
f 3402 3403 3340
f 3340 3403 3404
f 3404 3319 3214
f 3404 3214 3340
f 3214 3213 3340
f 3340 3213 3211
f 3230 3228 3363
f 3228 3227 3363
f 3363 3227 3226
f 3342 3360 3343
f 3360 3365 3343
f 3343 3365 3356
f 3365 3363 3356
f 3356 3363 3355
f 3363 3226 3355
f 3355 3226 3224
f 3379 3405 3377
f 3405 3406 3377
f 3377 3406 3407
f 3407 3337 3377
f 3337 3339 3377
f 3377 3339 3372
f 3339 3361 3372
f 3372 3361 3373
f 3361 3359 3373
f 3373 3359 3397
f 3359 3342 3397
f 3397 3342 3387
f 3342 3341 3387
f 3387 3341 3386
f 3341 3354 3386
f 3386 3354 3380
f 3354 3353 3380
f 3380 3353 3389
f 3353 3394 3389
f 3408 3409 3410
f 3411 3412 3413
f 3404 3414 3319
f 3414 3318 3319
f 3404 3403 3414
f 3403 3415 3414
f 3414 3415 3411
f 3325 3322 3414
f 3322 3321 3414
f 3321 3315 3414
f 3315 3317 3414
f 3414 3317 3318
f 3243 3242 3416
f 3242 3327 3416
f 3416 3327 3414
f 3327 3326 3414
f 3414 3326 3325
f 3417 3418 3184
f 3418 3185 3184
f 3253 3251 3416
f 3417 3248 3418
f 3248 3247 3418
f 3418 3247 3255
f 3251 3250 3416
f 3250 3245 3416
f 3416 3245 3243
f 3419 3420 3421
f 3412 3422 3413
f 3422 3423 3413
f 3413 3423 3419
f 3423 3424 3419
f 3419 3424 3420
f 3409 3379 3410
f 3379 3425 3410
f 3410 3425 3426
f 3426 3427 3410
f 3427 3419 3410
f 3410 3419 3408
f 3419 3421 3408
f 3255 3253 3418
f 3253 3416 3418
f 3418 3416 3428
f 3416 3414 3428
f 3428 3414 3429
f 3411 3413 3414
f 3413 3430 3414
f 3414 3430 3429
f 3427 3431 3419
f 3431 3432 3419
f 3419 3432 3413
f 3432 3433 3413
f 3413 3433 3430
f 3434 3435 3436
f 3435 3437 3436
f 3438 3439 3440
f 3439 3441 3440
f 3440 3441 3442
f 3443 3444 3445
f 3444 3446 3445
f 3445 3446 3447
f 3448 3449 3450
f 3450 3449 3451
f 3449 3452 3451
f 3452 3453 3451
f 3451 3453 3454
f 3453 3455 3454
f 3456 3457 3458
f 3457 3459 3458
f 3458 3459 3460
f 3461 3435 3462
f 3435 3434 3462
f 3462 3434 3463
f 3434 3464 3463
f 3463 3464 3465
f 3466 3467 3446
f 3467 3436 3446
f 3446 3436 3447
f 3436 3437 3447
f 3467 3468 3436
f 3468 3469 3436
f 3436 3469 3434
f 3469 3470 3434
f 3434 3470 3464
f 3443 3442 3444
f 3442 3441 3444
f 3444 3441 3471
f 3438 3460 3439
f 3460 3459 3439
f 3439 3459 3472
f 3472 3473 3439
f 3473 3474 3439
f 3439 3474 3441
f 3474 3475 3441
f 3441 3475 3471
f 3471 3476 3444
f 3476 3477 3444
f 3444 3477 3446
f 3477 3478 3446
f 3446 3478 3466
f 3479 3480 3450
f 3480 3457 3450
f 3450 3457 3448
f 3457 3456 3448
f 3479 3450 3481
f 3450 3451 3481
f 3481 3451 3482
f 3455 3483 3454
f 3483 3484 3454
f 3454 3484 3485
f 3485 3486 3454
f 3486 3487 3454
f 3454 3487 3451
f 3487 3488 3451
f 3451 3488 3482
f 3480 3489 3457
f 3489 3490 3457
f 3457 3490 3459
f 3490 3491 3459
f 3459 3491 3472
f 3483 3492 3484
f 3492 3493 3484
f 3484 3493 3425
f 3493 3494 3425
f 3425 3494 3426
f 3379 3495 3425
f 3495 3496 3425
f 3425 3496 3484
f 3496 3497 3484
f 3484 3497 3485
f 3498 3499 3500
f 3452 3449 3501
f 3502 3503 3504
f 3505 3506 3507
f 3508 3509 3418
f 3509 3510 3418
f 3510 3511 3418
f 3511 3512 3418
f 3418 3512 3513
f 3513 3514 3418
f 3514 3515 3418
f 3418 3515 3185
f 3506 3516 3507
f 3516 3517 3507
f 3507 3517 3518
f 3518 3519 3507
f 3519 3520 3507
f 3507 3520 3418
f 3520 3521 3418
f 3418 3521 3508
f 3522 3523 3524
f 3523 3525 3524
f 3522 3526 3523
f 3526 3527 3523
f 3523 3527 3528
f 3529 3523 3530
f 3523 3531 3530
f 3530 3531 3532
f 3529 3533 3523
f 3533 3534 3523
f 3523 3534 3535
f 3535 3536 3523
f 3536 3537 3523
f 3523 3537 3525
f 3538 3539 3540
f 3539 3541 3540
f 3541 3542 3540
f 3542 3543 3540
f 3540 3543 3531
f 3543 3544 3531
f 3531 3544 3532
f 3427 3545 3546
f 3545 3547 3546
f 3546 3547 3538
f 3538 3540 3546
f 3540 3431 3546
f 3546 3431 3427
f 3418 3428 3507
f 3428 3523 3507
f 3507 3523 3505
f 3523 3528 3505
f 3428 3429 3523
f 3429 3430 3523
f 3523 3430 3531
f 3430 3433 3531
f 3531 3433 3540
f 3433 3432 3540
f 3540 3432 3431
f 3502 3504 3461
f 3445 3447 3548
f 3447 3437 3548
f 3548 3437 3504
f 3437 3435 3504
f 3504 3435 3461
f 3549 3438 3550
f 3438 3440 3550
f 3550 3440 3551
f 3440 3442 3551
f 3442 3443 3551
f 3551 3443 3552
f 3453 3500 3455
f 3500 3553 3455
f 3455 3553 3483
f 3553 3492 3483
f 3449 3448 3554
f 3448 3456 3554
f 3554 3456 3555
f 3456 3458 3555
f 3555 3458 3549
f 3458 3460 3549
f 3549 3460 3438
f 3443 3445 3552
f 3445 3548 3552
f 3552 3548 3556
f 3548 3557 3556
f 3503 3558 3504
f 3558 3559 3504
f 3504 3559 3548
f 3559 3560 3548
f 3548 3560 3557
f 3561 3555 3562
f 3555 3549 3562
f 3562 3549 3563
f 3549 3550 3563
f 3563 3550 3564
f 3556 3565 3552
f 3565 3566 3552
f 3552 3566 3551
f 3566 3567 3551
f 3567 3568 3551
f 3568 3569 3551
f 3551 3569 3550
f 3569 3570 3550
f 3550 3570 3564
f 3449 3554 3501
f 3554 3571 3501
f 3501 3571 3572
f 3572 3498 3501
f 3498 3500 3501
f 3501 3500 3452
f 3500 3453 3452
f 3492 3553 3573
f 3553 3574 3573
f 3573 3574 3575
f 3499 3576 3500
f 3576 3577 3500
f 3500 3577 3553
f 3577 3578 3553
f 3553 3578 3574
f 3561 3579 3555
f 3579 3580 3555
f 3555 3580 3554
f 3580 3581 3554
f 3554 3581 3571
f 3427 3426 3545
f 3426 3494 3545
f 3545 3494 3573
f 3494 3493 3573
f 3573 3493 3492
f 3575 3582 3583
f 3582 3584 3583
f 3583 3584 3545
f 3584 3585 3545
f 3545 3585 3547
f 3172 3179 3586
f 3178 3168 3587
f 3267 3266 3588
f 3589 3590 3591
f 3592 3593 3594
f 3595 3596 3597
f 3598 3599 3600
f 3601 3602 3603
f 3604 3605 3606
f 3607 3608 3609
f 3610 3611 3612
f 3611 3613 3612
f 3612 3613 3614
f 3607 3609 3615
f 3609 3616 3615
f 3615 3616 3617
f 3618 3619 3620
f 3619 3621 3620
f 3621 3622 3620
f 3622 3623 3620
f 3620 3623 3616
f 3623 3624 3616
f 3616 3624 3617
f 3618 3620 3625
f 3620 3626 3625
f 3625 3626 3627
f 3605 3628 3606
f 3628 3629 3606
f 3606 3629 3626
f 3629 3630 3626
f 3626 3630 3627
f 3602 3631 3632
f 3631 3633 3632
f 3633 3634 3632
f 3632 3634 3606
f 3634 3635 3606
f 3606 3635 3604
f 3636 3637 3638
f 3637 3639 3638
f 3638 3639 3603
f 3639 3640 3603
f 3603 3640 3601
f 3599 3641 3600
f 3641 3642 3600
f 3600 3642 3638
f 3642 3643 3638
f 3638 3643 3636
f 3644 3645 3646
f 3645 3647 3646
f 3646 3647 3600
f 3647 3648 3600
f 3600 3648 3598
f 3644 3646 3649
f 3646 3650 3649
f 3649 3650 3651
f 3652 3653 3654
f 3653 3655 3654
f 3654 3655 3650
f 3655 3656 3650
f 3650 3656 3651
f 3657 3658 3654
f 3658 3659 3654
f 3654 3659 3652
f 3660 3661 3657
f 3661 3662 3657
f 3657 3662 3658
f 3663 3664 3660
f 3665 3666 3667
f 3666 3668 3667
f 3667 3668 3663
f 3668 3669 3663
f 3663 3669 3664
f 3670 3671 3672
f 3671 3673 3672
f 3672 3673 3667
f 3673 3674 3667
f 3667 3674 3665
f 3597 3596 3672
f 3596 3675 3672
f 3672 3675 3670
f 3595 3597 3676
f 3597 3677 3676
f 3676 3677 3678
f 3679 3680 3681
f 3682 3683 3684
f 3683 3685 3684
f 3686 3687 3688
f 3687 3689 3688
f 3689 3690 3688
f 3690 3691 3688
f 3688 3691 3692
f 3693 3694 3695
f 3694 3696 3695
f 3695 3696 3697
f 3589 3591 3698
f 3536 3699 3537
f 3699 3700 3537
f 3701 3508 3702
f 3508 3521 3702
f 3702 3521 3520
f 3703 3511 3704
f 3511 3510 3704
f 3704 3510 3701
f 3510 3509 3701
f 3701 3509 3508
f 3279 3186 3705
f 3186 3185 3705
f 3185 3515 3705
f 3515 3514 3705
f 3705 3514 3706
f 3514 3513 3706
f 3706 3513 3703
f 3513 3512 3703
f 3703 3512 3511
f 3707 3708 3709
f 3709 3708 3710
f 3708 3711 3710
f 3710 3711 3712
f 3711 3713 3712
f 3712 3713 3714
f 3713 3715 3714
f 3714 3715 3716
f 3715 3717 3716
f 3717 3718 3716
f 3716 3718 3719
f 3718 3720 3719
f 3719 3720 3588
f 3720 3721 3588
f 3588 3721 3267
f 3721 3722 3267
f 3267 3722 3167
f 3609 3723 3616
f 3723 3724 3616
f 3616 3724 3620
f 3724 3725 3620
f 3620 3725 3626
f 3725 3726 3626
f 3626 3726 3606
f 3726 3727 3606
f 3606 3727 3632
f 3727 3728 3632
f 3608 3614 3609
f 3614 3613 3609
f 3609 3613 3723
f 3613 3175 3723
f 3723 3175 3173
f 3173 3172 3723
f 3172 3586 3723
f 3723 3586 3724
f 3586 3729 3724
f 3724 3729 3725
f 3729 3730 3725
f 3725 3730 3726
f 3730 3731 3726
f 3726 3731 3727
f 3731 3732 3727
f 3727 3732 3728
f 3732 3733 3728
f 3734 3735 3736
f 3735 3737 3736
f 3736 3737 3738
f 3179 3178 3586
f 3178 3587 3586
f 3586 3587 3729
f 3587 3739 3729
f 3729 3739 3730
f 3739 3740 3730
f 3730 3740 3731
f 3740 3741 3731
f 3731 3741 3732
f 3741 3742 3732
f 3732 3742 3733
f 3742 3743 3733
f 3733 3743 3744
f 3743 3745 3744
f 3744 3745 3746
f 3745 3747 3746
f 3746 3747 3748
f 3747 3749 3748
f 3748 3749 3750
f 3749 3751 3750
f 3750 3751 3752
f 3751 3753 3752
f 3752 3753 3754
f 3753 3738 3754
f 3754 3738 3755
f 3738 3737 3755
f 3594 3756 3757
f 3685 3592 3684
f 3592 3594 3684
f 3684 3594 3758
f 3594 3757 3758
f 3759 3756 3760
f 3756 3594 3760
f 3760 3594 3679
f 3594 3593 3679
f 3679 3593 3680
f 3660 3657 3663
f 3657 3759 3663
f 3663 3759 3667
f 3759 3760 3667
f 3667 3760 3672
f 3760 3679 3672
f 3672 3679 3597
f 3679 3681 3597
f 3597 3681 3677
f 3603 3761 3638
f 3761 3762 3638
f 3638 3762 3600
f 3762 3763 3600
f 3600 3763 3646
f 3763 3764 3646
f 3646 3764 3650
f 3764 3765 3650
f 3650 3765 3654
f 3765 3766 3654
f 3654 3766 3657
f 3766 3767 3657
f 3657 3767 3759
f 3767 3768 3759
f 3759 3768 3756
f 3768 3769 3756
f 3756 3769 3757
f 3602 3632 3603
f 3632 3728 3603
f 3603 3728 3761
f 3728 3733 3761
f 3761 3733 3762
f 3733 3744 3762
f 3762 3744 3763
f 3744 3746 3763
f 3763 3746 3764
f 3746 3748 3764
f 3764 3748 3765
f 3748 3750 3765
f 3765 3750 3766
f 3750 3752 3766
f 3766 3752 3767
f 3752 3754 3767
f 3767 3754 3768
f 3754 3755 3768
f 3768 3755 3769
f 3755 3737 3769
f 3769 3737 3757
f 3737 3735 3757
f 3757 3735 3758
f 3735 3734 3758
f 3758 3734 3684
f 3770 3524 3700
f 3524 3525 3700
f 3700 3525 3537
f 3590 3693 3591
f 3693 3695 3591
f 3591 3695 3771
f 3772 3526 3770
f 3526 3522 3770
f 3770 3522 3524
f 3773 3528 3772
f 3528 3527 3772
f 3772 3527 3526
f 3519 3518 3774
f 3518 3517 3774
f 3517 3516 3774
f 3516 3506 3774
f 3774 3506 3773
f 3506 3505 3773
f 3773 3505 3528
f 3520 3519 3702
f 3519 3774 3702
f 3702 3774 3775
f 3774 3773 3775
f 3775 3773 3776
f 3773 3772 3776
f 3776 3772 3771
f 3772 3770 3771
f 3771 3770 3591
f 3770 3700 3591
f 3591 3700 3698
f 3700 3699 3698
f 3266 3279 3588
f 3279 3705 3588
f 3588 3705 3719
f 3705 3706 3719
f 3719 3706 3716
f 3706 3703 3716
f 3716 3703 3714
f 3703 3704 3714
f 3714 3704 3712
f 3704 3701 3712
f 3712 3701 3710
f 3701 3702 3710
f 3710 3702 3709
f 3702 3775 3709
f 3709 3775 3707
f 3775 3776 3707
f 3707 3776 3777
f 3776 3771 3777
f 3777 3771 3778
f 3771 3695 3778
f 3778 3695 3686
f 3695 3697 3686
f 3686 3697 3687
f 3697 3779 3687
f 3687 3779 3689
f 3168 3167 3587
f 3167 3722 3587
f 3587 3722 3739
f 3722 3721 3739
f 3739 3721 3740
f 3721 3720 3740
f 3740 3720 3741
f 3720 3718 3741
f 3741 3718 3742
f 3718 3717 3742
f 3742 3717 3743
f 3717 3715 3743
f 3743 3715 3745
f 3715 3713 3745
f 3745 3713 3747
f 3713 3711 3747
f 3747 3711 3749
f 3711 3708 3749
f 3749 3708 3751
f 3708 3707 3751
f 3751 3707 3753
f 3707 3777 3753
f 3753 3777 3738
f 3777 3778 3738
f 3738 3778 3736
f 3778 3686 3736
f 3736 3686 3734
f 3686 3688 3734
f 3734 3688 3684
f 3688 3692 3684
f 3684 3692 3682
f 3780 3781 3782
f 3783 3784 3785
f 3786 3787 3788
f 3789 3790 3791
f 3792 3793 3794
f 3388 3382 3795
f 3385 3384 3796
f 3797 3798 3799
f 3800 3022 3801
f 3022 3023 3801
f 3801 3023 3026
f 3026 3802 3801
f 3802 3803 3801
f 3801 3803 3804
f 3797 3799 3805
f 3806 3807 3808
f 3807 3809 3808
f 3810 3811 3812
f 3811 3813 3812
f 3812 3813 3814
f 3795 3815 3816
f 3815 3795 3817
f 3795 3382 3817
f 3817 3382 3818
f 3819 3820 3821
f 3820 3822 3821
f 3821 3822 3823
f 3822 3824 3823
f 3823 3824 3825
f 3824 3826 3825
f 3825 3826 3827
f 3826 3828 3827
f 3827 3828 3829
f 3828 3796 3829
f 3829 3796 3795
f 3796 3384 3795
f 3795 3384 3388
f 3820 3830 3822
f 3830 3831 3822
f 3822 3831 3824
f 3831 3832 3824
f 3824 3832 3826
f 3832 3833 3826
f 3826 3833 3828
f 3833 3834 3828
f 3828 3834 3796
f 3834 3835 3796
f 3796 3835 3385
f 3836 3837 3375
f 3838 3839 3820
f 3839 3840 3820
f 3820 3840 3830
f 3840 3487 3830
f 3830 3487 3486
f 3794 3793 3790
f 3793 3841 3790
f 3790 3841 3791
f 3825 3789 3842
f 3843 3791 3844
f 3791 3841 3844
f 3844 3841 3845
f 3841 3793 3845
f 3845 3793 3846
f 3793 3792 3846
f 3786 3788 3847
f 3787 3465 3464
f 3787 3464 3788
f 3464 3470 3788
f 3788 3470 3848
f 3470 3849 3848
f 3848 3849 3850
f 3785 3843 3851
f 3843 3844 3851
f 3851 3844 3848
f 3844 3845 3848
f 3848 3845 3788
f 3845 3846 3788
f 3788 3846 3847
f 3846 3792 3847
f 3847 3792 3852
f 3792 3853 3852
f 3789 3791 3842
f 3791 3843 3842
f 3842 3843 3854
f 3843 3785 3854
f 3854 3785 3855
f 3785 3784 3855
f 3855 3784 3856
f 3856 3857 3855
f 3857 3858 3855
f 3855 3858 3859
f 3850 3860 3848
f 3860 3861 3848
f 3848 3861 3851
f 3861 3862 3851
f 3851 3862 3785
f 3862 3863 3785
f 3785 3863 3783
f 3864 3865 3866
f 3865 3867 3866
f 3866 3867 3868
f 3867 3869 3868
f 3864 3800 3865
f 3800 3801 3865
f 3865 3801 3780
f 3801 3804 3780
f 3780 3804 3781
f 3869 3867 3870
f 3867 3871 3870
f 3870 3871 3872
f 3798 3873 3799
f 3873 3874 3799
f 3799 3874 3871
f 3874 3875 3871
f 3871 3875 3872
f 3814 3806 3812
f 3806 3808 3812
f 3812 3808 3876
f 3808 3877 3876
f 3876 3877 3878
f 3877 3879 3878
f 3878 3879 3880
f 3879 3881 3880
f 3880 3881 3882
f 3881 3883 3882
f 3882 3883 3884
f 3883 3885 3884
f 3884 3885 3886
f 3885 3887 3886
f 3886 3887 3888
f 3809 3805 3808
f 3805 3799 3808
f 3808 3799 3877
f 3799 3871 3877
f 3877 3871 3879
f 3871 3867 3879
f 3879 3867 3881
f 3867 3865 3881
f 3881 3865 3883
f 3865 3780 3883
f 3883 3780 3885
f 3780 3782 3885
f 3885 3782 3887
f 3485 3889 3890
f 3889 3891 3890
f 3890 3891 3495
f 3375 3837 3376
f 3837 3890 3376
f 3376 3890 3378
f 3890 3495 3378
f 3378 3495 3379
f 3375 3374 3836
f 3374 3399 3836
f 3836 3399 3892
f 3399 3398 3892
f 3892 3398 3396
f 3486 3485 3830
f 3485 3890 3830
f 3830 3890 3831
f 3890 3837 3831
f 3831 3837 3832
f 3837 3836 3832
f 3832 3836 3833
f 3836 3892 3833
f 3833 3892 3834
f 3892 3396 3834
f 3834 3396 3835
f 3893 3894 3819
f 3825 3842 3823
f 3842 3854 3823
f 3823 3854 3821
f 3854 3855 3821
f 3821 3855 3819
f 3855 3859 3819
f 3819 3859 3893
f 3894 3895 3819
f 3895 3896 3819
f 3819 3896 3820
f 3896 3897 3820
f 3820 3897 3838
f 3816 3810 3795
f 3810 3812 3795
f 3795 3812 3829
f 3812 3876 3829
f 3829 3876 3827
f 3876 3878 3827
f 3827 3878 3825
f 3878 3880 3825
f 3825 3880 3789
f 3880 3882 3789
f 3789 3882 3790
f 3882 3884 3790
f 3790 3884 3794
f 3884 3886 3794
f 3794 3886 3792
f 3886 3888 3792
f 3792 3888 3853
f 3691 3690 3898
f 3696 3694 3899
f 3900 3901 3902
f 3590 3589 3903
f 3901 3900 3904
f 3899 3905 3906
f 3907 3908 3909
f 3908 3910 3909
f 3677 3681 3911
f 3912 3678 3677
f 3912 3677 3913
f 3677 3911 3913
f 3913 3911 3914
f 3915 3916 3917
f 3916 3918 3917
f 3917 3918 3919
f 3920 3915 3921
f 3915 3917 3921
f 3921 3917 3922
f 3919 3914 3917
f 3914 3911 3917
f 3917 3911 3923
f 3911 3924 3923
f 3923 3924 3925
f 3592 3924 3926
f 3924 3911 3926
f 3926 3911 3680
f 3911 3681 3680
f 3690 3927 3898
f 3927 3909 3898
f 3898 3909 3928
f 3909 3910 3928
f 3928 3910 3929
f 3907 3906 3930
f 3906 3905 3930
f 3930 3905 3931
f 3590 3903 3693
f 3690 3689 3927
f 3689 3779 3927
f 3927 3779 3697
f 3907 3909 3906
f 3909 3927 3906
f 3906 3927 3899
f 3927 3697 3899
f 3899 3697 3696
f 3694 3693 3899
f 3693 3903 3899
f 3899 3903 3905
f 3903 3900 3905
f 3905 3900 3931
f 3900 3902 3931
f 3931 3902 3932
f 3932 3933 3931
f 3933 3934 3931
f 3931 3934 3930
f 3934 3935 3930
f 3930 3935 3907
f 3935 3936 3907
f 3907 3936 3908
f 3936 3937 3908
f 3908 3937 3910
f 3937 3938 3910
f 3910 3938 3929
f 3938 3922 3929
f 3939 3940 3941
f 3941 3940 3942
f 3940 3943 3942
f 3942 3943 3944
f 3945 3946 3947
f 3944 3943 3948
f 3943 3945 3948
f 3948 3945 3949
f 3945 3947 3949
f 3949 3947 3547
f 3950 3951 3952
f 3953 3954 3955
f 3956 3957 3958
f 3952 3953 3950
f 3953 3955 3950
f 3950 3955 3959
f 3955 3956 3959
f 3959 3956 3960
f 3956 3958 3960
f 3954 3961 3955
f 3961 3962 3955
f 3955 3962 3963
f 3964 3965 3921
f 3965 3966 3921
f 3921 3966 3920
f 3941 3967 3939
f 3967 3968 3939
f 3939 3968 3957
f 3968 3969 3957
f 3957 3969 3958
f 3699 3536 3535
f 3699 3535 3698
f 3904 3900 3534
f 3900 3903 3534
f 3534 3903 3535
f 3903 3589 3535
f 3535 3589 3698
f 3592 3685 3924
f 3685 3683 3924
f 3924 3683 3925
f 3683 3682 3925
f 3925 3682 3692
f 3922 3917 3929
f 3917 3923 3929
f 3929 3923 3928
f 3923 3925 3928
f 3928 3925 3898
f 3925 3692 3898
f 3898 3692 3691
f 3970 3971 3945
f 3971 3972 3945
f 3945 3972 3946
f 3933 3970 3934
f 3970 3945 3934
f 3934 3945 3935
f 3945 3943 3935
f 3935 3943 3936
f 3943 3940 3936
f 3936 3940 3937
f 3940 3939 3937
f 3937 3939 3938
f 3939 3957 3938
f 3938 3957 3922
f 3957 3956 3922
f 3922 3956 3921
f 3956 3955 3921
f 3921 3955 3964
f 3955 3963 3964
f 3973 3974 3975
f 3976 3977 3978
f 3633 3631 3979
f 3645 3644 3980
f 2194 2193 3981
f 2195 3982 3983
f 2217 3984 3985
f 3986 2230 3987
f 2161 2922 3988
f 2252 2256 3989
f 3990 3991 3992
f 3990 3992 3993
f 3977 3993 3978
f 3993 3992 3978
f 3978 3992 2182
f 3992 3994 2182
f 2182 3994 2184
f 3994 2186 2184
f 3016 3018 3995
f 3018 3610 3995
f 1084 3016 2322
f 3016 3995 2322
f 2322 3995 3996
f 3995 2313 3996
f 2313 3995 2315
f 3995 3997 2315
f 2315 3997 2317
f 3998 2320 3997
f 2320 2319 3997
f 3997 2319 2317
f 2309 2155 3998
f 2155 2154 3998
f 3998 2154 2320
f 2310 3999 2311
f 3999 4000 2311
f 2311 4000 2308
f 2304 2305 4000
f 2305 2307 4000
f 4000 2307 2308
f 4001 2302 2304
f 2302 4001 2297
f 4001 4002 2297
f 2297 4002 2298
f 3979 2294 4003
f 2294 2301 4003
f 4003 2301 2300
f 4004 2291 2289
f 2289 2288 3979
f 2288 2295 3979
f 3979 2295 2294
f 2287 2285 4005
f 2285 2284 4005
f 4005 2284 4004
f 2284 2292 4004
f 4004 2292 2291
f 4006 2283 4007
f 2283 2281 4007
f 4007 2281 2280
f 4008 2277 4006
f 2277 2276 4006
f 4006 2276 2283
f 3980 2279 4008
f 2279 2278 4008
f 4008 2278 2277
f 2273 2274 3980
f 2274 2275 3980
f 3980 2275 2279
f 2268 2272 4009
f 2272 2273 4009
f 4010 2261 4011
f 2261 2271 4011
f 4011 2271 4009
f 2271 2269 4009
f 4009 2269 2268
f 2259 4012 4013
f 4012 2266 4013
f 4013 2266 4014
f 2266 2265 4014
f 4014 2265 2264
f 4015 2157 2259
f 2256 2258 3989
f 2258 2160 3989
f 3989 2160 4015
f 2160 2158 4015
f 4015 2158 2157
f 2253 2252 4016
f 2251 2250 4017
f 2250 2255 4017
f 4017 2255 4016
f 2255 2254 4016
f 4016 2254 2253
f 2161 3988 2162
f 2164 2249 4018
f 2249 2247 4018
f 4018 2247 3988
f 2247 2246 3988
f 3988 2246 2162
f 4019 2243 2165
f 2239 2238 4020
f 2238 2245 4020
f 4020 2245 4019
f 2245 2244 4019
f 4019 2244 2243
f 2239 4020 2240
f 4020 4021 2240
f 2240 4021 2241
f 4022 2167 3975
f 2167 2738 3975
f 3975 2738 4021
f 2738 2242 4021
f 4021 2242 2241
f 4023 2170 4022
f 4024 2235 4023
f 2235 4025 4023
f 4025 2232 4023
f 2232 2171 4023
f 4023 2171 2170
f 2230 2228 4024
f 2228 4026 4024
f 4024 4026 2235
f 4027 2224 3987
f 2224 2226 3987
f 3987 2226 3986
f 3984 2222 4027
f 2222 2221 4027
f 4027 2221 2224
f 4028 2219 3985
f 2219 2218 3985
f 3985 2218 2217
f 2209 2207 4028
f 2207 2206 4028
f 4028 2206 2219
f 2211 4029 2212
f 4029 4030 2212
f 2173 4031 4030
f 4031 2213 4030
f 4030 2213 2212
f 2203 2174 4032
f 2174 2173 4032
f 4033 2205 4032
f 2205 2204 4032
f 4032 2204 2203
f 3982 4034 4033
f 4034 2200 4033
f 2200 2199 4033
f 4033 2199 2205
f 2193 2192 3981
f 2192 4035 3981
f 3981 4035 3983
f 4035 2196 3983
f 3983 2196 2195
f 2191 2190 4036
f 2182 2188 3978
f 2188 2187 3978
f 3978 2187 2179
f 2179 2177 3978
f 2177 2176 3978
f 3978 2176 4036
f 2176 2653 4036
f 4036 2653 2191
f 3912 4019 4018
f 4019 2165 4018
f 4018 2165 2164
f 3912 4037 4019
f 4037 4038 4019
f 4019 4038 4020
f 4038 4039 4020
f 4040 3596 4017
f 3596 3988 4017
f 4017 3988 2251
f 3988 2922 2251
f 2252 3989 4016
f 3989 3665 4016
f 4016 3665 3674
f 3674 3673 4016
f 3673 3671 4016
f 4016 3671 4017
f 3671 3670 4017
f 4017 3670 4040
f 4013 3661 3660
f 2259 4013 4015
f 4013 3660 4015
f 4015 3660 3664
f 3653 3652 4011
f 3652 4014 4011
f 4011 4014 4010
f 4014 2264 4010
f 3652 3659 4014
f 3659 3658 4014
f 4014 3658 4013
f 3658 3662 4013
f 4013 3662 3661
f 3664 3669 4015
f 3669 3668 4015
f 4015 3668 3989
f 3668 3666 3989
f 3989 3666 3665
f 3596 3595 3988
f 3595 3676 3988
f 3988 3676 4018
f 3676 3678 4018
f 4018 3678 3912
f 2273 3980 4009
f 3980 3644 4009
f 4009 3644 3649
f 3599 3598 4006
f 4006 3598 4008
f 3598 3648 4008
f 4008 3648 3980
f 3648 3647 3980
f 3980 3647 3645
f 3637 3636 4005
f 3636 4007 4005
f 4005 4007 2287
f 4007 2280 2287
f 2289 3979 4004
f 3979 3631 4004
f 4004 3631 3602
f 3602 3601 4004
f 3601 3640 4004
f 4004 3640 4005
f 3640 3639 4005
f 4005 3639 3637
f 3636 3643 4007
f 3643 3642 4007
f 4007 3642 4006
f 3642 3641 4006
f 4006 3641 3599
f 3628 3605 4002
f 3605 4003 4002
f 4002 4003 2298
f 4003 2300 2298
f 2304 4000 4001
f 4000 3618 4001
f 4001 3618 3625
f 3625 3627 4001
f 3627 3630 4001
f 4001 3630 4002
f 3630 3629 4002
f 4002 3629 3628
f 3624 3623 3998
f 3623 3999 3998
f 3998 3999 2309
f 3999 2310 2309
f 3610 3612 3995
f 3612 3614 3995
f 3995 3614 3997
f 3614 3608 3997
f 3608 4041 3997
f 4041 3615 3997
f 3997 3615 3998
f 3615 3617 3998
f 3998 3617 3624
f 3623 3622 3999
f 3622 3621 3999
f 3999 3621 4000
f 3621 3619 4000
f 4000 3619 3618
f 3605 3604 4003
f 3604 3635 4003
f 4003 3635 3979
f 3635 3634 3979
f 3979 3634 3633
f 3649 3651 4009
f 3651 3656 4009
f 4009 3656 4011
f 3656 3655 4011
f 4011 3655 3653
f 3981 4042 4043
f 4043 4044 3981
f 4044 4036 3981
f 3981 4036 2194
f 4036 2190 2194
f 4044 4045 4036
f 4045 4046 4036
f 4036 4046 3978
f 4046 4047 3978
f 3978 4047 3976
f 3982 4033 3983
f 4033 4048 3983
f 3983 4048 4049
f 4030 4050 4051
f 2173 4030 4032
f 4030 4051 4032
f 4032 4051 4052
f 4053 4054 4032
f 4054 4055 4032
f 4032 4055 4033
f 4055 4056 4033
f 4033 4056 4048
f 4049 4057 3983
f 4057 4058 3983
f 3983 4058 3981
f 4058 4059 3981
f 3981 4059 4042
f 4060 4061 4028
f 4061 4029 4028
f 4028 4029 2209
f 4029 2211 2209
f 3984 4027 3985
f 4027 4062 3985
f 3985 4062 4063
f 4063 4064 3985
f 4064 4065 3985
f 3985 4065 4028
f 4065 4066 4028
f 4028 4066 4060
f 2230 4024 3987
f 4024 4067 3987
f 3987 4067 4068
f 4022 3975 4023
f 3975 3974 4023
f 4023 3974 4069
f 4069 4070 4023
f 4070 4071 4023
f 4023 4071 4024
f 4071 4072 4024
f 4024 4072 4067
f 4068 4073 3987
f 4073 4074 3987
f 3987 4074 4027
f 4074 4075 4027
f 4027 4075 4062
f 4061 4076 4029
f 4076 4077 4029
f 4029 4077 4030
f 4077 4078 4030
f 4030 4078 4050
f 4039 4079 4020
f 4079 4080 4020
f 4020 4080 4021
f 4080 4081 4021
f 4021 4081 3975
f 4081 4082 3975
f 3975 4082 3973
f 3968 3967 4083
f 4084 4085 4086
f 4087 4088 4089
f 4088 4090 4089
f 3976 4091 4092
f 4093 4094 4095
f 4096 4097 4098
f 4099 4100 4101
f 4102 4103 4104
f 4103 4105 4104
f 4083 3967 4106
f 4107 4108 4109
f 4110 4111 3950
f 4112 4113 3990
f 4114 4115 4116
f 4115 4117 4116
f 4118 4119 4120
f 4119 4121 4120
f 4120 4121 4122
f 4123 4124 4125
f 4124 4126 4125
f 4126 4127 4125
f 4125 4127 4128
f 4129 4125 4130
f 4125 4128 4130
f 4130 4128 4131
f 4131 4132 4130
f 4132 4133 4130
f 4130 4133 4134
f 4129 3960 3958
f 4122 4123 4120
f 4123 4125 4120
f 4120 4125 4135
f 4125 4129 4135
f 4135 4129 4136
f 4129 3958 4136
f 4136 3958 4137
f 3960 4129 3959
f 4129 4130 3959
f 3959 4130 3950
f 4130 4134 3950
f 3950 4134 4110
f 3577 4138 4139
f 4138 4140 4139
f 4139 4140 4141
f 3967 3941 4106
f 3941 3942 4106
f 4106 3942 4142
f 3942 3944 4142
f 4142 3944 4086
f 3944 3948 4086
f 4086 3948 3949
f 4143 3574 4144
f 3574 3578 4144
f 4145 4146 4147
f 4146 4148 4147
f 4147 4148 4149
f 4150 4102 4151
f 4102 4104 4151
f 4151 4104 4098
f 4094 4096 4095
f 4096 4098 4095
f 4095 4098 4152
f 4098 4104 4152
f 4152 4104 4153
f 4104 4105 4153
f 4153 4105 4154
f 4097 4155 4098
f 4155 4156 4098
f 4098 4156 4151
f 4156 3560 4151
f 4151 3560 4150
f 3560 3559 4150
f 4150 3559 3558
f 4157 4149 4158
f 4149 4148 4158
f 4158 4148 4159
f 4148 4146 4159
f 4159 4146 4099
f 4160 4157 4161
f 4157 4162 4161
f 4163 4164 4165
f 4164 4166 4165
f 4166 4093 4165
f 4093 4095 4165
f 4165 4095 4167
f 4095 4152 4167
f 4167 4152 4168
f 4152 4153 4168
f 4168 4153 4169
f 4153 4154 4169
f 4169 4154 4170
f 4112 3990 4171
f 3990 3993 4171
f 4171 3993 3977
f 4091 4172 4092
f 4172 4173 4092
f 4092 4173 4174
f 4173 4175 4174
f 4174 4175 4176
f 4160 4163 4157
f 4163 4165 4157
f 4157 4165 4149
f 4165 4167 4149
f 4149 4167 4147
f 4167 4168 4147
f 4147 4168 4145
f 4168 4169 4145
f 4145 4169 4089
f 4169 4170 4089
f 4089 4170 4087
f 4177 4178 4179
f 4178 4174 4179
f 4179 4174 4180
f 4174 4176 4180
f 4177 4181 4178
f 4181 4182 4178
f 4178 4182 4116
f 4182 4183 4116
f 4116 4183 4114
f 3578 3577 4144
f 3577 4139 4144
f 4144 4139 4184
f 4139 4185 4184
f 4184 4185 4186
f 4185 4187 4186
f 4186 4187 4188
f 4187 4189 4188
f 4188 4189 4190
f 4189 4191 4190
f 4190 4191 4192
f 4191 4193 4192
f 4192 4193 4194
f 4193 4195 4194
f 4194 4195 4196
f 4195 4197 4196
f 4196 4197 4198
f 4197 4199 4198
f 4198 4199 4171
f 4199 4200 4171
f 4171 4200 4112
f 3977 3976 4171
f 3976 4092 4171
f 4171 4092 4198
f 4092 4174 4198
f 4198 4174 4196
f 4174 4178 4196
f 4196 4178 4194
f 4178 4116 4194
f 4194 4116 4192
f 4116 4201 4192
f 4192 4201 4190
f 4201 4202 4190
f 4190 4202 4188
f 4202 4083 4188
f 4188 4083 4186
f 4083 4106 4186
f 4186 4106 4184
f 4106 4142 4184
f 4184 4142 4144
f 4142 4086 4144
f 4144 4086 4143
f 4086 4085 4143
f 4084 4086 3585
f 4086 3949 3585
f 3585 3949 3547
f 4117 4118 4116
f 4118 4120 4116
f 4116 4120 4201
f 4120 4135 4201
f 4201 4135 4202
f 4135 4136 4202
f 4202 4136 4083
f 4136 4137 4083
f 4083 4137 3968
f 4108 4203 4109
f 4203 4204 4109
f 4109 4204 4205
f 4099 4101 4159
f 4101 4206 4159
f 4159 4206 4158
f 4206 4109 4158
f 4158 4109 4157
f 4109 4205 4157
f 4157 4205 4162
f 4141 4107 4139
f 4107 4109 4139
f 4139 4109 4185
f 4109 4206 4185
f 4185 4206 4187
f 4206 4101 4187
f 4187 4101 4189
f 4101 4100 4189
f 4189 4100 4191
f 4100 4099 4191
f 4191 4099 4193
f 4099 4146 4193
f 4193 4146 4195
f 4146 4145 4195
f 4195 4145 4197
f 4145 4089 4197
f 4197 4089 4199
f 4089 4090 4199
f 4199 4090 4200
f 2185 2186 4207
f 2185 4207 2183
f 4208 4209 4210
f 4209 4211 4210
f 4208 4212 4209
f 4212 4213 4209
f 4209 4213 4214
f 4215 2470 2471
f 4214 4216 4209
f 4216 4215 4209
f 4209 4215 4217
f 4215 2471 4217
f 4217 2471 2472
f 4207 4218 2183
f 4218 4219 2183
f 2183 4219 2475
f 4219 4217 2475
f 2475 4217 2474
f 4217 2472 2474
f 4220 4221 4222
f 4223 4224 4225
f 4226 4227 4228
f 4229 4230 4231
f 610 621 4232
f 621 620 4232
f 620 4233 4232
f 4232 4233 4234
f 4233 4235 4234
f 607 610 4236
f 610 4237 4236
f 4236 4237 4238
f 4237 4239 4238
f 4239 4237 4240
f 4237 4241 4240
f 4240 4241 4242
f 4243 4244 4241
f 4244 4245 4241
f 4241 4245 4242
f 4246 4247 4248
f 4247 4243 4248
f 4249 4250 4251
f 4252 4253 4254
f 4253 4255 4254
f 4254 4255 4249
f 4255 4256 4249
f 4249 4256 4250
f 4252 4254 4257
f 4254 4258 4257
f 4257 4258 4259
f 4230 4260 4231
f 4260 4261 4231
f 4231 4261 4258
f 4261 4262 4258
f 4258 4262 4259
f 4263 4264 4231
f 4264 4265 4231
f 4231 4265 4229
f 4266 4267 4263
f 4267 4268 4263
f 4263 4268 4264
f 4227 4269 4228
f 4269 4270 4228
f 4228 4270 4263
f 4270 4271 4263
f 4263 4271 4266
f 4272 4273 4274
f 4273 4275 4274
f 4274 4275 4228
f 4275 4276 4228
f 4228 4276 4226
f 4277 4278 4274
f 4278 4279 4274
f 4274 4279 4272
f 4280 4281 4282
f 4281 4283 4282
f 4282 4283 4274
f 4283 4284 4274
f 4274 4284 4277
f 4285 4286 4282
f 4286 4287 4282
f 4287 4288 4282
f 4282 4288 4280
f 4211 4209 4289
f 4209 4290 4289
f 4291 4292 4290
f 4292 4293 4290
f 4290 4293 4289
f 4294 4295 4291
f 4295 4296 4291
f 4291 4296 4292
f 4297 4298 4299
f 4298 4300 4299
f 4299 4300 4294
f 4300 4301 4294
f 4294 4301 4295
f 4297 4299 4302
f 4299 4303 4302
f 4302 4303 4304
f 4304 4303 4305
f 4303 4306 4305
f 4305 4306 4307
f 4225 4224 4308
f 4224 4309 4308
f 4308 4309 4306
f 4309 4310 4306
f 4306 4310 4307
f 4223 4225 4221
f 4225 4248 4221
f 4221 4248 4222
f 4241 4311 4312
f 4243 4241 4248
f 4241 4312 4248
f 4248 4312 4222
f 4312 4313 4222
f 4222 4313 4220
f 610 4232 4237
f 4232 4314 4237
f 4237 4314 4241
f 4314 4315 4241
f 4241 4315 4311
f 4207 4285 4218
f 4285 4282 4218
f 4218 4282 4219
f 4282 4217 4219
f 4209 4217 4290
f 4217 4282 4290
f 4290 4282 4291
f 4282 4274 4291
f 4291 4274 4294
f 4274 4228 4294
f 4294 4228 4299
f 4228 4263 4299
f 4299 4263 4303
f 4263 4231 4303
f 4303 4231 4306
f 4231 4258 4306
f 4306 4258 4308
f 4258 4254 4308
f 4308 4254 4225
f 4254 4249 4225
f 4225 4249 4248
f 4249 4251 4248
f 4248 4251 4246
f 4207 2186 4316
f 2186 3994 4316
f 3991 4317 4318
f 4318 4319 3991
f 4319 4320 3991
f 3991 4320 3992
f 4320 4321 3992
f 3992 4321 3994
f 4321 4322 3994
f 3994 4322 4316
f 4323 4102 4324
f 4102 4150 4324
f 4324 4150 4325
f 4150 3558 4325
f 4325 3558 4326
f 4317 3991 4327
f 3991 4112 4327
f 4327 4112 4328
f 4112 4200 4328
f 4328 4200 4329
f 4200 4090 4329
f 4329 4090 4330
f 4090 4331 4330
f 4330 4331 4332
f 4331 4087 4332
f 4332 4087 4333
f 4087 4170 4333
f 4333 4170 4334
f 4334 4170 4335
f 4170 4154 4335
f 4335 4154 4336
f 4154 4105 4336
f 4336 4105 4323
f 4105 4103 4323
f 4323 4103 4102
f 4337 4338 4339
f 4340 4341 4342
f 597 4343 4344
f 4345 4251 4346
f 4347 4207 4316
f 4348 4349 4350
f 4351 4352 4353
f 4353 4352 4354
f 4355 4356 4357
f 4358 589 602
f 602 601 4358
f 601 600 4358
f 4358 600 4359
f 4360 4361 4362
f 4361 4363 4362
f 4362 4363 4364
f 4363 4365 4364
f 4364 4365 4366
f 4367 4368 4369
f 4368 4370 4369
f 4370 4371 4369
f 4371 4372 4369
f 4369 4372 4373
f 4374 4375 4376
f 4375 4377 4376
f 4376 4377 4378
f 4379 4380 4381
f 4380 4382 4381
f 4357 4356 4383
f 4356 4384 4383
f 4384 4385 4383
f 4383 4385 4381
f 4385 4386 4381
f 4381 4386 4379
f 4387 4388 4389
f 4388 4390 4389
f 4390 4391 4389
f 4391 4392 4389
f 4389 4392 4357
f 4392 4393 4357
f 4357 4393 4355
f 4394 4395 4396
f 4395 4397 4396
f 4396 4397 4398
f 4397 4399 4398
f 4398 4399 4400
f 4401 4402 4403
f 4402 4404 4403
f 4403 4404 4405
f 4354 4406 4407
f 4354 4407 4353
f 4407 4408 4353
f 4353 4408 4351
f 4409 4410 4408
f 4410 4411 4408
f 4408 4411 4351
f 4320 4319 4412
f 4319 4413 4412
f 4320 4412 4321
f 4412 4414 4321
f 4321 4414 4322
f 4287 4286 4415
f 4286 4347 4415
f 4415 4347 4414
f 4347 4316 4414
f 4414 4316 4322
f 4338 4416 4280
f 4278 4417 4418
f 4417 4419 4418
f 4418 4419 4420
f 4421 4422 4423
f 4422 4424 4423
f 4423 4424 4425
f 4426 4427 4428
f 4427 4429 4428
f 4428 4429 4430
f 4431 4432 4433
f 4432 4434 4433
f 4433 4434 4435
f 4267 4436 4437
f 4436 4431 4437
f 4265 4438 4229
f 4438 4439 4229
f 4257 4259 4440
f 4259 4262 4440
f 4440 4262 4441
f 4257 4440 4252
f 4440 4442 4252
f 4252 4442 4253
f 4251 4250 4346
f 4250 4256 4346
f 4346 4256 4255
f 4443 4243 4247
f 4243 4443 4444
f 4443 4445 4444
f 4444 4445 4245
f 4238 611 4236
f 611 4446 4236
f 4236 4446 607
f 4239 4240 4445
f 4240 4242 4445
f 4445 4242 4245
f 4238 4239 611
f 4239 4445 611
f 611 4445 612
f 4445 613 612
f 4447 617 4448
f 617 615 4448
f 4448 615 614
f 4449 603 4447
f 606 605 4450
f 605 604 4450
f 4344 4343 4450
f 4343 4451 4450
f 4450 4451 606
f 4366 4359 4364
f 4359 600 4364
f 4364 600 4362
f 600 599 4362
f 4362 599 4344
f 599 598 4344
f 4344 598 597
f 4378 4368 4376
f 4368 4367 4376
f 4376 4367 4452
f 4367 4453 4452
f 4452 4453 4454
f 4455 4450 4449
f 4450 604 4449
f 4449 604 603
f 4372 4360 4373
f 4360 4362 4373
f 4373 4362 4369
f 4362 4344 4369
f 4369 4344 4367
f 4344 4450 4367
f 4367 4450 4453
f 4450 4455 4453
f 4453 4455 4454
f 4247 4345 4443
f 4345 4346 4443
f 4443 4346 4442
f 4346 4255 4442
f 4442 4255 4253
f 4456 4457 4458
f 4457 4459 4458
f 4447 4448 4449
f 4448 4460 4449
f 4449 4460 4455
f 4460 4458 4455
f 4455 4458 4454
f 4458 4459 4454
f 4454 4459 4452
f 4459 4461 4452
f 4452 4461 4376
f 4461 4462 4376
f 4376 4462 4374
f 4434 4426 4435
f 4426 4428 4435
f 4435 4428 4421
f 4428 4430 4421
f 4421 4430 4422
f 4430 4463 4422
f 4422 4463 4424
f 4264 4268 4464
f 4268 4267 4464
f 4464 4267 4342
f 4267 4437 4342
f 4342 4437 4340
f 4420 4465 4418
f 4465 4423 4418
f 4418 4423 4278
f 4423 4425 4278
f 4280 4288 4338
f 4288 4287 4338
f 4338 4287 4339
f 4287 4415 4339
f 4339 4415 4350
f 4415 4414 4350
f 4350 4414 4348
f 4414 4412 4348
f 4348 4412 4466
f 4412 4413 4466
f 4466 4413 4317
f 4416 4338 4420
f 4338 4337 4420
f 4420 4337 4465
f 4337 4467 4465
f 4465 4467 4423
f 4467 4468 4423
f 4423 4468 4421
f 4468 4469 4421
f 4421 4469 4435
f 4406 4401 4407
f 4401 4403 4407
f 4407 4403 4470
f 4403 4405 4470
f 4470 4405 4471
f 4394 4396 4471
f 4396 4472 4471
f 4471 4472 4470
f 4472 4473 4470
f 4470 4473 4407
f 4341 4474 4342
f 4474 4475 4342
f 4342 4475 4464
f 4475 4476 4464
f 4431 4433 4437
f 4433 4435 4437
f 4437 4435 4340
f 4435 4469 4340
f 4340 4469 4341
f 4469 4477 4341
f 4341 4477 4474
f 614 4478 4448
f 4478 4479 4448
f 4448 4479 4460
f 4479 4480 4460
f 4460 4480 4458
f 4480 4481 4458
f 4458 4481 4456
f 4481 4482 4456
f 4456 4482 4483
f 4349 4484 4350
f 4484 4409 4350
f 4350 4409 4339
f 4409 4408 4339
f 4339 4408 4337
f 4408 4407 4337
f 4337 4407 4467
f 4407 4473 4467
f 4467 4473 4468
f 4473 4472 4468
f 4468 4472 4469
f 4472 4396 4469
f 4469 4396 4477
f 4396 4398 4477
f 4477 4398 4474
f 4398 4483 4474
f 4474 4483 4475
f 4483 4482 4475
f 4475 4482 4476
f 4482 4438 4476
f 4476 4438 4464
f 4438 4265 4464
f 4464 4265 4264
f 4400 4387 4398
f 4387 4389 4398
f 4398 4389 4483
f 4389 4357 4483
f 4483 4357 4456
f 4357 4383 4456
f 4456 4383 4457
f 4383 4381 4457
f 4457 4381 4459
f 4381 4382 4459
f 4459 4382 4461
f 614 613 4478
f 613 4445 4478
f 4478 4445 4479
f 4445 4443 4479
f 4479 4443 4480
f 4443 4442 4480
f 4480 4442 4481
f 4442 4440 4481
f 4481 4440 4482
f 4440 4441 4482
f 4482 4441 4438
f 4441 4485 4438
f 4438 4485 4439
f 4486 4487 3463
f 4326 3558 4488
f 3558 3503 4488
f 3463 4487 3462
f 4486 3463 4489
f 3463 3465 4489
f 4489 3465 4490
f 4487 4491 3462
f 4491 4492 3462
f 3462 4492 3461
f 4492 4493 3461
f 4493 4494 3461
f 3461 4494 3502
f 4494 4495 3502
f 3502 4495 3503
f 4495 4496 3503
f 3503 4496 4488
f 4497 4498 4499
f 4500 4501 4502
f 4503 4504 4505
f 4505 4506 4507
f 4508 4507 4509
f 4386 4385 4510
f 4471 4511 4512
f 4466 4317 4327
f 4358 4359 4513
f 4359 4366 4513
f 4513 4366 4365
f 4466 4327 4348
f 4410 4409 4514
f 4409 4515 4514
f 4514 4515 4327
f 4515 4349 4327
f 4327 4349 4348
f 4516 4517 4518
f 4518 4519 4514
f 4519 4520 4514
f 4520 4351 4514
f 4351 4411 4514
f 4514 4411 4410
f 4521 4404 4516
f 4404 4402 4516
f 4516 4402 4517
f 4522 4523 4524
f 4388 4387 4525
f 4387 4400 4525
f 4525 4400 4399
f 4392 4526 4527
f 4526 4390 4527
f 4527 4390 4388
f 4388 4525 4527
f 4525 4528 4527
f 4527 4528 4392
f 4385 4529 4510
f 4529 4530 4510
f 4510 4530 4531
f 4530 4532 4531
f 4531 4532 4528
f 4532 4533 4528
f 4528 4533 4392
f 4386 4510 4534
f 4510 4535 4534
f 4534 4535 4536
f 4535 4374 4462
f 4462 4537 4535
f 4537 4538 4535
f 4535 4538 4536
f 4539 4540 4541
f 4540 4370 4541
f 4541 4370 4542
f 4370 4368 4542
f 4368 4378 4542
f 4542 4378 4543
f 4365 4363 4513
f 4363 4544 4513
f 4513 4544 4541
f 4544 4360 4541
f 4541 4360 4539
f 4499 4498 4545
f 4507 4508 4505
f 4508 4546 4505
f 4505 4546 4503
f 575 574 4505
f 574 581 4505
f 4505 581 4506
f 581 583 4506
f 4506 583 585
f 4498 4547 4545
f 4547 4548 4545
f 4545 4548 4549
f 4548 4550 4549
f 4549 4550 4551
f 4324 4325 4552
f 4325 4326 4552
f 4552 4326 4553
f 4326 4488 4553
f 4488 4496 4553
f 4553 4496 4554
f 4555 4556 4557
f 4556 4558 4557
f 4557 4558 4559
f 4554 4496 4560
f 4496 4495 4560
f 4560 4495 4494
f 4494 4493 4560
f 4493 4561 4560
f 4560 4561 4562
f 4563 4555 4564
f 4555 4557 4564
f 4564 4557 4565
f 4557 4559 4565
f 4565 4559 4566
f 4567 4568 4569
f 4570 4567 4571
f 4567 4569 4571
f 4571 4569 4572
f 4569 4573 4572
f 4572 4573 4574
f 4573 4509 4574
f 4574 4509 4575
f 4509 4507 4575
f 4575 4507 4576
f 4507 4506 4576
f 4576 4506 4577
f 4506 585 4577
f 4577 585 588
f 4578 4570 4566
f 4570 4571 4566
f 4566 4571 4565
f 4571 4572 4565
f 4565 4572 4564
f 4572 4574 4564
f 4564 4574 4563
f 4574 4575 4563
f 4563 4575 4579
f 4575 4576 4579
f 4579 4576 4580
f 4576 4577 4580
f 4580 4577 4581
f 4577 588 4581
f 4581 588 587
f 4329 4330 4582
f 4524 4512 4522
f 4512 4511 4522
f 4522 4511 4516
f 4511 4471 4516
f 4516 4471 4521
f 4333 4334 4583
f 4335 4336 4584
f 4336 4323 4584
f 4584 4323 4585
f 4334 4335 4583
f 4335 4584 4583
f 4583 4584 4586
f 4584 4585 4586
f 4586 4585 4587
f 4585 4588 4587
f 4587 4588 4589
f 4588 4590 4589
f 4589 4590 4591
f 4590 4592 4591
f 4591 4592 4593
f 4592 4594 4593
f 4593 4594 4502
f 4594 4595 4502
f 4502 4595 4500
f 4323 4324 4585
f 4324 4552 4585
f 4585 4552 4588
f 4552 4553 4588
f 4588 4553 4590
f 4553 4554 4590
f 4590 4554 4592
f 4554 4560 4592
f 4592 4560 4594
f 4560 4562 4594
f 4594 4562 4595
f 4330 4332 4582
f 4332 4596 4582
f 4582 4596 4597
f 4596 4598 4597
f 4597 4598 4599
f 4598 4600 4599
f 4599 4600 4601
f 4600 4602 4601
f 4601 4602 4603
f 4602 4604 4603
f 4518 4514 4516
f 4514 4605 4516
f 4516 4605 4522
f 4605 4606 4522
f 4522 4606 4607
f 4606 4608 4607
f 4607 4608 4609
f 4608 4610 4609
f 4609 4610 4611
f 4543 4375 4542
f 4375 4374 4542
f 4542 4374 4612
f 4374 4535 4612
f 4612 4535 4613
f 4535 4510 4613
f 4613 4510 4611
f 4510 4531 4611
f 4611 4531 4609
f 4531 4528 4609
f 4609 4528 4607
f 4528 4525 4607
f 4607 4525 4522
f 4525 4399 4522
f 4522 4399 4523
f 4328 4329 4614
f 4329 4582 4614
f 4614 4582 4615
f 4582 4597 4615
f 4615 4597 4616
f 4597 4599 4616
f 4616 4599 4617
f 4599 4601 4617
f 4617 4601 4618
f 4601 4603 4618
f 4618 4603 4556
f 4603 4604 4556
f 4556 4604 4558
f 4332 4333 4596
f 4333 4583 4596
f 4596 4583 4598
f 4583 4586 4598
f 4598 4586 4600
f 4586 4587 4600
f 4600 4587 4602
f 4587 4589 4602
f 4602 4589 4604
f 4589 4591 4604
f 4604 4591 4558
f 4591 4593 4558
f 4558 4593 4559
f 4593 4502 4559
f 4559 4502 4566
f 4502 4501 4566
f 4566 4501 4578
f 4504 579 4505
f 579 577 4505
f 4505 577 575
f 589 4358 590
f 4358 4513 590
f 590 4513 592
f 4513 593 592
f 4568 4497 4569
f 4497 4499 4569
f 4569 4499 4573
f 4499 4545 4573
f 4573 4545 4509
f 4545 4549 4509
f 4509 4549 4508
f 4549 4551 4508
f 4508 4551 4546
f 587 593 4581
f 593 4513 4581
f 4581 4513 4580
f 4513 4541 4580
f 4580 4541 4579
f 4541 4542 4579
f 4579 4542 4563
f 4542 4612 4563
f 4563 4612 4555
f 4612 4613 4555
f 4555 4613 4556
f 4613 4611 4556
f 4556 4611 4618
f 4611 4610 4618
f 4618 4610 4617
f 4610 4608 4617
f 4617 4608 4616
f 4608 4606 4616
f 4616 4606 4615
f 4606 4605 4615
f 4615 4605 4614
f 4605 4514 4614
f 4614 4514 4328
f 4514 4327 4328
f 4619 4620 4621
f 4622 4623 4624
f 4625 4626 4627
f 4628 4629 4630
f 4570 4578 4631
f 4632 4633 4634
f 4551 4550 4635
f 4547 4498 4636
f 4637 4638 4639
f 4640 4641 4642
f 4643 557 562
f 4643 4644 4645
f 4644 4646 4645
f 4647 4648 4649
f 4648 4650 4649
f 4650 4651 4649
f 4649 4651 4644
f 4651 4652 4644
f 4644 4652 4646
f 4653 4654 4655
f 4654 4641 4655
f 4653 4656 4654
f 4656 4657 4654
f 4654 4657 4649
f 4657 4658 4649
f 4649 4658 4647
f 4659 4660 4642
f 4660 4661 4642
f 4642 4661 4640
f 4662 4663 4664
f 4663 4665 4664
f 4664 4665 4642
f 4665 4666 4642
f 4642 4666 4659
f 4667 4668 4664
f 4668 4669 4664
f 4664 4669 4662
f 4670 4671 4672
f 4673 4674 4675
f 4676 4677 4678
f 4677 4679 4678
f 4680 4681 4682
f 4680 4682 4683
f 4638 4684 4639
f 4684 4685 4639
f 4639 4685 4686
f 4687 4688 4689
f 4689 4690 4687
f 4690 4691 4687
f 4687 4691 4692
f 4693 4694 4695
f 4694 4696 4695
f 4695 4696 4697
f 4698 4699 4687
f 4699 4700 4687
f 4687 4700 4688
f 4547 4636 4701
f 4636 4702 4701
f 4701 4702 4635
f 4635 4550 4701
f 4550 4548 4701
f 4701 4548 4547
f 4703 4704 4705
f 4704 4706 4705
f 4705 4706 4707
f 4706 4708 4707
f 4707 4708 4709
f 4708 4710 4709
f 4709 4710 4711
f 4702 4712 4635
f 4712 4713 4635
f 4635 4713 4714
f 4713 4715 4714
f 4714 4715 4716
f 562 564 4710
f 564 565 4710
f 4710 565 4711
f 565 567 4711
f 4711 567 570
f 570 4715 4711
f 4715 4713 4711
f 4711 4713 4709
f 4713 4712 4709
f 4709 4712 4707
f 4712 4702 4707
f 4707 4702 4705
f 4489 4490 4717
f 4717 4718 4489
f 4718 4719 4489
f 4489 4719 4486
f 4719 4487 4486
f 4633 4703 4720
f 4721 4562 4561
f 4487 4719 4491
f 4719 4721 4491
f 4491 4721 4492
f 4721 4561 4492
f 4492 4561 4493
f 4722 4497 4568
f 4633 4720 4634
f 4720 4723 4634
f 4634 4723 4724
f 4723 4722 4724
f 4724 4722 4725
f 4722 4568 4725
f 4725 4568 4567
f 4632 4634 4726
f 4634 4724 4726
f 4726 4724 4727
f 4724 4725 4727
f 4727 4725 4631
f 4725 4567 4631
f 4631 4567 4570
f 4728 4501 4500
f 4697 4698 4695
f 4698 4687 4695
f 4695 4687 4729
f 4687 4730 4729
f 4731 4732 4733
f 4629 4730 4630
f 4730 4687 4630
f 4630 4687 4639
f 4687 4692 4639
f 4639 4692 4637
f 4732 4628 4733
f 4628 4630 4733
f 4733 4630 4734
f 4630 4639 4734
f 4734 4639 4735
f 4639 4686 4735
f 4735 4686 4736
f 4736 4683 4735
f 4683 4682 4735
f 4735 4682 4734
f 4682 4737 4734
f 4734 4737 4733
f 4737 4627 4733
f 4733 4627 4731
f 4627 4626 4731
f 4623 4625 4624
f 4625 4627 4624
f 4624 4627 4738
f 4627 4737 4738
f 4738 4737 4739
f 4737 4682 4739
f 4739 4682 4677
f 4682 4681 4677
f 4677 4681 4679
f 4671 4740 4672
f 4740 4741 4672
f 4672 4741 4742
f 4741 4743 4742
f 4742 4743 4744
f 4743 4745 4744
f 4744 4745 4746
f 4745 4747 4746
f 4748 4749 4747
f 4749 4750 4747
f 4747 4750 4751
f 4752 4622 4753
f 4622 4624 4753
f 4753 4624 4754
f 4624 4738 4754
f 4754 4738 4755
f 4738 4739 4755
f 4755 4739 4756
f 4739 4677 4756
f 4756 4677 4673
f 4677 4676 4673
f 4673 4676 4674
f 4675 4670 4673
f 4670 4672 4673
f 4673 4672 4756
f 4672 4742 4756
f 4756 4742 4755
f 4742 4744 4755
f 4755 4744 4754
f 4744 4746 4754
f 4754 4746 4753
f 4746 4747 4753
f 4753 4747 4752
f 4747 4751 4752
f 4490 4748 4717
f 4748 4747 4717
f 4717 4747 4757
f 4747 4745 4757
f 4757 4745 4758
f 4745 4743 4758
f 4758 4743 4759
f 4743 4741 4759
f 4759 4741 4667
f 4741 4740 4667
f 4667 4740 4668
f 4620 4619 4760
f 4619 4761 4760
f 4760 4761 4762
f 4761 4763 4762
f 4762 4763 4764
f 4763 4765 4764
f 4764 4765 4766
f 4765 4728 4766
f 4766 4728 4767
f 4728 4500 4767
f 4767 4500 4595
f 4641 4654 4642
f 4654 4768 4642
f 4642 4768 4664
f 4768 4769 4664
f 4664 4769 4667
f 4769 4621 4667
f 4667 4621 4759
f 4621 4620 4759
f 4759 4620 4758
f 4620 4760 4758
f 4758 4760 4757
f 4760 4762 4757
f 4757 4762 4717
f 4762 4764 4717
f 4717 4764 4718
f 4764 4766 4718
f 4718 4766 4719
f 4766 4767 4719
f 4719 4767 4721
f 4767 4595 4721
f 4721 4595 4562
f 570 569 4715
f 569 573 4715
f 4715 573 4716
f 573 572 4716
f 4716 572 580
f 4551 4635 4546
f 4635 4714 4546
f 4546 4714 4503
f 4714 4716 4503
f 4503 4716 4504
f 4716 580 4504
f 4504 580 579
f 4703 4705 4720
f 4705 4702 4720
f 4720 4702 4723
f 4702 4636 4723
f 4723 4636 4722
f 4636 4498 4722
f 4722 4498 4497
f 4643 562 4644
f 562 4710 4644
f 4644 4710 4649
f 4710 4708 4649
f 4649 4708 4654
f 4708 4706 4654
f 4654 4706 4768
f 4706 4704 4768
f 4768 4704 4769
f 4704 4703 4769
f 4769 4703 4621
f 4703 4633 4621
f 4621 4633 4619
f 4633 4632 4619
f 4619 4632 4761
f 4632 4726 4761
f 4761 4726 4763
f 4726 4727 4763
f 4763 4727 4765
f 4727 4631 4765
f 4765 4631 4728
f 4631 4578 4728
f 4728 4578 4501
f 3803 3025 4693
f 3853 4622 3852
f 4622 4752 3852
f 3852 4752 3847
f 4752 4751 3847
f 3847 4751 3786
f 4751 4750 3786
f 3786 4750 3787
f 4750 4749 3787
f 3787 4749 3465
f 4749 4748 3465
f 3465 4748 4490
f 3888 3887 4731
f 4731 4626 3888
f 4626 4625 3888
f 3888 4625 3853
f 4625 4623 3853
f 3853 4623 4622
f 4693 4695 3803
f 4695 4729 3803
f 3803 4729 3804
f 4729 4730 3804
f 3804 4730 3781
f 4730 4629 3781
f 3781 4629 4770
f 4629 4628 4770
f 4770 4628 3887
f 4628 4732 3887
f 3887 4732 4731
f 4771 4772 4773
f 4774 4775 4776
f 4662 4777 4778
f 4779 4780 4736
f 4781 4782 4783
f 4784 4785 4786
f 4787 534 542
f 534 4787 4788
f 4789 534 4790
f 534 4788 4790
f 4790 4788 4791
f 4788 4792 4791
f 4789 4793 534
f 4793 4794 534
f 534 4794 4795
f 4794 544 4795
f 4796 4797 4798
f 4797 4799 4798
f 4798 4799 4788
f 4799 4800 4788
f 4788 4800 4792
f 4801 4802 4803
f 4802 4804 4803
f 4803 4804 4805
f 4806 4801 4807
f 4801 4803 4807
f 4807 4803 4798
f 4803 4805 4798
f 4798 4805 4796
f 4808 4809 4810
f 4809 4811 4810
f 4810 4811 4807
f 4811 4812 4807
f 4807 4812 4806
f 4813 4814 4815
f 4814 4816 4815
f 4815 4816 4817
f 4818 4813 4819
f 4813 4815 4819
f 4819 4815 4820
f 4815 4817 4820
f 4820 4817 4786
f 4817 4821 4786
f 4786 4821 4784
f 4782 4822 4783
f 4822 4823 4783
f 4783 4823 4818
f 4823 4824 4818
f 4818 4824 4813
f 4825 4826 4827
f 4828 4829 4830
f 4829 4831 4830
f 4830 4831 4832
f 4833 4834 4835
f 4834 4836 4835
f 4837 4838 4839
f 4840 4841 4838
f 4840 4838 4842
f 4843 4844 4840
f 4844 4845 4840
f 4840 4845 4841
f 4846 4847 4848
f 4847 4849 4848
f 4848 4849 4850
f 4848 4697 4851
f 4697 4696 4851
f 4851 4696 4694
f 4693 4852 4694
f 4852 4853 4694
f 4694 4853 4851
f 4853 4854 4851
f 4851 4854 4848
f 4854 4855 4848
f 4848 4855 4846
f 4698 4856 4857
f 4856 4700 4857
f 4856 4858 4700
f 4858 4859 4700
f 4700 4859 4688
f 4859 4689 4688
f 4860 4861 4859
f 4861 4690 4859
f 4859 4690 4689
f 4862 4863 4864
f 4865 4866 4867
f 4866 4684 4867
f 4867 4684 4862
f 4684 4868 4862
f 4862 4868 4863
f 4869 4870 4871
f 4870 4872 4871
f 4869 4871 4679
f 4871 4873 4679
f 4679 4873 4678
f 4874 4675 4875
f 4675 4674 4875
f 4875 4674 4873
f 4674 4676 4873
f 4873 4676 4678
f 4777 4668 4778
f 4668 4876 4778
f 4778 4876 4875
f 4876 4671 4875
f 4875 4671 4874
f 4877 4878 4772
f 4878 4663 4772
f 4772 4663 4773
f 4661 4879 4771
f 4771 4879 4772
f 4879 4659 4772
f 4772 4659 4877
f 4657 4656 4880
f 4656 4653 4880
f 4880 4653 4655
f 4650 4881 4882
f 4881 4883 4882
f 4882 4883 4884
f 4883 4885 4884
f 4643 4645 4886
f 4645 4646 4886
f 4886 4646 4887
f 4646 4652 4887
f 4887 4652 4651
f 557 4643 558
f 4643 4886 558
f 558 4886 560
f 4886 561 560
f 4775 553 4776
f 553 552 4776
f 4776 552 4887
f 552 550 4887
f 4887 550 4886
f 550 549 4886
f 4886 549 561
f 4888 545 556
f 545 4888 546
f 4888 4889 546
f 546 4889 547
f 547 4889 548
f 4889 4890 548
f 548 4890 538
f 542 541 4787
f 541 540 4787
f 4787 540 4890
f 540 539 4890
f 4890 539 538
f 556 4774 4888
f 4774 4776 4888
f 4888 4776 4884
f 4776 4887 4884
f 4884 4887 4882
f 4887 4651 4882
f 4882 4651 4650
f 4891 4892 4893
f 4892 4894 4893
f 4893 4894 4895
f 4894 4896 4895
f 4892 4897 4894
f 4897 4898 4894
f 4894 4898 4896
f 4898 4899 4896
f 4896 4899 4900
f 4899 4901 4900
f 4900 4901 4880
f 4901 4902 4880
f 4880 4902 4657
f 4831 4826 4832
f 4826 4825 4832
f 4832 4825 4903
f 4904 4843 4858
f 4843 4840 4858
f 4858 4840 4859
f 4840 4842 4859
f 4859 4842 4860
f 4698 4697 4856
f 4697 4848 4856
f 4856 4848 4858
f 4848 4850 4858
f 4858 4850 4904
f 4850 4849 4904
f 4838 4837 4842
f 4837 4862 4842
f 4842 4862 4860
f 4862 4864 4860
f 4860 4864 4861
f 4780 4779 4905
f 4779 4906 4905
f 4905 4906 4835
f 4906 4907 4835
f 4835 4907 4833
f 4736 4865 4779
f 4865 4867 4779
f 4779 4867 4906
f 4867 4862 4906
f 4906 4862 4907
f 4862 4837 4907
f 4907 4837 4833
f 4837 4839 4833
f 4833 4839 4834
f 4836 4828 4835
f 4828 4830 4835
f 4835 4830 4905
f 4830 4832 4905
f 4905 4832 4780
f 4832 4903 4780
f 4780 4903 4908
f 4785 4909 4786
f 4909 4910 4786
f 4786 4910 4820
f 4910 4911 4820
f 4820 4911 4819
f 4911 4912 4819
f 4819 4912 4818
f 4912 4913 4818
f 4818 4913 4783
f 4913 4914 4783
f 4783 4914 4781
f 4914 4915 4781
f 4827 4915 4825
f 4915 4914 4825
f 4825 4914 4903
f 4914 4913 4903
f 4903 4913 4908
f 4913 4912 4908
f 4908 4912 4916
f 4912 4911 4916
f 4916 4911 4917
f 4911 4910 4917
f 4655 4641 4880
f 4641 4640 4880
f 4880 4640 4900
f 4640 4661 4900
f 4900 4661 4896
f 4661 4771 4896
f 4896 4771 4895
f 4771 4773 4895
f 4895 4773 4893
f 4773 4917 4893
f 4893 4917 4891
f 4917 4910 4891
f 4663 4662 4773
f 4662 4778 4773
f 4773 4778 4917
f 4778 4875 4917
f 4917 4875 4916
f 4875 4873 4916
f 4916 4873 4908
f 4873 4871 4908
f 4908 4871 4780
f 4871 4872 4780
f 4780 4872 4736
f 4885 4657 4884
f 4657 4902 4884
f 4884 4902 4888
f 4902 4901 4888
f 4888 4901 4889
f 4901 4899 4889
f 4889 4899 4890
f 4899 4898 4890
f 4890 4898 4787
f 4898 4897 4787
f 4787 4897 4788
f 4897 4892 4788
f 4788 4892 4798
f 4892 4891 4798
f 4798 4891 4807
f 4891 4910 4807
f 4807 4910 4810
f 4910 4909 4810
f 4810 4909 4808
f 4918 4919 4920
f 4921 4922 4923
f 4924 4923 4925
f 4923 4922 4925
f 4925 4922 4926
f 4841 4845 4927
f 4845 4844 4927
f 4844 4843 4927
f 4843 4904 4927
f 4927 4904 4928
f 4904 4929 4928
f 4928 4929 4847
f 4930 4931 4932
f 4931 4836 4932
f 4836 4933 4932
f 4933 4934 4932
f 4932 4934 4927
f 4934 4935 4927
f 4927 4935 4841
f 4936 4937 4938
f 4937 4939 4938
f 4939 4940 4938
f 4940 4941 4938
f 4938 4941 4932
f 4941 4942 4932
f 4932 4942 4930
f 4943 4814 4813
f 4813 4944 4943
f 4944 4945 4943
f 4943 4945 4938
f 4945 4946 4938
f 4938 4946 4936
f 4919 4821 4920
f 4821 4817 4920
f 4920 4817 4943
f 4817 4816 4943
f 4943 4816 4814
f 4947 4809 4808
f 4947 4808 4920
f 4808 4948 4920
f 4920 4948 4918
f 4949 4812 4947
f 4812 4811 4947
f 4947 4811 4809
f 4802 4801 4949
f 4801 4806 4949
f 4949 4806 4812
f 4950 4951 4805
f 4949 4952 4802
f 4952 4950 4802
f 4802 4950 4804
f 4950 4805 4804
f 4953 4799 4950
f 4799 4797 4950
f 4950 4797 4951
f 4789 4790 4954
f 4790 4791 4954
f 4954 4791 4792
f 4789 4955 4793
f 4955 4794 4793
f 533 4956 530
f 4956 532 530
f 4957 4958 4955
f 4958 4956 4955
f 4955 4956 4794
f 4956 533 4794
f 4794 533 544
f 4789 4954 4955
f 4954 4959 4955
f 4955 4959 4957
f 4792 4953 4954
f 4953 4950 4954
f 4954 4950 4959
f 4950 4960 4959
f 4959 4960 4961
f 4960 4962 4961
f 4963 4964 4965
f 4964 4966 4965
f 4965 4966 4967
f 4966 4968 4967
f 4967 4968 4969
f 4970 4971 4972
f 4971 4973 4972
f 4972 4973 4963
f 4973 4974 4963
f 4963 4974 4964
f 4975 4976 4977
f 4976 4978 4977
f 4977 4978 4972
f 4978 4979 4972
f 4972 4979 4970
f 4980 4981 4975
f 4981 4982 4975
f 4975 4982 4976
f 4924 4983 4923
f 4983 4984 4923
f 4923 4984 4980
f 4984 4985 4980
f 4980 4985 4981
f 4928 4921 4927
f 4921 4923 4927
f 4927 4923 4932
f 4923 4980 4932
f 4932 4980 4938
f 4980 4975 4938
f 4938 4975 4943
f 4975 4977 4943
f 4943 4977 4920
f 4977 4972 4920
f 4920 4972 4947
f 4972 4963 4947
f 4947 4963 4949
f 4963 4965 4949
f 4949 4965 4952
f 4965 4986 4952
f 4952 4986 4950
f 4986 4969 4950
f 4950 4969 4960
f 4969 4987 4960
f 4960 4987 4962
f 4693 3025 4988
f 3025 3024 4988
f 4988 3024 4853
f 4853 3024 4854
f 3024 3028 4854
f 4854 3028 4855
f 3028 3027 4855
f 4855 3027 4846
f 3027 1061 4846
f 4846 1061 4847
f 1327 4921 4928
f 4847 1061 4928
f 1061 1060 4928
f 4928 1060 1327
f 1327 1326 4989
f 1326 1329 4989
f 4989 1329 1328
f 4990 4991 4922
f 4991 4992 4922
f 4922 4992 4993
f 4993 4994 4922
f 4994 4995 4922
f 4922 4995 4926
f 4921 1327 4922
f 1327 4989 4922
f 4922 4989 4990
f 620 619 4233
f 619 4996 4233
f 4233 4996 4235
f 4997 4998 4999
f 4997 4999 5000
f 4999 5001 5000
f 5000 5001 5002
f 5003 5004 5005
f 5004 5006 5005
f 5005 5006 5007
f 5006 5008 5007
f 5009 5010 5011
f 5009 5011 5012
f 5011 5013 5012
f 5012 5013 5014
f 5015 5016 5017
f 5018 5019 5020
f 5019 5021 5020
f 5022 5023 5024
f 5023 5025 5024
f 5026 5027 5028
f 5027 5029 5028
f 5030 5031 5032

