# https://github.com/mikedh/trimesh
v -0.02208775 -0.06807923 0.03683824
v -0.02209813 -0.06814329 0.03648712
v -0.02139163 -0.06814894 0.03649069
v -0.01866224 -0.06810260 0.03239075
v -0.01862914 -0.06810794 0.03294074
v -0.02002335 -0.06843643 0.03299896
v -0.01993568 -0.06789643 0.03654566
v -0.01994015 -0.06792273 0.03650580
v -0.01989727 -0.06790266 0.03650652
v -0.02675445 -0.06679190 0.03773374
v -0.02682957 -0.06677973 0.03768590
v -0.02686976 -0.06703012 0.03719619
v -0.02744969 -0.06667935 0.02870521
v -0.02682896 -0.06677987 0.02831432
v -0.02686351 -0.06699156 0.02882251
v -0.02165116 -0.06822621 0.03609379
v -0.02141035 -0.06826513 0.03584004
v -0.02485256 -0.06770800 0.03662796
v -0.02484872 -0.06770859 0.03660953
v -0.02416095 -0.06777634 0.03718611
v -0.02484503 -0.06770923 0.03656230
v -0.02484505 -0.06770938 0.03650000
v -0.02482570 -0.06771236 0.03633557
v -0.02482452 -0.06771254 0.03633155
v -0.02480606 -0.06771537 0.03626831
v -0.02476082 -0.06772251 0.03617492
v -0.02473403 -0.06772672 0.03611961
v -0.02469354 -0.06773320 0.03606273
v -0.02466675 -0.06773751 0.03603602
v -0.02457702 -0.06775199 0.03594655
v -0.02454268 -0.06775753 0.03592230
v -0.02452023 -0.06776116 0.03590644
v -0.02439326 -0.06778173 0.03584587
v -0.02437233 -0.06778511 0.03583588
v -0.02430564 -0.06779592 0.03581708
v -0.02423076 -0.06780804 0.03580926
v -0.02515332 -0.06765814 0.03686187
v -0.02515186 -0.06765837 0.03686210
v -0.02553501 -0.06752461 0.03718707
v -0.02485115 -0.06767007 0.03718593
v -0.02512220 -0.06766320 0.03686170
v -0.02508541 -0.06766934 0.03685483
v -0.02505336 -0.06767470 0.03684885
v -0.02502558 -0.06767941 0.03683854
v -0.02502009 -0.06768035 0.03683536
v -0.02496483 -0.06768972 0.03680332
v -0.02496110 -0.06769034 0.03680022
v -0.02494193 -0.06769356 0.03678425
v -0.02491328 -0.06769828 0.03675075
v -0.02489607 -0.06770112 0.03673062
v -0.02488066 -0.06770359 0.03670492
v -0.02487603 -0.06770433 0.03669309
v -0.02485718 -0.06770727 0.03664487
v -0.02485486 -0.06770764 0.03663893
v -0.02600928 -0.06752021 0.03652061
v -0.02589113 -0.06753929 0.03657015
v -0.02587265 -0.06742538 0.03718853
v -0.02554645 -0.06759500 0.03671469
v -0.02522109 -0.06764755 0.03685114
v -0.02608858 -0.06750739 0.03648678
v -0.02608616 -0.06750778 0.03648837
v -0.02620770 -0.06731018 0.03719053
v -0.02650142 -0.06744069 0.03621637
v -0.02623581 -0.06748361 0.03639035
v -0.02623370 -0.06747072 0.03648721
v -0.02692522 -0.06737189 0.03581220
v -0.02680068 -0.06739212 0.03593097
v -0.02690534 -0.06724977 0.03649089
v -0.02657120 -0.06737065 0.03648870
v -0.02745219 -0.06728649 0.03518474
v -0.02741933 -0.06729179 0.03524893
v -0.02759231 -0.06712358 0.03579346
v -0.02718156 -0.06733028 0.03556772
v -0.02694976 -0.06736791 0.03578878
v -0.02828275 -0.06701875 0.03439740
v -0.02784950 -0.06722225 0.03440887
v -0.02761454 -0.06726023 0.03486769
v -0.02809064 -0.06718328 0.03268969
v -0.02809898 -0.06718181 0.03299718
v -0.02829396 -0.06708796 0.03299925
v -0.02810151 -0.06718138 0.03309027
v -0.02807134 -0.06718628 0.03330543
v -0.02797011 -0.06720277 0.03402721
v -0.02788792 -0.06721605 0.03428733
v -0.02785450 -0.06722145 0.03439303
v -0.02801688 -0.06719525 0.03231378
v -0.02828122 -0.06700929 0.03160606
v -0.02790852 -0.06721287 0.03176150
v -0.02729214 -0.06731237 0.03057236
v -0.02824167 -0.06676512 0.03021844
v -0.02723266 -0.06732201 0.03050115
v -0.02703662 -0.06735379 0.03026645
v -0.02774816 -0.06723870 0.03135430
v -0.02776732 -0.06723559 0.03138715
v -0.02784811 -0.06722259 0.03160133
v -0.02875452 -0.06646794 0.03025306
v -0.02873929 -0.06647042 0.03022539
v -0.02866180 -0.06648297 0.03008459
v -0.02789216 -0.06660775 0.02911498
v -0.02598097 -0.06752487 0.02945394
v -0.02565889 -0.06757705 0.02933021
v -0.02552420 -0.06745779 0.02881434
v -0.02554636 -0.06759529 0.02928698
v -0.02510748 -0.06766637 0.02911838
v -0.02632204 -0.06746962 0.02965692
v -0.02651202 -0.06743883 0.02981897
v -0.02692503 -0.06737187 0.03017127
v -0.02415819 -0.06775930 0.02881171
v -0.02471531 -0.06772990 0.02904111
v -0.02471931 -0.06772925 0.02904121
v -0.02372781 -0.06788984 0.02902590
v -0.02378542 -0.06788050 0.02901746
v -0.02416778 -0.06781858 0.02902718
v -0.02276735 -0.06790750 0.02881423
v -0.02278919 -0.06804184 0.02927258
v -0.02339391 -0.06794391 0.02907481
v -0.02215421 -0.06814467 0.02955094
v -0.02250491 -0.06808789 0.02936555
v -0.02134990 -0.06789132 0.02882229
v -0.02277347 -0.06804439 0.02927772
v -0.02021910 -0.06785053 0.02911098
v -0.01993592 -0.06789637 0.02942792
v -0.01997126 -0.06811479 0.03021811
v -0.02022034 -0.06785032 0.02910959
v -0.02122993 -0.06768669 0.02830513
v -0.02131456 -0.06767298 0.02825854
v -0.02062506 -0.06839231 0.03120555
v -0.02113994 -0.06830882 0.03041593
v -0.02116034 -0.06830551 0.03039386
v -0.02133440 -0.06827736 0.03020553
v -0.02141031 -0.06826509 0.03012339
v -0.02141043 -0.06826506 0.03012330
v -0.02190689 -0.06818470 0.02974126
v -0.02020694 -0.06846005 0.03288954
v -0.02023768 -0.06845526 0.03249001
v -0.02001071 -0.06835837 0.03160575
v -0.02031478 -0.06844275 0.03217949
v -0.02046555 -0.06841830 0.03157225
v -0.02061524 -0.06839392 0.03122811
v -0.02037700 -0.06843257 0.03415690
v -0.02029180 -0.06844639 0.03383198
v -0.02001220 -0.06836756 0.03439710
v -0.02023207 -0.06845600 0.03316870
v -0.02021662 -0.06845849 0.03299710
v -0.02078134 -0.06836695 0.03508015
v -0.02077741 -0.06836758 0.03507143
v -0.02071873 -0.06836209 0.03509144
v -0.02047160 -0.06841722 0.03439291
v -0.02039335 -0.06842991 0.03421928
v -0.02070018 -0.06824758 0.03579321
v -0.02100371 -0.06833087 0.03541156
v -0.02078859 -0.06836576 0.03509095
v -0.02067196 -0.06807329 0.03649699
v -0.02140862 -0.06826542 0.03583822
v -0.02136169 -0.06827301 0.03578877
v -0.02209978 -0.06815367 0.03639878
v -0.02196931 -0.06817475 0.03633195
v -0.02346304 -0.06793306 0.03656230
v -0.02345934 -0.06793362 0.03660953
v -0.02346306 -0.06793320 0.03650000
v -0.02416773 -0.06781824 0.03580267
v -0.02414302 -0.06782225 0.03580009
v -0.02407394 -0.06783343 0.03580470
v -0.02406395 -0.06783506 0.03580712
v -0.02391494 -0.06785919 0.03584320
v -0.02390165 -0.06786135 0.03584894
v -0.02385127 -0.06786951 0.03587072
v -0.02375626 -0.06788492 0.03593268
v -0.02371381 -0.06789179 0.03596036
v -0.02366272 -0.06790010 0.03600768
v -0.02363331 -0.06790492 0.03604596
v -0.02356233 -0.06791652 0.03613836
v -0.02353766 -0.06792061 0.03618493
v -0.02352960 -0.06792195 0.03620014
v -0.02348168 -0.06793006 0.03634478
v -0.02347760 -0.06793075 0.03635713
v -0.02346689 -0.06793260 0.03642642
v -0.02345483 -0.06793439 0.03663120
v -0.02345322 -0.06793466 0.03663893
v -0.02343087 -0.06793840 0.03669617
v -0.02328232 -0.06796177 0.03683854
v -0.02325447 -0.06796607 0.03684885
v -0.02347249 -0.06789340 0.03718593
v -0.02342746 -0.06793897 0.03670492
v -0.02341206 -0.06794149 0.03673062
v -0.02339268 -0.06794457 0.03675326
v -0.02328498 -0.06796136 0.03683700
v -0.02336615 -0.06794879 0.03678425
v -0.02334441 -0.06795218 0.03680233
v -0.02334322 -0.06795236 0.03680332
v -0.02321914 -0.06797162 0.03685543
v -0.02318552 -0.06797689 0.03686170
v -0.02277813 -0.06797400 0.03718698
v -0.02315585 -0.06798167 0.03686210
v -0.02315117 -0.06798246 0.03686136
v -0.02308674 -0.06799327 0.03685114
v -0.02279999 -0.06804055 0.03675745
v -0.02278777 -0.06803353 0.03683602
v -0.02278919 -0.06804229 0.03675191
v -0.02227151 -0.06812593 0.03648675
v -0.02405807 -0.06722863 0.02750000
v -0.02292339 -0.06741242 0.02762146
v -0.02266123 -0.06745487 0.02771216
v -0.02170784 -0.06760930 0.02804203
v -0.02134584 -0.06766793 0.02824132
v -0.02635878 -0.06685601 0.02801825
v -0.02585518 -0.06693757 0.02781004
v -0.02675409 -0.06679199 0.02826718
v -0.02545608 -0.06700221 0.02772014
v -0.02460131 -0.06714065 0.02752760
v -0.02407188 -0.06722640 0.02750070
v -0.02696517 -0.06736537 0.03020551
v -0.02785688 -0.06661347 0.02907055
v -0.02758831 -0.06665692 0.02882958
v -0.02892665 -0.06644004 0.03056586
v -0.02928198 -0.06638256 0.03158378
v -0.02944927 -0.06635548 0.03301646
v -0.02944922 -0.06635549 0.03300009
v -0.02944758 -0.06635576 0.03233560
v -0.02935490 -0.06637076 0.03179265
v -0.02929498 -0.06638045 0.03162102
v -0.02928000 -0.06638290 0.03441563
v -0.02928105 -0.06638273 0.03441258
v -0.02892874 -0.06663951 0.03440640
v -0.02936084 -0.06636981 0.03418025
v -0.02945080 -0.06635522 0.03363683
v -0.02872150 -0.06647341 0.03580872
v -0.02875494 -0.06646797 0.03574720
v -0.02824425 -0.06678105 0.03580123
v -0.02889725 -0.06644489 0.03548549
v -0.02893873 -0.06643817 0.03540922
v -0.02756382 -0.06694770 0.03649729
v -0.02819358 -0.06655892 0.03650626
v -0.02820824 -0.06655655 0.03648760
v -0.02867628 -0.06648075 0.03589184
v -0.02755139 -0.06666289 0.03720457
v -0.02787640 -0.06661030 0.03690998
v -0.02789450 -0.06660737 0.03688695
v -0.02752105 -0.06668358 0.03720409
v -0.02747104 -0.06667589 0.03727740
v -0.02481555 -0.06745027 0.03789124
v -0.02545075 -0.06700324 0.03827994
v -0.02549203 -0.06725923 0.03789391
v -0.02545570 -0.06700244 0.03827880
v -0.02618607 -0.06717662 0.03754398
v -0.02648954 -0.06683477 0.03790243
v -0.02615732 -0.06699913 0.03789890
v -0.02638356 -0.06685193 0.03796993
v -0.02588105 -0.06693360 0.03818070
v -0.02412950 -0.06758216 0.03789056
v -0.02462858 -0.06713632 0.03846955
v -0.02476131 -0.06711483 0.03843894
v -0.02343717 -0.06767535 0.03789118
v -0.02405843 -0.06722856 0.03849681
v -0.02408547 -0.06722416 0.03849993
v -0.02273543 -0.06771041 0.03789376
v -0.02280929 -0.06743115 0.03835253
v -0.02338245 -0.06733819 0.03841873
v -0.02202248 -0.06767620 0.03789866
v -0.02168188 -0.06761363 0.03790235
v -0.02228688 -0.06751573 0.03819908
v -0.02265450 -0.06745621 0.03830706
v -0.02269322 -0.06744995 0.03831843
v -0.02135382 -0.06766671 0.03774146
v -0.02205110 -0.06785295 0.03754376
v -0.02024604 -0.06784613 0.03686187
v -0.02058227 -0.06779164 0.03720444
v -0.02062942 -0.06781069 0.03720373
v -0.02068791 -0.06777452 0.03731208
v -0.02135638 -0.06793138 0.03719592
v -0.02113073 -0.06770281 0.03763204
v -0.02131438 -0.06767309 0.03772211
v -0.01978225 -0.06792131 0.03638933
v -0.01997398 -0.06813161 0.03580086
v -0.01946894 -0.06797201 0.03593892
v -0.01891581 -0.06806153 0.03476451
v -0.01907872 -0.06803517 0.03511040
v -0.01999716 -0.06827471 0.03509814
v -0.01937556 -0.06798712 0.03574065
v -0.01940754 -0.06798194 0.03580855
v -0.01863539 -0.06810694 0.03299928
v -0.01876734 -0.06808559 0.03423442
v -0.01881731 -0.06807749 0.03441284
v -0.01881982 -0.06807708 0.03442178
v -0.01883987 -0.06807379 0.03162071
v -0.01916547 -0.06802099 0.03061577
v -0.01895453 -0.06805519 0.03112366
v -0.01884819 -0.06807244 0.03158463
v -0.01985533 -0.06790943 0.02951811
v -0.01941103 -0.06798128 0.03022505
v -0.01938406 -0.06798564 0.03026797
v -0.02654010 -0.06717862 0.03719307
v -0.02551771 -0.06741780 0.03753962
v -0.02207256 -0.06798545 0.03719035
v -0.02137628 -0.06805423 0.03684283
v -0.02218606 -0.06813973 0.03644298
v -0.02483791 -0.06758832 0.03753764
v -0.02414986 -0.06770788 0.03753738
v -0.02345940 -0.06781259 0.03753761
v -0.02276099 -0.06786821 0.03753949
v -0.02393192 -0.07535328 0.02768741
v -0.02262249 -0.07556536 0.02823686
v -0.02170784 -0.06760930 0.02804203
v -0.02122993 -0.06768669 0.02830513
v -0.02131456 -0.06767298 0.02825854
v -0.02134584 -0.06766793 0.02824132
v -0.01985533 -0.06790943 0.02951811
v -0.02149806 -0.07574748 0.02911091
v -0.01941103 -0.06798128 0.03022505
v -0.02063525 -0.07588722 0.03025000
v -0.01938406 -0.06798564 0.03026797
v -0.01993592 -0.06789637 0.02942792
v -0.02021910 -0.06785053 0.02911098
v -0.02022034 -0.06785032 0.02910959
v -0.01916547 -0.06802099 0.03061577
v -0.02009286 -0.07597507 0.03157650
v -0.01895453 -0.06805519 0.03112366
v -0.01990786 -0.07600505 0.03300000
v -0.01863539 -0.06810694 0.03299928
v -0.01862914 -0.06810794 0.03294074
v -0.01866224 -0.06810260 0.03239075
v -0.01883987 -0.06807379 0.03162071
v -0.01884819 -0.06807244 0.03158463
v -0.01876734 -0.06808559 0.03423442
v -0.02009286 -0.07597507 0.03442350
v -0.01881731 -0.06807749 0.03441284
v -0.01937556 -0.06798712 0.03574065
v -0.01907872 -0.06803517 0.03511040
v -0.02063525 -0.07588722 0.03575000
v -0.01891581 -0.06806153 0.03476451
v -0.01881982 -0.06807708 0.03442178
v -0.02058227 -0.06779164 0.03720444
v -0.02024604 -0.06784613 0.03686187
v -0.02149806 -0.07574748 0.03688909
v -0.01993568 -0.06789643 0.03654566
v -0.01989727 -0.06790266 0.03650652
v -0.01978225 -0.06792131 0.03638933
v -0.01946894 -0.06797201 0.03593892
v -0.01940754 -0.06798194 0.03580855
v -0.02135382 -0.06766671 0.03774146
v -0.02131438 -0.06767309 0.03772211
v -0.02262249 -0.07556536 0.03776314
v -0.02113073 -0.06770281 0.03763204
v -0.02068791 -0.06777452 0.03731208
v -0.02168188 -0.06761363 0.03790235
v -0.02393192 -0.07535328 0.03831259
v -0.02228688 -0.06751573 0.03819908
v -0.02280929 -0.06743115 0.03835253
v -0.02338245 -0.06733819 0.03841873
v -0.02533712 -0.07512569 0.03850000
v -0.02269322 -0.06744995 0.03831843
v -0.02265450 -0.06745621 0.03830706
v -0.02476131 -0.06711483 0.03843894
v -0.02462858 -0.06713632 0.03846955
v -0.02674231 -0.07489810 0.03831259
v -0.02545570 -0.06700244 0.03827880
v -0.02545075 -0.06700324 0.03827994
v -0.02408547 -0.06722416 0.03849993
v -0.02405843 -0.06722856 0.03849681
v -0.02675445 -0.06679190 0.03773374
v -0.02648954 -0.06683477 0.03790243
v -0.02805175 -0.07468601 0.03776314
v -0.02638356 -0.06685193 0.03796993
v -0.02588105 -0.06693360 0.03818070
v -0.02755139 -0.06666289 0.03720457
v -0.02747104 -0.06667589 0.03727740
v -0.02682957 -0.06677973 0.03768590
v -0.02875494 -0.06646797 0.03574720
v -0.02872150 -0.06647341 0.03580872
v -0.03003899 -0.07436415 0.03575000
v -0.02867628 -0.06648075 0.03589184
v -0.02917617 -0.07450389 0.03688909
v -0.02820824 -0.06655655 0.03648760
v -0.02819358 -0.06655892 0.03650626
v -0.02789450 -0.06660737 0.03688695
v -0.02787640 -0.06661030 0.03690998
v -0.03058137 -0.07427632 0.03442350
v -0.02893873 -0.06643817 0.03540922
v -0.02889725 -0.06644489 0.03548549
v -0.03076638 -0.07424634 0.03300000
v -0.02944922 -0.06635549 0.03300009
v -0.02944927 -0.06635548 0.03301646
v -0.02945080 -0.06635522 0.03363683
v -0.02936084 -0.06636981 0.03418025
v -0.02928105 -0.06638273 0.03441258
v -0.02928000 -0.06638290 0.03441563
v -0.02928198 -0.06638256 0.03158378
v -0.02929498 -0.06638045 0.03162102
v -0.03058137 -0.07427632 0.03157650
v -0.02935490 -0.06637076 0.03179265
v -0.02944758 -0.06635576 0.03233560
v -0.02892665 -0.06644004 0.03056586
v -0.03003899 -0.07436415 0.03025000
v -0.02875452 -0.06646794 0.03025306
v -0.02917617 -0.07450389 0.02911091
v -0.02866180 -0.06648297 0.03008459
v -0.02873929 -0.06647042 0.03022539
v -0.02758831 -0.06665692 0.02882958
v -0.02785688 -0.06661347 0.02907055
v -0.02789216 -0.06660775 0.02911498
v -0.02744969 -0.06667935 0.02870521
v -0.02805175 -0.07468601 0.02823686
v -0.02682896 -0.06677987 0.02831432
v -0.02674231 -0.07489810 0.02768741
v -0.02635878 -0.06685601 0.02801825
v -0.02675409 -0.06679199 0.02826718
v -0.02460131 -0.06714065 0.02752760
v -0.02545608 -0.06700221 0.02772014
v -0.02585518 -0.06693757 0.02781004
v -0.02266123 -0.06745487 0.02771216
v -0.02292339 -0.06741242 0.02762146
v -0.02533712 -0.07512569 0.02750000
v -0.02405807 -0.06722863 0.02750000
v -0.02407188 -0.06722640 0.02750070
v -0.02393192 -0.07535328 0.02768741
v -0.02388413 -0.07586753 0.02720445
v -0.02262249 -0.07556536 0.02823686
v -0.02245565 -0.07609890 0.02780385
v -0.02149806 -0.07574748 0.02911091
v -0.02122899 -0.07629758 0.02875736
v -0.02063525 -0.07588722 0.03025000
v -0.02028775 -0.07645002 0.03000000
v -0.02009286 -0.07597507 0.03157650
v -0.01969605 -0.07654586 0.03144709
v -0.01990786 -0.07600505 0.03300000
v -0.01949424 -0.07657856 0.03300000
v -0.02009286 -0.07597507 0.03442350
v -0.01969605 -0.07654586 0.03455291
v -0.02063525 -0.07588722 0.03575000
v -0.02028775 -0.07645002 0.03600000
v -0.02149806 -0.07574748 0.03688909
v -0.02122899 -0.07629758 0.03724264
v -0.02262249 -0.07556536 0.03776314
v -0.02245565 -0.07609890 0.03819615
v -0.02393192 -0.07535328 0.03831259
v -0.02388413 -0.07586753 0.03879555
v -0.02533712 -0.07512569 0.03850000
v -0.02541705 -0.07561927 0.03900000
v -0.02674231 -0.07489810 0.03831259
v -0.02694999 -0.07537097 0.03879555
v -0.02805175 -0.07468601 0.03776314
v -0.02837846 -0.07513961 0.03819615
v -0.02917617 -0.07450389 0.03688909
v -0.02960512 -0.07494094 0.03724264
v -0.03003899 -0.07436415 0.03575000
v -0.03054637 -0.07478849 0.03600000
v -0.03058137 -0.07427632 0.03442350
v -0.03113806 -0.07469265 0.03455291
v -0.03076638 -0.07424634 0.03300000
v -0.03133988 -0.07465998 0.03300000
v -0.03058137 -0.07427632 0.03157650
v -0.03113806 -0.07469265 0.03144709
v -0.03003899 -0.07436415 0.03025000
v -0.03054637 -0.07478849 0.03000000
v -0.02917617 -0.07450389 0.02911091
v -0.02960512 -0.07494094 0.02875736
v -0.02805175 -0.07468601 0.02823686
v -0.02837846 -0.07513961 0.02780385
v -0.02674231 -0.07489810 0.02768741
v -0.02694999 -0.07537097 0.02720445
v -0.02533712 -0.07512569 0.02750000
v -0.02541705 -0.07561927 0.02700000
v -0.02960512 -0.07494094 0.02875736
v -0.02982763 -0.07490490 0.02853195
v -0.02837846 -0.07513961 0.02780385
v -0.02853581 -0.07511413 0.02752777
v -0.02694999 -0.07537097 0.02720445
v -0.02703145 -0.07535778 0.02689653
v -0.02541705 -0.07561927 0.02700000
v -0.02541705 -0.07561927 0.02668122
v -0.02388413 -0.07586753 0.02720445
v -0.02380267 -0.07588073 0.02689653
v -0.02245565 -0.07609890 0.02780385
v -0.02229830 -0.07612438 0.02752777
v -0.02122899 -0.07629758 0.02875736
v -0.02100648 -0.07633361 0.02853195
v -0.02028775 -0.07645002 0.03000000
v -0.02001522 -0.07649417 0.02984061
v -0.01969605 -0.07654586 0.03144709
v -0.01939209 -0.07659510 0.03136458
v -0.01949424 -0.07657856 0.03300000
v -0.01917955 -0.07662951 0.03300000
v -0.01969605 -0.07654586 0.03455291
v -0.01939209 -0.07659510 0.03463542
v -0.02028775 -0.07645002 0.03600000
v -0.02001522 -0.07649417 0.03615939
v -0.02122899 -0.07629758 0.03724264
v -0.02100648 -0.07633361 0.03746805
v -0.02245565 -0.07609890 0.03819615
v -0.02229830 -0.07612438 0.03847223
v -0.02388413 -0.07586753 0.03879555
v -0.02380267 -0.07588073 0.03910347
v -0.02541705 -0.07561927 0.03900000
v -0.02541705 -0.07561927 0.03931878
v -0.02694999 -0.07537097 0.03879555
v -0.02703145 -0.07535778 0.03910347
v -0.02837846 -0.07513961 0.03819615
v -0.02853581 -0.07511413 0.03847223
v -0.02960512 -0.07494094 0.03724264
v -0.02982763 -0.07490490 0.03746805
v -0.03054637 -0.07478849 0.03600000
v -0.03081889 -0.07474436 0.03615939
v -0.03113806 -0.07469265 0.03455291
v -0.03144203 -0.07464343 0.03463542
v -0.03133988 -0.07465998 0.03300000
v -0.03165456 -0.07460900 0.03300000
v -0.03113806 -0.07469265 0.03144709
v -0.03144203 -0.07464343 0.03136458
v -0.03054637 -0.07478849 0.03000000
v -0.03081889 -0.07474436 0.02984061
v -0.02540074 -0.07551855 0.03949314
v -0.02705842 -0.07522010 0.03928501
v -0.02705967 -0.07524987 0.03927189
v -0.02860754 -0.07496920 0.03863499
v -0.02860556 -0.07499948 0.03862322
v -0.02993779 -0.07475376 0.03760094
v -0.02993302 -0.07478447 0.03759134
v -0.03095851 -0.07458843 0.03625336
v -0.03095163 -0.07461949 0.03624657
v -0.03160018 -0.07448450 0.03468406
v -0.03159197 -0.07451580 0.03468055
v -0.03181905 -0.07444905 0.03300000
v -0.03181036 -0.07448043 0.03300000
v -0.03160018 -0.07448450 0.03131594
v -0.03159197 -0.07451580 0.03131945
v -0.03095851 -0.07458843 0.02974664
v -0.03095163 -0.07461949 0.02975343
v -0.02993779 -0.07475376 0.02839905
v -0.02993302 -0.07478447 0.02840866
v -0.02860754 -0.07496920 0.02736501
v -0.02860556 -0.07499948 0.02737678
v -0.02705842 -0.07522010 0.02671499
v -0.02705967 -0.07524987 0.02672811
v -0.02539603 -0.07548935 0.02649328
v -0.02540074 -0.07551855 0.02650686
v -0.02373361 -0.07575860 0.02671499
v -0.02374181 -0.07578723 0.02672811
v -0.02218450 -0.07600951 0.02736501
v -0.02219594 -0.07603762 0.02737678
v -0.02085425 -0.07622496 0.02839905
v -0.02086846 -0.07625262 0.02840866
v -0.01983353 -0.07639028 0.02974664
v -0.01984986 -0.07641761 0.02975343
v -0.01919186 -0.07649421 0.03131594
v -0.01920953 -0.07652130 0.03131945
v -0.01897299 -0.07652967 0.03300000
v -0.01899114 -0.07655668 0.03300000
v -0.01919186 -0.07649421 0.03468406
v -0.01920953 -0.07652130 0.03468055
v -0.01983353 -0.07639028 0.03625336
v -0.01984986 -0.07641761 0.03624657
v -0.02085425 -0.07622496 0.03760094
v -0.02086846 -0.07625262 0.03759134
v -0.02218450 -0.07600951 0.03863499
v -0.02219594 -0.07603762 0.03862322
v -0.02373361 -0.07575860 0.03928501
v -0.02374181 -0.07578723 0.03927189
v -0.02539603 -0.07548935 0.03950672
v -0.02541663 -0.07561666 0.03935122
v -0.02379397 -0.07587947 0.03913480
v -0.02228187 -0.07612436 0.03850032
v -0.02098341 -0.07633467 0.03749099
v -0.01998707 -0.07649604 0.03617561
v -0.01936074 -0.07659748 0.03464382
v -0.01914711 -0.07663208 0.03300000
v -0.01936074 -0.07659748 0.03135619
v -0.01998707 -0.07649604 0.02982439
v -0.02098341 -0.07633467 0.02850901
v -0.02228187 -0.07612436 0.02749968
v -0.02379397 -0.07587947 0.02686520
v -0.02541663 -0.07561666 0.02664878
v -0.02703931 -0.07535382 0.02686520
v -0.02855139 -0.07510893 0.02749968
v -0.02984985 -0.07489862 0.02850901
v -0.03084619 -0.07473725 0.02982439
v -0.03147253 -0.07463581 0.03135619
v -0.03168615 -0.07460121 0.03300000
v -0.03147253 -0.07463581 0.03464382
v -0.03084619 -0.07473725 0.03617561
v -0.02984985 -0.07489862 0.03749099
v -0.02855139 -0.07510893 0.03850032
v -0.02703931 -0.07535382 0.03913480
v -0.02540654 -0.07555436 0.03946702
v -0.02375429 -0.07582197 0.03924666
v -0.02221463 -0.07607135 0.03860060
v -0.02089249 -0.07628548 0.03757287
v -0.01987798 -0.07644979 0.03623351
v -0.01924024 -0.07655310 0.03467378
v -0.01902272 -0.07658831 0.03300000
v -0.01924024 -0.07655310 0.03132621
v -0.01987798 -0.07644979 0.02976649
v -0.02089249 -0.07628548 0.02842713
v -0.02221463 -0.07607135 0.02739940
v -0.02375429 -0.07582197 0.02675334
v -0.02540654 -0.07555436 0.02653298
v -0.02705880 -0.07528675 0.02675334
v -0.02859846 -0.07503739 0.02739940
v -0.02992061 -0.07482324 0.02842713
v -0.03093511 -0.07465893 0.02976649
v -0.03157285 -0.07455564 0.03132621
v -0.03179039 -0.07452040 0.03300000
v -0.03157285 -0.07455564 0.03467378
v -0.03093511 -0.07465893 0.03623351
v -0.02992061 -0.07482324 0.03757287
v -0.02859846 -0.07503739 0.03860060
v -0.02705880 -0.07528675 0.03924666
v -0.02541127 -0.07558355 0.03943350
v -0.02376758 -0.07584977 0.03921428
v -0.02223591 -0.07609785 0.03857157
v -0.02092062 -0.07631089 0.03754917
v -0.01991137 -0.07647435 0.03621675
v -0.01927693 -0.07657711 0.03466511
v -0.01906053 -0.07661215 0.03300000
v -0.01927693 -0.07657711 0.03133489
v -0.01991137 -0.07647435 0.02978325
v -0.02092062 -0.07631089 0.02845083
v -0.02223591 -0.07609785 0.02742843
v -0.02376758 -0.07584977 0.02678572
v -0.02541127 -0.07558355 0.02656650
v -0.02705496 -0.07531733 0.02678572
v -0.02858664 -0.07506926 0.02742843
v -0.02990193 -0.07485623 0.02845083
v -0.03091117 -0.07469277 0.02978325
v -0.03154562 -0.07459001 0.03133489
v -0.03176202 -0.07455496 0.03300000
v -0.03154562 -0.07459001 0.03466511
v -0.03091117 -0.07469277 0.03621675
v -0.02990193 -0.07485623 0.03754917
v -0.02858664 -0.07506926 0.03857157
v -0.02705496 -0.07531733 0.03921428
v -0.02541469 -0.07560466 0.03939424
v -0.02378104 -0.07586927 0.03917636
v -0.02225870 -0.07611582 0.03853758
v -0.02095145 -0.07632756 0.03752141
v -0.01994836 -0.07649002 0.03619712
v -0.01931778 -0.07659215 0.03465495
v -0.01910270 -0.07662699 0.03300000
v -0.01931778 -0.07659215 0.03134505
v -0.01994836 -0.07649002 0.02980288
v -0.02095145 -0.07632756 0.02847859
v -0.02225870 -0.07611582 0.02746242
v -0.02378104 -0.07586927 0.02682364
v -0.02541469 -0.07560466 0.02660576
v -0.02704837 -0.07534008 0.02682364
v -0.02857069 -0.07509350 0.02746242
v -0.02987794 -0.07488178 0.02847859
v -0.03088105 -0.07471931 0.02980288
v -0.03151161 -0.07461718 0.03134505
v -0.03172669 -0.07458235 0.03300000
v -0.03151161 -0.07461718 0.03465495
v -0.03088105 -0.07471931 0.03619712
v -0.02987794 -0.07488178 0.03752141
v -0.02857069 -0.07509350 0.03853758
v -0.02704837 -0.07534008 0.03917636
v -0.02528915 -0.07482955 0.03975000
v -0.02356459 -0.07510887 0.03952000
v -0.02195757 -0.07536914 0.03884567
v -0.02057758 -0.07559265 0.03777297
v -0.01951868 -0.07576416 0.03637500
v -0.01885302 -0.07587197 0.03474703
v -0.01862598 -0.07590876 0.03300000
v -0.01885302 -0.07587197 0.03125297
v -0.01951868 -0.07576416 0.02962500
v -0.02057758 -0.07559265 0.02822703
v -0.02195757 -0.07536914 0.02715433
v -0.02356459 -0.07510887 0.02648000
v -0.02528915 -0.07482955 0.02625000
v -0.02701371 -0.07455023 0.02648000
v -0.02862075 -0.07428995 0.02715433
v -0.03000072 -0.07406644 0.02822703
v -0.03105962 -0.07389495 0.02962500
v -0.03172529 -0.07378713 0.03125297
v -0.03195232 -0.07375035 0.03300000
v -0.03172529 -0.07378713 0.03474703
v -0.03105962 -0.07389495 0.03637500
v -0.03000072 -0.07406644 0.03777297
v -0.02862075 -0.07428995 0.03884567
v -0.02701371 -0.07455023 0.03952000
v -0.02528915 -0.07482955 0.02625000
v -0.02322884 -0.07303588 0.02648000
v -0.02356459 -0.07510887 0.02648000
v -0.02162182 -0.07329616 0.02715433
v -0.02195757 -0.07536914 0.02715433
v -0.02024184 -0.07351967 0.02822703
v -0.02057758 -0.07559265 0.02822703
v -0.01918292 -0.07369118 0.02962500
v -0.01951868 -0.07576416 0.02962500
v -0.01851727 -0.07379898 0.03125297
v -0.01885302 -0.07587197 0.03125297
v -0.01829023 -0.07383576 0.03300000
v -0.01862598 -0.07590876 0.03300000
v -0.01851727 -0.07379898 0.03474703
v -0.01885302 -0.07587197 0.03474703
v -0.01918292 -0.07369118 0.03637500
v -0.01951868 -0.07576416 0.03637500
v -0.02024184 -0.07351967 0.03777297
v -0.02057758 -0.07559265 0.03777297
v -0.02162182 -0.07329616 0.03884567
v -0.02195757 -0.07536914 0.03884567
v -0.02322884 -0.07303588 0.03952000
v -0.02356459 -0.07510887 0.03952000
v -0.02495340 -0.07275656 0.03975000
v -0.02528915 -0.07482955 0.03975000
v -0.02667796 -0.07247724 0.03952000
v -0.02701371 -0.07455023 0.03952000
v -0.02828499 -0.07221696 0.03884567
v -0.02862075 -0.07428995 0.03884567
v -0.02966497 -0.07199345 0.03777297
v -0.03000072 -0.07406644 0.03777297
v -0.03072387 -0.07182196 0.03637500
v -0.03105962 -0.07389495 0.03637500
v -0.03138953 -0.07171414 0.03474703
v -0.03172529 -0.07378713 0.03474703
v -0.03161657 -0.07167737 0.03300000
v -0.03195232 -0.07375035 0.03300000
v -0.03138953 -0.07171414 0.03125297
v -0.03172529 -0.07378713 0.03125297
v -0.03072387 -0.07182196 0.02962500
v -0.03105962 -0.07389495 0.02962500
v -0.02966497 -0.07199345 0.02822703
v -0.03000072 -0.07406644 0.02822703
v -0.02828499 -0.07221696 0.02715433
v -0.02862075 -0.07428995 0.02715433
v -0.02667796 -0.07247724 0.02648000
v -0.02701371 -0.07455023 0.02648000
v -0.02495340 -0.07275656 0.02625000
v -0.02667796 -0.07247724 0.03952000
v -0.02674184 -0.07246691 0.03976148
v -0.02828499 -0.07221696 0.03884567
v -0.02840839 -0.07219699 0.03906218
v -0.02966497 -0.07199345 0.03777297
v -0.02983948 -0.07196519 0.03794975
v -0.03072387 -0.07182196 0.03637500
v -0.03093760 -0.07178734 0.03650000
v -0.03138953 -0.07171414 0.03474703
v -0.03162790 -0.07167552 0.03481174
v -0.03161657 -0.07167737 0.03300000
v -0.03186335 -0.07163739 0.03300000
v -0.03138953 -0.07171414 0.03125297
v -0.03162790 -0.07167552 0.03118827
v -0.03072387 -0.07182196 0.02962500
v -0.03093760 -0.07178734 0.02950000
v -0.02966497 -0.07199345 0.02822703
v -0.02983948 -0.07196519 0.02805025
v -0.02828499 -0.07221696 0.02715433
v -0.02840839 -0.07219699 0.02693782
v -0.02667796 -0.07247724 0.02648000
v -0.02674184 -0.07246691 0.02623852
v -0.02495340 -0.07275656 0.02625000
v -0.02495340 -0.07275656 0.02600000
v -0.02322884 -0.07303588 0.02648000
v -0.02316497 -0.07304622 0.02623852
v -0.02162182 -0.07329616 0.02715433
v -0.02149842 -0.07331614 0.02693782
v -0.02024184 -0.07351967 0.02822703
v -0.02006732 -0.07354793 0.02805025
v -0.01918292 -0.07369118 0.02962500
v -0.01896920 -0.07372579 0.02950000
v -0.01851727 -0.07379898 0.03125297
v -0.01827890 -0.07383760 0.03118827
v -0.01829023 -0.07383576 0.03300000
v -0.01804345 -0.07387574 0.03300000
v -0.01851727 -0.07379898 0.03474703
v -0.01827890 -0.07383760 0.03481174
v -0.01918292 -0.07369118 0.03637500
v -0.01896920 -0.07372579 0.03650000
v -0.02024184 -0.07351967 0.03777297
v -0.02006732 -0.07354793 0.03794975
v -0.02162182 -0.07329616 0.03884567
v -0.02149842 -0.07331614 0.03906218
v -0.02322884 -0.07303588 0.03952000
v -0.02316497 -0.07304622 0.03976148
v -0.02495340 -0.07275656 0.03975000
v -0.02495340 -0.07275656 0.04000000
v -0.02495340 -0.07275656 0.02600000
v -0.02300509 -0.07205909 0.02623852
v -0.02316497 -0.07304622 0.02623852
v -0.02133854 -0.07232901 0.02693782
v -0.02149842 -0.07331614 0.02693782
v -0.01990744 -0.07256079 0.02805025
v -0.02006732 -0.07354793 0.02805025
v -0.01880932 -0.07273867 0.02950000
v -0.01896920 -0.07372579 0.02950000
v -0.01811902 -0.07285046 0.03118827
v -0.01827890 -0.07383760 0.03118827
v -0.01788356 -0.07288859 0.03300000
v -0.01804345 -0.07387574 0.03300000
v -0.01811902 -0.07285046 0.03481174
v -0.01827890 -0.07383760 0.03481174
v -0.01880932 -0.07273867 0.03650000
v -0.01896920 -0.07372579 0.03650000
v -0.01990744 -0.07256079 0.03794975
v -0.02006732 -0.07354793 0.03794975
v -0.02133854 -0.07232901 0.03906218
v -0.02149842 -0.07331614 0.03906218
v -0.02300509 -0.07205909 0.03976148
v -0.02316497 -0.07304622 0.03976148
v -0.02479352 -0.07176943 0.04000000
v -0.02495340 -0.07275656 0.04000000
v -0.02658195 -0.07147976 0.03976148
v -0.02674184 -0.07246691 0.03976148
v -0.02824851 -0.07120984 0.03906218
v -0.02840839 -0.07219699 0.03906218
v -0.02967959 -0.07097805 0.03794975
v -0.02983948 -0.07196519 0.03794975
v -0.03077771 -0.07080020 0.03650000
v -0.03093760 -0.07178734 0.03650000
v -0.03146802 -0.07068840 0.03481174
v -0.03162790 -0.07167552 0.03481174
v -0.03170347 -0.07065026 0.03300000
v -0.03186335 -0.07163739 0.03300000
v -0.03146802 -0.07068840 0.03118827
v -0.03162790 -0.07167552 0.03118827
v -0.03077771 -0.07080020 0.02950000
v -0.03093760 -0.07178734 0.02950000
v -0.02967959 -0.07097805 0.02805025
v -0.02983948 -0.07196519 0.02805025
v -0.02824851 -0.07120984 0.02693782
v -0.02840839 -0.07219699 0.02693782
v -0.02658195 -0.07147976 0.02623852
v -0.02674184 -0.07246691 0.02623852
v -0.02479352 -0.07176943 0.02600000
v -0.02479352 -0.07176943 0.02600000
v -0.02301465 -0.07195623 0.02633511
v -0.02300509 -0.07205909 0.02623852
v -0.02137191 -0.07222230 0.02702443
v -0.02133854 -0.07232901 0.02693782
v -0.01996126 -0.07245079 0.02812096
v -0.01990744 -0.07256079 0.02805025
v -0.01887882 -0.07262609 0.02955000
v -0.01880932 -0.07273867 0.02950000
v -0.01819838 -0.07273630 0.03121415
v -0.01811902 -0.07285046 0.03118827
v -0.01796629 -0.07277389 0.03300000
v -0.01788356 -0.07288859 0.03300000
v -0.01819838 -0.07273630 0.03478585
v -0.01811902 -0.07285046 0.03481174
v -0.01887882 -0.07262609 0.03645000
v -0.01880932 -0.07273867 0.03650000
v -0.01996126 -0.07245079 0.03787904
v -0.01990744 -0.07256079 0.03794975
v -0.02137191 -0.07222230 0.03897557
v -0.02133854 -0.07232901 0.03906218
v -0.02301465 -0.07195623 0.03966489
v -0.02300509 -0.07205909 0.03976148
v -0.02477753 -0.07167071 0.03990000
v -0.02479352 -0.07176943 0.04000000
v -0.02654041 -0.07138520 0.03966489
v -0.02658195 -0.07147976 0.03976148
v -0.02818315 -0.07111914 0.03897557
v -0.02824851 -0.07120984 0.03906218
v -0.02959380 -0.07089064 0.03787904
v -0.02967959 -0.07097805 0.03794975
v -0.03067625 -0.07071533 0.03645000
v -0.03077771 -0.07080020 0.03650000
v -0.03135668 -0.07060512 0.03478585
v -0.03146802 -0.07068840 0.03481174
v -0.03158877 -0.07056753 0.03300000
v -0.03170347 -0.07065026 0.03300000
v -0.03135668 -0.07060512 0.03121415
v -0.03146802 -0.07068840 0.03118827
v -0.03067625 -0.07071533 0.02955000
v -0.03077771 -0.07080020 0.02950000
v -0.02959380 -0.07089064 0.02812096
v -0.02967959 -0.07097805 0.02805025
v -0.02818315 -0.07111914 0.02702443
v -0.02824851 -0.07120984 0.02693782
v -0.02654041 -0.07138520 0.02633511
v -0.02658195 -0.07147976 0.02623852
v -0.02477753 -0.07167071 0.02610000
v -0.02477753 -0.07167071 0.02610000
v -0.02275884 -0.07037683 0.02633511
v -0.02301465 -0.07195623 0.02633511
v -0.02111610 -0.07064289 0.02702443
v -0.02137191 -0.07222230 0.02702443
v -0.01970545 -0.07087136 0.02812096
v -0.01996126 -0.07245079 0.02812096
v -0.01862301 -0.07104667 0.02955000
v -0.01887882 -0.07262609 0.02955000
v -0.01794257 -0.07115689 0.03121415
v -0.01819838 -0.07273630 0.03121415
v -0.01771048 -0.07119448 0.03300000
v -0.01796629 -0.07277389 0.03300000
v -0.01794257 -0.07115689 0.03478585
v -0.01819838 -0.07273630 0.03478585
v -0.01862301 -0.07104667 0.03645000
v -0.01887882 -0.07262609 0.03645000
v -0.01970545 -0.07087136 0.03787904
v -0.01996126 -0.07245079 0.03787904
v -0.02111610 -0.07064289 0.03897557
v -0.02137191 -0.07222230 0.03897557
v -0.02275884 -0.07037683 0.03966489
v -0.02301465 -0.07195623 0.03966489
v -0.02452173 -0.07009130 0.03990000
v -0.02477753 -0.07167071 0.03990000
v -0.02628460 -0.06980577 0.03966489
v -0.02654041 -0.07138520 0.03966489
v -0.02792734 -0.06953971 0.03897557
v -0.02818315 -0.07111914 0.03897557
v -0.02933800 -0.06931124 0.03787904
v -0.02959380 -0.07089064 0.03787904
v -0.03042043 -0.06913591 0.03645000
v -0.03067625 -0.07071533 0.03645000
v -0.03110087 -0.06902571 0.03478585
v -0.03135668 -0.07060512 0.03478585
v -0.03133296 -0.06898812 0.03300000
v -0.03158877 -0.07056753 0.03300000
v -0.03110087 -0.06902571 0.03121415
v -0.03135668 -0.07060512 0.03121415
v -0.03042043 -0.06913591 0.02955000
v -0.03067625 -0.07071533 0.02955000
v -0.02933800 -0.06931124 0.02812096
v -0.02959380 -0.07089064 0.02812096
v -0.02792734 -0.06953971 0.02702443
v -0.02818315 -0.07111914 0.02702443
v -0.02628460 -0.06980577 0.02633511
v -0.02654041 -0.07138520 0.02633511
v -0.02452173 -0.07009130 0.02610000
v -0.02450573 -0.06999258 0.04000000
v -0.02275884 -0.07037683 0.03966489
v -0.02271730 -0.07028224 0.03976148
v -0.02111610 -0.07064289 0.03897557
v -0.02105076 -0.07055216 0.03906218
v -0.01970545 -0.07087136 0.03787904
v -0.01961966 -0.07078395 0.03794975
v -0.01862301 -0.07104667 0.03645000
v -0.01852154 -0.07096180 0.03650000
v -0.01794257 -0.07115689 0.03478585
v -0.01783123 -0.07107363 0.03481174
v -0.01771048 -0.07119448 0.03300000
v -0.01759578 -0.07111175 0.03300000
v -0.01794257 -0.07115689 0.03121415
v -0.01783123 -0.07107363 0.03118827
v -0.01862301 -0.07104667 0.02955000
v -0.01852154 -0.07096180 0.02950000
v -0.01970545 -0.07087136 0.02812096
v -0.01961966 -0.07078395 0.02805025
v -0.02111610 -0.07064289 0.02702443
v -0.02105076 -0.07055216 0.02693782
v -0.02275884 -0.07037683 0.02633511
v -0.02271730 -0.07028224 0.02623852
v -0.02452173 -0.07009130 0.02610000
v -0.02450573 -0.06999258 0.02600000
v -0.02628460 -0.06980577 0.02633511
v -0.02629417 -0.06970292 0.02623852
v -0.02792734 -0.06953971 0.02702443
v -0.02796071 -0.06943300 0.02693782
v -0.02933800 -0.06931124 0.02812096
v -0.02939181 -0.06920121 0.02805025
v -0.03042043 -0.06913591 0.02955000
v -0.03048993 -0.06902336 0.02950000
v -0.03110087 -0.06902571 0.03121415
v -0.03118025 -0.06891155 0.03118827
v -0.03133296 -0.06898812 0.03300000
v -0.03141569 -0.06887342 0.03300000
v -0.03110087 -0.06902571 0.03478585
v -0.03118025 -0.06891155 0.03481174
v -0.03042043 -0.06913591 0.03645000
v -0.03048993 -0.06902336 0.03650000
v -0.02933800 -0.06931124 0.03787904
v -0.02939181 -0.06920121 0.03794975
v -0.02792734 -0.06953971 0.03897557
v -0.02796071 -0.06943300 0.03906218
v -0.02628460 -0.06980577 0.03966489
v -0.02629417 -0.06970292 0.03976148
v -0.02452173 -0.07009130 0.03990000
v -0.02450573 -0.06999258 0.02600000
v -0.02215772 -0.06682727 0.02623852
v -0.02271730 -0.07028224 0.02623852
v -0.02049117 -0.06709719 0.02693782
v -0.02105076 -0.07055216 0.02693782
v -0.01906007 -0.06732897 0.02805025
v -0.01961966 -0.07078395 0.02805025
v -0.01796195 -0.06750683 0.02950000
v -0.01852154 -0.07096180 0.02950000
v -0.01727165 -0.06761864 0.03118827
v -0.01783123 -0.07107363 0.03118827
v -0.01703619 -0.06765677 0.03300000
v -0.01759578 -0.07111175 0.03300000
v -0.01727165 -0.06761864 0.03481174
v -0.01783123 -0.07107363 0.03481174
v -0.01796195 -0.06750683 0.03650000
v -0.01852154 -0.07096180 0.03650000
v -0.01906007 -0.06732897 0.03794975
v -0.01961966 -0.07078395 0.03794975
v -0.02049117 -0.06709719 0.03906218
v -0.02105076 -0.07055216 0.03906218
v -0.02215772 -0.06682727 0.03976148
v -0.02271730 -0.07028224 0.03976148
v -0.02394615 -0.06653762 0.04000000
v -0.02450573 -0.06999258 0.04000000
v -0.02573458 -0.06624794 0.03976148
v -0.02629417 -0.06970292 0.03976148
v -0.02740113 -0.06597802 0.03906218
v -0.02796071 -0.06943300 0.03906218
v -0.02883222 -0.06574623 0.03794975
v -0.02939181 -0.06920121 0.03794975
v -0.02993034 -0.06556838 0.03650000
v -0.03048993 -0.06902336 0.03650000
v -0.03062065 -0.06545658 0.03481174
v -0.03118025 -0.06891155 0.03481174
v -0.03085610 -0.06541843 0.03300000
v -0.03141569 -0.06887342 0.03300000
v -0.03062065 -0.06545658 0.03118827
v -0.03118025 -0.06891155 0.03118827
v -0.02993034 -0.06556838 0.02950000
v -0.03048993 -0.06902336 0.02950000
v -0.02883222 -0.06574623 0.02805025
v -0.02939181 -0.06920121 0.02805025
v -0.02740113 -0.06597802 0.02693782
v -0.02796071 -0.06943300 0.02693782
v -0.02573458 -0.06624794 0.02623852
v -0.02629417 -0.06970292 0.02623852
v -0.02394615 -0.06653762 0.02600000
v -0.01796195 -0.06750683 0.02950000
v -0.01627662 -0.06777980 0.02955250
v -0.01727165 -0.06761864 0.03118827
v -0.01573233 -0.06786795 0.03126411
v -0.01703619 -0.06765677 0.03300000
v -0.01555549 -0.06789659 0.03300000
v -0.01727165 -0.06761864 0.03481174
v -0.02993034 -0.06556838 0.02950000
v -0.03072813 -0.06543916 0.02799519
v -0.02883222 -0.06574623 0.02805025
v -0.02953705 -0.06563208 0.02666187
v -0.02740113 -0.06597802 0.02693782
v -0.02814148 -0.06585810 0.02563878
v -0.02573458 -0.06624794 0.02623852
v -0.02656907 -0.06611278 0.02492598
v -0.02394615 -0.06653762 0.02600000
v -0.02483370 -0.06639385 0.02454769
v -0.02305860 -0.06668136 0.02454769
v -0.02215772 -0.06682727 0.02623852
v -0.02132323 -0.06696242 0.02492598
v -0.02049117 -0.06709719 0.02693782
v -0.01975082 -0.06721710 0.02563878
v -0.01906007 -0.06732897 0.02805025
v -0.01835525 -0.06744313 0.02666187
v -0.01716417 -0.06763604 0.02799519
v -0.02883222 -0.06574623 0.03794975
v -0.03072813 -0.06543916 0.03800481
v -0.02993034 -0.06556838 0.03650000
v -0.03161569 -0.06529541 0.03644750
v -0.03062065 -0.06545658 0.03481174
v -0.03215997 -0.06520726 0.03473589
v -0.03085610 -0.06541843 0.03300000
v -0.03233680 -0.06517861 0.03300000
v -0.03062065 -0.06545658 0.03118827
v -0.03215997 -0.06520726 0.03126411
v -0.03161569 -0.06529541 0.02955250
v -0.02215772 -0.06682727 0.03976148
v -0.02305860 -0.06668136 0.04145232
v -0.02394615 -0.06653762 0.04000000
v -0.02483370 -0.06639385 0.04145232
v -0.02573458 -0.06624794 0.03976148
v -0.02656907 -0.06611278 0.04107402
v -0.02740113 -0.06597802 0.03906218
v -0.02814148 -0.06585810 0.04036121
v -0.02953705 -0.06563208 0.03933813
v -0.01573233 -0.06786795 0.03473589
v -0.01627662 -0.06777980 0.03644750
v -0.01796195 -0.06750683 0.03650000
v -0.01716417 -0.06763604 0.03800481
v -0.01906007 -0.06732897 0.03794975
v -0.01835525 -0.06744313 0.03933813
v -0.02049117 -0.06709719 0.03906218
v -0.01975082 -0.06721710 0.04036121
v -0.02132323 -0.06696242 0.04107402
v -0.02483370 -0.06639385 0.04145232
v -0.02559127 -0.06613543 0.04184024
v -0.02656907 -0.06611278 0.04107402
v -0.02659082 -0.06602674 0.04126054
v -0.02814148 -0.06585810 0.04036121
v -0.02225818 -0.06667527 0.04184024
v -0.02305860 -0.06668136 0.04145232
v -0.02127542 -0.06688764 0.04126054
v -0.02132323 -0.06696242 0.04107402
v -0.01975082 -0.06721710 0.04036121
v -0.02298497 -0.06655757 0.04194951
v -0.02392473 -0.06640535 0.04194951
v -0.02486448 -0.06625315 0.04194951
v -0.01554246 -0.06781618 0.03479864
v -0.01573233 -0.06786795 0.03473589
v -0.01555549 -0.06789659 0.03300000
v -0.01835525 -0.06744313 0.03933813
v -0.01820017 -0.06738573 0.03946189
v -0.01720061 -0.06749443 0.03888219
v -0.01716417 -0.06763604 0.03800481
v -0.01674381 -0.06756842 0.03829921
v -0.01627662 -0.06777980 0.03644750
v -0.01553407 -0.06776435 0.03595804
v -0.01580405 -0.06772061 0.03665029
v -0.01627393 -0.06764451 0.03747475
v -0.02966608 -0.06552865 0.03946189
v -0.02953705 -0.06563208 0.03933813
v -0.03233680 -0.06517861 0.03300000
v -0.03215997 -0.06520726 0.03473589
v -0.03232378 -0.06509820 0.03479864
v -0.03231538 -0.06504637 0.03595804
v -0.03161569 -0.06529541 0.03644750
v -0.03204541 -0.06509009 0.03665029
v -0.03072813 -0.06543916 0.03800481
v -0.03064884 -0.06531629 0.03888219
v -0.03110565 -0.06524230 0.03829921
v -0.03157553 -0.06516619 0.03747475
v -0.03231538 -0.06504637 0.03004196
v -0.03161569 -0.06529541 0.02955250
v -0.03232378 -0.06509820 0.03120136
v -0.03215997 -0.06520726 0.03126411
v -0.03072813 -0.06543916 0.02799519
v -0.03064884 -0.06531629 0.02711780
v -0.02953705 -0.06563208 0.02666187
v -0.02966608 -0.06552865 0.02653810
v -0.02814148 -0.06585810 0.02563878
v -0.03204541 -0.06509009 0.02934971
v -0.03157553 -0.06516619 0.02852525
v -0.03110565 -0.06524230 0.02770079
v -0.02659082 -0.06602674 0.02473946
v -0.02656907 -0.06611278 0.02492598
v -0.01975082 -0.06721710 0.02563878
v -0.02132323 -0.06696242 0.02492598
v -0.02127542 -0.06688764 0.02473946
v -0.02225818 -0.06667527 0.02415977
v -0.02305860 -0.06668136 0.02454769
v -0.02298497 -0.06655757 0.02405049
v -0.02483370 -0.06639385 0.02454769
v -0.02559127 -0.06613543 0.02415977
v -0.02486448 -0.06625315 0.02405049
v -0.02392473 -0.06640535 0.02405049
v -0.01627662 -0.06777980 0.02955250
v -0.01553407 -0.06776435 0.03004196
v -0.01573233 -0.06786795 0.03126411
v -0.01554246 -0.06781618 0.03120136
v -0.01720061 -0.06749443 0.02711780
v -0.01716417 -0.06763604 0.02799519
v -0.01820017 -0.06738573 0.02653810
v -0.01835525 -0.06744313 0.02666187
v -0.01674381 -0.06756842 0.02770079
v -0.01627393 -0.06764451 0.02852525
v -0.01580405 -0.06772061 0.02934971
v -0.03231538 -0.06504637 0.03595804
v -0.03203846 -0.06333659 0.03595804
v -0.03232378 -0.06509820 0.03479864
v -0.03203008 -0.06328475 0.03479864
v -0.03233680 -0.06517861 0.03300000
v -0.03201704 -0.06320434 0.03300000
v -0.03232378 -0.06509820 0.03120136
v -0.03203008 -0.06328475 0.03120136
v -0.03231538 -0.06504637 0.03004196
v -0.03203846 -0.06333659 0.03004196
v -0.03231538 -0.06504637 0.03004196
v -0.03203846 -0.06333659 0.03004196
v -0.03204541 -0.06509009 0.02934971
v -0.03176849 -0.06338032 0.02934971
v -0.03157553 -0.06516619 0.02852525
v -0.03129861 -0.06345642 0.02852525
v -0.03110565 -0.06524230 0.02770079
v -0.03082873 -0.06353252 0.02770079
v -0.03064884 -0.06531629 0.02711780
v -0.03037192 -0.06360651 0.02711780
v -0.02225818 -0.06667527 0.02415977
v -0.02198126 -0.06496550 0.02415977
v -0.02127542 -0.06688764 0.02473946
v -0.02098171 -0.06507421 0.02473946
v -0.01975082 -0.06721710 0.02563878
v -0.01943106 -0.06524283 0.02563878
v -0.01820017 -0.06738573 0.02653810
v -0.01790645 -0.06557228 0.02653810
v -0.01720061 -0.06749443 0.02711780
v -0.01692369 -0.06578466 0.02711780
v -0.03064884 -0.06531629 0.02711780
v -0.03037192 -0.06360651 0.02711780
v -0.02966608 -0.06552865 0.02653810
v -0.02937237 -0.06371520 0.02653810
v -0.02814148 -0.06585810 0.02563878
v -0.02782172 -0.06388383 0.02563878
v -0.02659082 -0.06602674 0.02473946
v -0.02629711 -0.06421329 0.02473946
v -0.02559127 -0.06613543 0.02415977
v -0.02531435 -0.06442565 0.02415977
v -0.02559127 -0.06613543 0.02415977
v -0.02531435 -0.06442565 0.02415977
v -0.02486448 -0.06625315 0.02405049
v -0.02458756 -0.06454338 0.02405049
v -0.02392473 -0.06640535 0.02405049
v -0.02364781 -0.06469558 0.02405049
v -0.02298497 -0.06655757 0.02405049
v -0.02270805 -0.06484780 0.02405049
v -0.02225818 -0.06667527 0.02415977
v -0.02198126 -0.06496550 0.02415977
v -0.02198126 -0.06496550 0.02415977
v -0.02273884 -0.06470708 0.02454769
v -0.02098171 -0.06507421 0.02473946
v -0.02100346 -0.06498815 0.02492598
v -0.01943106 -0.06524283 0.02563878
v -0.02451393 -0.06441958 0.02454769
v -0.02531435 -0.06442565 0.02415977
v -0.02624931 -0.06413851 0.02492598
v -0.02629711 -0.06421329 0.02473946
v -0.02782172 -0.06388383 0.02563878
v -0.02270805 -0.06484780 0.02405049
v -0.02364781 -0.06469558 0.02405049
v -0.02458756 -0.06454338 0.02405049
v -0.02937237 -0.06371520 0.02653810
v -0.02921728 -0.06365780 0.02666187
v -0.03201704 -0.06320434 0.03300000
v -0.03191517 -0.06322084 0.03200000
v -0.03203008 -0.06328475 0.03120136
v -0.03184021 -0.06323298 0.03126411
v -0.03203846 -0.06333659 0.03004196
v -0.03129591 -0.06332114 0.02955250
v -0.03176849 -0.06338032 0.02934971
v -0.03040837 -0.06346488 0.02799519
v -0.03037192 -0.06360651 0.02711780
v -0.03082873 -0.06353252 0.02770079
v -0.03129861 -0.06345642 0.02852525
v -0.02559127 -0.06613543 0.04184024
v -0.02531435 -0.06442565 0.04184024
v -0.02659082 -0.06602674 0.04126054
v -0.02629711 -0.06421329 0.04126054
v -0.02814148 -0.06585810 0.04036121
v -0.02782172 -0.06388383 0.04036121
v -0.02966608 -0.06552865 0.03946189
v -0.02937237 -0.06371520 0.03946189
v -0.03064884 -0.06531629 0.03888219
v -0.03037192 -0.06360651 0.03888219
v -0.03064884 -0.06531629 0.03888219
v -0.03037192 -0.06360651 0.03888219
v -0.03110565 -0.06524230 0.03829921
v -0.03082873 -0.06353252 0.03829921
v -0.03157553 -0.06516619 0.03747475
v -0.03129861 -0.06345642 0.03747475
v -0.03204541 -0.06509009 0.03665029
v -0.03176849 -0.06338032 0.03665029
v -0.03231538 -0.06504637 0.03595804
v -0.03203846 -0.06333659 0.03595804
v -0.03203008 -0.06328475 0.03479864
v -0.03184021 -0.06323298 0.03473589
v -0.03129591 -0.06332114 0.03644750
v -0.03040837 -0.06346488 0.03800481
v -0.03037192 -0.06360651 0.03888219
v -0.02921728 -0.06365780 0.03933813
v -0.02937237 -0.06371520 0.03946189
v -0.02782172 -0.06388383 0.04036121
v -0.03203846 -0.06333659 0.03595804
v -0.03176849 -0.06338032 0.03665029
v -0.03092404 -0.06338137 0.03710000
v -0.03129861 -0.06345642 0.03747475
v -0.03082873 -0.06353252 0.03829921
v -0.01720061 -0.06749443 0.03888219
v -0.01692369 -0.06578466 0.03888219
v -0.01820017 -0.06738573 0.03946189
v -0.01791596 -0.06557023 0.03946751
v -0.01975082 -0.06721710 0.04036121
v -0.01943106 -0.06524283 0.04036121
v -0.02127542 -0.06688764 0.04126054
v -0.02098171 -0.06507421 0.04126054
v -0.02225818 -0.06667527 0.04184024
v -0.02198126 -0.06496550 0.04184024
v -0.01525715 -0.06605458 0.03595804
v -0.01553407 -0.06776435 0.03595804
v -0.01524908 -0.06600474 0.03484352
v -0.01554246 -0.06781618 0.03479864
v -0.01523573 -0.06592232 0.03300000
v -0.01555549 -0.06789659 0.03300000
v -0.01524875 -0.06600273 0.03120136
v -0.01554246 -0.06781618 0.03120136
v -0.01525715 -0.06605458 0.03004196
v -0.01553407 -0.06776435 0.03004196
v -0.01553407 -0.06776435 0.03595804
v -0.01525715 -0.06605458 0.03595804
v -0.01580405 -0.06772061 0.03665029
v -0.01554077 -0.06600864 0.03668128
v -0.01627393 -0.06764451 0.03747475
v -0.01599638 -0.06593484 0.03747494
v -0.01674381 -0.06756842 0.03829921
v -0.01648005 -0.06585650 0.03831748
v -0.01720061 -0.06749443 0.03888219
v -0.01692369 -0.06578466 0.03888219
v -0.01791596 -0.06557023 0.03946751
v -0.01804335 -0.06546759 0.03934524
v -0.01943106 -0.06524283 0.04036121
v -0.01685684 -0.06565975 0.03802206
v -0.01596974 -0.06580343 0.03647676
v -0.01525715 -0.06605458 0.03595804
v -0.01542128 -0.06589228 0.03477770
v -0.01524908 -0.06600474 0.03484352
v -0.01523573 -0.06592232 0.03300000
v -0.01692369 -0.06578466 0.03888219
v -0.01648005 -0.06585650 0.03831748
v -0.01632752 -0.06574549 0.03710000
v -0.01599638 -0.06593484 0.03747494
v -0.01554077 -0.06600864 0.03668128
v -0.02225818 -0.06667527 0.04184024
v -0.02198126 -0.06496550 0.04184024
v -0.02298497 -0.06655757 0.04194951
v -0.02270805 -0.06484780 0.04194951
v -0.02392473 -0.06640535 0.04194951
v -0.02364781 -0.06469558 0.04194951
v -0.02486448 -0.06625315 0.04194951
v -0.02458756 -0.06454338 0.04194951
v -0.02559127 -0.06613543 0.04184024
v -0.02531435 -0.06442565 0.04184024
v -0.02451393 -0.06441958 0.04145232
v -0.02624931 -0.06413851 0.04107402
v -0.02629711 -0.06421329 0.04126054
v -0.02641259 -0.06411206 0.04100000
v -0.02084018 -0.06501460 0.04100000
v -0.02098171 -0.06507421 0.04126054
v -0.02100346 -0.06498815 0.04107402
v -0.02198126 -0.06496550 0.04184024
v -0.02273884 -0.06470708 0.04145232
v -0.02270805 -0.06484780 0.04194951
v -0.02531435 -0.06442565 0.04184024
v -0.02458756 -0.06454338 0.04194951
v -0.02364781 -0.06469558 0.04194951
v -0.01720061 -0.06749443 0.02711780
v -0.01692369 -0.06578466 0.02711780
v -0.01674381 -0.06756842 0.02770079
v -0.01646688 -0.06585864 0.02770079
v -0.01627393 -0.06764451 0.02852525
v -0.01599700 -0.06593474 0.02852525
v -0.01580405 -0.06772061 0.02934971
v -0.01552713 -0.06601084 0.02934971
v -0.01553407 -0.06776435 0.03004196
v -0.01525715 -0.06605458 0.03004196
v -0.01803549 -0.06546886 0.02666187
v -0.01790645 -0.06557228 0.02653810
v -0.01595685 -0.06580553 0.02955250
v -0.01541256 -0.06589368 0.03126411
v -0.01524875 -0.06600273 0.03120136
v -0.01533760 -0.06590583 0.03200000
v -0.01692369 -0.06578466 0.02711780
v -0.01684440 -0.06566178 0.02799519
v -0.01646688 -0.06585864 0.02770079
v -0.01525715 -0.06605458 0.03004196
v -0.01552713 -0.06601084 0.02934971
v -0.01599700 -0.06593474 0.02852525
v -0.06450564 -0.05895537 0.05546240
v -0.06376529 -0.05907527 0.05550000
v -0.06564879 -0.06601339 0.05546240
v -0.06501237 -0.06677494 0.05550000
v -0.06682461 -0.06582295 0.05524444
v -0.06692853 -0.06646459 0.05524444
v -0.06861021 -0.06553376 0.05449519
v -0.06871413 -0.06617539 0.05449519
v -0.07014352 -0.06528540 0.05330330
v -0.07024746 -0.06592704 0.05330330
v -0.07132007 -0.06509484 0.05175000
v -0.07142402 -0.06573648 0.05175000
v -0.07205971 -0.06497505 0.04994114
v -0.07216362 -0.06561669 0.04994114
v -0.07231196 -0.06493420 0.04800000
v -0.07241588 -0.06557583 0.04800000
v -0.07205971 -0.06497505 0.04605886
v -0.07216362 -0.06561669 0.04605886
v -0.07132007 -0.06509484 0.04425000
v -0.07142402 -0.06573648 0.04425000
v -0.07014352 -0.06528540 0.04269670
v -0.07024746 -0.06592704 0.04269670
v -0.06861021 -0.06553376 0.04150481
v -0.06871413 -0.06617539 0.04150481
v -0.06682461 -0.06582295 0.04075555
v -0.06692853 -0.06646459 0.04075555
v -0.06490845 -0.06613330 0.04050000
v -0.06501237 -0.06677494 0.04050000
v -0.06299227 -0.06644365 0.04075555
v -0.06309620 -0.06708529 0.04075555
v -0.06120669 -0.06673286 0.04150481
v -0.06131061 -0.06737450 0.04150481
v -0.05967336 -0.06698120 0.04269670
v -0.05977728 -0.06762284 0.04269670
v -0.05849681 -0.06717176 0.04425000
v -0.05860073 -0.06781340 0.04425000
v -0.05775718 -0.06729155 0.04605886
v -0.05786110 -0.06793319 0.04605886
v -0.05750492 -0.06733242 0.04800000
v -0.05760885 -0.06797405 0.04800000
v -0.05775718 -0.06729155 0.04994114
v -0.05786110 -0.06793319 0.04994114
v -0.05849681 -0.06717176 0.05175000
v -0.05860073 -0.06781340 0.05175000
v -0.05967336 -0.06698120 0.05330330
v -0.05977728 -0.06762284 0.05330330
v -0.06120669 -0.06673286 0.05449519
v -0.06131061 -0.06737450 0.05449519
v -0.06299227 -0.06644365 0.05524444
v -0.06309620 -0.06708529 0.05524444
v -0.06416810 -0.06625321 0.05546240
v -0.06302493 -0.05919519 0.05546240
v -0.06302493 -0.05919519 0.05631625
v -0.06416810 -0.06625321 0.05631625
v -0.06302493 -0.05919519 0.05546240
v -0.06416810 -0.06625321 0.05546240
v -0.06450564 -0.05895537 0.05631625
v -0.06564879 -0.06601339 0.05631625
v -0.06654706 -0.05862473 0.05586011
v -0.06769021 -0.06568276 0.05586011
v -0.06840954 -0.05832307 0.05489838
v -0.06955269 -0.06538110 0.05489838
v -0.06997329 -0.05806980 0.05349293
v -0.07111644 -0.06512783 0.05349293
v -0.07113772 -0.05788120 0.05173416
v -0.07228087 -0.06493923 0.05173416
v -0.07182795 -0.05776941 0.04973519
v -0.07297110 -0.06482744 0.04973519
v -0.07199955 -0.05774162 0.04762462
v -0.07314271 -0.06479965 0.04762462
v -0.07164151 -0.05779961 0.04553819
v -0.07278466 -0.06485764 0.04553819
v -0.07077684 -0.05793965 0.04361011
v -0.07191999 -0.06499768 0.04361011
v -0.06946116 -0.05815275 0.04196440
v -0.07060432 -0.06521077 0.04196440
v -0.06777913 -0.05842518 0.04070692
v -0.06892228 -0.06548321 0.04070692
v -0.06583890 -0.05873942 0.03991855
v -0.06698205 -0.06579745 0.03991855
v -0.06376529 -0.05907527 0.03965000
v -0.06490845 -0.06613330 0.03965000
v -0.06169169 -0.05941113 0.03991855
v -0.06283484 -0.06646916 0.03991855
v -0.05975146 -0.05972537 0.04070692
v -0.06089461 -0.06678340 0.04070692
v -0.05806941 -0.05999781 0.04196440
v -0.05921256 -0.06705583 0.04196440
v -0.05675374 -0.06021090 0.04361011
v -0.05789689 -0.06726892 0.04361011
v -0.05588909 -0.06035094 0.04553819
v -0.05703224 -0.06740898 0.04553819
v -0.05553103 -0.06040893 0.04762462
v -0.05667418 -0.06746696 0.04762462
v -0.05570263 -0.06038114 0.04973519
v -0.05684580 -0.06743917 0.04973519
v -0.05639285 -0.06026935 0.05173416
v -0.05753602 -0.06732737 0.05173416
v -0.05755729 -0.06008075 0.05349293
v -0.05870045 -0.06713878 0.05349293
v -0.05912105 -0.05982748 0.05489838
v -0.06026420 -0.06688550 0.05489838
v -0.06098353 -0.05952582 0.05586011
v -0.06212668 -0.06658385 0.05586011
v -0.06302493 -0.05919519 0.05631625
v -0.06416810 -0.06625321 0.05631625
v -0.06450564 -0.05895537 0.05546240
v -0.06564879 -0.06601339 0.05546240
v -0.06450564 -0.05895537 0.05631625
v -0.06564879 -0.06601339 0.05631625
v -0.06928145 -0.05716882 0.03804071
v -0.06980906 -0.06042637 0.03804071
v -0.07216015 -0.06004558 0.03986827
v -0.06408506 -0.06104955 0.03650000
v -0.06413302 -0.06134569 0.03650000
v -0.06707114 -0.06086981 0.03689185
v -0.06467303 -0.06034650 0.05947911
v -0.06565715 -0.05775584 0.05931061
v -0.06654355 -0.05761227 0.05910815
v -0.06413302 -0.06134569 0.05950000
v -0.06405308 -0.06085212 0.05950000
v -0.06415532 -0.06082860 0.05949952
v -0.06425312 -0.06079211 0.05949813
v -0.06434589 -0.06074285 0.05949591
v -0.06707114 -0.06086981 0.05910815
v -0.06443080 -0.06068237 0.05949304
v -0.06457403 -0.06053038 0.05948608
v -0.06750554 -0.05745646 0.03720000
v -0.06798517 -0.06041787 0.03720000
v -0.06702318 -0.06057367 0.03689185
v -0.07396421 -0.05975339 0.04225000
v -0.07248977 -0.05664919 0.04100000
v -0.07163254 -0.05678803 0.03986827
v -0.07509827 -0.05956970 0.05097642
v -0.07495748 -0.05624951 0.04800000
v -0.07548508 -0.05950706 0.04800000
v -0.07457067 -0.05631216 0.04502358
v -0.07509827 -0.05956970 0.04502358
v -0.07364103 -0.05646272 0.04275000
v -0.07343658 -0.05649584 0.04225000
v -0.06928145 -0.05716882 0.05795929
v -0.06980906 -0.06042637 0.05795929
v -0.07163254 -0.05678803 0.05613173
v -0.07216015 -0.06004558 0.05613173
v -0.07343658 -0.05649584 0.05375000
v -0.07396421 -0.05975339 0.05375000
v -0.07364103 -0.05646272 0.05325000
v -0.07457067 -0.05631216 0.05097642
v -0.06394853 -0.06086207 0.05949952
v -0.06018493 -0.06168123 0.03720000
v -0.05970529 -0.05871982 0.03720000
v -0.05832984 -0.05894260 0.03781725
v -0.05885745 -0.06220014 0.03781725
v -0.06141628 -0.06178570 0.03683417
v -0.06136833 -0.06148956 0.03683417
v -0.06384432 -0.06085832 0.05949813
v -0.06330522 -0.06056803 0.05947911
v -0.06345720 -0.06071126 0.05948608
v -0.06141628 -0.06178570 0.05916583
v -0.06364108 -0.06081027 0.05949304
v -0.06374098 -0.06084092 0.05949592
v -0.05479044 -0.06285886 0.05453274
v -0.05607760 -0.05930738 0.05660787
v -0.05660521 -0.06256493 0.05660787
v -0.05832984 -0.05894260 0.05818274
v -0.05885745 -0.06220014 0.05818274
v -0.06088868 -0.05852816 0.05916583
v -0.06155369 -0.05842044 0.05931061
v -0.05351866 -0.06306484 0.04392204
v -0.05233611 -0.05991337 0.04661383
v -0.05286371 -0.06317092 0.04661383
v -0.05233611 -0.05991337 0.04938617
v -0.05286371 -0.06317092 0.04938617
v -0.05299104 -0.05980729 0.05207796
v -0.05351866 -0.06306484 0.05207796
v -0.05359826 -0.05970895 0.05325000
v -0.05426285 -0.05960131 0.05453274
v -0.05479044 -0.06285886 0.04146726
v -0.05359826 -0.05970895 0.04275000
v -0.05299104 -0.05980729 0.04392204
v -0.05607760 -0.05930738 0.03939212
v -0.05660521 -0.06256493 0.03939212
v -0.05467146 -0.05953512 0.04100000
v -0.05426285 -0.05960131 0.04146726
v -0.06798517 -0.06041787 0.03720000
v -0.06750554 -0.05745646 0.03720000
v -0.06018493 -0.06168123 0.03720000
v -0.06360541 -0.05808814 0.03720000
v -0.05970529 -0.05871982 0.03720000
v -0.06798517 -0.06041787 0.03720000
v -0.06018493 -0.06168123 0.03720000
v -0.06702318 -0.06057367 0.03689185
v -0.06136833 -0.06148956 0.03683417
v -0.06408506 -0.06104955 0.03650000
v -0.05351866 -0.06306484 0.04392204
v -0.05286371 -0.06317092 0.04661383
v -0.05376809 -0.06302444 0.04800000
v -0.05286371 -0.06317092 0.04938617
v -0.05412126 -0.06296724 0.05071760
v -0.05351866 -0.06306484 0.05207796
v -0.05515672 -0.06279953 0.05325000
v -0.05479044 -0.06285886 0.05453274
v -0.05680391 -0.06253274 0.05542462
v -0.05660521 -0.06256493 0.05660787
v -0.05895056 -0.06218507 0.05709326
v -0.05885745 -0.06220014 0.05818274
v -0.06145038 -0.06178018 0.05814222
v -0.06141628 -0.06178570 0.05916583
v -0.06413302 -0.06134569 0.05850000
v -0.06413302 -0.06134569 0.05950000
v -0.06681566 -0.06091120 0.05814222
v -0.06707114 -0.06086981 0.05910815
v -0.06931549 -0.06050631 0.05709326
v -0.06980906 -0.06042637 0.05795929
v -0.07146213 -0.06015863 0.05542462
v -0.07216015 -0.06004558 0.05613173
v -0.07310931 -0.05989184 0.05325000
v -0.07396421 -0.05975339 0.05375000
v -0.07414477 -0.05972414 0.05071760
v -0.07509827 -0.05956970 0.05097642
v -0.07449795 -0.05966694 0.04800000
v -0.07548508 -0.05950706 0.04800000
v -0.07414477 -0.05972414 0.04528240
v -0.07509827 -0.05956970 0.04502358
v -0.07310931 -0.05989184 0.04275000
v -0.07396421 -0.05975339 0.04225000
v -0.07146213 -0.06015863 0.04057538
v -0.07216015 -0.06004558 0.03986827
v -0.06931549 -0.06050631 0.03890673
v -0.06980906 -0.06042637 0.03804071
v -0.06681566 -0.06091120 0.03785778
v -0.06707114 -0.06086981 0.03689185
v -0.06413302 -0.06134569 0.03750000
v -0.06413302 -0.06134569 0.03650000
v -0.06145038 -0.06178018 0.03785778
v -0.06141628 -0.06178570 0.03683417
v -0.05895056 -0.06218507 0.03890673
v -0.05885745 -0.06220014 0.03781725
v -0.05680391 -0.06253274 0.04057538
v -0.05660521 -0.06256493 0.03939212
v -0.05515672 -0.06279953 0.04275000
v -0.05479044 -0.06285886 0.04146726
v -0.05412126 -0.06296724 0.04528240
v -0.06413302 -0.06134569 0.03750000
v -0.06426092 -0.06213540 0.03750000
v -0.06694356 -0.06170090 0.03785778
v -0.06681566 -0.06091120 0.03785778
v -0.06944339 -0.06129602 0.03890673
v -0.06931549 -0.06050631 0.03890673
v -0.07159003 -0.06094834 0.04057538
v -0.07146213 -0.06015863 0.04057538
v -0.07323723 -0.06068156 0.04275000
v -0.07310931 -0.05989184 0.04275000
v -0.07427267 -0.06051385 0.04528240
v -0.07414477 -0.05972414 0.04528240
v -0.07462585 -0.06045665 0.04800000
v -0.07449795 -0.05966694 0.04800000
v -0.07427267 -0.06051385 0.05071760
v -0.07414477 -0.05972414 0.05071760
v -0.07323723 -0.06068156 0.05325000
v -0.07310931 -0.05989184 0.05325000
v -0.07159003 -0.06094834 0.05542462
v -0.07146213 -0.06015863 0.05542462
v -0.06944339 -0.06129602 0.05709326
v -0.06931549 -0.06050631 0.05709326
v -0.06694356 -0.06170090 0.05814222
v -0.06681566 -0.06091120 0.05814222
v -0.06426092 -0.06213540 0.05850000
v -0.06413302 -0.06134569 0.05850000
v -0.06157828 -0.06256989 0.05814222
v -0.06145038 -0.06178018 0.05814222
v -0.05907845 -0.06297477 0.05709326
v -0.05895056 -0.06218507 0.05709326
v -0.05693181 -0.06332246 0.05542462
v -0.05680391 -0.06253274 0.05542462
v -0.05528462 -0.06358924 0.05325000
v -0.05515672 -0.06279953 0.05325000
v -0.05424917 -0.06375695 0.05071760
v -0.05412126 -0.06296724 0.05071760
v -0.05389599 -0.06381415 0.04800000
v -0.05376809 -0.06302444 0.04800000
v -0.05424917 -0.06375695 0.04528240
v -0.05412126 -0.06296724 0.04528240
v -0.05528462 -0.06358924 0.04275000
v -0.05515672 -0.06279953 0.04275000
v -0.05693181 -0.06332246 0.04057538
v -0.05680391 -0.06253274 0.04057538
v -0.05907845 -0.06297477 0.03890673
v -0.05895056 -0.06218507 0.03890673
v -0.06157828 -0.06256989 0.03785778
v -0.06145038 -0.06178018 0.03785778
v -0.06438882 -0.06292510 0.03750000
v -0.06707146 -0.06249061 0.03785778
v -0.06957130 -0.06208573 0.03890673
v -0.07171795 -0.06173805 0.04057538
v -0.07336512 -0.06147126 0.04275000
v -0.07440059 -0.06130355 0.04528240
v -0.07475377 -0.06124635 0.04800000
v -0.07440059 -0.06130355 0.05071760
v -0.07336512 -0.06147126 0.05325000
v -0.07171795 -0.06173805 0.05542462
v -0.06957130 -0.06208573 0.05709326
v -0.06707146 -0.06249061 0.05814222
v -0.06438882 -0.06292510 0.05850000
v -0.06170619 -0.06335960 0.05814222
v -0.05920635 -0.06376448 0.05709326
v -0.05705972 -0.06411217 0.05542462
v -0.05541253 -0.06437895 0.05325000
v -0.05437708 -0.06454666 0.05071760
v -0.05402390 -0.06460386 0.04800000
v -0.05437708 -0.06454666 0.04528240
v -0.05541253 -0.06437895 0.04275000
v -0.05705972 -0.06411217 0.04057538
v -0.05920635 -0.06376448 0.03890673
v -0.06170619 -0.06335960 0.03785778
v -0.05705972 -0.06411217 0.05542462
v -0.05636170 -0.06422522 0.05613173
v -0.05541253 -0.06437895 0.05325000
v -0.05455765 -0.06451741 0.05375000
v -0.05437708 -0.06454666 0.05071760
v -0.05342357 -0.06470110 0.05097642
v -0.05402390 -0.06460386 0.04800000
v -0.05303676 -0.06476374 0.04800000
v -0.05437708 -0.06454666 0.04528240
v -0.05342357 -0.06470110 0.04502358
v -0.05541253 -0.06437895 0.04275000
v -0.05455765 -0.06451741 0.04225000
v -0.05705972 -0.06411217 0.04057538
v -0.05636170 -0.06422522 0.03986827
v -0.05920635 -0.06376448 0.03890673
v -0.05871280 -0.06384443 0.03804071
v -0.06170619 -0.06335960 0.03785778
v -0.06145070 -0.06340098 0.03689185
v -0.06438882 -0.06292510 0.03750000
v -0.06438882 -0.06292510 0.03650000
v -0.06707146 -0.06249061 0.03785778
v -0.06732696 -0.06244923 0.03689185
v -0.06957130 -0.06208573 0.03890673
v -0.07006486 -0.06200579 0.03804071
v -0.07171795 -0.06173805 0.04057538
v -0.07241595 -0.06162500 0.03986827
v -0.07336512 -0.06147126 0.04275000
v -0.07422001 -0.06133280 0.04225000
v -0.07440059 -0.06130355 0.04528240
v -0.07535409 -0.06114912 0.04502358
v -0.07475377 -0.06124635 0.04800000
v -0.07574090 -0.06108647 0.04800000
v -0.07440059 -0.06130355 0.05071760
v -0.07535409 -0.06114912 0.05097642
v -0.07336512 -0.06147126 0.05325000
v -0.07422001 -0.06133280 0.05375000
v -0.07171795 -0.06173805 0.05542462
v -0.07241595 -0.06162500 0.05613173
v -0.06957130 -0.06208573 0.05709326
v -0.07006486 -0.06200579 0.05795929
v -0.06707146 -0.06249061 0.05814222
v -0.06732696 -0.06244923 0.05910815
v -0.06438882 -0.06292510 0.05850000
v -0.06438882 -0.06292510 0.05950000
v -0.06170619 -0.06335960 0.05814222
v -0.06145070 -0.06340098 0.05910815
v -0.05920635 -0.06376448 0.05709326
v -0.05871280 -0.06384443 0.05795929
v -0.06438882 -0.06292510 0.03650000
v -0.06466063 -0.06460324 0.03650000
v -0.06759877 -0.06412737 0.03689185
v -0.06732696 -0.06244923 0.03689185
v -0.07033667 -0.06368392 0.03804071
v -0.07006486 -0.06200579 0.03804071
v -0.07268776 -0.06330313 0.03986827
v -0.07241595 -0.06162500 0.03986827
v -0.07449180 -0.06301094 0.04225000
v -0.07422001 -0.06133280 0.04225000
v -0.07562588 -0.06282726 0.04502358
v -0.07535409 -0.06114912 0.04502358
v -0.07601269 -0.06276461 0.04800000
v -0.07574090 -0.06108647 0.04800000
v -0.07562588 -0.06282726 0.05097642
v -0.07535409 -0.06114912 0.05097642
v -0.07449180 -0.06301094 0.05375000
v -0.07422001 -0.06133280 0.05375000
v -0.07268776 -0.06330313 0.05613173
v -0.07241595 -0.06162500 0.05613173
v -0.07033667 -0.06368392 0.05795929
v -0.07006486 -0.06200579 0.05795929
v -0.06759877 -0.06412737 0.05910815
v -0.06732696 -0.06244923 0.05910815
v -0.06466063 -0.06460324 0.05950000
v -0.06438882 -0.06292510 0.05950000
v -0.06172249 -0.06507912 0.05910815
v -0.06145070 -0.06340098 0.05910815
v -0.05898459 -0.06552256 0.05795929
v -0.05871280 -0.06384443 0.05795929
v -0.05663350 -0.06590335 0.05613173
v -0.05636170 -0.06422522 0.05613173
v -0.05482945 -0.06619554 0.05375000
v -0.05455765 -0.06451741 0.05375000
v -0.05369536 -0.06637923 0.05097642
v -0.05342357 -0.06470110 0.05097642
v -0.05330856 -0.06644187 0.04800000
v -0.05303676 -0.06476374 0.04800000
v -0.05369536 -0.06637923 0.04502358
v -0.05342357 -0.06470110 0.04502358
v -0.05482945 -0.06619554 0.04225000
v -0.05455765 -0.06451741 0.04225000
v -0.05663350 -0.06590335 0.03986827
v -0.05636170 -0.06422522 0.03986827
v -0.05898459 -0.06552256 0.03804071
v -0.05871280 -0.06384443 0.03804071
v -0.06172249 -0.06507912 0.03689185
v -0.06145070 -0.06340098 0.03689185
v -0.05417212 -0.06630201 0.05084701
v -0.05369536 -0.06637923 0.05097642
v -0.05525689 -0.06612631 0.05350000
v -0.05482945 -0.06619554 0.05375000
v -0.05698250 -0.06584683 0.05577817
v -0.05663350 -0.06590335 0.05613173
v -0.05923137 -0.06548259 0.05752628
v -0.05898459 -0.06552256 0.05795929
v -0.06185024 -0.06505843 0.05862518
v -0.06172249 -0.06507912 0.05910815
v -0.06466063 -0.06460324 0.05900000
v -0.06466063 -0.06460324 0.05950000
v -0.06747101 -0.06414806 0.05862518
v -0.06759877 -0.06412737 0.05910815
v -0.07008987 -0.06372389 0.05752628
v -0.07033667 -0.06368392 0.05795929
v -0.07233874 -0.06335966 0.05577817
v -0.07268776 -0.06330313 0.05613173
v -0.07406437 -0.06308017 0.05350000
v -0.07449180 -0.06301094 0.05375000
v -0.07514914 -0.06290447 0.05084701
v -0.07562588 -0.06282726 0.05097642
v -0.07551913 -0.06284454 0.04800000
v -0.07601269 -0.06276461 0.04800000
v -0.07514914 -0.06290447 0.04515299
v -0.07562588 -0.06282726 0.04502358
v -0.07406437 -0.06308017 0.04250000
v -0.07449180 -0.06301094 0.04225000
v -0.07233874 -0.06335966 0.04022182
v -0.07268776 -0.06330313 0.03986827
v -0.07008987 -0.06372389 0.03847372
v -0.07033667 -0.06368392 0.03804071
v -0.06747101 -0.06414806 0.03737482
v -0.06759877 -0.06412737 0.03689185
v -0.06466063 -0.06460324 0.03700000
v -0.06466063 -0.06460324 0.03650000
v -0.06185024 -0.06505843 0.03737482
v -0.06172249 -0.06507912 0.03689185
v -0.05923137 -0.06548259 0.03847372
v -0.05898459 -0.06552256 0.03804071
v -0.05698250 -0.06584683 0.04022182
v -0.05663350 -0.06590335 0.03986827
v -0.05525689 -0.06612631 0.04250000
v -0.05482945 -0.06619554 0.04225000
v -0.05417212 -0.06630201 0.04515299
v -0.05369536 -0.06637923 0.04502358
v -0.05380213 -0.06636193 0.04800000
v -0.05330856 -0.06644187 0.04800000
v -0.06466063 -0.06460324 0.03700000
v -0.06482051 -0.06559038 0.03700000
v -0.06763090 -0.06513520 0.03737482
v -0.06747101 -0.06414806 0.03737482
v -0.07024975 -0.06471103 0.03847372
v -0.07008987 -0.06372389 0.03847372
v -0.07249863 -0.06434679 0.04022182
v -0.07233874 -0.06335966 0.04022182
v -0.07422425 -0.06406731 0.04250000
v -0.07406437 -0.06308017 0.04250000
v -0.07530902 -0.06389161 0.04515299
v -0.07514914 -0.06290447 0.04515299
v -0.07567901 -0.06383168 0.04800000
v -0.07551913 -0.06284454 0.04800000
v -0.07530902 -0.06389161 0.05084701
v -0.07514914 -0.06290447 0.05084701
v -0.07422425 -0.06406731 0.05350000
v -0.07406437 -0.06308017 0.05350000
v -0.07249863 -0.06434679 0.05577817
v -0.07233874 -0.06335966 0.05577817
v -0.07024975 -0.06471103 0.05752628
v -0.07008987 -0.06372389 0.05752628
v -0.06763090 -0.06513520 0.05862518
v -0.06747101 -0.06414806 0.05862518
v -0.06482051 -0.06559038 0.05900000
v -0.06466063 -0.06460324 0.05900000
v -0.06201011 -0.06604557 0.05862518
v -0.06185024 -0.06505843 0.05862518
v -0.05939126 -0.06646972 0.05752628
v -0.05923137 -0.06548259 0.05752628
v -0.05714239 -0.06683396 0.05577817
v -0.05698250 -0.06584683 0.05577817
v -0.05541678 -0.06711345 0.05350000
v -0.05525689 -0.06612631 0.05350000
v -0.05433201 -0.06728915 0.05084701
v -0.05417212 -0.06630201 0.05084701
v -0.05396201 -0.06734907 0.04800000
v -0.05380213 -0.06636193 0.04800000
v -0.05433201 -0.06728915 0.04515299
v -0.05417212 -0.06630201 0.04515299
v -0.05541678 -0.06711345 0.04250000
v -0.05525689 -0.06612631 0.04250000
v -0.05714239 -0.06683396 0.04022182
v -0.05698250 -0.06584683 0.04022182
v -0.05939126 -0.06646972 0.03847372
v -0.05923137 -0.06548259 0.03847372
v -0.06201011 -0.06604557 0.03737482
v -0.06185024 -0.06505843 0.03737482
v -0.05396201 -0.06734907 0.04800000
v -0.05346844 -0.06742901 0.04800000
v -0.05433201 -0.06728915 0.04515299
v -0.05385526 -0.06736637 0.04502358
v -0.05541678 -0.06711345 0.04250000
v -0.05498932 -0.06718269 0.04225000
v -0.05714239 -0.06683396 0.04022182
v -0.05679339 -0.06689049 0.03986827
v -0.05939126 -0.06646972 0.03847372
v -0.05914448 -0.06650970 0.03804071
v -0.06201011 -0.06604557 0.03737482
v -0.06188238 -0.06606626 0.03689185
v -0.06482051 -0.06559038 0.03700000
v -0.06482051 -0.06559038 0.03650000
v -0.06763090 -0.06513520 0.03737482
v -0.06775864 -0.06511450 0.03689185
v -0.07024975 -0.06471103 0.03847372
v -0.07049654 -0.06467106 0.03804071
v -0.07249863 -0.06434679 0.04022182
v -0.07284764 -0.06429026 0.03986827
v -0.07422425 -0.06406731 0.04250000
v -0.07465169 -0.06399807 0.04225000
v -0.07530902 -0.06389161 0.04515299
v -0.07578577 -0.06381439 0.04502358
v -0.07567901 -0.06383168 0.04800000
v -0.07617258 -0.06375174 0.04800000
v -0.07530902 -0.06389161 0.05084701
v -0.07578577 -0.06381439 0.05097642
v -0.07422425 -0.06406731 0.05350000
v -0.07465169 -0.06399807 0.05375000
v -0.07249863 -0.06434679 0.05577817
v -0.07284764 -0.06429026 0.05613173
v -0.07024975 -0.06471103 0.05752628
v -0.07049654 -0.06467106 0.05795929
v -0.06763090 -0.06513520 0.05862518
v -0.06775864 -0.06511450 0.05910815
v -0.06482051 -0.06559038 0.05900000
v -0.06482051 -0.06559038 0.05950000
v -0.06201011 -0.06604557 0.05862518
v -0.06188238 -0.06606626 0.05910815
v -0.05939126 -0.06646972 0.05752628
v -0.05914448 -0.06650970 0.05795929
v -0.05714239 -0.06683396 0.05577817
v -0.05679339 -0.06689049 0.05613173
v -0.05541678 -0.06711345 0.05350000
v -0.05498932 -0.06718269 0.05375000
v -0.05433201 -0.06728915 0.05084701
v -0.05385526 -0.06736637 0.05097642
v -0.06482051 -0.06559038 0.03650000
v -0.06614753 -0.07378361 0.03650000
v -0.06908565 -0.07330773 0.03689185
v -0.06775864 -0.06511450 0.03689185
v -0.07182355 -0.07286429 0.03804071
v -0.07049654 -0.06467106 0.03804071
v -0.07417464 -0.07248350 0.03986827
v -0.07284764 -0.06429026 0.03986827
v -0.07597871 -0.07219131 0.04225000
v -0.07465169 -0.06399807 0.04225000
v -0.07711278 -0.07200763 0.04502358
v -0.07578577 -0.06381439 0.04502358
v -0.07749959 -0.07194498 0.04800000
v -0.07617258 -0.06375174 0.04800000
v -0.07711278 -0.07200763 0.05097642
v -0.07578577 -0.06381439 0.05097642
v -0.07597871 -0.07219131 0.05375000
v -0.07465169 -0.06399807 0.05375000
v -0.07417464 -0.07248350 0.05613173
v -0.07284764 -0.06429026 0.05613173
v -0.07182355 -0.07286429 0.05795929
v -0.07049654 -0.06467106 0.05795929
v -0.06908565 -0.07330773 0.05910815
v -0.06775864 -0.06511450 0.05910815
v -0.06614753 -0.07378361 0.05950000
v -0.06482051 -0.06559038 0.05950000
v -0.06320939 -0.07425949 0.05910815
v -0.06188238 -0.06606626 0.05910815
v -0.06047149 -0.07470293 0.05795929
v -0.05914448 -0.06650970 0.05795929
v -0.05812040 -0.07508372 0.05613173
v -0.05679339 -0.06689049 0.05613173
v -0.05631634 -0.07537591 0.05375000
v -0.05498932 -0.06718269 0.05375000
v -0.05518226 -0.07555960 0.05097642
v -0.05385526 -0.06736637 0.05097642
v -0.05479545 -0.07562224 0.04800000
v -0.05346844 -0.06742901 0.04800000
v -0.05518226 -0.07555960 0.04502358
v -0.05385526 -0.06736637 0.04502358
v -0.05631634 -0.07537591 0.04225000
v -0.05498932 -0.06718269 0.04225000
v -0.05812040 -0.07508372 0.03986827
v -0.05679339 -0.06689049 0.03986827
v -0.06047149 -0.07470293 0.03804071
v -0.05914448 -0.06650970 0.03804071
v -0.06320939 -0.07425949 0.03689185
v -0.06188238 -0.06606626 0.03689185
v -0.05864391 -0.07499893 0.04039860
v -0.05812040 -0.07508372 0.03986827
v -0.05695751 -0.07527207 0.04262500
v -0.05631634 -0.07537591 0.04225000
v -0.05589739 -0.07544377 0.04521770
v -0.05518226 -0.07555960 0.04502358
v -0.05553581 -0.07550233 0.04800000
v -0.05479545 -0.07562224 0.04800000
v -0.05589739 -0.07544377 0.05078230
v -0.05518226 -0.07555960 0.05097642
v -0.05695751 -0.07527207 0.05337500
v -0.05631634 -0.07537591 0.05375000
v -0.05864391 -0.07499893 0.05560140
v -0.05812040 -0.07508372 0.05613173
v -0.06084165 -0.07464298 0.05730977
v -0.06047149 -0.07470293 0.05795929
v -0.06340101 -0.07422845 0.05838370
v -0.06320939 -0.07425949 0.05910815
v -0.06614753 -0.07378361 0.05875000
v -0.06614753 -0.07378361 0.05950000
v -0.06889403 -0.07333877 0.05838370
v -0.06908565 -0.07330773 0.05910815
v -0.07145338 -0.07292425 0.05730977
v -0.07182355 -0.07286429 0.05795929
v -0.07365114 -0.07256829 0.05560140
v -0.07417464 -0.07248350 0.05613173
v -0.07533754 -0.07229515 0.05337500
v -0.07597871 -0.07219131 0.05375000
v -0.07639766 -0.07212345 0.05078230
v -0.07711278 -0.07200763 0.05097642
v -0.07675924 -0.07206488 0.04800000
v -0.07749959 -0.07194498 0.04800000
v -0.07639766 -0.07212345 0.04521770
v -0.07711278 -0.07200763 0.04502358
v -0.07533754 -0.07229515 0.04262500
v -0.07597871 -0.07219131 0.04225000
v -0.07365114 -0.07256829 0.04039860
v -0.07417464 -0.07248350 0.03986827
v -0.07145338 -0.07292425 0.03869023
v -0.07182355 -0.07286429 0.03804071
v -0.06889403 -0.07333877 0.03761630
v -0.06908565 -0.07330773 0.03689185
v -0.06614753 -0.07378361 0.03725000
v -0.06614753 -0.07378361 0.03650000
v -0.06340101 -0.07422845 0.03761630
v -0.06320939 -0.07425949 0.03689185
v -0.06084165 -0.07464298 0.03869023
v -0.06047149 -0.07470293 0.03804071
v -0.06614753 -0.07378361 0.03725000
v -0.06641932 -0.07546174 0.03725000
v -0.06916584 -0.07501690 0.03761630
v -0.06889403 -0.07333877 0.03761630
v -0.07172517 -0.07460238 0.03869023
v -0.07145338 -0.07292425 0.03869023
v -0.07392293 -0.07424642 0.04039860
v -0.07365114 -0.07256829 0.04039860
v -0.07560934 -0.07397328 0.04262500
v -0.07533754 -0.07229515 0.04262500
v -0.07666945 -0.07380158 0.04521770
v -0.07639766 -0.07212345 0.04521770
v -0.07703104 -0.07374302 0.04800000
v -0.07675924 -0.07206488 0.04800000
v -0.07666945 -0.07380158 0.05078230
v -0.07639766 -0.07212345 0.05078230
v -0.07560934 -0.07397328 0.05337500
v -0.07533754 -0.07229515 0.05337500
v -0.07392293 -0.07424642 0.05560140
v -0.07365114 -0.07256829 0.05560140
v -0.07172517 -0.07460238 0.05730977
v -0.07145338 -0.07292425 0.05730977
v -0.06916584 -0.07501690 0.05838370
v -0.06889403 -0.07333877 0.05838370
v -0.06641932 -0.07546174 0.05875000
v -0.06614753 -0.07378361 0.05875000
v -0.06367280 -0.07590658 0.05838370
v -0.06340101 -0.07422845 0.05838370
v -0.06111346 -0.07632111 0.05730977
v -0.06084165 -0.07464298 0.05730977
v -0.05891570 -0.07667707 0.05560140
v -0.05864391 -0.07499893 0.05560140
v -0.05722931 -0.07695021 0.05337500
v -0.05695751 -0.07527207 0.05337500
v -0.05616919 -0.07712190 0.05078230
v -0.05589739 -0.07544377 0.05078230
v -0.05580760 -0.07718046 0.04800000
v -0.05553581 -0.07550233 0.04800000
v -0.05616919 -0.07712190 0.04521770
v -0.05589739 -0.07544377 0.04521770
v -0.05722931 -0.07695021 0.04262500
v -0.05695751 -0.07527207 0.04262500
v -0.05891570 -0.07667707 0.04039860
v -0.05864391 -0.07499893 0.04039860
v -0.06111346 -0.07632111 0.03869023
v -0.06084165 -0.07464298 0.03869023
v -0.06367280 -0.07590658 0.03761630
v -0.06340101 -0.07422845 0.03761630
v -0.06567251 -0.07558270 0.05766009
v -0.06563235 -0.07558921 0.05746649
v -0.06330242 -0.07596657 0.05695991
v -0.06588463 -0.07554834 0.05798872
v -0.06575835 -0.07556880 0.05783779
v -0.06367280 -0.07590658 0.05838370
v -0.06641932 -0.07546174 0.05820000
v -0.06622554 -0.07549313 0.05817554
v -0.06641932 -0.07546174 0.05875000
v -0.06111346 -0.07632111 0.05730977
v -0.06117376 -0.07631134 0.05587478
v -0.05891570 -0.07667707 0.05560140
v -0.05938381 -0.07660124 0.05428116
v -0.05722931 -0.07695021 0.05337500
v -0.05804815 -0.07681758 0.05228197
v -0.05616919 -0.07712190 0.05078230
v -0.05725303 -0.07694636 0.05000627
v -0.05580760 -0.07718046 0.04800000
v -0.05704980 -0.07697927 0.04760103
v -0.05616919 -0.07712190 0.04521770
v -0.05745157 -0.07691420 0.04522155
v -0.05722931 -0.07695021 0.04262500
v -0.05843239 -0.07675534 0.04302148
v -0.05891570 -0.07667707 0.04039860
v -0.05992896 -0.07651295 0.04114288
v -0.06111346 -0.07632111 0.03869023
v -0.06184460 -0.07620269 0.03970705
v -0.06367280 -0.07590658 0.03761630
v -0.06405565 -0.07584458 0.03880671
v -0.06641932 -0.07546174 0.03725000
v -0.06641932 -0.07546174 0.03850000
v -0.06916584 -0.07501690 0.03761630
v -0.06878299 -0.07507891 0.03880671
v -0.07172517 -0.07460238 0.03869023
v -0.07099404 -0.07472080 0.03970705
v -0.07392293 -0.07424642 0.04039860
v -0.07290970 -0.07441053 0.04114288
v -0.07560934 -0.07397328 0.04262500
v -0.07440625 -0.07416814 0.04302148
v -0.07666945 -0.07380158 0.04521770
v -0.07538708 -0.07400928 0.04522155
v -0.07703104 -0.07374302 0.04800000
v -0.07578885 -0.07394422 0.04760103
v -0.07666945 -0.07380158 0.05078230
v -0.07558561 -0.07397713 0.05000627
v -0.07560934 -0.07397328 0.05337500
v -0.07479049 -0.07410591 0.05228197
v -0.07392293 -0.07424642 0.05560140
v -0.07345483 -0.07432223 0.05428116
v -0.07172517 -0.07460238 0.05730977
v -0.07166489 -0.07461214 0.05587478
v -0.06916584 -0.07501690 0.05838370
v -0.06953622 -0.07495691 0.05695991
v -0.06604359 -0.07552259 0.05810364
v -0.06708028 -0.07535469 0.05783779
v -0.06695402 -0.07537514 0.05798872
v -0.06679506 -0.07540088 0.05810364
v -0.06661312 -0.07543035 0.05817554
v -0.06720630 -0.07533428 0.05746649
v -0.06716614 -0.07534078 0.05766009
v -0.06579934 -0.06664748 0.05746649
v -0.06720630 -0.07533428 0.05746649
v -0.06812928 -0.06627011 0.05695991
v -0.06953622 -0.07495691 0.05695991
v -0.07025793 -0.06592535 0.05587478
v -0.07166489 -0.07461214 0.05587478
v -0.07204789 -0.06563544 0.05428116
v -0.07345483 -0.07432223 0.05428116
v -0.07338353 -0.06541911 0.05228197
v -0.07479049 -0.07410591 0.05228197
v -0.07417865 -0.06529032 0.05000627
v -0.07558561 -0.07397713 0.05000627
v -0.07438189 -0.06525741 0.04760103
v -0.07578885 -0.07394422 0.04760103
v -0.07398012 -0.06532248 0.04522155
v -0.07538708 -0.07400928 0.04522155
v -0.07299930 -0.06548135 0.04302148
v -0.07440625 -0.07416814 0.04302148
v -0.07150274 -0.06572373 0.04114288
v -0.07290970 -0.07441053 0.04114288
v -0.06958709 -0.06603400 0.03970705
v -0.07099404 -0.07472080 0.03970705
v -0.06737604 -0.06639211 0.03880671
v -0.06878299 -0.07507891 0.03880671
v -0.06501237 -0.06677494 0.03850000
v -0.06641932 -0.07546174 0.03850000
v -0.06264869 -0.06715777 0.03880671
v -0.06405565 -0.07584458 0.03880671
v -0.06043765 -0.06751588 0.03970705
v -0.06184460 -0.07620269 0.03970705
v -0.05852200 -0.06782615 0.04114288
v -0.05992896 -0.07651295 0.04114288
v -0.05702545 -0.06806855 0.04302148
v -0.05843239 -0.07675534 0.04302148
v -0.05604461 -0.06822740 0.04522155
v -0.05745157 -0.07691420 0.04522155
v -0.05564285 -0.06829247 0.04760103
v -0.05704980 -0.07697927 0.04760103
v -0.05584607 -0.06825955 0.05000627
v -0.05725303 -0.07694636 0.05000627
v -0.05664120 -0.06813078 0.05228197
v -0.05804815 -0.07681758 0.05228197
v -0.05797685 -0.06791445 0.05428116
v -0.05938381 -0.07660124 0.05428116
v -0.05976679 -0.06762454 0.05587478
v -0.06117376 -0.07631134 0.05587478
v -0.06189546 -0.06727977 0.05695991
v -0.06330242 -0.07596657 0.05695991
v -0.06422539 -0.06690240 0.05746649
v -0.06563235 -0.07558921 0.05746649
v -0.06720630 -0.07533428 0.05746649
v -0.06579934 -0.06664748 0.05746649
v -0.06716614 -0.07534078 0.05766009
v -0.06575918 -0.06665399 0.05766009
v -0.06708028 -0.07535469 0.05783779
v -0.06567334 -0.06666789 0.05783779
v -0.06695402 -0.07537514 0.05798872
v -0.06554706 -0.06668834 0.05798872
v -0.06679506 -0.07540088 0.05810364
v -0.06538811 -0.06671409 0.05810364
v -0.06661312 -0.07543035 0.05817554
v -0.06520617 -0.06674356 0.05817554
v -0.06641932 -0.07546174 0.05820000
v -0.06501237 -0.06677494 0.05820000
v -0.06622554 -0.07549313 0.05817554
v -0.06481856 -0.06680632 0.05817554
v -0.06604359 -0.07552259 0.05810364
v -0.06463663 -0.06683580 0.05810364
v -0.06588463 -0.07554834 0.05798872
v -0.06447767 -0.06686154 0.05798872
v -0.06575835 -0.07556880 0.05783779
v -0.06435141 -0.06688199 0.05783779
v -0.06567251 -0.07558270 0.05766009
v -0.06426555 -0.06689590 0.05766009
v -0.06563235 -0.07558921 0.05746649
v -0.06422539 -0.06690240 0.05746649
v -0.06575918 -0.06665399 0.05766009
v -0.06579934 -0.06664748 0.05746649
v -0.06422539 -0.06690240 0.05746649
v -0.06567334 -0.06666789 0.05783779
v -0.06812928 -0.06627011 0.05695991
v -0.07024746 -0.06592704 0.05330330
v -0.06871413 -0.06617539 0.05449519
v -0.07025793 -0.06592535 0.05587478
v -0.07204789 -0.06563544 0.05428116
v -0.07142402 -0.06573648 0.05175000
v -0.07338353 -0.06541911 0.05228197
v -0.07216362 -0.06561669 0.04994114
v -0.07417865 -0.06529032 0.05000627
v -0.07241588 -0.06557583 0.04800000
v -0.07438189 -0.06525741 0.04760103
v -0.07216362 -0.06561669 0.04605886
v -0.07398012 -0.06532248 0.04522155
v -0.07142402 -0.06573648 0.04425000
v -0.07299930 -0.06548135 0.04302148
v -0.07024746 -0.06592704 0.04269670
v -0.07150274 -0.06572373 0.04114288
v -0.06871413 -0.06617539 0.04150481
v -0.06958709 -0.06603400 0.03970705
v -0.06692853 -0.06646459 0.04075555
v -0.06737604 -0.06639211 0.03880671
v -0.06501237 -0.06677494 0.04050000
v -0.06501237 -0.06677494 0.03850000
v -0.06309620 -0.06708529 0.04075555
v -0.06264869 -0.06715777 0.03880671
v -0.06131061 -0.06737450 0.04150481
v -0.06043765 -0.06751588 0.03970705
v -0.05977728 -0.06762284 0.04269670
v -0.05852200 -0.06782615 0.04114288
v -0.05860073 -0.06781340 0.04425000
v -0.05702545 -0.06806855 0.04302148
v -0.05786110 -0.06793319 0.04605886
v -0.05604461 -0.06822740 0.04522155
v -0.05760885 -0.06797405 0.04800000
v -0.05564285 -0.06829247 0.04760103
v -0.05786110 -0.06793319 0.04994114
v -0.05584607 -0.06825955 0.05000627
v -0.05860073 -0.06781340 0.05175000
v -0.05664120 -0.06813078 0.05228197
v -0.05977728 -0.06762284 0.05330330
v -0.05797685 -0.06791445 0.05428116
v -0.06131061 -0.06737450 0.05449519
v -0.05976679 -0.06762454 0.05587478
v -0.06309620 -0.06708529 0.05524444
v -0.06189546 -0.06727977 0.05695991
v -0.06501237 -0.06677494 0.05550000
v -0.06692853 -0.06646459 0.05524444
v -0.06426555 -0.06689590 0.05766009
v -0.06538811 -0.06671409 0.05810364
v -0.06554706 -0.06668834 0.05798872
v -0.06501237 -0.06677494 0.05820000
v -0.06447767 -0.06686154 0.05798872
v -0.06481856 -0.06680632 0.05817554
v -0.06463663 -0.06683580 0.05810364
v -0.06435141 -0.06688199 0.05783779
v -0.06520617 -0.06674356 0.05817554
v -0.06416810 -0.06625321 0.05546240
v -0.06416810 -0.06625321 0.05631625
v -0.06299227 -0.06644365 0.05524444
v -0.06212668 -0.06658385 0.05586011
v -0.06120669 -0.06673286 0.05449519
v -0.06026420 -0.06688550 0.05489838
v -0.05967336 -0.06698120 0.05330330
v -0.05870045 -0.06713878 0.05349293
v -0.05849681 -0.06717176 0.05175000
v -0.05753602 -0.06732737 0.05173416
v -0.05775718 -0.06729155 0.04994114
v -0.05684580 -0.06743917 0.04973519
v -0.05750492 -0.06733242 0.04800000
v -0.05667418 -0.06746696 0.04762462
v -0.05775718 -0.06729155 0.04605886
v -0.05703224 -0.06740898 0.04553819
v -0.05849681 -0.06717176 0.04425000
v -0.05789689 -0.06726892 0.04361011
v -0.05967336 -0.06698120 0.04269670
v -0.05921256 -0.06705583 0.04196440
v -0.06120669 -0.06673286 0.04150481
v -0.06089461 -0.06678340 0.04070692
v -0.06299227 -0.06644365 0.04075555
v -0.06283484 -0.06646916 0.03991855
v -0.06490845 -0.06613330 0.04050000
v -0.06490845 -0.06613330 0.03965000
v -0.06682461 -0.06582295 0.04075555
v -0.06698205 -0.06579745 0.03991855
v -0.06861021 -0.06553376 0.04150481
v -0.06892228 -0.06548321 0.04070692
v -0.07014352 -0.06528540 0.04269670
v -0.07060432 -0.06521077 0.04196440
v -0.07132007 -0.06509484 0.04425000
v -0.07191999 -0.06499768 0.04361011
v -0.07205971 -0.06497505 0.04605886
v -0.07278466 -0.06485764 0.04553819
v -0.07231196 -0.06493420 0.04800000
v -0.07314271 -0.06479965 0.04762462
v -0.07205971 -0.06497505 0.04994114
v -0.07297110 -0.06482744 0.04973519
v -0.07132007 -0.06509484 0.05175000
v -0.07228087 -0.06493923 0.05173416
v -0.07014352 -0.06528540 0.05330330
v -0.07111644 -0.06512783 0.05349293
v -0.06861021 -0.06553376 0.05449519
v -0.06955269 -0.06538110 0.05489838
v -0.06682461 -0.06582295 0.05524444
v -0.06769021 -0.06568276 0.05586011
v -0.06564879 -0.06601339 0.05546240
v -0.06564879 -0.06601339 0.05631625
v -0.06330522 -0.06056803 0.05947911
v -0.06330522 -0.06056803 0.05890000
v -0.06345720 -0.06071126 0.05890000
v -0.06345720 -0.06071126 0.05948608
v -0.06364108 -0.06081027 0.05890000
v -0.06364108 -0.06081027 0.05949304
v -0.06374098 -0.06084092 0.05949592
v -0.06384432 -0.06085832 0.05890000
v -0.06384432 -0.06085832 0.05949813
v -0.06394853 -0.06086207 0.05949952
v -0.06405308 -0.06085212 0.05890000
v -0.06405308 -0.06085212 0.05950000
v -0.06415532 -0.06082860 0.05949952
v -0.06425312 -0.06079211 0.05890000
v -0.06425312 -0.06079211 0.05949813
v -0.06434589 -0.06074285 0.05949591
v -0.06443080 -0.06068237 0.05890000
v -0.06443080 -0.06068237 0.05949304
v -0.06457403 -0.06053038 0.05890000
v -0.06457403 -0.06053038 0.05948608
v -0.06467303 -0.06034650 0.05890000
v -0.06467303 -0.06034650 0.05947911
v -0.06565715 -0.05775584 0.05931061
v -0.06565715 -0.05775584 0.05890000
v -0.06565715 -0.05775584 0.05890000
v -0.06467303 -0.06034650 0.05890000
v -0.06421335 -0.05895165 0.05890000
v -0.06393233 -0.05915589 0.05890000
v -0.06404249 -0.05911267 0.05890000
v -0.06413823 -0.05904310 0.05890000
v -0.06457403 -0.06053038 0.05890000
v -0.06379743 -0.05980313 0.05890000
v -0.06374569 -0.05985804 0.05890000
v -0.06383320 -0.05973671 0.05890000
v -0.06385055 -0.05966329 0.05890000
v -0.06384831 -0.05958787 0.05890000
v -0.06382664 -0.05951561 0.05890000
v -0.06360006 -0.05900577 0.05890000
v -0.06377609 -0.05844140 0.05890000
v -0.06384216 -0.05843902 0.05890000
v -0.06333907 -0.05981674 0.05890000
v -0.06330522 -0.06056803 0.05890000
v -0.06329943 -0.05975255 0.05890000
v -0.06155369 -0.05842044 0.05890000
v -0.06327775 -0.05968029 0.05890000
v -0.06327551 -0.05960488 0.05890000
v -0.06401603 -0.05852570 0.05890000
v -0.06405391 -0.05857990 0.05890000
v -0.06407724 -0.05864177 0.05890000
v -0.06408459 -0.05870748 0.05890000
v -0.06407551 -0.05877297 0.05890000
v -0.06405056 -0.05883420 0.05890000
v -0.06333507 -0.05869633 0.05890000
v -0.06335390 -0.05863294 0.05890000
v -0.06338778 -0.05857616 0.05890000
v -0.06343461 -0.05852949 0.05890000
v -0.06349151 -0.05849581 0.05890000
v -0.06355496 -0.05847721 0.05890000
v -0.06443080 -0.06068237 0.05890000
v -0.06425312 -0.06079211 0.05890000
v -0.06368150 -0.05989768 0.05890000
v -0.06405308 -0.06085212 0.05890000
v -0.06360924 -0.05991936 0.05890000
v -0.06401127 -0.05888739 0.05890000
v -0.06396008 -0.05892924 0.05890000
v -0.06390014 -0.05895717 0.05890000
v -0.06363225 -0.05920449 0.05890000
v -0.06378699 -0.05945143 0.05890000
v -0.06341852 -0.05893657 0.05890000
v -0.06337551 -0.05888635 0.05890000
v -0.06347257 -0.05897464 0.05890000
v -0.06334622 -0.05882707 0.05890000
v -0.06353436 -0.05899819 0.05890000
v -0.06333246 -0.05876240 0.05890000
v -0.06390679 -0.05845301 0.05890000
v -0.06396596 -0.05848252 0.05890000
v -0.06373208 -0.05939968 0.05890000
v -0.06366566 -0.05936392 0.05890000
v -0.06351406 -0.05919826 0.05890000
v -0.06359224 -0.05934656 0.05890000
v -0.06340127 -0.05916246 0.05890000
v -0.06330113 -0.05909940 0.05890000
v -0.06339398 -0.05986848 0.05890000
v -0.06346041 -0.05990425 0.05890000
v -0.06345720 -0.06071126 0.05890000
v -0.06353383 -0.05992160 0.05890000
v -0.06364108 -0.06081027 0.05890000
v -0.06384432 -0.06085832 0.05890000
v -0.06426301 -0.05884424 0.05890000
v -0.06428400 -0.05872777 0.05890000
v -0.06427499 -0.05860978 0.05890000
v -0.06423655 -0.05849785 0.05890000
v -0.06417116 -0.05839923 0.05890000
v -0.06408303 -0.05832025 0.05890000
v -0.06322548 -0.05845914 0.05890000
v -0.06316678 -0.05856190 0.05890000
v -0.06397783 -0.05826602 0.05890000
v -0.06386239 -0.05824003 0.05890000
v -0.06360541 -0.05808814 0.05890000
v -0.06374412 -0.05824397 0.05890000
v -0.06313587 -0.05867613 0.05890000
v -0.06313471 -0.05879446 0.05890000
v -0.06316340 -0.05890927 0.05890000
v -0.06352300 -0.05827978 0.05890000
v -0.06340952 -0.05831338 0.05890000
v -0.06330816 -0.05837448 0.05890000
v -0.06351682 -0.05934880 0.05890000
v -0.06344456 -0.05937048 0.05890000
v -0.06322009 -0.05901315 0.05890000
v -0.06338038 -0.05941012 0.05890000
v -0.06332863 -0.05946503 0.05890000
v -0.06329286 -0.05953145 0.05890000
v -0.06155369 -0.05842044 0.05890000
v -0.06155369 -0.05842044 0.05931061
v -0.06393233 -0.05915589 0.05890000
v -0.06393233 -0.05915589 0.05880000
v -0.06404249 -0.05911267 0.05890000
v -0.06404249 -0.05911267 0.05880000
v -0.06413823 -0.05904310 0.05890000
v -0.06413823 -0.05904310 0.05880000
v -0.06421335 -0.05895165 0.05890000
v -0.06421335 -0.05895165 0.05880000
v -0.06426301 -0.05884424 0.05890000
v -0.06426301 -0.05884424 0.05880000
v -0.06428400 -0.05872777 0.05890000
v -0.06428400 -0.05872777 0.05880000
v -0.06427499 -0.05860978 0.05890000
v -0.06427499 -0.05860978 0.05880000
v -0.06423655 -0.05849785 0.05890000
v -0.06423655 -0.05849785 0.05880000
v -0.06417116 -0.05839923 0.05890000
v -0.06417116 -0.05839923 0.05880000
v -0.06408303 -0.05832025 0.05890000
v -0.06408303 -0.05832025 0.05880000
v -0.06397783 -0.05826602 0.05890000
v -0.06397783 -0.05826602 0.05880000
v -0.06386239 -0.05824003 0.05890000
v -0.06386239 -0.05824003 0.05880000
v -0.06374412 -0.05824397 0.05890000
v -0.06374412 -0.05824397 0.05880000
v -0.06360006 -0.05900577 0.05880000
v -0.06363225 -0.05920449 0.05880000
v -0.06353436 -0.05899819 0.05880000
v -0.06351406 -0.05919826 0.05880000
v -0.06347257 -0.05897464 0.05880000
v -0.06340127 -0.05916246 0.05880000
v -0.06341852 -0.05893657 0.05880000
v -0.06330113 -0.05909940 0.05880000
v -0.06337551 -0.05888635 0.05880000
v -0.06322009 -0.05901315 0.05880000
v -0.06334622 -0.05882707 0.05880000
v -0.06316340 -0.05890927 0.05880000
v -0.06333246 -0.05876240 0.05880000
v -0.06313471 -0.05879446 0.05880000
v -0.06333507 -0.05869633 0.05880000
v -0.06313587 -0.05867613 0.05880000
v -0.06335390 -0.05863294 0.05880000
v -0.06316678 -0.05856190 0.05880000
v -0.06338778 -0.05857616 0.05880000
v -0.06322548 -0.05845914 0.05880000
v -0.06343461 -0.05852949 0.05880000
v -0.06330816 -0.05837448 0.05880000
v -0.06349151 -0.05849581 0.05880000
v -0.06340952 -0.05831338 0.05880000
v -0.06355496 -0.05847721 0.05880000
v -0.06352300 -0.05827978 0.05880000
v -0.06377609 -0.05844140 0.05880000
v -0.06374412 -0.05824397 0.05880000
v -0.06384216 -0.05843902 0.05880000
v -0.06386239 -0.05824003 0.05880000
v -0.06390679 -0.05845301 0.05880000
v -0.06397783 -0.05826602 0.05880000
v -0.06396596 -0.05848252 0.05880000
v -0.06408303 -0.05832025 0.05880000
v -0.06401603 -0.05852570 0.05880000
v -0.06417116 -0.05839923 0.05880000
v -0.06405391 -0.05857990 0.05880000
v -0.06423655 -0.05849785 0.05880000
v -0.06407724 -0.05864177 0.05880000
v -0.06427499 -0.05860978 0.05880000
v -0.06408459 -0.05870748 0.05880000
v -0.06428400 -0.05872777 0.05880000
v -0.06407551 -0.05877297 0.05880000
v -0.06426301 -0.05884424 0.05880000
v -0.06405056 -0.05883420 0.05880000
v -0.06421335 -0.05895165 0.05880000
v -0.06401127 -0.05888739 0.05880000
v -0.06413823 -0.05904310 0.05880000
v -0.06396008 -0.05892924 0.05880000
v -0.06404249 -0.05911267 0.05880000
v -0.06390014 -0.05895717 0.05880000
v -0.06393233 -0.05915589 0.05880000
v -0.06352300 -0.05827978 0.05890000
v -0.06352300 -0.05827978 0.05880000
v -0.06340952 -0.05831338 0.05890000
v -0.06340952 -0.05831338 0.05880000
v -0.06330816 -0.05837448 0.05890000
v -0.06330816 -0.05837448 0.05880000
v -0.06322548 -0.05845914 0.05890000
v -0.06322548 -0.05845914 0.05880000
v -0.06316678 -0.05856190 0.05890000
v -0.06316678 -0.05856190 0.05880000
v -0.06313587 -0.05867613 0.05890000
v -0.06313587 -0.05867613 0.05880000
v -0.06313471 -0.05879446 0.05890000
v -0.06313471 -0.05879446 0.05880000
v -0.06316340 -0.05890927 0.05890000
v -0.06316340 -0.05890927 0.05880000
v -0.06322009 -0.05901315 0.05890000
v -0.06322009 -0.05901315 0.05880000
v -0.06330113 -0.05909940 0.05890000
v -0.06330113 -0.05909940 0.05880000
v -0.06340127 -0.05916246 0.05890000
v -0.06340127 -0.05916246 0.05880000
v -0.06351406 -0.05919826 0.05890000
v -0.06351406 -0.05919826 0.05880000
v -0.06363225 -0.05920449 0.05890000
v -0.06363225 -0.05920449 0.05880000
v -0.06363225 -0.05920449 0.05880000
v -0.06360006 -0.05900577 0.05880000
v -0.06363225 -0.05920449 0.05890000
v -0.06360006 -0.05900577 0.05890000
v -0.06360006 -0.05900577 0.05890000
v -0.06360006 -0.05900577 0.05880000
v -0.06353436 -0.05899819 0.05880000
v -0.06353436 -0.05899819 0.05890000
v -0.06347257 -0.05897464 0.05880000
v -0.06347257 -0.05897464 0.05890000
v -0.06341852 -0.05893657 0.05880000
v -0.06341852 -0.05893657 0.05890000
v -0.06337551 -0.05888635 0.05880000
v -0.06337551 -0.05888635 0.05890000
v -0.06334622 -0.05882707 0.05880000
v -0.06334622 -0.05882707 0.05890000
v -0.06333246 -0.05876240 0.05880000
v -0.06333246 -0.05876240 0.05890000
v -0.06333507 -0.05869633 0.05880000
v -0.06333507 -0.05869633 0.05890000
v -0.06335390 -0.05863294 0.05880000
v -0.06335390 -0.05863294 0.05890000
v -0.06338778 -0.05857616 0.05880000
v -0.06338778 -0.05857616 0.05890000
v -0.06343461 -0.05852949 0.05880000
v -0.06343461 -0.05852949 0.05890000
v -0.06349151 -0.05849581 0.05880000
v -0.06349151 -0.05849581 0.05890000
v -0.06355496 -0.05847721 0.05880000
v -0.06355496 -0.05847721 0.05890000
v -0.06377609 -0.05844140 0.05880000
v -0.06377609 -0.05844140 0.05890000
v -0.06384216 -0.05843902 0.05880000
v -0.06384216 -0.05843902 0.05890000
v -0.06390679 -0.05845301 0.05880000
v -0.06390679 -0.05845301 0.05890000
v -0.06396596 -0.05848252 0.05880000
v -0.06396596 -0.05848252 0.05890000
v -0.06401603 -0.05852570 0.05880000
v -0.06401603 -0.05852570 0.05890000
v -0.06405391 -0.05857990 0.05880000
v -0.06405391 -0.05857990 0.05890000
v -0.06407724 -0.05864177 0.05880000
v -0.06407724 -0.05864177 0.05890000
v -0.06408459 -0.05870748 0.05880000
v -0.06408459 -0.05870748 0.05890000
v -0.06407551 -0.05877297 0.05880000
v -0.06407551 -0.05877297 0.05890000
v -0.06405056 -0.05883420 0.05880000
v -0.06405056 -0.05883420 0.05890000
v -0.06401127 -0.05888739 0.05880000
v -0.06401127 -0.05888739 0.05890000
v -0.06396008 -0.05892924 0.05880000
v -0.06396008 -0.05892924 0.05890000
v -0.06390014 -0.05895717 0.05880000
v -0.06390014 -0.05895717 0.05890000
v -0.06390014 -0.05895717 0.05880000
v -0.06393233 -0.05915589 0.05880000
v -0.06390014 -0.05895717 0.05890000
v -0.06393233 -0.05915589 0.05890000
v -0.06360924 -0.05991936 0.05890000
v -0.06360924 -0.05991936 0.05880000
v -0.06368150 -0.05989768 0.05890000
v -0.06368150 -0.05989768 0.05880000
v -0.06374569 -0.05985804 0.05890000
v -0.06374569 -0.05985804 0.05880000
v -0.06379743 -0.05980313 0.05890000
v -0.06379743 -0.05980313 0.05880000
v -0.06383320 -0.05973671 0.05890000
v -0.06383320 -0.05973671 0.05880000
v -0.06385055 -0.05966329 0.05890000
v -0.06385055 -0.05966329 0.05880000
v -0.06384831 -0.05958787 0.05890000
v -0.06384831 -0.05958787 0.05880000
v -0.06382664 -0.05951561 0.05890000
v -0.06382664 -0.05951561 0.05880000
v -0.06378699 -0.05945143 0.05890000
v -0.06378699 -0.05945143 0.05880000
v -0.06373208 -0.05939968 0.05890000
v -0.06373208 -0.05939968 0.05880000
v -0.06366566 -0.05936392 0.05890000
v -0.06366566 -0.05936392 0.05880000
v -0.06359224 -0.05934656 0.05890000
v -0.06359224 -0.05934656 0.05880000
v -0.06351682 -0.05934880 0.05890000
v -0.06351682 -0.05934880 0.05880000
v -0.06344456 -0.05937048 0.05890000
v -0.06344456 -0.05937048 0.05880000
v -0.06338038 -0.05941012 0.05890000
v -0.06338038 -0.05941012 0.05880000
v -0.06332863 -0.05946503 0.05890000
v -0.06332863 -0.05946503 0.05880000
v -0.06329286 -0.05953145 0.05890000
v -0.06329286 -0.05953145 0.05880000
v -0.06327551 -0.05960488 0.05890000
v -0.06327551 -0.05960488 0.05880000
v -0.06327775 -0.05968029 0.05890000
v -0.06327775 -0.05968029 0.05880000
v -0.06329943 -0.05975255 0.05890000
v -0.06329943 -0.05975255 0.05880000
v -0.06333907 -0.05981674 0.05890000
v -0.06333907 -0.05981674 0.05880000
v -0.06339398 -0.05986848 0.05890000
v -0.06339398 -0.05986848 0.05880000
v -0.06346041 -0.05990425 0.05890000
v -0.06346041 -0.05990425 0.05880000
v -0.06353383 -0.05992160 0.05890000
v -0.06353383 -0.05992160 0.05880000
v -0.06332327 -0.05960973 0.05880000
v -0.06327551 -0.05960488 0.05880000
v -0.06333774 -0.05954850 0.05880000
v -0.06329286 -0.05953145 0.05880000
v -0.06336757 -0.05949311 0.05880000
v -0.06332863 -0.05946503 0.05880000
v -0.06341071 -0.05944732 0.05880000
v -0.06338038 -0.05941012 0.05880000
v -0.06346424 -0.05941426 0.05880000
v -0.06344456 -0.05937048 0.05880000
v -0.06352450 -0.05939618 0.05880000
v -0.06351682 -0.05934880 0.05880000
v -0.06358739 -0.05939431 0.05880000
v -0.06359224 -0.05934656 0.05880000
v -0.06364861 -0.05940879 0.05880000
v -0.06366566 -0.05936392 0.05880000
v -0.06370400 -0.05943862 0.05880000
v -0.06373208 -0.05939968 0.05880000
v -0.06374980 -0.05948176 0.05880000
v -0.06378699 -0.05945143 0.05880000
v -0.06378285 -0.05953529 0.05880000
v -0.06382664 -0.05951561 0.05880000
v -0.06380092 -0.05959555 0.05880000
v -0.06384831 -0.05958787 0.05880000
v -0.06380280 -0.05965844 0.05880000
v -0.06385055 -0.05966329 0.05880000
v -0.06378832 -0.05971966 0.05880000
v -0.06383320 -0.05973671 0.05880000
v -0.06375850 -0.05977506 0.05880000
v -0.06379743 -0.05980313 0.05880000
v -0.06371536 -0.05982085 0.05880000
v -0.06374569 -0.05985804 0.05880000
v -0.06366182 -0.05985390 0.05880000
v -0.06368150 -0.05989768 0.05880000
v -0.06360156 -0.05987198 0.05880000
v -0.06360924 -0.05991936 0.05880000
v -0.06353868 -0.05987385 0.05880000
v -0.06353383 -0.05992160 0.05880000
v -0.06347745 -0.05985937 0.05880000
v -0.06346041 -0.05990425 0.05880000
v -0.06342206 -0.05982955 0.05880000
v -0.06339398 -0.05986848 0.05880000
v -0.06337626 -0.05978640 0.05880000
v -0.06333907 -0.05981674 0.05880000
v -0.06334321 -0.05973287 0.05880000
v -0.06329943 -0.05975255 0.05880000
v -0.06332514 -0.05967261 0.05880000
v -0.06327775 -0.05968029 0.05880000
v -0.06352450 -0.05939618 0.05890000
v -0.06352450 -0.05939618 0.05880000
v -0.06358739 -0.05939431 0.05880000
v -0.06358739 -0.05939431 0.05890000
v -0.06364861 -0.05940879 0.05880000
v -0.06364861 -0.05940879 0.05890000
v -0.06370400 -0.05943862 0.05880000
v -0.06370400 -0.05943862 0.05890000
v -0.06374980 -0.05948176 0.05880000
v -0.06374980 -0.05948176 0.05890000
v -0.06378285 -0.05953529 0.05880000
v -0.06378285 -0.05953529 0.05890000
v -0.06380092 -0.05959555 0.05880000
v -0.06380092 -0.05959555 0.05890000
v -0.06380280 -0.05965844 0.05880000
v -0.06380280 -0.05965844 0.05890000
v -0.06378832 -0.05971966 0.05880000
v -0.06378832 -0.05971966 0.05890000
v -0.06375850 -0.05977506 0.05880000
v -0.06375850 -0.05977506 0.05890000
v -0.06371536 -0.05982085 0.05880000
v -0.06371536 -0.05982085 0.05890000
v -0.06366182 -0.05985390 0.05880000
v -0.06366182 -0.05985390 0.05890000
v -0.06360156 -0.05987198 0.05880000
v -0.06360156 -0.05987198 0.05890000
v -0.06353868 -0.05987385 0.05880000
v -0.06353868 -0.05987385 0.05890000
v -0.06347745 -0.05985937 0.05880000
v -0.06347745 -0.05985937 0.05890000
v -0.06342206 -0.05982955 0.05880000
v -0.06342206 -0.05982955 0.05890000
v -0.06337626 -0.05978640 0.05880000
v -0.06337626 -0.05978640 0.05890000
v -0.06334321 -0.05973287 0.05880000
v -0.06334321 -0.05973287 0.05890000
v -0.06332514 -0.05967261 0.05880000
v -0.06332514 -0.05967261 0.05890000
v -0.06332327 -0.05960973 0.05880000
v -0.06332327 -0.05960973 0.05890000
v -0.06333774 -0.05954850 0.05880000
v -0.06333774 -0.05954850 0.05890000
v -0.06336757 -0.05949311 0.05880000
v -0.06336757 -0.05949311 0.05890000
v -0.06341071 -0.05944732 0.05880000
v -0.06341071 -0.05944732 0.05890000
v -0.06346424 -0.05941426 0.05880000
v -0.06346424 -0.05941426 0.05890000
v -0.06378832 -0.05971966 0.05890000
v -0.06375850 -0.05977506 0.05890000
v -0.06375910 -0.05975631 0.05890000
v -0.06359617 -0.05957604 0.05890000
v -0.06372648 -0.05955493 0.05890000
v -0.06360449 -0.05962737 0.05890000
v -0.06374566 -0.05967339 0.05890000
v -0.06337145 -0.05953950 0.05890000
v -0.06336757 -0.05949311 0.05890000
v -0.06371496 -0.05948386 0.05890000
v -0.06341071 -0.05944732 0.05890000
v -0.06346424 -0.05941426 0.05890000
v -0.06352450 -0.05939618 0.05890000
v -0.06339831 -0.05970534 0.05890000
v -0.06340431 -0.05972534 0.05890000
v -0.06334321 -0.05973287 0.05890000
v -0.06380280 -0.05965844 0.05890000
v -0.06380092 -0.05959555 0.05890000
v -0.06378285 -0.05953529 0.05890000
v -0.06374980 -0.05948176 0.05890000
v -0.06358739 -0.05939431 0.05890000
v -0.06364861 -0.05940879 0.05890000
v -0.06370400 -0.05943862 0.05890000
v -0.06337626 -0.05978640 0.05890000
v -0.06341528 -0.05974311 0.05890000
v -0.06343048 -0.05975743 0.05890000
v -0.06342206 -0.05982955 0.05890000
v -0.06344887 -0.05976733 0.05890000
v -0.06347745 -0.05985937 0.05890000
v -0.06332514 -0.05967261 0.05890000
v -0.06332327 -0.05960973 0.05890000
v -0.06333774 -0.05954850 0.05890000
v -0.06359916 -0.05970117 0.05890000
v -0.06359311 -0.05971956 0.05890000
v -0.06358280 -0.05973596 0.05890000
v -0.06371536 -0.05982085 0.05890000
v -0.06356886 -0.05974940 0.05890000
v -0.06366182 -0.05985390 0.05890000
v -0.06355211 -0.05975909 0.05890000
v -0.06360156 -0.05987198 0.05890000
v -0.06353349 -0.05976448 0.05890000
v -0.06353868 -0.05987385 0.05890000
v -0.06349006 -0.05977151 0.05890000
v -0.06346919 -0.05977214 0.05890000
v -0.06371496 -0.05948386 0.05880000
v -0.06337145 -0.05953950 0.05880000
v -0.06371496 -0.05948386 0.05890000
v -0.06337145 -0.05953950 0.05890000
v -0.06337145 -0.05953950 0.05880000
v -0.06339831 -0.05970534 0.05880000
v -0.06337145 -0.05953950 0.05890000
v -0.06339831 -0.05970534 0.05890000
v -0.06340431 -0.05972534 0.05890000
v -0.06340431 -0.05972534 0.05880000
v -0.06341528 -0.05974311 0.05890000
v -0.06341528 -0.05974311 0.05880000
v -0.06343048 -0.05975743 0.05890000
v -0.06343048 -0.05975743 0.05880000
v -0.06344887 -0.05976733 0.05890000
v -0.06344887 -0.05976733 0.05880000
v -0.06346919 -0.05977214 0.05890000
v -0.06346919 -0.05977214 0.05880000
v -0.06349006 -0.05977151 0.05890000
v -0.06349006 -0.05977151 0.05880000
v -0.06371496 -0.05948386 0.05880000
v -0.06372648 -0.05955493 0.05880000
v -0.06337145 -0.05953950 0.05880000
v -0.06359617 -0.05957604 0.05880000
v -0.06349063 -0.05970557 0.05880000
v -0.06349957 -0.05970514 0.05880000
v -0.06359916 -0.05970117 0.05880000
v -0.06351537 -0.05970258 0.05880000
v -0.06352400 -0.05970017 0.05880000
v -0.06354889 -0.05966565 0.05880000
v -0.06354733 -0.05967447 0.05880000
v -0.06354384 -0.05968272 0.05880000
v -0.06353187 -0.05969590 0.05880000
v -0.06353860 -0.05968998 0.05880000
v -0.06375910 -0.05975631 0.05880000
v -0.06374566 -0.05967339 0.05880000
v -0.06360449 -0.05962737 0.05880000
v -0.06354846 -0.05965670 0.05880000
v -0.06353695 -0.05958563 0.05880000
v -0.06344219 -0.05960098 0.05880000
v -0.06339831 -0.05970534 0.05880000
v -0.06345370 -0.05967205 0.05880000
v -0.06345611 -0.05968068 0.05880000
v -0.06340431 -0.05972534 0.05880000
v -0.06346037 -0.05968855 0.05880000
v -0.06341528 -0.05974311 0.05880000
v -0.06346630 -0.05969527 0.05880000
v -0.06343048 -0.05975743 0.05880000
v -0.06347357 -0.05970051 0.05880000
v -0.06344887 -0.05976733 0.05880000
v -0.06348182 -0.05970401 0.05880000
v -0.06349006 -0.05977151 0.05880000
v -0.06346919 -0.05977214 0.05880000
v -0.06359311 -0.05971956 0.05880000
v -0.06358280 -0.05973596 0.05880000
v -0.06356886 -0.05974940 0.05880000
v -0.06355211 -0.05975909 0.05880000
v -0.06353349 -0.05976448 0.05880000
v -0.06353349 -0.05976448 0.05880000
v -0.06353349 -0.05976448 0.05890000
v -0.06355211 -0.05975909 0.05890000
v -0.06355211 -0.05975909 0.05880000
v -0.06356886 -0.05974940 0.05890000
v -0.06356886 -0.05974940 0.05880000
v -0.06358280 -0.05973596 0.05890000
v -0.06358280 -0.05973596 0.05880000
v -0.06359311 -0.05971956 0.05890000
v -0.06359311 -0.05971956 0.05880000
v -0.06359916 -0.05970117 0.05890000
v -0.06359916 -0.05970117 0.05880000
v -0.06359916 -0.05970117 0.05880000
v -0.06375910 -0.05975631 0.05880000
v -0.06359916 -0.05970117 0.05890000
v -0.06375910 -0.05975631 0.05890000
v -0.06375910 -0.05975631 0.05880000
v -0.06374566 -0.05967339 0.05880000
v -0.06375910 -0.05975631 0.05890000
v -0.06374566 -0.05967339 0.05890000
v -0.06374566 -0.05967339 0.05880000
v -0.06360449 -0.05962737 0.05880000
v -0.06374566 -0.05967339 0.05890000
v -0.06360449 -0.05962737 0.05890000
v -0.06360449 -0.05962737 0.05880000
v -0.06359617 -0.05957604 0.05880000
v -0.06360449 -0.05962737 0.05890000
v -0.06359617 -0.05957604 0.05890000
v -0.06359617 -0.05957604 0.05880000
v -0.06372648 -0.05955493 0.05880000
v -0.06359617 -0.05957604 0.05890000
v -0.06372648 -0.05955493 0.05890000
v -0.06372648 -0.05955493 0.05880000
v -0.06371496 -0.05948386 0.05880000
v -0.06372648 -0.05955493 0.05890000
v -0.06371496 -0.05948386 0.05890000
v -0.06354846 -0.05965670 0.05880000
v -0.06354846 -0.05965670 0.05890000
v -0.06353695 -0.05958563 0.05880000
v -0.06353695 -0.05958563 0.05890000
v -0.06344219 -0.05960098 0.05890000
v -0.06353695 -0.05958563 0.05890000
v -0.06345370 -0.05967205 0.05890000
v -0.06354846 -0.05965670 0.05890000
v -0.06351537 -0.05970258 0.05890000
v -0.06354889 -0.05966565 0.05890000
v -0.06349957 -0.05970514 0.05890000
v -0.06345611 -0.05968068 0.05890000
v -0.06354384 -0.05968272 0.05890000
v -0.06353860 -0.05968998 0.05890000
v -0.06354733 -0.05967447 0.05890000
v -0.06353187 -0.05969590 0.05890000
v -0.06352400 -0.05970017 0.05890000
v -0.06347357 -0.05970051 0.05890000
v -0.06348182 -0.05970401 0.05890000
v -0.06349063 -0.05970557 0.05890000
v -0.06346630 -0.05969527 0.05890000
v -0.06346037 -0.05968855 0.05890000
v -0.06349957 -0.05970514 0.05890000
v -0.06349957 -0.05970514 0.05880000
v -0.06349063 -0.05970557 0.05880000
v -0.06349063 -0.05970557 0.05890000
v -0.06348182 -0.05970401 0.05880000
v -0.06348182 -0.05970401 0.05890000
v -0.06347357 -0.05970051 0.05880000
v -0.06347357 -0.05970051 0.05890000
v -0.06346630 -0.05969527 0.05880000
v -0.06346630 -0.05969527 0.05890000
v -0.06346037 -0.05968855 0.05880000
v -0.06346037 -0.05968855 0.05890000
v -0.06345611 -0.05968068 0.05880000
v -0.06345611 -0.05968068 0.05890000
v -0.06345370 -0.05967205 0.05880000
v -0.06345370 -0.05967205 0.05890000
v -0.06344219 -0.05960098 0.05880000
v -0.06344219 -0.05960098 0.05890000
v -0.06353695 -0.05958563 0.05880000
v -0.06353695 -0.05958563 0.05890000
v -0.06344219 -0.05960098 0.05880000
v -0.06344219 -0.05960098 0.05890000
v -0.06351537 -0.05970258 0.05880000
v -0.06351537 -0.05970258 0.05890000
v -0.06354889 -0.05966565 0.05880000
v -0.06354889 -0.05966565 0.05890000
v -0.06354733 -0.05967447 0.05880000
v -0.06354733 -0.05967447 0.05890000
v -0.06354384 -0.05968272 0.05880000
v -0.06354384 -0.05968272 0.05890000
v -0.06353860 -0.05968998 0.05880000
v -0.06353860 -0.05968998 0.05890000
v -0.06353187 -0.05969590 0.05880000
v -0.06353187 -0.05969590 0.05890000
v -0.06352400 -0.05970017 0.05880000
v -0.06352400 -0.05970017 0.05890000
v -0.02561569 0.07495385 0.03431606
v -0.02445655 0.06779710 0.03431606
v -0.02561767 0.07495353 0.03431606
v -0.02445853 0.06779679 0.03431606
v -0.02550505 0.06762729 0.03315576
v -0.02552261 0.06762443 0.03316057
v -0.02545553 0.06763530 0.03315020
v -0.02375877 0.06791011 0.03338171
v -0.02515631 0.06768377 0.03338171
v -0.02514853 0.06768502 0.03345000
v -0.02532321 0.06765673 0.03317639
v -0.02526493 0.06766617 0.03321158
v -0.02445754 0.06779693 0.03301605
v -0.02538788 0.06764625 0.03315556
v -0.02373586 0.06791384 0.03331701
v -0.02369901 0.06791980 0.03325929
v -0.02365015 0.06792772 0.03321158
v -0.02521607 0.06767408 0.03325929
v -0.02517922 0.06768006 0.03331701
v -0.02339247 0.06796944 0.03316057
v -0.02341003 0.06796660 0.03315576
v -0.02345955 0.06795858 0.03315020
v -0.02352720 0.06794761 0.03315556
v -0.02359186 0.06793715 0.03317639
v -0.02461207 0.06777192 0.03429853
v -0.02445853 0.06779679 0.03431606
v -0.02514853 0.06768502 0.03361706
v -0.02445655 0.06779710 0.03431606
v -0.02430301 0.06782196 0.03429853
v -0.02415717 0.06784559 0.03424684
v -0.02383488 0.06789779 0.03392034
v -0.02378384 0.06790606 0.03377260
v -0.02376655 0.06790886 0.03361706
v -0.02376655 0.06790886 0.03345000
v -0.02499800 0.06770940 0.03405288
v -0.02508020 0.06769610 0.03392034
v -0.02513123 0.06768782 0.03377260
v -0.02488874 0.06772710 0.03416355
v -0.02475791 0.06774830 0.03424684
v -0.02402634 0.06786679 0.03416355
v -0.02391708 0.06788447 0.03405288
v -0.02441757 0.06755015 0.03301605
v -0.02549012 0.06750753 0.03313930
v -0.02546508 0.06738050 0.03315576
v -0.02647030 0.06734877 0.03355060
v -0.02644120 0.06722240 0.03356535
v -0.02731200 0.06721245 0.03420487
v -0.02727941 0.06708664 0.03421692
v -0.02795785 0.06710785 0.03505754
v -0.02792260 0.06698246 0.03506605
v -0.02836386 0.06704210 0.03605049
v -0.02832692 0.06691697 0.03605490
v -0.02850234 0.06701967 0.03711606
v -0.02846483 0.06689464 0.03711606
v -0.02836386 0.06704210 0.03818162
v -0.02832692 0.06691697 0.03817721
v -0.02795785 0.06710785 0.03917457
v -0.02792260 0.06698246 0.03916605
v -0.02731200 0.06721245 0.04002724
v -0.02727941 0.06708664 0.04001519
v -0.02647030 0.06734877 0.04068151
v -0.02644120 0.06722240 0.04066676
v -0.02549012 0.06750753 0.04109281
v -0.02546508 0.06738050 0.04107635
v -0.02443826 0.06767791 0.04123310
v -0.02441757 0.06755015 0.04121606
v -0.02338640 0.06784826 0.04109281
v -0.02337006 0.06771981 0.04107635
v -0.02240622 0.06800702 0.04068151
v -0.02239394 0.06787791 0.04066676
v -0.02156452 0.06814335 0.04002724
v -0.02155572 0.06801368 0.04001519
v -0.02091867 0.06824795 0.03917457
v -0.02091254 0.06811786 0.03916605
v -0.02051266 0.06831372 0.03818162
v -0.02050822 0.06818333 0.03817721
v -0.02037418 0.06833613 0.03711606
v -0.02037031 0.06820568 0.03711606
v -0.02051266 0.06831372 0.03605049
v -0.02050822 0.06818333 0.03605490
v -0.02091867 0.06824795 0.03505754
v -0.02091254 0.06811786 0.03506605
v -0.02156452 0.06814335 0.03420487
v -0.02155572 0.06801368 0.03421692
v -0.02240622 0.06800702 0.03355060
v -0.02239394 0.06787791 0.03356535
v -0.02338640 0.06784826 0.03313930
v -0.02337006 0.06771981 0.03315576
v -0.02443826 0.06767791 0.03299902
v -0.02552216 0.06762452 0.03309106
v -0.02651423 0.06746383 0.03350734
v -0.02736614 0.06732585 0.03416955
v -0.02801984 0.06721998 0.03503256
v -0.02843076 0.06715342 0.03603756
v -0.02857092 0.06713071 0.03711606
v -0.02843076 0.06715342 0.03819455
v -0.02801984 0.06721998 0.03919955
v -0.02736614 0.06732585 0.04006256
v -0.02651423 0.06746383 0.04072477
v -0.02552216 0.06762452 0.04114106
v -0.02445754 0.06779693 0.04128305
v -0.02339292 0.06796937 0.04114106
v -0.02240085 0.06813005 0.04072477
v -0.02154894 0.06826802 0.04006256
v -0.02089524 0.06837391 0.03919955
v -0.02048432 0.06844046 0.03819455
v -0.02034416 0.06846316 0.03711606
v -0.02048432 0.06844046 0.03603756
v -0.02089524 0.06837391 0.03503256
v -0.02154894 0.06826802 0.03416955
v -0.02240085 0.06813005 0.03350734
v -0.02339292 0.06796937 0.03309106
v -0.02445754 0.06779693 0.03294907
v -0.02555902 0.06772345 0.03301430
v -0.02657001 0.06755970 0.03343852
v -0.02743816 0.06741909 0.03411336
v -0.02810432 0.06731118 0.03499283
v -0.02852309 0.06724337 0.03601700
v -0.02866592 0.06722023 0.03711606
v -0.02852309 0.06724337 0.03821512
v -0.02810432 0.06731118 0.03923928
v -0.02743816 0.06741909 0.04011875
v -0.02657001 0.06755970 0.04079359
v -0.02555902 0.06772345 0.04121781
v -0.02447410 0.06789917 0.04136251
v -0.02338917 0.06807489 0.04121781
v -0.02237818 0.06823862 0.04079359
v -0.02151003 0.06837925 0.04011875
v -0.02084387 0.06848713 0.03923928
v -0.02042511 0.06855495 0.03821512
v -0.02028227 0.06857808 0.03711606
v -0.02042511 0.06855495 0.03601700
v -0.02084387 0.06848713 0.03499283
v -0.02151003 0.06837925 0.03411336
v -0.02237818 0.06823862 0.03343852
v -0.02338917 0.06807489 0.03301430
v -0.02447410 0.06789917 0.03286961
v -0.02559818 0.06779760 0.03291428
v -0.02663382 0.06762986 0.03334885
v -0.02752315 0.06748581 0.03404014
v -0.02820555 0.06737529 0.03494106
v -0.02863453 0.06730581 0.03599019
v -0.02878084 0.06728212 0.03711606
v -0.02863453 0.06730581 0.03824192
v -0.02820555 0.06737529 0.03929106
v -0.02752315 0.06748581 0.04019197
v -0.02663382 0.06762986 0.04088327
v -0.02559818 0.06779760 0.04131784
v -0.02448680 0.06797760 0.04146606
v -0.02337542 0.06815760 0.04131784
v -0.02233978 0.06832534 0.04088327
v -0.02145045 0.06846937 0.04019197
v -0.02076805 0.06857991 0.03929106
v -0.02033907 0.06864939 0.03824192
v -0.02019276 0.06867308 0.03711606
v -0.02033907 0.06864939 0.03599019
v -0.02076805 0.06857991 0.03494106
v -0.02145045 0.06846937 0.03404014
v -0.02233978 0.06832534 0.03334885
v -0.02337542 0.06815760 0.03291428
v -0.02448680 0.06797760 0.03276606
v -0.02563698 0.06784192 0.03279780
v -0.02670133 0.06766952 0.03324441
v -0.02761531 0.06752150 0.03395487
v -0.02831663 0.06740790 0.03488076
v -0.02875749 0.06733651 0.03595898
v -0.02890787 0.06731215 0.03711606
v -0.02875749 0.06733651 0.03827313
v -0.02831663 0.06740790 0.03935135
v -0.02761531 0.06752150 0.04027724
v -0.02670133 0.06766952 0.04098770
v -0.02563698 0.06784192 0.04143432
v -0.02449478 0.06802691 0.04158665
v -0.02335260 0.06821190 0.04143432
v -0.02228824 0.06838430 0.04098770
v -0.02137427 0.06853231 0.04027724
v -0.02067294 0.06864592 0.03935135
v -0.02023208 0.06871731 0.03827313
v -0.02008170 0.06874167 0.03711606
v -0.02023208 0.06871731 0.03595898
v -0.02067294 0.06864592 0.03488076
v -0.02137427 0.06853231 0.03395487
v -0.02228824 0.06838430 0.03324441
v -0.02335260 0.06821190 0.03279780
v -0.02449478 0.06802691 0.03264546
v -0.02567276 0.06785338 0.03267280
v -0.02676792 0.06767601 0.03313234
v -0.02770836 0.06752369 0.03386336
v -0.02842998 0.06740680 0.03481605
v -0.02888361 0.06733333 0.03592549
v -0.02903834 0.06730828 0.03711606
v -0.02888361 0.06733333 0.03830662
v -0.02842998 0.06740680 0.03941606
v -0.02770836 0.06752369 0.04036875
v -0.02676792 0.06767601 0.04109978
v -0.02567276 0.06785338 0.04155931
v -0.02449751 0.06804372 0.04171606
v -0.02332226 0.06823407 0.04155931
v -0.02222710 0.06841144 0.04109978
v -0.02128666 0.06856376 0.04036875
v -0.02056504 0.06868065 0.03941606
v -0.02011141 0.06875412 0.03830662
v -0.01995668 0.06877917 0.03711606
v -0.02011141 0.06875412 0.03592549
v -0.02056504 0.06868065 0.03481605
v -0.02128666 0.06856376 0.03386336
v -0.02222710 0.06841144 0.03313234
v -0.02332226 0.06823407 0.03267280
v -0.02449751 0.06804372 0.03251606
v -0.02570310 0.06783120 0.03254780
v -0.02682907 0.06764883 0.03302027
v -0.02779596 0.06749224 0.03377186
v -0.02853789 0.06737207 0.03475135
v -0.02900428 0.06729652 0.03589199
v -0.02916336 0.06727076 0.03711606
v -0.02900428 0.06729652 0.03834012
v -0.02853789 0.06737207 0.03948076
v -0.02779596 0.06749224 0.04046025
v -0.02682907 0.06764883 0.04121184
v -0.02570310 0.06783120 0.04168431
v -0.02449478 0.06802691 0.04184547
v -0.02328647 0.06822261 0.04168431
v -0.02216050 0.06840499 0.04121184
v -0.02119361 0.06856157 0.04046025
v -0.02045168 0.06868174 0.03948076
v -0.01998529 0.06875727 0.03834012
v -0.01982621 0.06878305 0.03711606
v -0.01998529 0.06875727 0.03589199
v -0.02045168 0.06868174 0.03475135
v -0.02119361 0.06856157 0.03377186
v -0.02216050 0.06840499 0.03302027
v -0.02328647 0.06822261 0.03254780
v -0.02449478 0.06802691 0.03238665
v -0.02572592 0.06777691 0.03243132
v -0.02688060 0.06758989 0.03291583
v -0.02787215 0.06742930 0.03368659
v -0.02863299 0.06730607 0.03469106
v -0.02911128 0.06722860 0.03586078
v -0.02927441 0.06720218 0.03711606
v -0.02911128 0.06722860 0.03837133
v -0.02863299 0.06730607 0.03954106
v -0.02787215 0.06742930 0.04054553
v -0.02688060 0.06758989 0.04131628
v -0.02572592 0.06777691 0.04180080
v -0.02448680 0.06797760 0.04196606
v -0.02324768 0.06817830 0.04180080
v -0.02209299 0.06836531 0.04131628
v -0.02110145 0.06852591 0.04054553
v -0.02034061 0.06864914 0.03954106
v -0.01986232 0.06872660 0.03837133
v -0.01969919 0.06875303 0.03711606
v -0.01986232 0.06872660 0.03586078
v -0.02034061 0.06864914 0.03469106
v -0.02110145 0.06852591 0.03368659
v -0.02209299 0.06836531 0.03291583
v -0.02324768 0.06817830 0.03243132
v -0.02448680 0.06797760 0.03226606
v -0.02573968 0.06769419 0.03233129
v -0.02691901 0.06750316 0.03282616
v -0.02793173 0.06733915 0.03361336
v -0.02870882 0.06721328 0.03463928
v -0.02919731 0.06713417 0.03583398
v -0.02936393 0.06710717 0.03711606
v -0.02919731 0.06713417 0.03839813
v -0.02870882 0.06721328 0.03959283
v -0.02793173 0.06733915 0.04061875
v -0.02691901 0.06750316 0.04140596
v -0.02573968 0.06769419 0.04190082
v -0.02447410 0.06789917 0.04206961
v -0.02320851 0.06810415 0.04190082
v -0.02202918 0.06829515 0.04140596
v -0.02101646 0.06845917 0.04061875
v -0.02023938 0.06858503 0.03959283
v -0.01975088 0.06866415 0.03839813
v -0.01958426 0.06869114 0.03711606
v -0.01975088 0.06866415 0.03583398
v -0.02023938 0.06858503 0.03463928
v -0.02101646 0.06845917 0.03361336
v -0.02202918 0.06829515 0.03282616
v -0.02320851 0.06810415 0.03233129
v -0.02447410 0.06789917 0.03216250
v -0.02574342 0.06758867 0.03225454
v -0.02694167 0.06739460 0.03275734
v -0.02797064 0.06722795 0.03355718
v -0.02876019 0.06710006 0.03459955
v -0.02925652 0.06701967 0.03581341
v -0.02942581 0.06699225 0.03711606
v -0.02925652 0.06701967 0.03841869
v -0.02876019 0.06710006 0.03963256
v -0.02797064 0.06722795 0.04067493
v -0.02694167 0.06739460 0.04147477
v -0.02574342 0.06758867 0.04197757
v -0.02445754 0.06779693 0.04214907
v -0.02317166 0.06800521 0.04197757
v -0.02197340 0.06819928 0.04147477
v -0.02094444 0.06836593 0.04067493
v -0.02015489 0.06849382 0.03963256
v -0.01965856 0.06857421 0.03841869
v -0.01948927 0.06860163 0.03711606
v -0.01965856 0.06857421 0.03581341
v -0.02015489 0.06849382 0.03459955
v -0.02094444 0.06836593 0.03355718
v -0.02197340 0.06819928 0.03275734
v -0.02317166 0.06800521 0.03225454
v -0.02445754 0.06779693 0.03208304
v -0.02573690 0.06746756 0.03220629
v -0.02694705 0.06727157 0.03271408
v -0.02798622 0.06710325 0.03352186
v -0.02878361 0.06697412 0.03457458
v -0.02928487 0.06689293 0.03580049
v -0.02945584 0.06686522 0.03711606
v -0.02928487 0.06689293 0.03843162
v -0.02878361 0.06697412 0.03965754
v -0.02798622 0.06710325 0.04071025
v -0.02694705 0.06727157 0.04151803
v -0.02573690 0.06746756 0.04202582
v -0.02443826 0.06767791 0.04219902
v -0.02313961 0.06788823 0.04202582
v -0.02192947 0.06808423 0.04151803
v -0.02089030 0.06825254 0.04071025
v -0.02009291 0.06838170 0.03965754
v -0.01959165 0.06846287 0.03843162
v -0.01942068 0.06849057 0.03711606
v -0.01959165 0.06846287 0.03580049
v -0.02009291 0.06838170 0.03457458
v -0.02089030 0.06825254 0.03352186
v -0.02192947 0.06808423 0.03271408
v -0.02313961 0.06788823 0.03220629
v -0.02443826 0.06767791 0.03203309
v -0.02572056 0.06733912 0.03218983
v -0.02693477 0.06714245 0.03269933
v -0.02797743 0.06697358 0.03350981
v -0.02877748 0.06684401 0.03456605
v -0.02928042 0.06676255 0.03579608
v -0.02945196 0.06673476 0.03711606
v -0.02928042 0.06676255 0.03843603
v -0.02877748 0.06684401 0.03966606
v -0.02797743 0.06697358 0.04072230
v -0.02693477 0.06714245 0.04153279
v -0.02572056 0.06733912 0.04204228
v -0.02441757 0.06755015 0.04221606
v -0.02311457 0.06776120 0.04204228
v -0.02190037 0.06795785 0.04153279
v -0.02085771 0.06812672 0.04072230
v -0.02005765 0.06825631 0.03966606
v -0.01955472 0.06833777 0.03843603
v -0.01938317 0.06836555 0.03711606
v -0.01955472 0.06833777 0.03579608
v -0.02005765 0.06825631 0.03456605
v -0.02085771 0.06812672 0.03350981
v -0.02190037 0.06795785 0.03269933
v -0.02311457 0.06776120 0.03218983
v -0.02441757 0.06755015 0.03201605
v -0.02569552 0.06721207 0.03220629
v -0.02690567 0.06701607 0.03271408
v -0.02794484 0.06684777 0.03352186
v -0.02874223 0.06671862 0.03457458
v -0.02924349 0.06663743 0.03580049
v -0.02941446 0.06660975 0.03711606
v -0.02924349 0.06663743 0.03843162
v -0.02874223 0.06671862 0.03965754
v -0.02794484 0.06684777 0.04071025
v -0.02690567 0.06701607 0.04151803
v -0.02569552 0.06721207 0.04202582
v -0.02439688 0.06742241 0.04219902
v -0.02309823 0.06763274 0.04202582
v -0.02188809 0.06782875 0.04151803
v -0.02084892 0.06799705 0.04071025
v -0.02005153 0.06812620 0.03965754
v -0.01955027 0.06820739 0.03843162
v -0.01937930 0.06823508 0.03711606
v -0.01955027 0.06820739 0.03580049
v -0.02005153 0.06812620 0.03457458
v -0.02084892 0.06799705 0.03352186
v -0.02188809 0.06782875 0.03271408
v -0.02309823 0.06763274 0.03220629
v -0.02439688 0.06742241 0.03203309
v -0.02566348 0.06709510 0.03225454
v -0.02686173 0.06690104 0.03275734
v -0.02789070 0.06673437 0.03355718
v -0.02868025 0.06660650 0.03459955
v -0.02917658 0.06652610 0.03581341
v -0.02934587 0.06649868 0.03711606
v -0.02917658 0.06652610 0.03841869
v -0.02868025 0.06660650 0.03963256
v -0.02789070 0.06673437 0.04067493
v -0.02686173 0.06690104 0.04147477
v -0.02566348 0.06709510 0.04197757
v -0.02437760 0.06730337 0.04214907
v -0.02309172 0.06751165 0.04197757
v -0.02189346 0.06770572 0.04147477
v -0.02086450 0.06787236 0.04067493
v -0.02007495 0.06800026 0.03963256
v -0.01957862 0.06808063 0.03841869
v -0.01940933 0.06810805 0.03711606
v -0.01957862 0.06808063 0.03581341
v -0.02007495 0.06800026 0.03459955
v -0.02086450 0.06787236 0.03355718
v -0.02189346 0.06770572 0.03275734
v -0.02309172 0.06751165 0.03225454
v -0.02437760 0.06730337 0.03208304
v -0.02562662 0.06699617 0.03233129
v -0.02680596 0.06680516 0.03282616
v -0.02781867 0.06664113 0.03361336
v -0.02859576 0.06651527 0.03463928
v -0.02908426 0.06643615 0.03583398
v -0.02925087 0.06640918 0.03711606
v -0.02908426 0.06643615 0.03839813
v -0.02859576 0.06651527 0.03959283
v -0.02781867 0.06664113 0.04061875
v -0.02680596 0.06680516 0.04140596
v -0.02562662 0.06699617 0.04190082
v -0.02436104 0.06720115 0.04206961
v -0.02309546 0.06740613 0.04190082
v -0.02191613 0.06759714 0.04140596
v -0.02090341 0.06776117 0.04061875
v -0.02012632 0.06788702 0.03959283
v -0.01963783 0.06796614 0.03839813
v -0.01947121 0.06799312 0.03711606
v -0.01963783 0.06796614 0.03583398
v -0.02012632 0.06788702 0.03463928
v -0.02090341 0.06776117 0.03361336
v -0.02191613 0.06759714 0.03282616
v -0.02309546 0.06740613 0.03233129
v -0.02436104 0.06720115 0.03216250
v -0.02558746 0.06692202 0.03243132
v -0.02674214 0.06673500 0.03291583
v -0.02773369 0.06657441 0.03368659
v -0.02849453 0.06645118 0.03469106
v -0.02897282 0.06637372 0.03586078
v -0.02913595 0.06634729 0.03711606
v -0.02897282 0.06637372 0.03837133
v -0.02849453 0.06645118 0.03954106
v -0.02773369 0.06657441 0.04054553
v -0.02674214 0.06673500 0.04131628
v -0.02558746 0.06692202 0.04180080
v -0.02434834 0.06712272 0.04196606
v -0.02310921 0.06732341 0.04180080
v -0.02195453 0.06751043 0.04131628
v -0.02096299 0.06767102 0.04054553
v -0.02020215 0.06779425 0.03954106
v -0.01972386 0.06787172 0.03837133
v -0.01956073 0.06789814 0.03711606
v -0.01972386 0.06787172 0.03586078
v -0.02020215 0.06779425 0.03469106
v -0.02096299 0.06767102 0.03368659
v -0.02195453 0.06751043 0.03291583
v -0.02310921 0.06732341 0.03243132
v -0.02434834 0.06712272 0.03226606
v -0.02554867 0.06687771 0.03254780
v -0.02667464 0.06669533 0.03302027
v -0.02764153 0.06653872 0.03377186
v -0.02838345 0.06641856 0.03475135
v -0.02884985 0.06634302 0.03589199
v -0.02900892 0.06631727 0.03711606
v -0.02884985 0.06634302 0.03834012
v -0.02838345 0.06641856 0.03948076
v -0.02764153 0.06653872 0.04046025
v -0.02667464 0.06669533 0.04121184
v -0.02554867 0.06687771 0.04168431
v -0.02434035 0.06707341 0.04184547
v -0.02313204 0.06726912 0.04168431
v -0.02200607 0.06745147 0.04121184
v -0.02103917 0.06760807 0.04046025
v -0.02029725 0.06772825 0.03948076
v -0.01983086 0.06780378 0.03834012
v -0.01967178 0.06782956 0.03711606
v -0.01983086 0.06780378 0.03589199
v -0.02029725 0.06772825 0.03475135
v -0.02103917 0.06760807 0.03377186
v -0.02200607 0.06745147 0.03302027
v -0.02313204 0.06726912 0.03254780
v -0.02434035 0.06707341 0.03238665
v -0.02551288 0.06686625 0.03267280
v -0.02660804 0.06668885 0.03313234
v -0.02754848 0.06653654 0.03386336
v -0.02827010 0.06641967 0.03481605
v -0.02872373 0.06634620 0.03592549
v -0.02887845 0.06632113 0.03711606
v -0.02872373 0.06634620 0.03830662
v -0.02827010 0.06641967 0.03941606
v -0.02754848 0.06653654 0.04036875
v -0.02660804 0.06668885 0.04109978
v -0.02551288 0.06686625 0.04155931
v -0.02433763 0.06705658 0.04171606
v -0.02316238 0.06724694 0.04155931
v -0.02206721 0.06742431 0.04109978
v -0.02112678 0.06757663 0.04036875
v -0.02040516 0.06769352 0.03941606
v -0.01995153 0.06776699 0.03830662
v -0.01979680 0.06779204 0.03711606
v -0.01995153 0.06776699 0.03592549
v -0.02040516 0.06769352 0.03481605
v -0.02112678 0.06757663 0.03386336
v -0.02206721 0.06742431 0.03313234
v -0.02316238 0.06724694 0.03267280
v -0.02433763 0.06705658 0.03251606
v -0.02112678 0.06757663 0.04036875
v -0.02052754 0.06767369 0.04097580
v -0.02040516 0.06769352 0.03941606
v -0.01967124 0.06781237 0.03984531
v -0.01995153 0.06776699 0.03830662
v -0.01913295 0.06789956 0.03852882
v -0.01979680 0.06779204 0.03711606
v -0.01894935 0.06792929 0.03711606
v -0.01995153 0.06776699 0.03592549
v -0.01913295 0.06789956 0.03570329
v -0.02040516 0.06769352 0.03481605
v -0.01967124 0.06781237 0.03438681
v -0.02112678 0.06757663 0.03386336
v -0.02052754 0.06767369 0.03325631
v -0.02206721 0.06742431 0.03313234
v -0.02164349 0.06749295 0.03238886
v -0.02316238 0.06724694 0.03267280
v -0.02294304 0.06728247 0.03184355
v -0.02433763 0.06705658 0.03251606
v -0.02433763 0.06705658 0.03165756
v -0.02551288 0.06686625 0.03267280
v -0.02573222 0.06683072 0.03184355
v -0.02660804 0.06668885 0.03313234
v -0.02703177 0.06662024 0.03238886
v -0.02754848 0.06653654 0.03386336
v -0.02814772 0.06643949 0.03325631
v -0.02827010 0.06641967 0.03481605
v -0.02900402 0.06630079 0.03438681
v -0.02872373 0.06634620 0.03592549
v -0.02954231 0.06621361 0.03570329
v -0.02887845 0.06632113 0.03711606
v -0.02972591 0.06618387 0.03711606
v -0.02872373 0.06634620 0.03830662
v -0.02954231 0.06621361 0.03852882
v -0.02827010 0.06641967 0.03941606
v -0.02900402 0.06630079 0.03984531
v -0.02754848 0.06653654 0.04036875
v -0.02814772 0.06643949 0.04097580
v -0.02660804 0.06668885 0.04109978
v -0.02703177 0.06662024 0.04184326
v -0.02551288 0.06686625 0.04155931
v -0.02573222 0.06683072 0.04238856
v -0.02433763 0.06705658 0.04171606
v -0.02433763 0.06705658 0.04257456
v -0.02316238 0.06724694 0.04155931
v -0.02294304 0.06728247 0.04238856
v -0.02206721 0.06742431 0.04109978
v -0.02164349 0.06749295 0.04184326
v -0.02542956 0.07379837 0.03165756
v -0.02433763 0.06705658 0.03165756
v -0.02403497 0.07402424 0.03184355
v -0.02294304 0.06728247 0.03184355
v -0.02273542 0.07423472 0.03238886
v -0.02164349 0.06749295 0.03238886
v -0.02161947 0.07441546 0.03325631
v -0.02052754 0.06767369 0.03325631
v -0.02076317 0.07455416 0.03438681
v -0.01967124 0.06781237 0.03438681
v -0.02022488 0.07464135 0.03570329
v -0.01913295 0.06789956 0.03570329
v -0.02004127 0.07467107 0.03711606
v -0.01894935 0.06792929 0.03711606
v -0.02022488 0.07464135 0.03852882
v -0.01913295 0.06789956 0.03852882
v -0.02076317 0.07455416 0.03984531
v -0.01967124 0.06781237 0.03984531
v -0.02161947 0.07441546 0.04097580
v -0.02052754 0.06767369 0.04097580
v -0.02273542 0.07423472 0.04184326
v -0.02164349 0.06749295 0.04184326
v -0.02403497 0.07402424 0.04238856
v -0.02294304 0.06728247 0.04238856
v -0.02542956 0.07379837 0.04257456
v -0.02433763 0.06705658 0.04257456
v -0.02682415 0.07357248 0.04238856
v -0.02573222 0.06683072 0.04238856
v -0.02812370 0.07336200 0.04184326
v -0.02703177 0.06662024 0.04184326
v -0.02923965 0.07318126 0.04097580
v -0.02814772 0.06643949 0.04097580
v -0.03009595 0.07304258 0.03984531
v -0.02900402 0.06630079 0.03984531
v -0.03063424 0.07295539 0.03852882
v -0.02954231 0.06621361 0.03852882
v -0.03081784 0.07292566 0.03711606
v -0.02972591 0.06618387 0.03711606
v -0.03063424 0.07295539 0.03570329
v -0.02954231 0.06621361 0.03570329
v -0.03009595 0.07304258 0.03438681
v -0.02900402 0.06630079 0.03438681
v -0.02923965 0.07318126 0.03325631
v -0.02814772 0.06643949 0.03325631
v -0.02812370 0.07336200 0.03238886
v -0.02703177 0.06662024 0.03238886
v -0.02682415 0.07357248 0.03184355
v -0.02573222 0.06683072 0.03184355
v -0.02403497 0.07402424 0.04238856
v -0.02393029 0.07441639 0.04300820
v -0.02273542 0.07423472 0.04184326
v -0.02247801 0.07465161 0.04239881
v -0.02161947 0.07441546 0.04097580
v -0.02123091 0.07485360 0.04142941
v -0.02076317 0.07455416 0.03984531
v -0.02027397 0.07500857 0.04016606
v -0.02022488 0.07464135 0.03852882
v -0.01967242 0.07510601 0.03869485
v -0.02004127 0.07467107 0.03711606
v -0.01946724 0.07513924 0.03711606
v -0.02022488 0.07464135 0.03570329
v -0.01967242 0.07510601 0.03553726
v -0.02076317 0.07455416 0.03438681
v -0.02027397 0.07500857 0.03406606
v -0.02161947 0.07441546 0.03325631
v -0.02123091 0.07485360 0.03280270
v -0.02273542 0.07423472 0.03238886
v -0.02247801 0.07465161 0.03183330
v -0.02403497 0.07402424 0.03184355
v -0.02393029 0.07441639 0.03122391
v -0.02542956 0.07379837 0.03165756
v -0.02548877 0.07416397 0.03101606
v -0.02682415 0.07357248 0.03184355
v -0.02704726 0.07391154 0.03122391
v -0.02812370 0.07336200 0.03238886
v -0.02849954 0.07367634 0.03183330
v -0.02923965 0.07318126 0.03325631
v -0.02974664 0.07347435 0.03280270
v -0.03009595 0.07304258 0.03438681
v -0.03070357 0.07331936 0.03406606
v -0.03063424 0.07295539 0.03570329
v -0.03130512 0.07322192 0.03553726
v -0.03081784 0.07292566 0.03711606
v -0.03151031 0.07318870 0.03711606
v -0.03063424 0.07295539 0.03852882
v -0.03130512 0.07322192 0.03869485
v -0.03009595 0.07304258 0.03984531
v -0.03070357 0.07331936 0.04016606
v -0.02923965 0.07318126 0.04097580
v -0.02974664 0.07347435 0.04142941
v -0.02812370 0.07336200 0.04184326
v -0.02849954 0.07367634 0.04239881
v -0.02682415 0.07357248 0.04238856
v -0.02704726 0.07391154 0.04300820
v -0.02542956 0.07379837 0.04257456
v -0.02548877 0.07416397 0.04321606
v -0.02553674 0.07446012 0.03101606
v -0.02548877 0.07416397 0.03101606
v -0.02397825 0.07471254 0.03122391
v -0.02393029 0.07441639 0.03122391
v -0.02252597 0.07494774 0.03183330
v -0.02247801 0.07465161 0.03183330
v -0.02127887 0.07514972 0.03280270
v -0.02123091 0.07485360 0.03280270
v -0.02032194 0.07530472 0.03406606
v -0.02027397 0.07500857 0.03406606
v -0.01972039 0.07540216 0.03553726
v -0.01967242 0.07510601 0.03553726
v -0.01951521 0.07543538 0.03711606
v -0.01946724 0.07513924 0.03711606
v -0.01972039 0.07540216 0.03869485
v -0.01967242 0.07510601 0.03869485
v -0.02032194 0.07530472 0.04016606
v -0.02027397 0.07500857 0.04016606
v -0.02127887 0.07514972 0.04142941
v -0.02123091 0.07485360 0.04142941
v -0.02252597 0.07494774 0.04239881
v -0.02247801 0.07465161 0.04239881
v -0.02397825 0.07471254 0.04300820
v -0.02393029 0.07441639 0.04300820
v -0.02553674 0.07446012 0.04321606
v -0.02548877 0.07416397 0.04321606
v -0.02709522 0.07420768 0.04300820
v -0.02704726 0.07391154 0.04300820
v -0.02854750 0.07397248 0.04239881
v -0.02849954 0.07367634 0.04239881
v -0.02979460 0.07377048 0.04142941
v -0.02974664 0.07347435 0.04142941
v -0.03075154 0.07361551 0.04016606
v -0.03070357 0.07331936 0.04016606
v -0.03135309 0.07351806 0.03869485
v -0.03130512 0.07322192 0.03869485
v -0.03155827 0.07348484 0.03711606
v -0.03151031 0.07318870 0.03711606
v -0.03135309 0.07351806 0.03553726
v -0.03130512 0.07322192 0.03553726
v -0.03075154 0.07361551 0.03406606
v -0.03070357 0.07331936 0.03406606
v -0.02979460 0.07377048 0.03280270
v -0.02974664 0.07347435 0.03280270
v -0.02854750 0.07397248 0.03183330
v -0.02849954 0.07367634 0.03183330
v -0.02709522 0.07420768 0.03122391
v -0.02704726 0.07391154 0.03122391
v -0.02553674 0.07446012 0.03101606
v -0.02633142 0.07433140 0.03056534
v -0.02709522 0.07420768 0.03122391
v -0.02787350 0.07408163 0.03095519
v -0.02854750 0.07397248 0.03183330
v -0.02927651 0.07385441 0.03171169
v -0.02979460 0.07377048 0.03280270
v -0.03045696 0.07366321 0.03278981
v -0.03075154 0.07361551 0.03406606
v -0.03134459 0.07351944 0.03412541
v -0.03135309 0.07351806 0.03553726
v -0.03188658 0.07343165 0.03563898
v -0.03155827 0.07348484 0.03711606
v -0.03205183 0.07340490 0.03711606
v -0.03135309 0.07351806 0.03869485
v -0.03188658 0.07343165 0.03859313
v -0.03075154 0.07361551 0.04016606
v -0.03134459 0.07351944 0.04010671
v -0.02979460 0.07377048 0.04142941
v -0.03045696 0.07366321 0.04144230
v -0.02854750 0.07397248 0.04239881
v -0.02927651 0.07385441 0.04252043
v -0.02709522 0.07420768 0.04300820
v -0.02787350 0.07408163 0.04327692
v -0.02553674 0.07446012 0.04321606
v -0.02633142 0.07433140 0.04366677
v -0.02474205 0.07458883 0.04366677
v -0.02397825 0.07471254 0.04300820
v -0.02319997 0.07483857 0.04327692
v -0.02252597 0.07494774 0.04239881
v -0.02179697 0.07506582 0.04252043
v -0.02127887 0.07514972 0.04142941
v -0.02061652 0.07525702 0.04144230
v -0.02032194 0.07530472 0.04016606
v -0.01972888 0.07540078 0.04010671
v -0.01972039 0.07540216 0.03869485
v -0.01918689 0.07548857 0.03859313
v -0.01951521 0.07543538 0.03711606
v -0.01902164 0.07551532 0.03711606
v -0.01972039 0.07540216 0.03553726
v -0.01918689 0.07548857 0.03563898
v -0.02032194 0.07530472 0.03406606
v -0.01972888 0.07540078 0.03412541
v -0.02127887 0.07514972 0.03280270
v -0.02061652 0.07525702 0.03278981
v -0.02252597 0.07494774 0.03183330
v -0.02179697 0.07506582 0.03171169
v -0.02397825 0.07471254 0.03122391
v -0.02319997 0.07483857 0.03095519
v -0.02474205 0.07458883 0.03056534
v -0.01957400 0.07522326 0.03395491
v -0.02043544 0.07508374 0.03265871
v -0.02044630 0.07512706 0.03266200
v -0.02049034 0.07507484 0.03260858
v -0.02165166 0.07488675 0.03154792
v -0.02166162 0.07493023 0.03155203
v -0.02169826 0.07487919 0.03152279
v -0.02309719 0.07465262 0.03076850
v -0.02310608 0.07469626 0.03077318
v -0.02312791 0.07464766 0.03076073
v -0.02468599 0.07439529 0.03036683
v -0.02469371 0.07443914 0.03037181
v -0.02931126 0.07364616 0.03152279
v -0.02935786 0.07363862 0.03154792
v -0.02936214 0.07368300 0.03155203
v -0.03051918 0.07345053 0.03260858
v -0.03057408 0.07344163 0.03265871
v -0.03057746 0.07348617 0.03266200
v -0.03143552 0.07330211 0.03395491
v -0.03148861 0.07329352 0.03403478
v -0.03149131 0.07333815 0.03403705
v -0.01953244 0.07527507 0.03403705
v -0.01899677 0.07536178 0.03550089
v -0.01899607 0.07535746 0.03549591
v -0.01899526 0.07535251 0.03549188
v -0.01899278 0.07533715 0.03548295
v -0.01952091 0.07523185 0.03403478
v -0.01899161 0.07532995 0.03548054
v -0.01898966 0.07531789 0.03547899
v -0.01957925 0.07534872 0.03405455
v -0.01900343 0.07540291 0.03556997
v -0.01955222 0.07531469 0.03404375
v -0.01900054 0.07538504 0.03552924
v -0.01899984 0.07538071 0.03552271
v -0.01900560 0.07541629 0.03560051
v -0.01902441 0.07543860 0.03560398
v -0.01900764 0.07542891 0.03562928
v -0.01900890 0.07543667 0.03565509
v -0.01900940 0.07543979 0.03568065
v -0.01905994 0.07546492 0.03561107
v -0.01901349 0.07546500 0.03588748
v -0.01910024 0.07548253 0.03561956
v -0.01901756 0.07549012 0.03609355
v -0.01914327 0.07549054 0.03562902
v -0.01902018 0.07550634 0.03622645
v -0.01902056 0.07550866 0.03645793
v -0.03203445 0.07329754 0.03557304
v -0.03203581 0.07330594 0.03560046
v -0.03202498 0.07333295 0.03560398
v -0.03203966 0.07332970 0.03567805
v -0.03199958 0.07336915 0.03561107
v -0.03204908 0.07338787 0.03673808
v -0.03192860 0.07341977 0.03562902
v -0.03204629 0.07337065 0.03635609
v -0.03196690 0.07339859 0.03561956
v -0.03204349 0.07335335 0.03597212
v -0.03204163 0.07334189 0.03571782
v -0.03147015 0.07342283 0.03405455
v -0.03148505 0.07338199 0.03404375
v -0.03203371 0.07329297 0.03556502
v -0.03202697 0.07325136 0.03550074
v -0.03202904 0.07326413 0.03551431
v -0.03201986 0.07320746 0.03547899
v -0.03202047 0.07321122 0.03547914
v -0.03202233 0.07322274 0.03548147
v -0.03202383 0.07323201 0.03548545
v -0.03202608 0.07324589 0.03549494
v -0.02788846 0.07407413 0.03091365
v -0.02633598 0.07432558 0.03052117
v -0.02790106 0.07405710 0.03087419
v -0.02633870 0.07431015 0.03047921
v -0.02791067 0.07403141 0.03083879
v -0.02930093 0.07384536 0.03167525
v -0.02932251 0.07382689 0.03164063
v -0.02934019 0.07379989 0.03160958
v -0.02935307 0.07376571 0.03158365
v -0.03138295 0.07350815 0.03410524
v -0.03141778 0.07348752 0.03408609
v -0.03144734 0.07345859 0.03406890
v -0.03048933 0.07365288 0.03276064
v -0.03051848 0.07363318 0.03273293
v -0.03054294 0.07360508 0.03270808
v -0.03056149 0.07357000 0.03268732
v -0.03057319 0.07352968 0.03267169
v -0.01968892 0.07540217 0.03410524
v -0.01964936 0.07539360 0.03408609
v -0.01961218 0.07537548 0.03406890
v -0.02633502 0.07421611 0.03038649
v -0.02633004 0.07417409 0.03037181
v -0.02791767 0.07391695 0.03077318
v -0.02633946 0.07428589 0.03044157
v -0.02791682 0.07399833 0.03080923
v -0.02936051 0.07372609 0.03156414
v -0.02633821 0.07425402 0.03041014
v -0.02791920 0.07395954 0.03078698
v -0.02791234 0.07387273 0.03076850
v -0.02469655 0.07439358 0.03036683
v -0.02631297 0.07413179 0.03036683
v -0.02632353 0.07413008 0.03036683
v -0.02788161 0.07387771 0.03076073
v -0.02470225 0.07448056 0.03038649
v -0.02471118 0.07451754 0.03041014
v -0.02472006 0.07454818 0.03044157
v -0.02472844 0.07457097 0.03047921
v -0.02473589 0.07458474 0.03052117
v -0.02311807 0.07473714 0.03078698
v -0.02313257 0.07477321 0.03080923
v -0.02314885 0.07480266 0.03083879
v -0.02316608 0.07482400 0.03087419
v -0.02318342 0.07483619 0.03091365
v -0.02167676 0.07497059 0.03156414
v -0.02169632 0.07500583 0.03158365
v -0.02171933 0.07503419 0.03160958
v -0.02174463 0.07505423 0.03164063
v -0.02177095 0.07506495 0.03167525
v -0.02046408 0.07516700 0.03267169
v -0.02048791 0.07520156 0.03268732
v -0.02051658 0.07522899 0.03270808
v -0.02054866 0.07524794 0.03273293
v -0.02058254 0.07525744 0.03276064
v -0.03143552 0.07330211 0.04027721
v -0.03057408 0.07344163 0.04157340
v -0.03057728 0.07349356 0.04156893
v -0.03051918 0.07345053 0.04162354
v -0.02935786 0.07363862 0.04268420
v -0.02936227 0.07369034 0.04267861
v -0.02931126 0.07364616 0.04270932
v -0.02791234 0.07387273 0.04346362
v -0.02791820 0.07392424 0.04345726
v -0.02049034 0.07507484 0.04162354
v -0.02043544 0.07508374 0.04157340
v -0.02044880 0.07513401 0.04156893
v -0.01957400 0.07522326 0.04027721
v -0.01952091 0.07523185 0.04019733
v -0.01953519 0.07528197 0.04019425
v -0.01900555 0.07541601 0.03863282
v -0.01900561 0.07541637 0.03863166
v -0.01904147 0.07545277 0.03862479
v -0.03149089 0.07334559 0.04019425
v -0.03202812 0.07325847 0.03872301
v -0.03202626 0.07324702 0.03873620
v -0.03202546 0.07324206 0.03874023
v -0.03202298 0.07322673 0.03874916
v -0.03148861 0.07329352 0.04019733
v -0.03202181 0.07321952 0.03875157
v -0.03201986 0.07320746 0.03875313
v -0.03201328 0.07335180 0.03862479
v -0.03204164 0.07334195 0.03844803
v -0.03203909 0.07332624 0.03857703
v -0.03203784 0.07331847 0.03860283
v -0.03203579 0.07330587 0.03863161
v -0.03203575 0.07330561 0.03863221
v -0.03197851 0.07338962 0.03861552
v -0.03193529 0.07341688 0.03860472
v -0.03204640 0.07337134 0.03820710
v -0.03205038 0.07339589 0.03800566
v -0.03205057 0.07339712 0.03788426
v -0.01901842 0.07549543 0.03755746
v -0.01913600 0.07548990 0.03860472
v -0.01901516 0.07547532 0.03800391
v -0.01908640 0.07547770 0.03861552
v -0.01901189 0.07545512 0.03845196
v -0.01901143 0.07545231 0.03851430
v -0.01899793 0.07536895 0.03872377
v -0.01956048 0.07532676 0.04018519
v -0.01899884 0.07537458 0.03871781
v -0.01898966 0.07531789 0.03875313
v -0.01899027 0.07532167 0.03875297
v -0.01899213 0.07533316 0.03875064
v -0.01899364 0.07534246 0.03874666
v -0.01899588 0.07535633 0.03873717
v -0.02176655 0.07506385 0.04256281
v -0.02318056 0.07483483 0.04332524
v -0.02173602 0.07504856 0.04260231
v -0.02316028 0.07481787 0.04337027
v -0.02170746 0.07502098 0.04263623
v -0.03138905 0.07350534 0.04013016
v -0.03142830 0.07347873 0.04015202
v -0.03145967 0.07344146 0.04017079
v -0.01968224 0.07540143 0.04013016
v -0.01963660 0.07538858 0.04015202
v -0.01959507 0.07536310 0.04017079
v -0.01900425 0.07540797 0.03865907
v -0.02057684 0.07525654 0.04147623
v -0.02053768 0.07524263 0.04150785
v -0.02050172 0.07521627 0.04153500
v -0.02047141 0.07517921 0.04155583
v -0.03148102 0.07339605 0.04018519
v -0.03203073 0.07327462 0.03870288
v -0.03203003 0.07327028 0.03870940
v -0.02312266 0.07474979 0.04343861
v -0.02310788 0.07470334 0.04345726
v -0.02166380 0.07493721 0.04267861
v -0.02314054 0.07478888 0.04340894
v -0.02168283 0.07498301 0.04266225
v -0.02165166 0.07488675 0.04268420
v -0.02469655 0.07439358 0.04386528
v -0.02468599 0.07439529 0.04386528
v -0.02469509 0.07444626 0.04385852
v -0.02470521 0.07449348 0.04383869
v -0.02471566 0.07453376 0.04380714
v -0.02472573 0.07456433 0.04376603
v -0.02473473 0.07458310 0.04371815
v -0.02312791 0.07464766 0.04347138
v -0.02309719 0.07465262 0.04346362
v -0.02169826 0.07487919 0.04270932
v -0.02788161 0.07387771 0.04347138
v -0.02632353 0.07413008 0.04386528
v -0.02633098 0.07418130 0.04385852
v -0.02631297 0.07413179 0.04386528
v -0.02633629 0.07422931 0.04383869
v -0.02633909 0.07427082 0.04380714
v -0.02633918 0.07430301 0.04376603
v -0.02633657 0.07432367 0.04371815
v -0.02791884 0.07397300 0.04343861
v -0.02791420 0.07401571 0.04340894
v -0.02790462 0.07404946 0.04337027
v -0.02789074 0.07407194 0.04332524
v -0.02935867 0.07373980 0.04266225
v -0.02934728 0.07378360 0.04263623
v -0.02932889 0.07381878 0.04260231
v -0.02930475 0.07384292 0.04256281
v -0.03057009 0.07354358 0.04155583
v -0.03055302 0.07358831 0.04153500
v -0.03052722 0.07362468 0.04150785
v -0.03049446 0.07365024 0.04147623
v -0.01898966 0.07531789 0.03875313
v -0.01779055 0.06791437 0.03875313
v -0.01779055 0.06791437 0.03547899
v -0.01900054 0.07538504 0.03552924
v -0.01900343 0.07540291 0.03556997
v -0.01900560 0.07541629 0.03560051
v -0.01900764 0.07542891 0.03562928
v -0.01900890 0.07543667 0.03565509
v -0.01901143 0.07545231 0.03851430
v -0.01900561 0.07541637 0.03863166
v -0.01900555 0.07541601 0.03863282
v -0.01900425 0.07540797 0.03865907
v -0.01899884 0.07537458 0.03871781
v -0.01899793 0.07536895 0.03872377
v -0.01899588 0.07535633 0.03873717
v -0.01899364 0.07534246 0.03874666
v -0.01899278 0.07533715 0.03548295
v -0.01899526 0.07535251 0.03549188
v -0.01899161 0.07532995 0.03548054
v -0.01898966 0.07531789 0.03547899
v -0.01899607 0.07535746 0.03549591
v -0.01899677 0.07536178 0.03550089
v -0.01899984 0.07538071 0.03552271
v -0.01902164 0.07551532 0.03711606
v -0.01901842 0.07549543 0.03755746
v -0.01899213 0.07533316 0.03875064
v -0.01899027 0.07532167 0.03875297
v -0.01901516 0.07547532 0.03800391
v -0.01901189 0.07545512 0.03845196
v -0.01900940 0.07543979 0.03568065
v -0.01901349 0.07546500 0.03588748
v -0.01901756 0.07549012 0.03609355
v -0.01902018 0.07550634 0.03622645
v -0.01902056 0.07550866 0.03645793
v -0.01779055 0.06791437 0.03547899
v -0.01831241 0.06782985 0.03405358
v -0.01837678 0.06781943 0.03395615
v -0.01922574 0.06768193 0.03267111
v -0.01929246 0.06767112 0.03260992
v -0.02044309 0.06748475 0.03155465
v -0.02049979 0.06747557 0.03152398
v -0.02189161 0.06725014 0.03077102
v -0.02192901 0.06724408 0.03076154
v -0.02348459 0.06699215 0.03036712
v -0.02349744 0.06699006 0.03036712
v -0.02511386 0.06672825 0.03036712
v -0.03082075 0.06580394 0.03547899
v -0.03029890 0.06588846 0.03405358
v -0.03023453 0.06589889 0.03395615
v -0.02938556 0.06603640 0.03267111
v -0.02931885 0.06604721 0.03260992
v -0.02816821 0.06623356 0.03155465
v -0.02811152 0.06624274 0.03152398
v -0.02671970 0.06646817 0.03077102
v -0.02668230 0.06647422 0.03076154
v -0.02512671 0.06672619 0.03036712
v -0.03201986 0.07320746 0.03547899
v -0.03082075 0.06580394 0.03547899
v -0.03202697 0.07325136 0.03550074
v -0.03202626 0.07324702 0.03873620
v -0.03202812 0.07325847 0.03872301
v -0.03202904 0.07326413 0.03551431
v -0.03202383 0.07323201 0.03548545
v -0.03202233 0.07322274 0.03548147
v -0.03202047 0.07321122 0.03547914
v -0.03082075 0.06580394 0.03875313
v -0.03201986 0.07320746 0.03875313
v -0.03202181 0.07321952 0.03875157
v -0.03203003 0.07327028 0.03870940
v -0.03203073 0.07327462 0.03870288
v -0.03203575 0.07330561 0.03863221
v -0.03203966 0.07332970 0.03567805
v -0.03203581 0.07330594 0.03560046
v -0.03202298 0.07322673 0.03874916
v -0.03202546 0.07324206 0.03874023
v -0.03203579 0.07330587 0.03863161
v -0.03203784 0.07331847 0.03860283
v -0.03203909 0.07332624 0.03857703
v -0.03204163 0.07334189 0.03571782
v -0.03203445 0.07329754 0.03557304
v -0.03203371 0.07329297 0.03556502
v -0.03202608 0.07324589 0.03549494
v -0.03204164 0.07334195 0.03844803
v -0.03204640 0.07337134 0.03820710
v -0.03205038 0.07339589 0.03800566
v -0.03205057 0.07339712 0.03788426
v -0.03205183 0.07340490 0.03711606
v -0.03204908 0.07338787 0.03673808
v -0.03204629 0.07337065 0.03635609
v -0.03204349 0.07335335 0.03597212
v -0.03082075 0.06580394 0.03875313
v -0.03029890 0.06588846 0.04017853
v -0.03023453 0.06589889 0.04027597
v -0.02938556 0.06603640 0.04156100
v -0.02931885 0.06604721 0.04162220
v -0.02816821 0.06623356 0.04267747
v -0.02811152 0.06624274 0.04270814
v -0.02671970 0.06646817 0.04346109
v -0.02668230 0.06647422 0.04347058
v -0.02512671 0.06672619 0.04386499
v -0.02511386 0.06672825 0.04386499
v -0.02349744 0.06699006 0.04386499
v -0.01779055 0.06791437 0.03875313
v -0.01831241 0.06782985 0.04017853
v -0.01837678 0.06781943 0.04027597
v -0.01922574 0.06768193 0.04156100
v -0.01929246 0.06767112 0.04162220
v -0.02044309 0.06748475 0.04267747
v -0.02049979 0.06747557 0.04270814
v -0.02189161 0.06725014 0.04346109
v -0.02192901 0.06724408 0.04347058
v -0.02348459 0.06699215 0.04386499
v -0.01745346 0.06766516 0.03878853
v -0.01744645 0.06766620 0.03878937
v -0.01744645 0.06766620 0.03544274
v -0.01751357 0.06766408 0.03878140
v -0.01755469 0.06766845 0.03877660
v -0.01751355 0.06766307 0.03545073
v -0.01751473 0.06766304 0.03545087
v -0.01745346 0.06766516 0.03544358
v -0.01752487 0.06766389 0.03878005
v -0.01761252 0.06768657 0.03546205
v -0.01763890 0.06769944 0.03546496
v -0.01757907 0.06767657 0.03877385
v -0.01752469 0.06766420 0.03545203
v -0.01754408 0.06766648 0.03545429
v -0.01757909 0.06767675 0.03545826
v -0.01773884 0.06779165 0.03875696
v -0.01772593 0.06777154 0.03875812
v -0.01769598 0.06774028 0.03547100
v -0.01769668 0.06774077 0.03547107
v -0.01771750 0.06776176 0.03547317
v -0.01773871 0.06779184 0.03547513
v -0.01770517 0.06774884 0.03876018
v -0.01769529 0.06774116 0.03876121
v -0.01766867 0.06772074 0.03546811
v -0.01764919 0.06770534 0.03876604
v -0.01764135 0.06770118 0.03546522
v -0.01764140 0.06770118 0.03876689
v -0.01762226 0.06769094 0.03876898
v -0.01775826 0.06781956 0.03547694
v -0.01776779 0.06783948 0.03547771
v -0.01777118 0.06784658 0.03547797
v -0.01777209 0.06784978 0.03547802
v -0.01777607 0.06785905 0.03875379
v -0.01777214 0.06784981 0.03875408
v -0.01776410 0.06783094 0.03875469
v -0.01763890 0.06769944 0.03546496
v -0.01761252 0.06768657 0.03546205
v -0.01813866 0.06759481 0.03398603
v -0.03094640 0.06551172 0.03545826
v -0.03091777 0.06553158 0.03546205
v -0.03038957 0.06561058 0.03398603
v -0.03082147 0.06570379 0.03547694
v -0.03081872 0.06572570 0.03547771
v -0.03029549 0.06581037 0.03404898
v -0.03081773 0.06573349 0.03547797
v -0.03081788 0.06573684 0.03547802
v -0.03085503 0.06560959 0.03547107
v -0.03084189 0.06563607 0.03547317
v -0.03031034 0.06573465 0.03403548
v -0.03083127 0.06567131 0.03547513
v -0.03089680 0.06555211 0.03546496
v -0.03089503 0.06555455 0.03546522
v -0.03034243 0.06566652 0.03401401
v -0.03087528 0.06558174 0.03546811
v -0.03085554 0.06560889 0.03547100
v -0.03100314 0.06547838 0.03545087
v -0.03099406 0.06548263 0.03545203
v -0.03044854 0.06557068 0.03395344
v -0.03097638 0.06549093 0.03545429
v -0.03100427 0.06547805 0.03545073
v -0.03051534 0.06554950 0.03391847
v -0.03106195 0.06546106 0.03544358
v -0.03106893 0.06545984 0.03544274
v -0.01752469 0.06766420 0.03545203
v -0.01751473 0.06766304 0.03545087
v -0.01800003 0.06757653 0.03391847
v -0.01751355 0.06766307 0.03545073
v -0.01745346 0.06766516 0.03544358
v -0.01757909 0.06767675 0.03545826
v -0.01754408 0.06766648 0.03545429
v -0.01807010 0.06757554 0.03395344
v -0.01764135 0.06770118 0.03546522
v -0.01771750 0.06776176 0.03547317
v -0.01769668 0.06774077 0.03547107
v -0.01820104 0.06763299 0.03401401
v -0.01769598 0.06774028 0.03547100
v -0.01766867 0.06772074 0.03546811
v -0.01776779 0.06783948 0.03547771
v -0.01775826 0.06781956 0.03547694
v -0.01825300 0.06768753 0.03403548
v -0.01773871 0.06779184 0.03547513
v -0.01777118 0.06784658 0.03547797
v -0.01829098 0.06775467 0.03404898
v -0.01777209 0.06784978 0.03547802
v -0.02938079 0.06595851 0.03266443
v -0.02816160 0.06615597 0.03154629
v -0.02671091 0.06639093 0.03076148
v -0.02511553 0.06664933 0.03035697
v -0.02347094 0.06691569 0.03035697
v -0.02187556 0.06717409 0.03076148
v -0.02042487 0.06740905 0.03154629
v -0.02189161 0.06725014 0.03077102
v -0.01920569 0.06760651 0.03266443
v -0.01917173 0.06753872 0.03264484
v -0.02039628 0.06734038 0.03152178
v -0.02185335 0.06710440 0.03073352
v -0.02345575 0.06684485 0.03032723
v -0.02510758 0.06657732 0.03032723
v -0.02670999 0.06631778 0.03073352
v -0.02816706 0.06608179 0.03152178
v -0.02939161 0.06588347 0.03264484
v -0.01912618 0.06748315 0.03261367
v -0.02035927 0.06728344 0.03148279
v -0.02182649 0.06704580 0.03068903
v -0.02344007 0.06678445 0.03027991
v -0.02510341 0.06651506 0.03027991
v -0.02671698 0.06625371 0.03068903
v -0.02818421 0.06601607 0.03148279
v -0.02941729 0.06581636 0.03261367
v -0.01907215 0.06744362 0.03257306
v -0.02031635 0.06724209 0.03143197
v -0.02179682 0.06700232 0.03063106
v -0.02342494 0.06673861 0.03021825
v -0.02510329 0.06646679 0.03021825
v -0.02673141 0.06620308 0.03063106
v -0.02821188 0.06596329 0.03143197
v -0.02945608 0.06576178 0.03257306
v -0.01901330 0.06742277 0.03252576
v -0.02027046 0.06721917 0.03137280
v -0.02176634 0.06697689 0.03056354
v -0.02341141 0.06671045 0.03014644
v -0.02510723 0.06643577 0.03014644
v -0.02675231 0.06616933 0.03056354
v -0.02824818 0.06592705 0.03137280
v -0.02950534 0.06572345 0.03252576
v -0.01895366 0.06742209 0.03247501
v -0.02022472 0.06721621 0.03130929
v -0.02173714 0.06697126 0.03049109
v -0.02340040 0.06670186 0.03006937
v -0.02511497 0.06642418 0.03006937
v -0.02677824 0.06615477 0.03049109
v -0.02829065 0.06590982 0.03130929
v -0.02956171 0.06570395 0.03247501
v -0.03085503 0.06560959 0.03547107
v -0.03085554 0.06560889 0.03547100
v -0.03083699 0.06564801 0.03875812
v -0.03091777 0.06553158 0.03546205
v -0.03094640 0.06551172 0.03545826
v -0.03094636 0.06551156 0.03877385
v -0.03106195 0.06546106 0.03878853
v -0.03100457 0.06547902 0.03878140
v -0.03100427 0.06547805 0.03545073
v -0.03106893 0.06545984 0.03878937
v -0.03106195 0.06546106 0.03544358
v -0.03099378 0.06548240 0.03878005
v -0.03096694 0.06549614 0.03877660
v -0.03100314 0.06547838 0.03545087
v -0.03099406 0.06548263 0.03545203
v -0.03097638 0.06549093 0.03545429
v -0.03084952 0.06561992 0.03876018
v -0.03089680 0.06555211 0.03546496
v -0.03090992 0.06553882 0.03876898
v -0.03089503 0.06555455 0.03546522
v -0.03089498 0.06555458 0.03876689
v -0.03087528 0.06558174 0.03546811
v -0.03088891 0.06556099 0.03876604
v -0.03085647 0.06560952 0.03876121
v -0.03081872 0.06572570 0.03547771
v -0.03082147 0.06570379 0.03547694
v -0.03083108 0.06567116 0.03875696
v -0.03083127 0.06567131 0.03547513
v -0.03084189 0.06563607 0.03547317
v -0.03081773 0.06573349 0.03547797
v -0.03081951 0.06571641 0.03875469
v -0.03081788 0.06573684 0.03547802
v -0.03081785 0.06573687 0.03875408
v -0.03081703 0.06574688 0.03875379
v -0.01769529 0.06774116 0.03876121
v -0.01770517 0.06774884 0.03876018
v -0.01822481 0.06765455 0.04020800
v -0.01772593 0.06777154 0.03875812
v -0.01773884 0.06779165 0.03875696
v -0.01826541 0.06770560 0.04019190
v -0.01777607 0.06785905 0.03875379
v -0.03083699 0.06564801 0.03875812
v -0.03084952 0.06561992 0.03876018
v -0.03032668 0.06569449 0.04020800
v -0.03106195 0.06546106 0.03878853
v -0.03051534 0.06554950 0.04031364
v -0.03100457 0.06547902 0.03878140
v -0.03096694 0.06549614 0.03877660
v -0.03099378 0.06548240 0.03878005
v -0.03045771 0.06556646 0.04028357
v -0.03089498 0.06555458 0.03876689
v -0.03090992 0.06553882 0.03876898
v -0.03040537 0.06559740 0.04025502
v -0.03094636 0.06551156 0.03877385
v -0.03085647 0.06560952 0.03876121
v -0.03088891 0.06556099 0.03876604
v -0.03036095 0.06564080 0.04022940
v -0.03083108 0.06567116 0.03875696
v -0.03081785 0.06573687 0.03875408
v -0.03081951 0.06571641 0.03875469
v -0.03030427 0.06575573 0.04019190
v -0.03029486 0.06582149 0.04018191
v -0.03081703 0.06574688 0.03875379
v -0.01776410 0.06783094 0.03875469
v -0.01777214 0.06784981 0.03875408
v -0.01829510 0.06776503 0.04018191
v -0.01762226 0.06769094 0.03876898
v -0.01764140 0.06770118 0.03876689
v -0.01817535 0.06761444 0.04022940
v -0.01764919 0.06770534 0.03876604
v -0.01752487 0.06766389 0.03878005
v -0.01755469 0.06766845 0.03877660
v -0.01811950 0.06758728 0.04025502
v -0.01757907 0.06767657 0.03877385
v -0.01745346 0.06766516 0.03878853
v -0.01751357 0.06766408 0.03878140
v -0.01806007 0.06757444 0.04028357
v -0.01920945 0.06761695 0.04156592
v -0.02042815 0.06741954 0.04268362
v -0.02187826 0.06718468 0.04346811
v -0.02347301 0.06692640 0.04387246
v -0.02511695 0.06666014 0.04387246
v -0.02671170 0.06640184 0.04346811
v -0.02816181 0.06616697 0.04268362
v -0.02938051 0.06596959 0.04156592
v -0.02938695 0.06590432 0.04158042
v -0.02816427 0.06610235 0.04270176
v -0.02670944 0.06633797 0.04348881
v -0.02510949 0.06659710 0.04389448
v -0.02346019 0.06686422 0.04389448
v -0.02186025 0.06712336 0.04348881
v -0.02040541 0.06735901 0.04270176
v -0.01918273 0.06755703 0.04158042
v -0.02940455 0.06584383 0.04160379
v -0.02817548 0.06604290 0.04273099
v -0.02671303 0.06627977 0.04352217
v -0.02510471 0.06654026 0.04392996
v -0.02344678 0.06680878 0.04392996
v -0.02183847 0.06706926 0.04352217
v -0.02037601 0.06730613 0.04273099
v -0.01914694 0.06750521 0.04160379
v -0.02943244 0.06579120 0.04163484
v -0.02819487 0.06599163 0.04276984
v -0.02672230 0.06623014 0.04356649
v -0.02510285 0.06649244 0.04397710
v -0.02343345 0.06676281 0.04397710
v -0.02181401 0.06702510 0.04356649
v -0.02034143 0.06726361 0.04276984
v -0.01910386 0.06746405 0.04163484
v -0.02946922 0.06574904 0.04167202
v -0.02822147 0.06595112 0.04281637
v -0.02673678 0.06619159 0.04361956
v -0.02510401 0.06645604 0.04403356
v -0.02342087 0.06672866 0.04403356
v -0.02178810 0.06699311 0.04361956
v -0.02030341 0.06723357 0.04281637
v -0.01905565 0.06743567 0.04167202
v -0.02951305 0.06571946 0.04171347
v -0.02825394 0.06592338 0.04286822
v -0.02675574 0.06616604 0.04367873
v -0.02510811 0.06643290 0.04409649
v -0.02340966 0.06670800 0.04409649
v -0.02176204 0.06697484 0.04367873
v -0.02026384 0.06721750 0.04286822
v -0.01900473 0.06742144 0.04171347
v -0.02956171 0.06570395 0.04175711
v -0.02829065 0.06590982 0.04292282
v -0.02677824 0.06615477 0.04374102
v -0.02511497 0.06642418 0.04416274
v -0.02340040 0.06670186 0.04416274
v -0.02173714 0.06697126 0.04374102
v -0.02022472 0.06721621 0.04292282
v -0.01895366 0.06742209 0.04175711
v -0.01800003 0.06757653 0.04031364
v -0.02984859 0.06565748 0.03077793
v -0.03103967 0.06546457 0.03211125
v -0.03192722 0.06532083 0.03366856
v -0.01586703 0.06792202 0.03711606
v -0.01604387 0.06789338 0.03538016
v -0.01658816 0.06780521 0.03366856
v -0.01747571 0.06766146 0.03211125
v -0.01866679 0.06746854 0.04345418
v -0.01747571 0.06766146 0.04212087
v -0.01658816 0.06780521 0.04056356
v -0.01604387 0.06789338 0.03885195
v -0.03247151 0.06523268 0.03538016
v -0.03264834 0.06520404 0.03711606
v -0.03247151 0.06523268 0.03885195
v -0.03192722 0.06532083 0.04056356
v -0.03103967 0.06546457 0.04212087
v -0.01866679 0.06746854 0.03077793
v -0.02006236 0.06724250 0.02975484
v -0.02163477 0.06698784 0.02904204
v -0.02337014 0.06670678 0.02866375
v -0.02514524 0.06641926 0.02866375
v -0.02688061 0.06613820 0.02904204
v -0.02845302 0.06588353 0.02975484
v -0.02984859 0.06565748 0.04345418
v -0.02845302 0.06588353 0.04447727
v -0.02688061 0.06613820 0.04519008
v -0.02514524 0.06641926 0.04556837
v -0.02337014 0.06670678 0.04556837
v -0.02163477 0.06698784 0.04519008
v -0.02006236 0.06724250 0.04447727
v -0.01658816 0.06780521 0.04056356
v -0.01584561 0.06778975 0.04007410
v -0.01604387 0.06789338 0.03885195
v -0.01585400 0.06784159 0.03891469
v -0.01586703 0.06792202 0.03711606
v -0.01751215 0.06751983 0.04299825
v -0.01747571 0.06766146 0.04212087
v -0.01851170 0.06741114 0.04357795
v -0.01866679 0.06746854 0.04345418
v -0.02006236 0.06724250 0.04447727
v -0.01705534 0.06759381 0.04241527
v -0.01658547 0.06766993 0.04159081
v -0.01611559 0.06774602 0.04076635
v -0.01747571 0.06766146 0.03211125
v -0.01751215 0.06751983 0.03123386
v -0.01866679 0.06746854 0.03077793
v -0.01851170 0.06741114 0.03065416
v -0.02006236 0.06724250 0.02975484
v -0.01584561 0.06778975 0.03415802
v -0.01658816 0.06780521 0.03366856
v -0.01585400 0.06784159 0.03531742
v -0.01604387 0.06789338 0.03538016
v -0.01611559 0.06774602 0.03346576
v -0.01658547 0.06766993 0.03264130
v -0.01705534 0.06759381 0.03181684
v -0.02514524 0.06641926 0.02866375
v -0.02590281 0.06616085 0.02827582
v -0.02688061 0.06613820 0.02904204
v -0.02690236 0.06605215 0.02885552
v -0.02845302 0.06588353 0.02975484
v -0.02256972 0.06670070 0.02827582
v -0.02337014 0.06670678 0.02866375
v -0.02158696 0.06691305 0.02885552
v -0.02163477 0.06698784 0.02904204
v -0.02329651 0.06658297 0.02816655
v -0.02423627 0.06643078 0.02816655
v -0.02517602 0.06627856 0.02816655
v -0.03192722 0.06532083 0.03366856
v -0.03262693 0.06507177 0.03415802
v -0.03247151 0.06523268 0.03538016
v -0.03263532 0.06512362 0.03531742
v -0.03264834 0.06520404 0.03711606
v -0.03096038 0.06534169 0.03123386
v -0.03103967 0.06546457 0.03211125
v -0.02997762 0.06555407 0.03065416
v -0.02984859 0.06565748 0.03077793
v -0.03141719 0.06526771 0.03181684
v -0.03188707 0.06519162 0.03264130
v -0.03235695 0.06511551 0.03346576
v -0.03262693 0.06507177 0.04007410
v -0.03192722 0.06532083 0.04056356
v -0.03263532 0.06512362 0.03891469
v -0.03247151 0.06523268 0.03885195
v -0.03103967 0.06546457 0.04212087
v -0.03096038 0.06534169 0.04299825
v -0.02984859 0.06565748 0.04345418
v -0.02997762 0.06555407 0.04357795
v -0.02845302 0.06588353 0.04447727
v -0.03235695 0.06511551 0.04076635
v -0.03188707 0.06519162 0.04159081
v -0.03141719 0.06526771 0.04241527
v -0.02690236 0.06605215 0.04537659
v -0.02688061 0.06613820 0.04519008
v -0.02163477 0.06698784 0.04519008
v -0.02158696 0.06691305 0.04537659
v -0.02256972 0.06670070 0.04595629
v -0.02337014 0.06670678 0.04556837
v -0.02329651 0.06658297 0.04606557
v -0.02514524 0.06641926 0.04556837
v -0.02590281 0.06616085 0.04595629
v -0.02517602 0.06627856 0.04606557
v -0.02423627 0.06643078 0.04606557
v -0.02590281 0.06616085 0.04595629
v -0.02559250 0.06424489 0.04595629
v -0.02517602 0.06627856 0.04606557
v -0.02392595 0.06451481 0.04611606
v -0.02423627 0.06643078 0.04606557
v -0.02329651 0.06658297 0.04606557
v -0.02225941 0.06478473 0.04595629
v -0.02256972 0.06670070 0.04595629
v -0.01815892 0.06544887 0.04355803
v -0.01720184 0.06560389 0.04299825
v -0.01751215 0.06751983 0.04299825
v -0.01851170 0.06741114 0.04357795
v -0.02006236 0.06724250 0.04447727
v -0.02225941 0.06478473 0.04595629
v -0.02158696 0.06691305 0.04537659
v -0.02256972 0.06670070 0.04595629
v -0.01751215 0.06751983 0.04299825
v -0.01720184 0.06560389 0.04299825
v -0.01705534 0.06759381 0.04241527
v -0.01623199 0.06576097 0.04161605
v -0.01658547 0.06766993 0.04159081
v -0.01611559 0.06774602 0.04076635
v -0.01553529 0.06587381 0.04007410
v -0.01584561 0.06778975 0.04007410
v -0.01584561 0.06778975 0.03415802
v -0.01585400 0.06784159 0.03531742
v -0.01553529 0.06587381 0.03415802
v -0.01586703 0.06792202 0.03711606
v -0.01553529 0.06587381 0.04007410
v -0.01585400 0.06784159 0.03891469
v -0.01584561 0.06778975 0.04007410
v -0.01584561 0.06778975 0.03415802
v -0.01553529 0.06587381 0.03415802
v -0.01611559 0.06774602 0.03346576
v -0.01623199 0.06576097 0.03261606
v -0.01658547 0.06766993 0.03264130
v -0.01705534 0.06759381 0.03181684
v -0.01720184 0.06560389 0.03123386
v -0.01751215 0.06751983 0.03123386
v -0.02177765 0.06486277 0.02855759
v -0.02225941 0.06478473 0.02827582
v -0.02256972 0.06670070 0.02827582
v -0.01751215 0.06751983 0.03123386
v -0.01720184 0.06560389 0.03123386
v -0.01760244 0.06553901 0.03099956
v -0.02158696 0.06691305 0.02885552
v -0.02006236 0.06724250 0.02975484
v -0.01851170 0.06741114 0.03065416
v -0.02256972 0.06670070 0.02827582
v -0.02225941 0.06478473 0.02827582
v -0.02329651 0.06658297 0.02816655
v -0.02392595 0.06451481 0.02811606
v -0.02423627 0.06643078 0.02816655
v -0.02517602 0.06627856 0.02816655
v -0.02559250 0.06424489 0.02827582
v -0.02590281 0.06616085 0.02827582
v -0.02590281 0.06616085 0.02827582
v -0.02559250 0.06424489 0.02827582
v -0.02690236 0.06605215 0.02885552
v -0.02607425 0.06416687 0.02855759
v -0.03065007 0.06342574 0.03123386
v -0.03096038 0.06534169 0.03123386
v -0.03024946 0.06349062 0.03099956
v -0.02997762 0.06555407 0.03065416
v -0.02845302 0.06588353 0.02975484
v -0.03096038 0.06534169 0.03123386
v -0.03065007 0.06342574 0.03123386
v -0.03141719 0.06526771 0.03181684
v -0.03161992 0.06326867 0.03261606
v -0.03188707 0.06519162 0.03264130
v -0.03235695 0.06511551 0.03346576
v -0.03231661 0.06315582 0.03415802
v -0.03262693 0.06507177 0.03415802
v -0.03263532 0.06512362 0.03531742
v -0.03262693 0.06507177 0.03415802
v -0.03231661 0.06315582 0.03415802
v -0.03231661 0.06315582 0.04007410
v -0.03262693 0.06507177 0.04007410
v -0.03263532 0.06512362 0.03891469
v -0.03264834 0.06520404 0.03711606
v -0.03262693 0.06507177 0.04007410
v -0.03231661 0.06315582 0.04007410
v -0.03235695 0.06511551 0.04076635
v -0.03161992 0.06326867 0.04161605
v -0.03188707 0.06519162 0.04159081
v -0.03141719 0.06526771 0.04241527
v -0.03065007 0.06342574 0.04299825
v -0.03096038 0.06534169 0.04299825
v -0.02559250 0.06424489 0.04595629
v -0.02590281 0.06616085 0.04595629
v -0.02690236 0.06605215 0.04537659
v -0.03096038 0.06534169 0.04299825
v -0.03065007 0.06342574 0.04299825
v -0.02997762 0.06555407 0.04357795
v -0.02969298 0.06358075 0.04355803
v -0.02845302 0.06588353 0.04447727
v -0.06731864 0.05677760 0.02880000
v -0.06731864 0.05677760 0.04520000
v -0.06662024 0.05689073 0.03811760
v -0.06662024 0.05689073 0.03880340
v -0.05275838 0.05913585 0.04520000
v -0.05275838 0.05913585 0.02880000
v -0.05345678 0.05902274 0.03811760
v -0.05345678 0.05902274 0.03880340
v -0.05395824 0.05894153 0.03880340
v -0.05395824 0.05894153 0.04070840
v -0.06611878 0.05697194 0.03880340
v -0.06611878 0.05697194 0.04070840
v -0.06642434 0.05692246 0.03811760
v -0.06642434 0.05692246 0.03583160
v -0.06662024 0.05689073 0.03583160
v -0.06662024 0.05689073 0.03524740
v -0.06618146 0.05696179 0.03519660
v -0.06618146 0.05696179 0.03524740
v -0.06611878 0.05697194 0.03519660
v -0.06611878 0.05697194 0.03334240
v -0.06336072 0.05741866 0.03334240
v -0.06336072 0.05741866 0.03181840
v -0.05784460 0.05831207 0.02882120
v -0.05784460 0.05831207 0.03181840
v -0.05671630 0.05849481 0.03181840
v -0.05345678 0.05902274 0.03583160
v -0.05365268 0.05899101 0.03583160
v -0.05365268 0.05899101 0.03811760
v -0.05395824 0.05894153 0.03519660
v -0.05389556 0.05895168 0.03519660
v -0.05395824 0.05894153 0.03334240
v -0.06223242 0.05760140 0.03181840
v -0.06223242 0.05760140 0.02882120
v -0.05671630 0.05849481 0.03334240
v -0.05345678 0.05902274 0.03524740
v -0.05389556 0.05895168 0.03524740
v -0.02533712 -0.07512569 0.06850000
v -0.02405806 -0.06722859 0.06850000
v -0.02393192 -0.07535328 0.06831259
v -0.02265287 -0.06745619 0.06831259
v -0.02262249 -0.07556536 0.06776316
v -0.02134344 -0.06766827 0.06776316
v -0.02149806 -0.07574748 0.06688909
v -0.02021901 -0.06785039 0.06688909
v -0.02063525 -0.07588722 0.06575000
v -0.01935620 -0.06799015 0.06575000
v -0.02009286 -0.07597507 0.06442350
v -0.01881381 -0.06807798 0.06442350
v -0.01990786 -0.07600505 0.06300000
v -0.01862882 -0.06810794 0.06300000
v -0.02009286 -0.07597507 0.06157649
v -0.01881381 -0.06807798 0.06157649
v -0.02063525 -0.07588722 0.06025000
v -0.01935620 -0.06799015 0.06025000
v -0.02149806 -0.07574748 0.05911091
v -0.02021901 -0.06785039 0.05911091
v -0.02262249 -0.07556536 0.05823686
v -0.02134344 -0.06766827 0.05823686
v -0.02393192 -0.07535328 0.05768741
v -0.02265287 -0.06745619 0.05768741
v -0.02533712 -0.07512569 0.05750000
v -0.02405806 -0.06722859 0.05750000
v -0.02674231 -0.07489810 0.05768741
v -0.02546326 -0.06700101 0.05768741
v -0.02805175 -0.07468601 0.05823686
v -0.02677269 -0.06678893 0.05823686
v -0.02917617 -0.07450389 0.05911091
v -0.02789712 -0.06660681 0.05911091
v -0.03003899 -0.07436415 0.06025000
v -0.02875993 -0.06646707 0.06025000
v -0.03058137 -0.07427632 0.06157649
v -0.02930232 -0.06637921 0.06157649
v -0.03076638 -0.07424634 0.06300000
v -0.02948731 -0.06634925 0.06300000
v -0.03058137 -0.07427632 0.06442350
v -0.02930232 -0.06637921 0.06442350
v -0.03003899 -0.07436415 0.06575000
v -0.02875993 -0.06646707 0.06575000
v -0.02917617 -0.07450389 0.06688909
v -0.02789712 -0.06660681 0.06688909
v -0.02805175 -0.07468601 0.06776316
v -0.02677269 -0.06678893 0.06776316
v -0.02674231 -0.07489810 0.06831259
v -0.02546326 -0.06700101 0.06831259
v -0.02393192 -0.07535328 0.05768741
v -0.02388413 -0.07586753 0.05720444
v -0.02262249 -0.07556536 0.05823686
v -0.02245565 -0.07609890 0.05780385
v -0.02149806 -0.07574748 0.05911091
v -0.02122899 -0.07629758 0.05875736
v -0.02063525 -0.07588722 0.06025000
v -0.02028775 -0.07645002 0.06000000
v -0.02009286 -0.07597507 0.06157649
v -0.01969605 -0.07654586 0.06144708
v -0.01990786 -0.07600505 0.06300000
v -0.01949424 -0.07657856 0.06300000
v -0.02009286 -0.07597507 0.06442350
v -0.01969605 -0.07654586 0.06455291
v -0.02063525 -0.07588722 0.06575000
v -0.02028775 -0.07645002 0.06600000
v -0.02149806 -0.07574748 0.06688909
v -0.02122899 -0.07629758 0.06724264
v -0.02262249 -0.07556536 0.06776316
v -0.02245565 -0.07609890 0.06819615
v -0.02393192 -0.07535328 0.06831259
v -0.02388413 -0.07586753 0.06879557
v -0.02533712 -0.07512569 0.06850000
v -0.02541705 -0.07561927 0.06900000
v -0.02674231 -0.07489810 0.06831259
v -0.02694999 -0.07537097 0.06879557
v -0.02805175 -0.07468601 0.06776316
v -0.02837846 -0.07513961 0.06819615
v -0.02917617 -0.07450389 0.06688909
v -0.02960512 -0.07494094 0.06724264
v -0.03003899 -0.07436415 0.06575000
v -0.03054637 -0.07478849 0.06600000
v -0.03058137 -0.07427632 0.06442350
v -0.03113806 -0.07469265 0.06455291
v -0.03076638 -0.07424634 0.06300000
v -0.03133988 -0.07465998 0.06300000
v -0.03058137 -0.07427632 0.06157649
v -0.03113806 -0.07469265 0.06144708
v -0.03003899 -0.07436415 0.06025000
v -0.03054637 -0.07478849 0.06000000
v -0.02917617 -0.07450389 0.05911091
v -0.02960512 -0.07494094 0.05875736
v -0.02805175 -0.07468601 0.05823686
v -0.02837846 -0.07513961 0.05780385
v -0.02674231 -0.07489810 0.05768741
v -0.02694999 -0.07537097 0.05720444
v -0.02533712 -0.07512569 0.05750000
v -0.02541705 -0.07561927 0.05700000
v -0.01969605 -0.07654586 0.06144708
v -0.01939209 -0.07659510 0.06136458
v -0.01949424 -0.07657856 0.06300000
v -0.01917955 -0.07662951 0.06300000
v -0.01969605 -0.07654586 0.06455291
v -0.01939209 -0.07659510 0.06463542
v -0.02028775 -0.07645002 0.06600000
v -0.02001522 -0.07649417 0.06615940
v -0.02122899 -0.07629758 0.06724264
v -0.02100648 -0.07633361 0.06746807
v -0.02245565 -0.07609890 0.06819615
v -0.02229830 -0.07612438 0.06847223
v -0.02388413 -0.07586753 0.06879557
v -0.02380267 -0.07588073 0.06910347
v -0.02541705 -0.07561927 0.06900000
v -0.02541705 -0.07561927 0.06931878
v -0.02694999 -0.07537097 0.06879557
v -0.02703145 -0.07535778 0.06910347
v -0.02837846 -0.07513961 0.06819615
v -0.02853581 -0.07511413 0.06847223
v -0.02960512 -0.07494094 0.06724264
v -0.02982763 -0.07490490 0.06746807
v -0.03054637 -0.07478849 0.06600000
v -0.03081889 -0.07474436 0.06615940
v -0.03113806 -0.07469265 0.06455291
v -0.03144203 -0.07464343 0.06463542
v -0.03133988 -0.07465998 0.06300000
v -0.03165456 -0.07460900 0.06300000
v -0.03113806 -0.07469265 0.06144708
v -0.03144203 -0.07464343 0.06136458
v -0.03054637 -0.07478849 0.06000000
v -0.03081889 -0.07474436 0.05984061
v -0.02960512 -0.07494094 0.05875736
v -0.02982763 -0.07490490 0.05853195
v -0.02837846 -0.07513961 0.05780385
v -0.02853581 -0.07511413 0.05752777
v -0.02694999 -0.07537097 0.05720444
v -0.02703145 -0.07535778 0.05689653
v -0.02541705 -0.07561927 0.05700000
v -0.02541705 -0.07561927 0.05668122
v -0.02388413 -0.07586753 0.05720444
v -0.02380267 -0.07588073 0.05689653
v -0.02245565 -0.07609890 0.05780385
v -0.02229830 -0.07612438 0.05752777
v -0.02122899 -0.07629758 0.05875736
v -0.02100648 -0.07633361 0.05853195
v -0.02028775 -0.07645002 0.06000000
v -0.02001522 -0.07649417 0.05984061
v -0.02540074 -0.07551855 0.05650686
v -0.02373361 -0.07575860 0.05671499
v -0.02374181 -0.07578723 0.05672811
v -0.02218450 -0.07600951 0.05736502
v -0.02219594 -0.07603762 0.05737678
v -0.02085425 -0.07622496 0.05839905
v -0.02086846 -0.07625262 0.05840866
v -0.01983353 -0.07639028 0.05974664
v -0.01984986 -0.07641761 0.05975343
v -0.01919186 -0.07649421 0.06131593
v -0.01920953 -0.07652130 0.06131945
v -0.01897299 -0.07652967 0.06300000
v -0.01899114 -0.07655668 0.06300000
v -0.01919186 -0.07649421 0.06468407
v -0.01920953 -0.07652130 0.06468055
v -0.01983353 -0.07639028 0.06625338
v -0.01984986 -0.07641761 0.06624657
v -0.02085425 -0.07622496 0.06760096
v -0.02086846 -0.07625262 0.06759134
v -0.02218450 -0.07600951 0.06863499
v -0.02219594 -0.07603762 0.06862323
v -0.02373361 -0.07575860 0.06928501
v -0.02374181 -0.07578723 0.06927189
v -0.02539603 -0.07548935 0.06950672
v -0.02540074 -0.07551855 0.06949314
v -0.02705842 -0.07522010 0.06928501
v -0.02705967 -0.07524987 0.06927189
v -0.02860754 -0.07496920 0.06863499
v -0.02860556 -0.07499948 0.06862323
v -0.02993779 -0.07475376 0.06760096
v -0.02993302 -0.07478447 0.06759134
v -0.03095851 -0.07458843 0.06625338
v -0.03095163 -0.07461949 0.06624657
v -0.03160018 -0.07448450 0.06468407
v -0.03159197 -0.07451580 0.06468055
v -0.03181905 -0.07444905 0.06300000
v -0.03181036 -0.07448043 0.06300000
v -0.03160018 -0.07448450 0.06131593
v -0.03159197 -0.07451580 0.06131945
v -0.03095851 -0.07458843 0.05974664
v -0.03095163 -0.07461949 0.05975343
v -0.02993779 -0.07475376 0.05839905
v -0.02993302 -0.07478447 0.05840866
v -0.02860754 -0.07496920 0.05736502
v -0.02860556 -0.07499948 0.05737678
v -0.02705842 -0.07522010 0.05671499
v -0.02705967 -0.07524987 0.05672811
v -0.02539603 -0.07548935 0.05649328
v -0.02541663 -0.07561666 0.05664878
v -0.02703931 -0.07535382 0.05686519
v -0.02855139 -0.07510893 0.05749968
v -0.02984985 -0.07489862 0.05850901
v -0.03084619 -0.07473725 0.05982439
v -0.03147253 -0.07463581 0.06135618
v -0.03168615 -0.07460121 0.06300000
v -0.03147253 -0.07463581 0.06464382
v -0.03084619 -0.07473725 0.06617562
v -0.02984985 -0.07489862 0.06749099
v -0.02855139 -0.07510893 0.06850032
v -0.02703931 -0.07535382 0.06913481
v -0.02541663 -0.07561666 0.06935122
v -0.02379397 -0.07587947 0.06913481
v -0.02228187 -0.07612436 0.06850032
v -0.02098341 -0.07633467 0.06749099
v -0.01998707 -0.07649604 0.06617562
v -0.01936074 -0.07659748 0.06464382
v -0.01914711 -0.07663208 0.06300000
v -0.01936074 -0.07659748 0.06135618
v -0.01998707 -0.07649604 0.05982439
v -0.02098341 -0.07633467 0.05850901
v -0.02228187 -0.07612436 0.05749968
v -0.02379397 -0.07587947 0.05686519
v -0.02540654 -0.07555436 0.06946704
v -0.02375429 -0.07582197 0.06924668
v -0.02221463 -0.07607135 0.06860060
v -0.02089249 -0.07628548 0.06757289
v -0.01987798 -0.07644979 0.06623352
v -0.01924024 -0.07655310 0.06467379
v -0.01902272 -0.07658831 0.06300000
v -0.01924024 -0.07655310 0.06132621
v -0.01987798 -0.07644979 0.05976649
v -0.02089249 -0.07628548 0.05842712
v -0.02221463 -0.07607135 0.05739939
v -0.02375429 -0.07582197 0.05675334
v -0.02540654 -0.07555436 0.05653298
v -0.02705880 -0.07528675 0.05675334
v -0.02859846 -0.07503739 0.05739939
v -0.02992061 -0.07482324 0.05842712
v -0.03093511 -0.07465893 0.05976649
v -0.03157285 -0.07455564 0.06132621
v -0.03179039 -0.07452040 0.06300000
v -0.03157285 -0.07455564 0.06467379
v -0.03093511 -0.07465893 0.06623352
v -0.02992061 -0.07482324 0.06757289
v -0.02859846 -0.07503739 0.06860060
v -0.02705880 -0.07528675 0.06924668
v -0.02541127 -0.07558355 0.06943351
v -0.02376758 -0.07584977 0.06921429
v -0.02223591 -0.07609785 0.06857157
v -0.02092062 -0.07631089 0.06754917
v -0.01991137 -0.07647435 0.06621675
v -0.01927693 -0.07657711 0.06466511
v -0.01906053 -0.07661215 0.06300000
v -0.01927693 -0.07657711 0.06133489
v -0.01991137 -0.07647435 0.05978325
v -0.02092062 -0.07631089 0.05845083
v -0.02223591 -0.07609785 0.05742843
v -0.02376758 -0.07584977 0.05678572
v -0.02541127 -0.07558355 0.05656650
v -0.02705496 -0.07531733 0.05678572
v -0.02858664 -0.07506926 0.05742843
v -0.02990193 -0.07485623 0.05845083
v -0.03091117 -0.07469277 0.05978325
v -0.03154562 -0.07459001 0.06133489
v -0.03176202 -0.07455496 0.06300000
v -0.03154562 -0.07459001 0.06466511
v -0.03091117 -0.07469277 0.06621675
v -0.02990193 -0.07485623 0.06754917
v -0.02858664 -0.07506926 0.06857157
v -0.02705496 -0.07531733 0.06921429
v -0.02541469 -0.07560466 0.06939425
v -0.02378104 -0.07586927 0.06917636
v -0.02225870 -0.07611582 0.06853759
v -0.02095145 -0.07632756 0.06752143
v -0.01994836 -0.07649002 0.06619712
v -0.01931778 -0.07659215 0.06465496
v -0.01910270 -0.07662699 0.06300000
v -0.01931778 -0.07659215 0.06134505
v -0.01994836 -0.07649002 0.05980288
v -0.02095145 -0.07632756 0.05847859
v -0.02225870 -0.07611582 0.05746242
v -0.02378104 -0.07586927 0.05682364
v -0.02541469 -0.07560466 0.05660575
v -0.02704837 -0.07534008 0.05682364
v -0.02857069 -0.07509350 0.05746242
v -0.02987794 -0.07488178 0.05847859
v -0.03088105 -0.07471931 0.05980288
v -0.03151161 -0.07461718 0.06134505
v -0.03172669 -0.07458235 0.06300000
v -0.03151161 -0.07461718 0.06465496
v -0.03088105 -0.07471931 0.06619712
v -0.02987794 -0.07488178 0.06752143
v -0.02857069 -0.07509350 0.06853759
v -0.02704837 -0.07534008 0.06917636
v -0.02528915 -0.07482955 0.06975000
v -0.02356459 -0.07510887 0.06952000
v -0.02195757 -0.07536914 0.06884568
v -0.02057758 -0.07559265 0.06777298
v -0.01951868 -0.07576416 0.06637500
v -0.01885302 -0.07587197 0.06474704
v -0.01862598 -0.07590876 0.06300000
v -0.01885302 -0.07587197 0.06125297
v -0.01951868 -0.07576416 0.05962500
v -0.02057758 -0.07559265 0.05822703
v -0.02195757 -0.07536914 0.05715433
v -0.02356459 -0.07510887 0.05648000
v -0.02528915 -0.07482955 0.05625000
v -0.02701371 -0.07455023 0.05648000
v -0.02862075 -0.07428995 0.05715433
v -0.03000072 -0.07406644 0.05822703
v -0.03105962 -0.07389495 0.05962500
v -0.03172529 -0.07378713 0.06125297
v -0.03195232 -0.07375035 0.06300000
v -0.03172529 -0.07378713 0.06474704
v -0.03105962 -0.07389495 0.06637500
v -0.03000072 -0.07406644 0.06777298
v -0.02862075 -0.07428995 0.06884568
v -0.02701371 -0.07455023 0.06952000
v -0.02528915 -0.07482955 0.05625000
v -0.02322884 -0.07303588 0.05648000
v -0.02356459 -0.07510887 0.05648000
v -0.02162182 -0.07329616 0.05715433
v -0.02195757 -0.07536914 0.05715433
v -0.02024184 -0.07351967 0.05822703
v -0.02057758 -0.07559265 0.05822703
v -0.01918292 -0.07369118 0.05962500
v -0.01951868 -0.07576416 0.05962500
v -0.01851727 -0.07379898 0.06125297
v -0.01885302 -0.07587197 0.06125297
v -0.01829023 -0.07383576 0.06300000
v -0.01862598 -0.07590876 0.06300000
v -0.01851727 -0.07379898 0.06474704
v -0.01885302 -0.07587197 0.06474704
v -0.01918292 -0.07369118 0.06637500
v -0.01951868 -0.07576416 0.06637500
v -0.02024184 -0.07351967 0.06777298
v -0.02057758 -0.07559265 0.06777298
v -0.02162182 -0.07329616 0.06884568
v -0.02195757 -0.07536914 0.06884568
v -0.02322884 -0.07303588 0.06952000
v -0.02356459 -0.07510887 0.06952000
v -0.02495340 -0.07275656 0.06975000
v -0.02528915 -0.07482955 0.06975000
v -0.02667796 -0.07247724 0.06952000
v -0.02701371 -0.07455023 0.06952000
v -0.02828499 -0.07221696 0.06884568
v -0.02862075 -0.07428995 0.06884568
v -0.02966497 -0.07199345 0.06777298
v -0.03000072 -0.07406644 0.06777298
v -0.03072387 -0.07182196 0.06637500
v -0.03105962 -0.07389495 0.06637500
v -0.03138953 -0.07171414 0.06474704
v -0.03172529 -0.07378713 0.06474704
v -0.03161657 -0.07167737 0.06300000
v -0.03195232 -0.07375035 0.06300000
v -0.03138953 -0.07171414 0.06125297
v -0.03172529 -0.07378713 0.06125297
v -0.03072387 -0.07182196 0.05962500
v -0.03105962 -0.07389495 0.05962500
v -0.02966497 -0.07199345 0.05822703
v -0.03000072 -0.07406644 0.05822703
v -0.02828499 -0.07221696 0.05715433
v -0.02862075 -0.07428995 0.05715433
v -0.02667796 -0.07247724 0.05648000
v -0.02701371 -0.07455023 0.05648000
v -0.02495340 -0.07275656 0.05625000
v -0.03072387 -0.07182196 0.06637500
v -0.03093760 -0.07178734 0.06650000
v -0.03138953 -0.07171414 0.06474704
v -0.03162790 -0.07167552 0.06481174
v -0.03161657 -0.07167737 0.06300000
v -0.03186335 -0.07163739 0.06300000
v -0.03138953 -0.07171414 0.06125297
v -0.03162790 -0.07167552 0.06118827
v -0.03072387 -0.07182196 0.05962500
v -0.03093760 -0.07178734 0.05950000
v -0.02966497 -0.07199345 0.05822703
v -0.02983948 -0.07196519 0.05805025
v -0.02828499 -0.07221696 0.05715433
v -0.02840839 -0.07219699 0.05693782
v -0.02667796 -0.07247724 0.05648000
v -0.02674184 -0.07246691 0.05623852
v -0.02495340 -0.07275656 0.05625000
v -0.02495340 -0.07275656 0.05600000
v -0.02322884 -0.07303588 0.05648000
v -0.02316497 -0.07304622 0.05623852
v -0.02162182 -0.07329616 0.05715433
v -0.02149842 -0.07331614 0.05693782
v -0.02024184 -0.07351967 0.05822703
v -0.02006732 -0.07354793 0.05805025
v -0.01918292 -0.07369118 0.05962500
v -0.01896920 -0.07372579 0.05950000
v -0.01851727 -0.07379898 0.06125297
v -0.01827890 -0.07383760 0.06118827
v -0.01829023 -0.07383576 0.06300000
v -0.01804345 -0.07387574 0.06300000
v -0.01851727 -0.07379898 0.06474704
v -0.01827890 -0.07383760 0.06481174
v -0.01918292 -0.07369118 0.06637500
v -0.01896920 -0.07372579 0.06650000
v -0.02024184 -0.07351967 0.06777298
v -0.02006732 -0.07354793 0.06794976
v -0.02162182 -0.07329616 0.06884568
v -0.02149842 -0.07331614 0.06906218
v -0.02322884 -0.07303588 0.06952000
v -0.02316497 -0.07304622 0.06976149
v -0.02495340 -0.07275656 0.06975000
v -0.02495340 -0.07275656 0.07000000
v -0.02667796 -0.07247724 0.06952000
v -0.02674184 -0.07246691 0.06976149
v -0.02828499 -0.07221696 0.06884568
v -0.02840839 -0.07219699 0.06906218
v -0.02966497 -0.07199345 0.06777298
v -0.02983948 -0.07196519 0.06794976
v -0.02495340 -0.07275656 0.05600000
v -0.02300509 -0.07205909 0.05623852
v -0.02316497 -0.07304622 0.05623852
v -0.02133854 -0.07232901 0.05693782
v -0.02149842 -0.07331614 0.05693782
v -0.01990744 -0.07256079 0.05805025
v -0.02006732 -0.07354793 0.05805025
v -0.01880932 -0.07273867 0.05950000
v -0.01896920 -0.07372579 0.05950000
v -0.01811902 -0.07285046 0.06118827
v -0.01827890 -0.07383760 0.06118827
v -0.01788356 -0.07288859 0.06300000
v -0.01804345 -0.07387574 0.06300000
v -0.01811902 -0.07285046 0.06481174
v -0.01827890 -0.07383760 0.06481174
v -0.01880932 -0.07273867 0.06650000
v -0.01896920 -0.07372579 0.06650000
v -0.01990744 -0.07256079 0.06794976
v -0.02006732 -0.07354793 0.06794976
v -0.02133854 -0.07232901 0.06906218
v -0.02149842 -0.07331614 0.06906218
v -0.02300509 -0.07205909 0.06976149
v -0.02316497 -0.07304622 0.06976149
v -0.02479352 -0.07176943 0.07000000
v -0.02495340 -0.07275656 0.07000000
v -0.02658195 -0.07147976 0.06976149
v -0.02674184 -0.07246691 0.06976149
v -0.02824851 -0.07120984 0.06906218
v -0.02840839 -0.07219699 0.06906218
v -0.02967959 -0.07097805 0.06794976
v -0.02983948 -0.07196519 0.06794976
v -0.03077771 -0.07080020 0.06650000
v -0.03093760 -0.07178734 0.06650000
v -0.03146802 -0.07068840 0.06481174
v -0.03162790 -0.07167552 0.06481174
v -0.03170347 -0.07065026 0.06300000
v -0.03186335 -0.07163739 0.06300000
v -0.03146802 -0.07068840 0.06118827
v -0.03162790 -0.07167552 0.06118827
v -0.03077771 -0.07080020 0.05950000
v -0.03093760 -0.07178734 0.05950000
v -0.02967959 -0.07097805 0.05805025
v -0.02983948 -0.07196519 0.05805025
v -0.02824851 -0.07120984 0.05693782
v -0.02840839 -0.07219699 0.05693782
v -0.02658195 -0.07147976 0.05623852
v -0.02674184 -0.07246691 0.05623852
v -0.02479352 -0.07176943 0.05600000
v -0.02479352 -0.07176943 0.05600000
v -0.02301465 -0.07195623 0.05633511
v -0.02300509 -0.07205909 0.05623852
v -0.02137191 -0.07222230 0.05702442
v -0.02133854 -0.07232901 0.05693782
v -0.01996126 -0.07245079 0.05812096
v -0.01990744 -0.07256079 0.05805025
v -0.01887882 -0.07262609 0.05955000
v -0.01880932 -0.07273867 0.05950000
v -0.01819838 -0.07273630 0.06121415
v -0.01811902 -0.07285046 0.06118827
v -0.01796629 -0.07277389 0.06300000
v -0.01788356 -0.07288859 0.06300000
v -0.01819838 -0.07273630 0.06478585
v -0.01811902 -0.07285046 0.06481174
v -0.01887882 -0.07262609 0.06645000
v -0.01880932 -0.07273867 0.06650000
v -0.01996126 -0.07245079 0.06787905
v -0.01990744 -0.07256079 0.06794976
v -0.02137191 -0.07222230 0.06897558
v -0.02133854 -0.07232901 0.06906218
v -0.02301465 -0.07195623 0.06966489
v -0.02300509 -0.07205909 0.06976149
v -0.02477753 -0.07167071 0.06990000
v -0.02479352 -0.07176943 0.07000000
v -0.02654041 -0.07138520 0.06966489
v -0.02658195 -0.07147976 0.06976149
v -0.02818315 -0.07111914 0.06897558
v -0.02824851 -0.07120984 0.06906218
v -0.02959380 -0.07089064 0.06787905
v -0.02967959 -0.07097805 0.06794976
v -0.03067625 -0.07071533 0.06645000
v -0.03077771 -0.07080020 0.06650000
v -0.03135668 -0.07060512 0.06478585
v -0.03146802 -0.07068840 0.06481174
v -0.03158877 -0.07056753 0.06300000
v -0.03170347 -0.07065026 0.06300000
v -0.03135668 -0.07060512 0.06121415
v -0.03146802 -0.07068840 0.06118827
v -0.03067625 -0.07071533 0.05955000
v -0.03077771 -0.07080020 0.05950000
v -0.02959380 -0.07089064 0.05812096
v -0.02967959 -0.07097805 0.05805025
v -0.02818315 -0.07111914 0.05702442
v -0.02824851 -0.07120984 0.05693782
v -0.02654041 -0.07138520 0.05633511
v -0.02658195 -0.07147976 0.05623852
v -0.02477753 -0.07167071 0.05610000
v -0.02477753 -0.07167071 0.05610000
v -0.02275884 -0.07037683 0.05633511
v -0.02301465 -0.07195623 0.05633511
v -0.02111610 -0.07064289 0.05702442
v -0.02137191 -0.07222230 0.05702442
v -0.01970545 -0.07087136 0.05812096
v -0.01996126 -0.07245079 0.05812096
v -0.01862301 -0.07104667 0.05955000
v -0.01887882 -0.07262609 0.05955000
v -0.01794257 -0.07115689 0.06121415
v -0.01819838 -0.07273630 0.06121415
v -0.01771048 -0.07119448 0.06300000
v -0.01796629 -0.07277389 0.06300000
v -0.01794257 -0.07115689 0.06478585
v -0.01819838 -0.07273630 0.06478585
v -0.01862301 -0.07104667 0.06645000
v -0.01887882 -0.07262609 0.06645000
v -0.01970545 -0.07087136 0.06787905
v -0.01996126 -0.07245079 0.06787905
v -0.02111610 -0.07064289 0.06897558
v -0.02137191 -0.07222230 0.06897558
v -0.02275884 -0.07037683 0.06966489
v -0.02301465 -0.07195623 0.06966489
v -0.02452173 -0.07009130 0.06990000
v -0.02477753 -0.07167071 0.06990000
v -0.02628460 -0.06980577 0.06966489
v -0.02654041 -0.07138520 0.06966489
v -0.02792734 -0.06953971 0.06897558
v -0.02818315 -0.07111914 0.06897558
v -0.02933800 -0.06931124 0.06787905
v -0.02959380 -0.07089064 0.06787905
v -0.03042043 -0.06913591 0.06645000
v -0.03067625 -0.07071533 0.06645000
v -0.03110087 -0.06902571 0.06478585
v -0.03135668 -0.07060512 0.06478585
v -0.03133296 -0.06898812 0.06300000
v -0.03158877 -0.07056753 0.06300000
v -0.03110087 -0.06902571 0.06121415
v -0.03135668 -0.07060512 0.06121415
v -0.03042043 -0.06913591 0.05955000
v -0.03067625 -0.07071533 0.05955000
v -0.02933800 -0.06931124 0.05812096
v -0.02959380 -0.07089064 0.05812096
v -0.02792734 -0.06953971 0.05702442
v -0.02818315 -0.07111914 0.05702442
v -0.02628460 -0.06980577 0.05633511
v -0.02654041 -0.07138520 0.05633511
v -0.02452173 -0.07009130 0.05610000
v -0.03141569 -0.06887342 0.06300000
v -0.03110087 -0.06902571 0.06478585
v -0.03118025 -0.06891155 0.06481174
v -0.03042043 -0.06913591 0.06645000
v -0.03048993 -0.06902336 0.06650000
v -0.02933800 -0.06931124 0.06787905
v -0.02939181 -0.06920121 0.06794976
v -0.02792734 -0.06953971 0.06897558
v -0.02796071 -0.06943300 0.06906218
v -0.02628460 -0.06980577 0.06966489
v -0.02629417 -0.06970292 0.06976149
v -0.02452173 -0.07009130 0.06990000
v -0.02450573 -0.06999258 0.07000000
v -0.02275884 -0.07037683 0.06966489
v -0.02271730 -0.07028224 0.06976149
v -0.02111610 -0.07064289 0.06897558
v -0.02105076 -0.07055216 0.06906218
v -0.01970545 -0.07087136 0.06787905
v -0.01961966 -0.07078395 0.06794976
v -0.01862301 -0.07104667 0.06645000
v -0.01852154 -0.07096180 0.06650000
v -0.01794257 -0.07115689 0.06478585
v -0.01783123 -0.07107363 0.06481174
v -0.01771048 -0.07119448 0.06300000
v -0.01759578 -0.07111175 0.06300000
v -0.01794257 -0.07115689 0.06121415
v -0.01783123 -0.07107363 0.06118827
v -0.01862301 -0.07104667 0.05955000
v -0.01852154 -0.07096180 0.05950000
v -0.01970545 -0.07087136 0.05812096
v -0.01961966 -0.07078395 0.05805025
v -0.02111610 -0.07064289 0.05702442
v -0.02105076 -0.07055216 0.05693782
v -0.02275884 -0.07037683 0.05633511
v -0.02271730 -0.07028224 0.05623852
v -0.02452173 -0.07009130 0.05610000
v -0.02450573 -0.06999258 0.05600000
v -0.02628460 -0.06980577 0.05633511
v -0.02629417 -0.06970292 0.05623852
v -0.02792734 -0.06953971 0.05702442
v -0.02796071 -0.06943300 0.05693782
v -0.02933800 -0.06931124 0.05812096
v -0.02939181 -0.06920121 0.05805025
v -0.03042043 -0.06913591 0.05955000
v -0.03048993 -0.06902336 0.05950000
v -0.03110087 -0.06902571 0.06121415
v -0.03118025 -0.06891155 0.06118827
v -0.03133296 -0.06898812 0.06300000
v -0.02450573 -0.06999258 0.05600000
v -0.02215772 -0.06682727 0.05623852
v -0.02271730 -0.07028224 0.05623852
v -0.02049117 -0.06709719 0.05693782
v -0.02105076 -0.07055216 0.05693782
v -0.01906007 -0.06732897 0.05805025
v -0.01961966 -0.07078395 0.05805025
v -0.01796195 -0.06750683 0.05950000
v -0.01852154 -0.07096180 0.05950000
v -0.01727165 -0.06761864 0.06118827
v -0.01783123 -0.07107363 0.06118827
v -0.01703619 -0.06765677 0.06300000
v -0.01759578 -0.07111175 0.06300000
v -0.01727165 -0.06761864 0.06481174
v -0.01783123 -0.07107363 0.06481174
v -0.01796195 -0.06750683 0.06650000
v -0.01852154 -0.07096180 0.06650000
v -0.01906007 -0.06732897 0.06794976
v -0.01961966 -0.07078395 0.06794976
v -0.02049117 -0.06709719 0.06906218
v -0.02105076 -0.07055216 0.06906218
v -0.02215772 -0.06682727 0.06976149
v -0.02271730 -0.07028224 0.06976149
v -0.02394615 -0.06653762 0.07000000
v -0.02450573 -0.06999258 0.07000000
v -0.02573458 -0.06624794 0.06976149
v -0.02629417 -0.06970292 0.06976149
v -0.02740113 -0.06597802 0.06906218
v -0.02796071 -0.06943300 0.06906218
v -0.02883222 -0.06574623 0.06794976
v -0.02939181 -0.06920121 0.06794976
v -0.02993034 -0.06556838 0.06650000
v -0.03048993 -0.06902336 0.06650000
v -0.03062065 -0.06545658 0.06481174
v -0.03118025 -0.06891155 0.06481174
v -0.03085610 -0.06541843 0.06300000
v -0.03141569 -0.06887342 0.06300000
v -0.03062065 -0.06545658 0.06118827
v -0.03118025 -0.06891155 0.06118827
v -0.02993034 -0.06556838 0.05950000
v -0.03048993 -0.06902336 0.05950000
v -0.02883222 -0.06574623 0.05805025
v -0.02939181 -0.06920121 0.05805025
v -0.02740113 -0.06597802 0.05693782
v -0.02796071 -0.06943300 0.05693782
v -0.02573458 -0.06624794 0.05623852
v -0.02629417 -0.06970292 0.05623852
v -0.02394615 -0.06653762 0.05600000
v -0.01727165 -0.06761864 0.06481174
v -0.01627662 -0.06777980 0.06644751
v -0.01796195 -0.06750683 0.06650000
v -0.01716417 -0.06763604 0.06800481
v -0.01906007 -0.06732897 0.06794976
v -0.01835525 -0.06744313 0.06933813
v -0.02049117 -0.06709719 0.06906218
v -0.01975082 -0.06721710 0.07036122
v -0.02215772 -0.06682727 0.06976149
v -0.01796195 -0.06750683 0.05950000
v -0.01627662 -0.06777980 0.05955250
v -0.01727165 -0.06761864 0.06118827
v -0.01573233 -0.06786795 0.06126411
v -0.01703619 -0.06765677 0.06300000
v -0.01555549 -0.06789659 0.06300000
v -0.01573233 -0.06786795 0.06473590
v -0.02132323 -0.06696242 0.07107402
v -0.02305860 -0.06668136 0.07145231
v -0.02394615 -0.06653762 0.07000000
v -0.02483370 -0.06639385 0.07145231
v -0.02573458 -0.06624794 0.06976149
v -0.02656907 -0.06611278 0.07107402
v -0.02740113 -0.06597802 0.06906218
v -0.02814148 -0.06585810 0.07036122
v -0.02883222 -0.06574623 0.06794976
v -0.02394615 -0.06653762 0.05600000
v -0.02305860 -0.06668136 0.05454769
v -0.02215772 -0.06682727 0.05623852
v -0.02132323 -0.06696242 0.05492598
v -0.02049117 -0.06709719 0.05693782
v -0.01975082 -0.06721710 0.05563878
v -0.01906007 -0.06732897 0.05805025
v -0.01835525 -0.06744313 0.05666187
v -0.01716417 -0.06763604 0.05799519
v -0.02993034 -0.06556838 0.05950000
v -0.03072813 -0.06543916 0.05799519
v -0.02883222 -0.06574623 0.05805025
v -0.02953705 -0.06563208 0.05666187
v -0.02740113 -0.06597802 0.05693782
v -0.02814148 -0.06585810 0.05563878
v -0.02573458 -0.06624794 0.05623852
v -0.02656907 -0.06611278 0.05492598
v -0.02483370 -0.06639385 0.05454769
v -0.02952918 -0.06563335 0.06934526
v -0.03071569 -0.06544118 0.06802208
v -0.02993034 -0.06556838 0.06650000
v -0.03160280 -0.06529750 0.06647677
v -0.03062065 -0.06545658 0.06481174
v -0.03215125 -0.06520867 0.06477771
v -0.03085610 -0.06541843 0.06300000
v -0.03233680 -0.06517861 0.06300000
v -0.03062065 -0.06545658 0.06118827
v -0.03215997 -0.06520726 0.06126411
v -0.03161569 -0.06529541 0.05955250
v -0.02127542 -0.06688764 0.07126054
v -0.02132323 -0.06696242 0.07107402
v -0.01975082 -0.06721710 0.07036122
v -0.02814148 -0.06585810 0.07036122
v -0.02656907 -0.06611278 0.07107402
v -0.02659082 -0.06602674 0.07126054
v -0.02559127 -0.06613543 0.07184024
v -0.02483370 -0.06639385 0.07145231
v -0.02486448 -0.06625315 0.07194950
v -0.02305860 -0.06668136 0.07145231
v -0.02225818 -0.06667527 0.07184024
v -0.02298497 -0.06655757 0.07194950
v -0.02392473 -0.06640535 0.07194950
v -0.02965657 -0.06553070 0.06946751
v -0.02952918 -0.06563335 0.06934526
v -0.03233680 -0.06517861 0.06300000
v -0.03215125 -0.06520867 0.06477771
v -0.03232345 -0.06509619 0.06484352
v -0.03231538 -0.06504637 0.06595804
v -0.03160280 -0.06529750 0.06647677
v -0.03203177 -0.06509230 0.06668129
v -0.03071569 -0.06544118 0.06802208
v -0.03064884 -0.06531629 0.06888221
v -0.03109248 -0.06524443 0.06831749
v -0.03157616 -0.06516609 0.06747494
v -0.03232378 -0.06509820 0.06120136
v -0.03215997 -0.06520726 0.06126411
v -0.02814148 -0.06585810 0.05563878
v -0.02953705 -0.06563208 0.05666187
v -0.02966608 -0.06552865 0.05653810
v -0.03064884 -0.06531629 0.05711780
v -0.03072813 -0.06543916 0.05799519
v -0.03110565 -0.06524230 0.05770079
v -0.03161569 -0.06529541 0.05955250
v -0.03231538 -0.06504637 0.06004196
v -0.03204541 -0.06509009 0.05934970
v -0.03157553 -0.06516619 0.05852524
v -0.02305860 -0.06668136 0.05454769
v -0.02225818 -0.06667527 0.05415976
v -0.02132323 -0.06696242 0.05492598
v -0.02127542 -0.06688764 0.05473946
v -0.01975082 -0.06721710 0.05563878
v -0.02559127 -0.06613543 0.05415976
v -0.02483370 -0.06639385 0.05454769
v -0.02659082 -0.06602674 0.05473946
v -0.02656907 -0.06611278 0.05492598
v -0.02486448 -0.06625315 0.05405049
v -0.02392473 -0.06640535 0.05405049
v -0.02298497 -0.06655757 0.05405049
v -0.01820017 -0.06738573 0.05653810
v -0.01835525 -0.06744313 0.05666187
v -0.01555549 -0.06789659 0.06300000
v -0.01573233 -0.06786795 0.06126411
v -0.01554246 -0.06781618 0.06120136
v -0.01553407 -0.06776435 0.06004196
v -0.01627662 -0.06777980 0.05955250
v -0.01580405 -0.06772061 0.05934970
v -0.01716417 -0.06763604 0.05799519
v -0.01720061 -0.06749443 0.05711780
v -0.01674381 -0.06756842 0.05770079
v -0.01627393 -0.06764451 0.05852524
v -0.01553407 -0.06776435 0.06595804
v -0.01627662 -0.06777980 0.06644751
v -0.01554246 -0.06781618 0.06479864
v -0.01573233 -0.06786795 0.06473590
v -0.01716417 -0.06763604 0.06800481
v -0.01720061 -0.06749443 0.06888221
v -0.01835525 -0.06744313 0.06933813
v -0.01820017 -0.06738573 0.06946190
v -0.01580405 -0.06772061 0.06665029
v -0.01627393 -0.06764451 0.06747477
v -0.01674381 -0.06756842 0.06829921
v -0.01553407 -0.06776435 0.06004196
v -0.01525715 -0.06605458 0.06004196
v -0.01554246 -0.06781618 0.06120136
v -0.01524875 -0.06600273 0.06120136
v -0.01555549 -0.06789659 0.06300000
v -0.01523573 -0.06592232 0.06300000
v -0.01554246 -0.06781618 0.06479864
v -0.01524875 -0.06600273 0.06479864
v -0.01553407 -0.06776435 0.06595804
v -0.01525715 -0.06605458 0.06595804
v -0.01553407 -0.06776435 0.06595804
v -0.01525715 -0.06605458 0.06595804
v -0.01580405 -0.06772061 0.06665029
v -0.01552713 -0.06601084 0.06665029
v -0.01627393 -0.06764451 0.06747477
v -0.01599700 -0.06593474 0.06747477
v -0.01674381 -0.06756842 0.06829921
v -0.01646688 -0.06585864 0.06829921
v -0.01720061 -0.06749443 0.06888221
v -0.01692369 -0.06578466 0.06888221
v -0.01720061 -0.06749443 0.06888221
v -0.01692369 -0.06578466 0.06888221
v -0.01820017 -0.06738573 0.06946190
v -0.01790645 -0.06557228 0.06946190
v -0.01975082 -0.06721710 0.07036122
v -0.01943106 -0.06524283 0.07036122
v -0.02127542 -0.06688764 0.07126054
v -0.02098171 -0.06507421 0.07126054
v -0.02225818 -0.06667527 0.07184024
v -0.02198126 -0.06496550 0.07184024
v -0.01790645 -0.06557228 0.06946190
v -0.01803549 -0.06546886 0.06933813
v -0.01943106 -0.06524283 0.07036122
v -0.01523573 -0.06592232 0.06300000
v -0.01533760 -0.06590583 0.06400000
v -0.01524875 -0.06600273 0.06479864
v -0.01541256 -0.06589368 0.06473590
v -0.01525715 -0.06605458 0.06595804
v -0.01595685 -0.06580553 0.06644751
v -0.01552713 -0.06601084 0.06665029
v -0.01684440 -0.06566178 0.06800481
v -0.01692369 -0.06578466 0.06888221
v -0.01646688 -0.06585864 0.06829921
v -0.01599700 -0.06593474 0.06747477
v -0.02225818 -0.06667527 0.05415976
v -0.02198126 -0.06496550 0.05415976
v -0.02127542 -0.06688764 0.05473946
v -0.02098171 -0.06507421 0.05473946
v -0.01975082 -0.06721710 0.05563878
v -0.01943106 -0.06524283 0.05563878
v -0.01820017 -0.06738573 0.05653810
v -0.01790645 -0.06557228 0.05653810
v -0.01720061 -0.06749443 0.05711780
v -0.01692369 -0.06578466 0.05711780
v -0.01720061 -0.06749443 0.05711780
v -0.01692369 -0.06578466 0.05711780
v -0.01674381 -0.06756842 0.05770079
v -0.01646688 -0.06585864 0.05770079
v -0.01627393 -0.06764451 0.05852524
v -0.01599700 -0.06593474 0.05852524
v -0.01580405 -0.06772061 0.05934970
v -0.01552713 -0.06601084 0.05934970
v -0.01553407 -0.06776435 0.06004196
v -0.01525715 -0.06605458 0.06004196
v -0.01525715 -0.06605458 0.06004196
v -0.01595685 -0.06580553 0.05955250
v -0.01524875 -0.06600273 0.06120136
v -0.01541256 -0.06589368 0.06126411
v -0.01684440 -0.06566178 0.05799519
v -0.01692369 -0.06578466 0.05711780
v -0.01803549 -0.06546886 0.05666187
v -0.01790645 -0.06557228 0.05653810
v -0.01943106 -0.06524283 0.05563878
v -0.01552713 -0.06601084 0.05934970
v -0.01599700 -0.06593474 0.05852524
v -0.01646688 -0.06585864 0.05770079
v -0.03064884 -0.06531629 0.05711780
v -0.03037192 -0.06360651 0.05711780
v -0.02966608 -0.06552865 0.05653810
v -0.02937237 -0.06371520 0.05653810
v -0.02814148 -0.06585810 0.05563878
v -0.02782172 -0.06388383 0.05563878
v -0.02659082 -0.06602674 0.05473946
v -0.02629711 -0.06421329 0.05473946
v -0.02559127 -0.06613543 0.05415976
v -0.02531435 -0.06442565 0.05415976
v -0.02559127 -0.06613543 0.05415976
v -0.02531435 -0.06442565 0.05415976
v -0.02486448 -0.06625315 0.05405049
v -0.02458756 -0.06454338 0.05405049
v -0.02392473 -0.06640535 0.05405049
v -0.02364781 -0.06469558 0.05405049
v -0.02298497 -0.06655757 0.05405049
v -0.02270805 -0.06484780 0.05405049
v -0.02225818 -0.06667527 0.05415976
v -0.02198126 -0.06496550 0.05415976
v -0.02782172 -0.06388383 0.05563878
v -0.02624931 -0.06413851 0.05492598
v -0.02629711 -0.06421329 0.05473946
v -0.02098171 -0.06507421 0.05473946
v -0.02100346 -0.06498815 0.05492598
v -0.02273884 -0.06470708 0.05454769
v -0.02531435 -0.06442565 0.05415976
v -0.02451393 -0.06441958 0.05454769
v -0.02458756 -0.06454338 0.05405049
v -0.02198126 -0.06496550 0.05415976
v -0.02270805 -0.06484780 0.05405049
v -0.02364781 -0.06469558 0.05405049
v -0.03203846 -0.06333659 0.06004196
v -0.03231538 -0.06504637 0.06004196
v -0.03203008 -0.06328475 0.06120136
v -0.03232378 -0.06509820 0.06120136
v -0.03201704 -0.06320434 0.06300000
v -0.03233680 -0.06517861 0.06300000
v -0.03203008 -0.06328475 0.06479864
v -0.03232345 -0.06509619 0.06484352
v -0.03203846 -0.06333659 0.06595804
v -0.03231538 -0.06504637 0.06595804
v -0.03231538 -0.06504637 0.06004196
v -0.03203846 -0.06333659 0.06004196
v -0.03204541 -0.06509009 0.05934970
v -0.03176849 -0.06338032 0.05934970
v -0.03157553 -0.06516619 0.05852524
v -0.03129861 -0.06345642 0.05852524
v -0.03110565 -0.06524230 0.05770079
v -0.03082873 -0.06353252 0.05770079
v -0.03064884 -0.06531629 0.05711780
v -0.03037192 -0.06360651 0.05711780
v -0.03037192 -0.06360651 0.05711780
v -0.03040837 -0.06346488 0.05799519
v -0.02937237 -0.06371520 0.05653810
v -0.02921728 -0.06365780 0.05666187
v -0.03129591 -0.06332114 0.05955250
v -0.03203846 -0.06333659 0.06004196
v -0.03184021 -0.06323298 0.06126411
v -0.03203008 -0.06328475 0.06120136
v -0.03201704 -0.06320434 0.06300000
v -0.03082873 -0.06353252 0.05770079
v -0.03129861 -0.06345642 0.05852524
v -0.03176849 -0.06338032 0.05934970
v -0.02559127 -0.06613543 0.07184024
v -0.02531435 -0.06442565 0.07184024
v -0.02659082 -0.06602674 0.07126054
v -0.02629711 -0.06421329 0.07126054
v -0.02814148 -0.06585810 0.07036122
v -0.02782172 -0.06388383 0.07036122
v -0.02965657 -0.06553070 0.06946751
v -0.02937237 -0.06371520 0.06946190
v -0.03064884 -0.06531629 0.06888221
v -0.03037192 -0.06360651 0.06888221
v -0.03064884 -0.06531629 0.06888221
v -0.03037192 -0.06360651 0.06888221
v -0.03109248 -0.06524443 0.06831749
v -0.03082873 -0.06353252 0.06829921
v -0.03157616 -0.06516609 0.06747494
v -0.03129861 -0.06345642 0.06747477
v -0.03203177 -0.06509230 0.06668129
v -0.03176849 -0.06338032 0.06665029
v -0.03231538 -0.06504637 0.06595804
v -0.03203846 -0.06333659 0.06595804
v -0.02782172 -0.06388383 0.07036122
v -0.02921728 -0.06365780 0.06933813
v -0.02937237 -0.06371520 0.06946190
v -0.03129591 -0.06332114 0.06644751
v -0.03184021 -0.06323298 0.06473590
v -0.03203008 -0.06328475 0.06479864
v -0.03191517 -0.06322084 0.06400000
v -0.03037192 -0.06360651 0.06888221
v -0.03040837 -0.06346488 0.06800481
v -0.03082873 -0.06353252 0.06829921
v -0.03203846 -0.06333659 0.06595804
v -0.03176849 -0.06338032 0.06665029
v -0.03129861 -0.06345642 0.06747477
v -0.02225818 -0.06667527 0.07184024
v -0.02198126 -0.06496550 0.07184024
v -0.02298497 -0.06655757 0.07194950
v -0.02270805 -0.06484780 0.07194950
v -0.02392473 -0.06640535 0.07194950
v -0.02364781 -0.06469558 0.07194950
v -0.02486448 -0.06625315 0.07194950
v -0.02458756 -0.06454338 0.07194950
v -0.02559127 -0.06613543 0.07184024
v -0.02531435 -0.06442565 0.07184024
v -0.02531435 -0.06442565 0.07184024
v -0.02451393 -0.06441958 0.07145231
v -0.02629711 -0.06421329 0.07126054
v -0.02624931 -0.06413851 0.07107402
v -0.02273884 -0.06470708 0.07145231
v -0.02198126 -0.06496550 0.07184024
v -0.02100346 -0.06498815 0.07107402
v -0.02098171 -0.06507421 0.07126054
v -0.02458756 -0.06454338 0.07194950
v -0.02364781 -0.06469558 0.07194950
v -0.02270805 -0.06484780 0.07194950
v -0.02604682 -0.06712397 0.06596985
v -0.02605038 -0.06706122 0.06598340
v -0.02601250 -0.06691205 0.06596985
v -0.02605111 -0.06704841 0.06598616
v -0.02607970 -0.06690116 0.06603792
v -0.02661540 -0.06681440 0.06559067
v -0.02705690 -0.06674289 0.06504798
v -0.02698971 -0.06675378 0.06497990
v -0.02607970 -0.06690116 0.06603792
v -0.02601250 -0.06691205 0.06596985
v -0.02597066 -0.06691883 0.06592350
v -0.02694395 -0.06676119 0.06493753
v -0.02680092 -0.06678436 0.06484420
v -0.02663971 -0.06681046 0.06478910
v -0.02647010 -0.06683793 0.06477558
v -0.02630237 -0.06686511 0.06480445
v -0.02614669 -0.06689031 0.06487397
v -0.02601250 -0.06691205 0.06497990
v -0.02590792 -0.06692900 0.06511586
v -0.02583930 -0.06694010 0.06527356
v -0.02581080 -0.06694472 0.06544348
v -0.02587854 -0.06693375 0.06577859
v -0.02582415 -0.06694255 0.06561529
v -0.02705690 -0.06674289 0.06504798
v -0.02703972 -0.06681295 0.06501982
v -0.02698971 -0.06675378 0.06497990
v -0.02703038 -0.06690390 0.06499605
v -0.02702404 -0.06696570 0.06497990
v -0.02716114 -0.06745986 0.06503624
v -0.02712940 -0.06740586 0.06501355
v -0.02668306 -0.06746675 0.06555316
v -0.02725061 -0.06757231 0.06510656
v -0.02721324 -0.06752536 0.06507720
v -0.02676917 -0.06760012 0.06561683
v -0.02687441 -0.06770275 0.06570431
v -0.02730302 -0.06761534 0.06514072
v -0.02730102 -0.06761370 0.06513942
v -0.02752405 -0.06768212 0.06514057
v -0.02752295 -0.06768201 0.06514103
v -0.02699203 -0.06776802 0.06580999
v -0.02752253 -0.06768197 0.06514122
v -0.02748004 -0.06767809 0.06515900
v -0.02747060 -0.06767655 0.06516107
v -0.02745028 -0.06767327 0.06516555
v -0.02741412 -0.06766427 0.06516703
v -0.02740085 -0.06766097 0.06516759
v -0.02737964 -0.06765380 0.06516529
v -0.02735675 -0.06764342 0.06515924
v -0.02732761 -0.06763021 0.06515152
v -0.02732647 -0.06762950 0.06515102
v -0.02759234 -0.06768056 0.06507920
v -0.02776384 -0.06768656 0.06506974
v -0.02760052 -0.06767942 0.06506657
v -0.02763932 -0.06767314 0.06500000
v -0.02754471 -0.06768274 0.06512744
v -0.02711447 -0.06779174 0.06592705
v -0.02756587 -0.06768215 0.06510808
v -0.02757954 -0.06768178 0.06509559
v -0.02799021 -0.06761631 0.06414183
v -0.02817206 -0.06762045 0.06407138
v -0.02803377 -0.06760926 0.06403527
v -0.02814848 -0.06759067 0.06315262
v -0.02831130 -0.06759790 0.06300000
v -0.02816831 -0.06758747 0.06300000
v -0.02805859 -0.06760523 0.06215568
v -0.02817206 -0.06762045 0.06192863
v -0.02803377 -0.06760926 0.06196472
v -0.02772669 -0.06765898 0.06121369
v -0.02776384 -0.06768656 0.06093026
v -0.02763932 -0.06767314 0.06100000
v -0.02717407 -0.06774849 0.06038579
v -0.02711447 -0.06779174 0.06007295
v -0.02701181 -0.06777478 0.06017157
v -0.02643585 -0.06786806 0.05972386
v -0.02626819 -0.06792881 0.05941511
v -0.02619404 -0.06790722 0.05953590
v -0.02555867 -0.06801013 0.05926929
v -0.02528266 -0.06808843 0.05900157
v -0.02524173 -0.06806147 0.05913630
v -0.02459784 -0.06816575 0.05905042
v -0.02422508 -0.06825972 0.05886053
v -0.02421977 -0.06822698 0.05900000
v -0.02361384 -0.06832512 0.05908081
v -0.02316748 -0.06843102 0.05900157
v -0.02319781 -0.06839250 0.05913630
v -0.02266856 -0.06847822 0.05935837
v -0.02218196 -0.06859064 0.05941511
v -0.02224550 -0.06854676 0.05953590
v -0.02182141 -0.06861544 0.05986555
v -0.02133567 -0.06872770 0.06007295
v -0.02142773 -0.06867919 0.06017157
v -0.02112564 -0.06872812 0.06057039
v -0.02068630 -0.06883287 0.06093026
v -0.02080023 -0.06878083 0.06100000
v -0.02062499 -0.06880921 0.06142858
v -0.02027808 -0.06889900 0.06192863
v -0.02040577 -0.06884471 0.06196472
v -0.02035099 -0.06885359 0.06238618
v -0.02013885 -0.06892155 0.06300000
v -0.02027122 -0.06886651 0.06300000
v -0.02027808 -0.06889900 0.06407138
v -0.02040577 -0.06884471 0.06403527
v -0.02032100 -0.06885845 0.06338300
v -0.02068630 -0.06883287 0.06506974
v -0.02133567 -0.06872770 0.06592705
v -0.02142773 -0.06867919 0.06582843
v -0.02098577 -0.06875078 0.06524496
v -0.02080023 -0.06878083 0.06500000
v -0.02053705 -0.06882345 0.06435634
v -0.02218196 -0.06859064 0.06658490
v -0.02316748 -0.06843102 0.06699842
v -0.02319781 -0.06839250 0.06686370
v -0.02245644 -0.06851258 0.06655262
v -0.02224550 -0.06854676 0.06646411
v -0.02163919 -0.06864495 0.06599282
v -0.02422508 -0.06825972 0.06713948
v -0.02528266 -0.06808843 0.06699842
v -0.02524173 -0.06806147 0.06686370
v -0.02437043 -0.06820259 0.06697991
v -0.02421977 -0.06822698 0.06700000
v -0.02338631 -0.06836198 0.06688885
v -0.02626819 -0.06792881 0.06658490
v -0.02630109 -0.06788739 0.06639086
v -0.02629633 -0.06788883 0.06639611
v -0.02625975 -0.06789659 0.06642482
v -0.02619404 -0.06790722 0.06646411
v -0.02534691 -0.06804444 0.06681958
v -0.02632176 -0.06778306 0.06615116
v -0.02632732 -0.06779092 0.06616318
v -0.02633966 -0.06780838 0.06618991
v -0.02634464 -0.06781542 0.06620069
v -0.02634836 -0.06782283 0.06621440
v -0.02635141 -0.06783618 0.06624331
v -0.02635350 -0.06784523 0.06626293
v -0.02635238 -0.06785202 0.06628004
v -0.02634846 -0.06785791 0.06629677
v -0.02634179 -0.06786790 0.06632526
v -0.02633440 -0.06787342 0.06634272
v -0.02633154 -0.06787474 0.06634719
v -0.02633076 -0.06787508 0.06634841
v -0.02630957 -0.06788481 0.06638154
v -0.02623554 -0.06768431 0.06606655
v -0.02627338 -0.06773059 0.06609651
v -0.02631352 -0.06777355 0.06613974
v -0.02631582 -0.06777600 0.06614222
v -0.02619462 -0.06763430 0.06603416
v -0.02604682 -0.06712397 0.06596985
v -0.02605821 -0.06727983 0.06595578
v -0.02658878 -0.06714338 0.06551179
v -0.02608734 -0.06739723 0.06596608
v -0.02662162 -0.06731116 0.06551738
v -0.02609808 -0.06744049 0.06596985
v -0.02616104 -0.06758023 0.06600966
v -0.02605038 -0.06706122 0.06598340
v -0.02658666 -0.06697417 0.06553675
v -0.02605111 -0.06704841 0.06598616
v -0.02661540 -0.06681440 0.06559067
v -0.02607970 -0.06690116 0.06603792
v -0.02705690 -0.06674289 0.06504798
v -0.02703972 -0.06681295 0.06501982
v -0.02703038 -0.06690390 0.06499605
v -0.02702404 -0.06696570 0.06497990
v -0.02702797 -0.06706511 0.06496817
v -0.02712458 -0.06739483 0.06501054
v -0.02707530 -0.06728221 0.06497990
v -0.02703652 -0.06713079 0.06496622
v -0.02702888 -0.06707212 0.06496796
v -0.02532486 -0.06717855 0.06769681
v -0.02528090 -0.06703054 0.06762316
v -0.02648252 -0.06699105 0.06721104
v -0.02642040 -0.06684600 0.06714502
v -0.02747662 -0.06683003 0.06643830
v -0.02739892 -0.06668750 0.06638439
v -0.02823942 -0.06670649 0.06543125
v -0.02814976 -0.06656589 0.06539313
v -0.02871893 -0.06662882 0.06425851
v -0.02862175 -0.06648944 0.06423877
v -0.02888249 -0.06660233 0.06300000
v -0.02878274 -0.06646337 0.06300000
v -0.02871893 -0.06662882 0.06174149
v -0.02862175 -0.06648944 0.06176123
v -0.02823942 -0.06670649 0.06056875
v -0.02814976 -0.06656589 0.06060688
v -0.02747662 -0.06683003 0.05956170
v -0.02739892 -0.06668750 0.05961561
v -0.02648252 -0.06699105 0.05878896
v -0.02642040 -0.06684600 0.05885498
v -0.02532486 -0.06717855 0.05830319
v -0.02528090 -0.06703054 0.05837684
v -0.02408255 -0.06737976 0.05813751
v -0.02405806 -0.06722859 0.05821375
v -0.02284023 -0.06758097 0.05830319
v -0.02283523 -0.06742665 0.05837684
v -0.02168258 -0.06776847 0.05878896
v -0.02169573 -0.06761122 0.05885498
v -0.02068848 -0.06792947 0.05956170
v -0.02071721 -0.06776970 0.05961561
v -0.01992568 -0.06805302 0.06056875
v -0.01996637 -0.06789131 0.06060688
v -0.01944616 -0.06813068 0.06174149
v -0.01949438 -0.06796775 0.06176123
v -0.01928260 -0.06815718 0.06300000
v -0.01933339 -0.06799383 0.06300000
v -0.01944616 -0.06813068 0.06425851
v -0.01949438 -0.06796775 0.06423877
v -0.01992568 -0.06805302 0.06543125
v -0.01996637 -0.06789131 0.06539313
v -0.02068848 -0.06792947 0.06643830
v -0.02071721 -0.06776970 0.06638439
v -0.02168258 -0.06776847 0.06721104
v -0.02169573 -0.06761122 0.06714502
v -0.02284023 -0.06758097 0.06769681
v -0.02283523 -0.06742665 0.06762316
v -0.02408255 -0.06737976 0.06786249
v -0.02405806 -0.06722859 0.06778625
v -0.02410931 -0.06754497 0.06789780
v -0.02285797 -0.06774764 0.06773091
v -0.02169191 -0.06793650 0.06724163
v -0.02069059 -0.06809868 0.06646328
v -0.01992225 -0.06822313 0.06544890
v -0.01943926 -0.06830136 0.06426764
v -0.01927451 -0.06832804 0.06300000
v -0.01943926 -0.06830136 0.06173236
v -0.01992225 -0.06822313 0.06055110
v -0.02069059 -0.06809868 0.05953673
v -0.02169191 -0.06793650 0.05875838
v -0.02285797 -0.06774764 0.05826909
v -0.02410931 -0.06754497 0.05810221
v -0.02536064 -0.06734230 0.05826909
v -0.02652670 -0.06715345 0.05875838
v -0.02752803 -0.06699126 0.05953673
v -0.02829636 -0.06686682 0.06055110
v -0.02877936 -0.06678858 0.06173236
v -0.02894410 -0.06676190 0.06300000
v -0.02877936 -0.06678858 0.06426764
v -0.02829636 -0.06686682 0.06544890
v -0.02752803 -0.06699126 0.06646328
v -0.02652670 -0.06715345 0.06724163
v -0.02536064 -0.06734230 0.06773091
v -0.02413663 -0.06771364 0.06788990
v -0.02288731 -0.06791600 0.06772329
v -0.02172313 -0.06810456 0.06723477
v -0.02072343 -0.06826646 0.06645768
v -0.01995633 -0.06839070 0.06544495
v -0.01947411 -0.06846881 0.06426561
v -0.01930963 -0.06849546 0.06300000
v -0.01947411 -0.06846881 0.06173440
v -0.01995633 -0.06839070 0.06055505
v -0.02072343 -0.06826646 0.05954232
v -0.02172313 -0.06810456 0.05876523
v -0.02288731 -0.06791600 0.05827672
v -0.02413663 -0.06771364 0.05811011
v -0.02538594 -0.06751130 0.05827672
v -0.02655012 -0.06732274 0.05876523
v -0.02754982 -0.06716082 0.05954232
v -0.02831692 -0.06703659 0.06055505
v -0.02879915 -0.06695848 0.06173440
v -0.02896362 -0.06693185 0.06300000
v -0.02879915 -0.06695848 0.06426561
v -0.02831692 -0.06703659 0.06544495
v -0.02754982 -0.06716082 0.06645768
v -0.02655012 -0.06732274 0.06723477
v -0.02538594 -0.06751130 0.06772329
v -0.02416275 -0.06787494 0.06783931
v -0.02292636 -0.06807519 0.06767440
v -0.02177423 -0.06826180 0.06719097
v -0.02078487 -0.06842205 0.06642190
v -0.02002571 -0.06854499 0.06541965
v -0.01954848 -0.06862229 0.06425251
v -0.01938571 -0.06864865 0.06300000
v -0.01954848 -0.06862229 0.06174750
v -0.02002571 -0.06854499 0.06058035
v -0.02078487 -0.06842205 0.05957810
v -0.02177423 -0.06826180 0.05880905
v -0.02292636 -0.06807519 0.05832560
v -0.02416275 -0.06787494 0.05816070
v -0.02539914 -0.06767469 0.05832560
v -0.02655127 -0.06748809 0.05880905
v -0.02754063 -0.06732785 0.05957810
v -0.02829979 -0.06720489 0.06058035
v -0.02877702 -0.06712760 0.06174750
v -0.02893980 -0.06710123 0.06300000
v -0.02877702 -0.06712760 0.06425251
v -0.02829979 -0.06720489 0.06541965
v -0.02754063 -0.06732785 0.06642190
v -0.02655127 -0.06748809 0.06719097
v -0.02539914 -0.06767469 0.06767440
v -0.02418600 -0.06801850 0.06774924
v -0.02297262 -0.06821503 0.06758742
v -0.02184193 -0.06839817 0.06711297
v -0.02087098 -0.06855541 0.06635823
v -0.02012594 -0.06867609 0.06537462
v -0.01965760 -0.06875196 0.06422921
v -0.01949785 -0.06877782 0.06300000
v -0.01965760 -0.06875196 0.06177080
v -0.02012594 -0.06867609 0.06062538
v -0.02087098 -0.06855541 0.05964178
v -0.02184193 -0.06839817 0.05888703
v -0.02297262 -0.06821503 0.05841258
v -0.02418600 -0.06801850 0.05825075
v -0.02539938 -0.06782199 0.05841258
v -0.02653009 -0.06763885 0.05888703
v -0.02750102 -0.06748159 0.05964178
v -0.02824606 -0.06736093 0.06062538
v -0.02871442 -0.06728507 0.06177080
v -0.02887415 -0.06725920 0.06300000
v -0.02871442 -0.06728507 0.06422921
v -0.02824606 -0.06736093 0.06537462
v -0.02750102 -0.06748159 0.06635823
v -0.02653009 -0.06763885 0.06711297
v -0.02539938 -0.06782199 0.06758742
v -0.02420489 -0.06813511 0.06762553
v -0.02302311 -0.06832653 0.06746791
v -0.02192188 -0.06850489 0.06700582
v -0.02097622 -0.06865805 0.06627074
v -0.02025060 -0.06877558 0.06531277
v -0.01979445 -0.06884944 0.06419718
v -0.01963886 -0.06887464 0.06300000
v -0.01979445 -0.06884944 0.06180282
v -0.02025060 -0.06877558 0.06068724
v -0.02097622 -0.06865805 0.05972926
v -0.02192188 -0.06850489 0.05899418
v -0.02302311 -0.06832653 0.05853208
v -0.02420489 -0.06813511 0.05837447
v -0.02538666 -0.06794371 0.05853208
v -0.02648790 -0.06776535 0.05899418
v -0.02743356 -0.06761218 0.05972926
v -0.02815918 -0.06749465 0.06068724
v -0.02861533 -0.06742078 0.06180282
v -0.02877091 -0.06739558 0.06300000
v -0.02861533 -0.06742078 0.06419718
v -0.02815918 -0.06749465 0.06531277
v -0.02743356 -0.06761218 0.06627074
v -0.02648790 -0.06776535 0.06700582
v -0.02538666 -0.06794371 0.06746791
v -0.02421820 -0.06821728 0.06747609
v -0.02307460 -0.06840250 0.06732357
v -0.02200894 -0.06857509 0.06687641
v -0.02109384 -0.06872331 0.06616508
v -0.02039165 -0.06883705 0.06523806
v -0.01995024 -0.06890853 0.06415850
v -0.01979969 -0.06893292 0.06300000
v -0.01995024 -0.06890853 0.06184150
v -0.02039165 -0.06883705 0.06076195
v -0.02109384 -0.06872331 0.05983493
v -0.02200894 -0.06857509 0.05912360
v -0.02307460 -0.06840250 0.05867643
v -0.02421820 -0.06821728 0.05852391
v -0.02536179 -0.06803205 0.05867643
v -0.02642745 -0.06785946 0.05912360
v -0.02734255 -0.06771125 0.05983493
v -0.02804474 -0.06759751 0.06076195
v -0.02848616 -0.06752602 0.06184150
v -0.02863671 -0.06750164 0.06300000
v -0.02848616 -0.06752602 0.06415850
v -0.02804474 -0.06759751 0.06523806
v -0.02734255 -0.06771125 0.06616508
v -0.02642745 -0.06785946 0.06687641
v -0.02536179 -0.06803205 0.06732357
v -0.02422508 -0.06825972 0.06731053
v -0.02312378 -0.06843809 0.06716365
v -0.02209753 -0.06860431 0.06673304
v -0.02121627 -0.06874704 0.06604801
v -0.02054006 -0.06885656 0.06515526
v -0.02011498 -0.06892541 0.06411565
v -0.01996999 -0.06894890 0.06300000
v -0.02011498 -0.06892541 0.06188435
v -0.02054006 -0.06885656 0.06084474
v -0.02121627 -0.06874704 0.05995200
v -0.02209753 -0.06860431 0.05926697
v -0.02312378 -0.06843809 0.05883635
v -0.02422508 -0.06825972 0.05868947
v -0.02532637 -0.06808135 0.05883635
v -0.02635261 -0.06791513 0.05926697
v -0.02723387 -0.06777240 0.05995200
v -0.02791008 -0.06766288 0.06084474
v -0.02833516 -0.06759403 0.06188435
v -0.02848015 -0.06757054 0.06300000
v -0.02833516 -0.06759403 0.06411565
v -0.02791008 -0.06766288 0.06515526
v -0.02723387 -0.06777240 0.06604801
v -0.02635261 -0.06791513 0.06673304
v -0.02532637 -0.06808135 0.06716365
v -0.02642040 -0.06684600 0.05885498
v -0.02677269 -0.06678893 0.05823686
v -0.02528090 -0.06703054 0.05837684
v -0.02546326 -0.06700101 0.05768741
v -0.02405806 -0.06722859 0.05821375
v -0.02405806 -0.06722859 0.05750000
v -0.02283523 -0.06742665 0.05837684
v -0.02265287 -0.06745619 0.05768741
v -0.02169573 -0.06761122 0.05885498
v -0.02134344 -0.06766827 0.05823686
v -0.02071721 -0.06776970 0.05961561
v -0.02021901 -0.06785039 0.05911091
v -0.01996637 -0.06789131 0.06060688
v -0.01935620 -0.06799015 0.06025000
v -0.01949438 -0.06796775 0.06176123
v -0.01881381 -0.06807798 0.06157649
v -0.01933339 -0.06799383 0.06300000
v -0.01862882 -0.06810794 0.06300000
v -0.01949438 -0.06796775 0.06423877
v -0.01881381 -0.06807798 0.06442350
v -0.01996637 -0.06789131 0.06539313
v -0.01935620 -0.06799015 0.06575000
v -0.02071721 -0.06776970 0.06638439
v -0.02021901 -0.06785039 0.06688909
v -0.02169573 -0.06761122 0.06714502
v -0.02134344 -0.06766827 0.06776316
v -0.02283523 -0.06742665 0.06762316
v -0.02265287 -0.06745619 0.06831259
v -0.02405806 -0.06722859 0.06778625
v -0.02405806 -0.06722859 0.06850000
v -0.02528090 -0.06703054 0.06762316
v -0.02546326 -0.06700101 0.06831259
v -0.02642040 -0.06684600 0.06714502
v -0.02677269 -0.06678893 0.06776316
v -0.02739892 -0.06668750 0.06638439
v -0.02789712 -0.06660681 0.06688909
v -0.02814976 -0.06656589 0.06539313
v -0.02875993 -0.06646707 0.06575000
v -0.02862175 -0.06648944 0.06423877
v -0.02930232 -0.06637921 0.06442350
v -0.02878274 -0.06646337 0.06300000
v -0.02948731 -0.06634925 0.06300000
v -0.02862175 -0.06648944 0.06176123
v -0.02930232 -0.06637921 0.06157649
v -0.02814976 -0.06656589 0.06060688
v -0.02875993 -0.06646707 0.06025000
v -0.02739892 -0.06668750 0.05961561
v -0.02789712 -0.06660681 0.05911091
v -0.01771790 0.06559616 0.03278981
v -0.01773301 0.06559372 0.03278809
v -0.01773036 0.06559415 0.03277117
v -0.01741288 0.06564557 0.03330106
v -0.01756079 0.06562157 0.03304753
v -0.01754549 0.06562410 0.03304771
v -0.01756905 0.06562027 0.03301246
v -0.01757324 0.06561960 0.03304412
v -0.01757263 0.06561969 0.03304509
v -0.01773232 0.06559385 0.03278921
v -0.01788770 0.06556868 0.03253908
v -0.01788730 0.06556874 0.03253902
v -0.01788761 0.06556868 0.03253956
v -0.01788642 0.06556887 0.03254229
v -0.01788348 0.06556936 0.03254213
v -0.01788690 0.06556879 0.03253899
v -0.01788711 0.06556878 0.03253886
v -0.01788770 0.06556868 0.03253905
v -0.01788768 0.06556868 0.03253892
v -0.01788768 0.06556868 0.03253890
v -0.01788755 0.06556869 0.03253876
v -0.01788751 0.06556871 0.03253876
v -0.01788764 0.06556868 0.03253882
v -0.01788759 0.06556868 0.03253878
v -0.01788745 0.06556871 0.03253875
v -0.01788734 0.06556874 0.03253877
v -0.01725499 0.06567115 0.03355320
v -0.01725501 0.06567115 0.03355322
v -0.01725503 0.06567113 0.03355315
v -0.01725503 0.06567113 0.03355323
v -0.01725506 0.06567113 0.03355323
v -0.01725514 0.06567112 0.03355307
v -0.01725496 0.06567115 0.03355307
v -0.01725497 0.06567115 0.03355317
v -0.01725723 0.06567078 0.03355048
v -0.01725614 0.06567096 0.03355150
v -0.01725532 0.06567109 0.03355307
v -0.01725514 0.06567112 0.03355320
v -0.01725509 0.06567113 0.03355323
v -0.01740751 0.06564643 0.03325901
v -0.01733153 0.06565874 0.03339823
v -0.01737289 0.06565204 0.03335059
v -0.01742212 0.06564408 0.03323225
v -0.01741237 0.06564566 0.03330189
v -0.01725504 0.06567113 0.03355253
v -0.01725496 0.06567115 0.03355304
v -0.02897291 0.06377325 0.04279310
v -0.02898065 0.06377213 0.04279294
v -0.02898203 0.06377177 0.04278517
v -0.02914856 0.06374480 0.04265696
v -0.02914487 0.06374540 0.04265601
v -0.02914760 0.06374495 0.04266012
v -0.02913746 0.06374661 0.04267652
v -0.02909782 0.06375309 0.04270508
v -0.02910578 0.06375174 0.04267750
v -0.02914115 0.06374600 0.04265530
v -0.02914340 0.06374564 0.04265448
v -0.02914859 0.06374480 0.04265672
v -0.02914857 0.06374480 0.04265570
v -0.02914854 0.06374480 0.04265551
v -0.02914836 0.06374484 0.04265501
v -0.02914826 0.06374485 0.04265484
v -0.02914801 0.06374489 0.04265453
v -0.02914788 0.06374492 0.04265443
v -0.02914752 0.06374497 0.04265421
v -0.02914731 0.06374500 0.04265412
v -0.02914668 0.06374510 0.04265399
v -0.02914565 0.06374527 0.04265400
v -0.02898300 0.06377161 0.04282902
v -0.02901666 0.06376617 0.04280139
v -0.02905213 0.06376043 0.04277229
v -0.02908986 0.06375431 0.04273276
v -0.02881250 0.06379923 0.04296893
v -0.02884043 0.06379471 0.04294601
v -0.02880949 0.06379984 0.04293745
v -0.02882389 0.06379759 0.04293664
v -0.02866348 0.06382336 0.04309122
v -0.02880491 0.06380047 0.04293927
v -0.02881205 0.06379931 0.04293305
v -0.02864131 0.06382697 0.04310941
v -0.02863926 0.06382736 0.04308469
v -0.02865057 0.06382557 0.04308425
v -0.02847422 0.06385402 0.04322902
v -0.02847649 0.06385365 0.04322963
v -0.02847440 0.06385399 0.04322867
v -0.02847814 0.06385338 0.04322356
v -0.02858543 0.06383608 0.04313916
v -0.02863611 0.06382781 0.04308613
v -0.02864125 0.06382697 0.04308166
v -0.02853695 0.06384386 0.04319504
v -0.02847875 0.06385329 0.04323023
v -0.02847619 0.06385370 0.04323107
v -0.02847389 0.06385408 0.04322998
v -0.02847387 0.06385408 0.04323007
v -0.02847385 0.06385408 0.04323045
v -0.02847386 0.06385408 0.04323052
v -0.02847392 0.06385407 0.04323072
v -0.02847397 0.06385407 0.04323081
v -0.02847408 0.06385404 0.04323094
v -0.02847413 0.06385403 0.04323099
v -0.02847429 0.06385402 0.04323109
v -0.02847461 0.06385396 0.04323119
v -0.02847523 0.06385386 0.04323121
f 1 2 3
f 4 5 6
f 7 8 9
f 10 11 12
f 13 14 15
f 16 17 3
f 18 19 20
f 19 21 20
f 21 22 20
f 22 23 20
f 20 23 24
f 24 25 20
f 25 26 20
f 20 26 27
f 27 28 20
f 28 29 20
f 20 29 30
f 30 31 20
f 31 32 20
f 20 32 33
f 33 34 20
f 34 35 20
f 20 35 36
f 37 38 39
f 39 38 40
f 38 41 40
f 40 41 42
f 42 43 40
f 43 44 40
f 40 44 45
f 45 46 40
f 46 47 40
f 40 47 48
f 48 49 40
f 49 50 40
f 40 50 51
f 51 52 40
f 52 53 40
f 40 53 20
f 53 54 20
f 20 54 18
f 55 56 57
f 56 58 57
f 57 58 39
f 58 59 39
f 39 59 37
f 60 61 62
f 63 64 65
f 66 67 68
f 67 63 68
f 68 63 69
f 63 65 69
f 70 71 72
f 71 73 72
f 72 73 74
f 75 76 77
f 78 79 80
f 79 81 80
f 82 83 75
f 83 84 75
f 84 85 75
f 75 85 76
f 78 80 86
f 80 87 86
f 86 87 88
f 89 90 91
f 90 92 91
f 89 93 90
f 93 94 90
f 90 94 87
f 94 95 87
f 87 95 88
f 96 97 90
f 97 98 90
f 90 98 99
f 100 15 101
f 15 102 101
f 101 102 103
f 102 104 103
f 100 105 15
f 105 106 15
f 15 106 107
f 108 109 102
f 109 110 102
f 102 110 104
f 111 112 108
f 112 113 108
f 108 113 109
f 114 115 116
f 117 118 119
f 119 118 114
f 118 120 114
f 114 120 115
f 121 122 123
f 124 119 125
f 119 126 125
f 127 128 123
f 128 129 123
f 129 130 123
f 123 130 121
f 130 131 121
f 121 131 124
f 131 132 124
f 124 132 119
f 132 133 119
f 119 133 117
f 134 135 136
f 135 137 136
f 137 138 136
f 136 138 123
f 138 139 123
f 123 139 127
f 140 141 142
f 142 141 6
f 141 143 6
f 6 143 144
f 145 146 147
f 146 148 147
f 147 148 142
f 148 149 142
f 142 149 140
f 150 151 147
f 151 152 147
f 147 152 145
f 153 154 150
f 154 155 150
f 150 155 151
f 2 156 3
f 156 157 3
f 3 157 16
f 158 159 20
f 158 20 160
f 36 161 20
f 161 162 20
f 20 162 163
f 163 164 20
f 164 165 20
f 20 165 166
f 166 167 20
f 167 168 20
f 20 168 169
f 169 170 20
f 170 171 20
f 20 171 172
f 172 173 20
f 173 174 20
f 20 174 175
f 175 176 20
f 176 177 20
f 20 177 160
f 159 178 20
f 178 179 20
f 20 179 180
f 181 182 183
f 180 184 20
f 184 185 20
f 20 185 186
f 181 183 187
f 186 188 20
f 188 189 20
f 20 189 183
f 189 190 183
f 183 190 187
f 182 191 183
f 191 192 183
f 183 192 193
f 192 194 193
f 193 194 195
f 196 197 198
f 197 199 198
f 198 199 200
f 201 202 108
f 202 114 108
f 108 114 111
f 114 116 111
f 202 203 114
f 203 204 114
f 114 204 119
f 204 205 119
f 119 205 126
f 206 207 102
f 15 14 102
f 14 208 102
f 102 208 206
f 207 209 102
f 209 210 102
f 102 210 108
f 210 211 108
f 108 211 201
f 92 90 212
f 90 99 212
f 212 99 107
f 99 213 107
f 107 213 15
f 213 214 15
f 15 214 13
f 96 90 215
f 90 87 215
f 215 87 216
f 80 217 218
f 218 219 80
f 219 220 80
f 80 220 87
f 220 221 87
f 87 221 216
f 222 223 224
f 223 225 224
f 81 82 80
f 82 75 80
f 80 75 217
f 75 224 217
f 217 224 226
f 224 225 226
f 227 228 229
f 228 230 229
f 70 72 77
f 72 229 77
f 77 229 75
f 229 230 75
f 75 230 224
f 230 231 224
f 224 231 222
f 232 233 234
f 66 68 74
f 68 232 74
f 74 232 72
f 232 234 72
f 72 234 229
f 234 235 229
f 229 235 227
f 236 237 232
f 237 238 232
f 232 238 233
f 12 11 239
f 11 240 239
f 239 240 236
f 241 242 243
f 242 244 243
f 10 245 246
f 245 247 246
f 246 247 248
f 247 249 248
f 250 251 241
f 251 252 241
f 241 252 242
f 253 254 250
f 254 255 250
f 250 255 251
f 256 257 253
f 257 258 253
f 253 258 254
f 259 260 261
f 261 262 256
f 262 263 256
f 256 263 257
f 260 259 264
f 261 256 259
f 256 265 259
f 259 265 264
f 266 267 268
f 267 269 268
f 268 269 270
f 269 271 270
f 270 271 272
f 9 8 273
f 8 274 273
f 273 274 275
f 276 277 278
f 277 279 278
f 278 279 274
f 279 280 274
f 274 280 275
f 5 281 6
f 281 282 6
f 6 282 142
f 282 283 142
f 142 283 284
f 285 4 136
f 4 6 136
f 136 6 134
f 6 144 134
f 286 287 136
f 287 288 136
f 136 288 285
f 122 289 123
f 289 290 123
f 123 290 136
f 290 291 136
f 136 291 286
f 64 60 65
f 60 62 65
f 65 62 69
f 62 292 69
f 69 292 68
f 236 232 239
f 232 68 239
f 239 68 12
f 68 292 12
f 12 292 10
f 292 62 10
f 10 62 245
f 62 293 245
f 245 293 247
f 7 153 8
f 153 150 8
f 8 150 274
f 150 147 274
f 274 147 278
f 147 142 278
f 278 142 276
f 142 284 276
f 272 294 270
f 294 295 270
f 270 295 268
f 295 153 268
f 268 153 266
f 153 7 266
f 195 196 193
f 196 198 193
f 193 198 1
f 198 200 1
f 1 200 2
f 200 296 2
f 2 296 156
f 61 55 62
f 55 57 62
f 62 57 293
f 57 39 293
f 293 39 297
f 39 40 297
f 297 40 298
f 40 20 298
f 298 20 299
f 20 183 299
f 299 183 300
f 183 193 300
f 300 193 294
f 193 1 294
f 294 1 295
f 1 3 295
f 295 3 153
f 3 17 153
f 153 17 154
f 272 264 294
f 264 265 294
f 294 265 300
f 265 256 300
f 300 256 299
f 256 253 299
f 299 253 298
f 253 250 298
f 298 250 297
f 250 241 297
f 297 241 293
f 241 243 293
f 293 243 247
f 243 244 247
f 247 244 249
f 301 302 303
f 304 305 302
f 305 306 302
f 302 306 303
f 307 308 309
f 308 310 309
f 309 310 311
f 307 312 308
f 312 313 308
f 308 313 302
f 313 314 302
f 302 314 304
f 311 310 315
f 310 316 315
f 315 316 317
f 318 319 320
f 320 321 318
f 321 322 318
f 318 322 316
f 322 323 316
f 316 323 317
f 319 318 324
f 318 325 324
f 324 325 326
f 327 328 329
f 328 330 329
f 329 330 325
f 330 331 325
f 325 331 326
f 332 333 334
f 333 335 334
f 334 335 336
f 336 337 334
f 337 338 334
f 334 338 329
f 338 339 329
f 329 339 327
f 340 341 342
f 341 343 342
f 342 343 334
f 343 344 334
f 334 344 332
f 340 342 345
f 342 346 345
f 345 346 347
f 348 346 349
f 346 350 349
f 348 351 346
f 351 352 346
f 346 352 347
f 353 354 350
f 355 356 350
f 356 357 350
f 350 357 353
f 354 358 350
f 358 359 350
f 350 359 349
f 360 361 362
f 361 363 362
f 362 363 355
f 363 364 355
f 355 364 356
f 365 366 362
f 366 367 362
f 362 367 360
f 368 369 370
f 369 371 370
f 370 371 372
f 371 373 372
f 373 374 372
f 374 375 372
f 372 375 362
f 375 376 362
f 362 376 365
f 377 378 370
f 378 379 370
f 370 379 368
f 377 380 381
f 381 382 377
f 382 383 377
f 377 383 384
f 384 385 377
f 385 386 377
f 377 386 378
f 387 388 389
f 388 390 389
f 389 390 380
f 390 391 380
f 380 391 381
f 387 389 392
f 389 393 392
f 392 393 394
f 395 396 393
f 396 397 393
f 393 397 394
f 398 399 395
f 399 400 395
f 395 400 396
f 398 395 401
f 395 402 401
f 401 402 403
f 404 405 402
f 405 406 402
f 402 406 403
f 407 408 404
f 408 409 404
f 404 409 405
f 303 410 301
f 410 411 301
f 301 411 412
f 411 413 412
f 412 413 404
f 413 414 404
f 404 414 407
f 415 416 417
f 416 418 417
f 417 418 419
f 418 420 419
f 419 420 421
f 420 422 421
f 421 422 423
f 422 424 423
f 423 424 425
f 424 426 425
f 425 426 427
f 426 428 427
f 427 428 429
f 428 430 429
f 429 430 431
f 430 432 431
f 431 432 433
f 432 434 433
f 433 434 435
f 434 436 435
f 435 436 437
f 436 438 437
f 437 438 439
f 438 440 439
f 439 440 441
f 440 442 441
f 441 442 443
f 442 444 443
f 443 444 445
f 444 446 445
f 445 446 447
f 446 448 447
f 447 448 449
f 448 450 449
f 449 450 451
f 450 452 451
f 451 452 453
f 452 454 453
f 453 454 455
f 454 456 455
f 455 456 457
f 456 458 457
f 457 458 459
f 458 460 459
f 459 460 461
f 460 462 461
f 461 462 415
f 462 416 415
f 463 464 465
f 464 466 465
f 465 466 467
f 466 468 467
f 467 468 469
f 468 470 469
f 469 470 471
f 470 472 471
f 471 472 473
f 472 474 473
f 473 474 475
f 474 476 475
f 475 476 477
f 476 478 477
f 477 478 479
f 478 480 479
f 479 480 481
f 480 482 481
f 481 482 483
f 482 484 483
f 483 484 485
f 484 486 485
f 485 486 487
f 486 488 487
f 487 488 489
f 488 490 489
f 489 490 491
f 490 492 491
f 491 492 493
f 492 494 493
f 493 494 495
f 494 496 495
f 495 496 497
f 496 498 497
f 497 498 499
f 498 500 499
f 499 500 501
f 500 502 501
f 501 502 503
f 502 504 503
f 503 504 505
f 504 506 505
f 505 506 507
f 506 508 507
f 507 508 509
f 508 510 509
f 509 510 463
f 510 464 463
f 511 512 513
f 512 514 513
f 513 514 515
f 514 516 515
f 515 516 517
f 516 518 517
f 517 518 519
f 518 520 519
f 519 520 521
f 520 522 521
f 521 522 523
f 522 524 523
f 523 524 525
f 524 526 525
f 525 526 527
f 526 528 527
f 527 528 529
f 528 530 529
f 529 530 531
f 530 532 531
f 531 532 533
f 532 534 533
f 533 534 535
f 534 536 535
f 535 536 537
f 536 538 537
f 537 538 539
f 538 540 539
f 539 540 541
f 540 542 541
f 541 542 543
f 542 544 543
f 543 544 545
f 544 546 545
f 545 546 547
f 546 548 547
f 547 548 549
f 548 550 549
f 549 550 551
f 550 552 551
f 551 552 553
f 552 554 553
f 553 554 555
f 554 556 555
f 555 556 557
f 556 558 557
f 557 558 511
f 558 512 511
f 559 492 560
f 492 490 560
f 560 490 561
f 490 488 561
f 561 488 562
f 488 486 562
f 562 486 563
f 486 484 563
f 563 484 564
f 484 482 564
f 564 482 565
f 482 480 565
f 565 480 566
f 480 478 566
f 566 478 567
f 478 476 567
f 567 476 568
f 476 474 568
f 568 474 569
f 474 472 569
f 569 472 570
f 472 470 570
f 570 470 571
f 470 468 571
f 571 468 572
f 468 466 572
f 572 466 573
f 466 464 573
f 573 464 574
f 464 510 574
f 574 510 575
f 510 508 575
f 575 508 576
f 508 506 576
f 576 506 577
f 506 504 577
f 577 504 578
f 504 502 578
f 578 502 579
f 502 500 579
f 579 500 580
f 500 498 580
f 580 498 581
f 498 496 581
f 581 496 582
f 496 494 582
f 582 494 559
f 494 492 559
f 511 583 557
f 583 584 557
f 557 584 555
f 584 585 555
f 555 585 553
f 585 586 553
f 553 586 551
f 586 587 551
f 551 587 549
f 587 588 549
f 549 588 547
f 588 589 547
f 547 589 545
f 589 590 545
f 545 590 543
f 590 591 543
f 543 591 541
f 591 592 541
f 541 592 539
f 592 593 539
f 539 593 537
f 593 594 537
f 537 594 535
f 594 595 535
f 535 595 533
f 595 596 533
f 533 596 531
f 596 597 531
f 531 597 529
f 597 598 529
f 529 598 527
f 598 599 527
f 527 599 525
f 599 600 525
f 525 600 523
f 600 601 523
f 523 601 521
f 601 602 521
f 521 602 519
f 602 603 519
f 519 603 517
f 603 604 517
f 517 604 515
f 604 605 515
f 515 605 513
f 605 606 513
f 513 606 511
f 606 583 511
f 583 607 584
f 607 608 584
f 584 608 585
f 608 609 585
f 585 609 586
f 609 610 586
f 586 610 587
f 610 611 587
f 587 611 588
f 611 612 588
f 588 612 589
f 612 613 589
f 589 613 590
f 613 614 590
f 590 614 591
f 614 615 591
f 591 615 592
f 615 616 592
f 592 616 593
f 616 617 593
f 593 617 594
f 617 618 594
f 594 618 595
f 618 619 595
f 595 619 596
f 619 620 596
f 596 620 597
f 620 621 597
f 597 621 598
f 621 622 598
f 598 622 599
f 622 623 599
f 599 623 600
f 623 624 600
f 600 624 601
f 624 625 601
f 601 625 602
f 625 626 602
f 602 626 603
f 626 627 603
f 603 627 604
f 627 628 604
f 604 628 605
f 628 629 605
f 605 629 606
f 629 630 606
f 606 630 583
f 630 607 583
f 607 631 608
f 631 632 608
f 608 632 609
f 632 633 609
f 609 633 610
f 633 634 610
f 610 634 611
f 634 635 611
f 611 635 612
f 635 636 612
f 612 636 613
f 636 637 613
f 613 637 614
f 637 638 614
f 614 638 615
f 638 639 615
f 615 639 616
f 639 640 616
f 616 640 617
f 640 641 617
f 617 641 618
f 641 642 618
f 618 642 619
f 642 643 619
f 619 643 620
f 643 644 620
f 620 644 621
f 644 645 621
f 621 645 622
f 645 646 622
f 622 646 623
f 646 647 623
f 623 647 624
f 647 648 624
f 624 648 625
f 648 649 625
f 625 649 626
f 649 650 626
f 626 650 627
f 650 651 627
f 627 651 628
f 651 652 628
f 628 652 629
f 652 653 629
f 629 653 630
f 653 654 630
f 630 654 607
f 654 631 607
f 631 559 632
f 559 560 632
f 632 560 633
f 560 561 633
f 633 561 634
f 561 562 634
f 634 562 635
f 562 563 635
f 635 563 636
f 563 564 636
f 636 564 637
f 564 565 637
f 637 565 638
f 565 566 638
f 638 566 639
f 566 567 639
f 639 567 640
f 567 568 640
f 640 568 641
f 568 569 641
f 641 569 642
f 569 570 642
f 642 570 643
f 570 571 643
f 643 571 644
f 571 572 644
f 644 572 645
f 572 573 645
f 645 573 646
f 573 574 646
f 646 574 647
f 574 575 647
f 647 575 648
f 575 576 648
f 648 576 649
f 576 577 649
f 649 577 650
f 577 578 650
f 650 578 651
f 578 579 651
f 651 579 652
f 579 580 652
f 652 580 653
f 580 581 653
f 653 581 654
f 581 582 654
f 654 582 631
f 582 559 631
f 655 556 656
f 556 554 656
f 656 554 657
f 554 552 657
f 657 552 658
f 552 550 658
f 658 550 659
f 550 548 659
f 659 548 660
f 548 546 660
f 660 546 661
f 546 544 661
f 661 544 662
f 544 542 662
f 662 542 663
f 542 540 663
f 663 540 664
f 540 538 664
f 664 538 665
f 538 536 665
f 665 536 666
f 536 534 666
f 666 534 667
f 534 532 667
f 667 532 668
f 532 530 668
f 668 530 669
f 530 528 669
f 669 528 670
f 528 526 670
f 670 526 671
f 526 524 671
f 671 524 672
f 524 522 672
f 672 522 673
f 522 520 673
f 673 520 674
f 520 518 674
f 674 518 675
f 518 516 675
f 675 516 676
f 516 514 676
f 676 514 677
f 514 512 677
f 677 512 678
f 512 558 678
f 678 558 655
f 558 556 655
f 679 680 681
f 680 682 681
f 681 682 683
f 682 684 683
f 683 684 685
f 684 686 685
f 685 686 687
f 686 688 687
f 687 688 689
f 688 690 689
f 689 690 691
f 690 692 691
f 691 692 693
f 692 694 693
f 693 694 695
f 694 696 695
f 695 696 697
f 696 698 697
f 697 698 699
f 698 700 699
f 699 700 701
f 700 702 701
f 701 702 703
f 702 704 703
f 703 704 705
f 704 706 705
f 705 706 707
f 706 708 707
f 707 708 709
f 708 710 709
f 709 710 711
f 710 712 711
f 711 712 713
f 712 714 713
f 713 714 715
f 714 716 715
f 715 716 717
f 716 718 717
f 717 718 719
f 718 720 719
f 719 720 721
f 720 722 721
f 721 722 723
f 722 724 723
f 723 724 725
f 724 726 725
f 725 726 679
f 726 680 679
f 727 728 729
f 728 730 729
f 729 730 731
f 730 732 731
f 731 732 733
f 732 734 733
f 733 734 735
f 734 736 735
f 735 736 737
f 736 738 737
f 737 738 739
f 738 740 739
f 739 740 741
f 740 742 741
f 741 742 743
f 742 744 743
f 743 744 745
f 744 746 745
f 745 746 747
f 746 748 747
f 747 748 749
f 748 750 749
f 749 750 751
f 750 752 751
f 751 752 753
f 752 754 753
f 753 754 755
f 754 756 755
f 755 756 757
f 756 758 757
f 757 758 759
f 758 760 759
f 759 760 761
f 760 762 761
f 761 762 763
f 762 764 763
f 763 764 765
f 764 766 765
f 765 766 767
f 766 768 767
f 767 768 769
f 768 770 769
f 769 770 771
f 770 772 771
f 771 772 773
f 772 774 773
f 773 774 727
f 774 728 727
f 775 776 777
f 776 778 777
f 777 778 779
f 778 780 779
f 779 780 781
f 780 782 781
f 781 782 783
f 782 784 783
f 783 784 785
f 784 786 785
f 785 786 787
f 786 788 787
f 787 788 789
f 788 790 789
f 789 790 791
f 790 792 791
f 791 792 793
f 792 794 793
f 793 794 795
f 794 796 795
f 795 796 797
f 796 798 797
f 797 798 799
f 798 800 799
f 799 800 801
f 800 802 801
f 801 802 803
f 802 804 803
f 803 804 805
f 804 806 805
f 805 806 807
f 806 808 807
f 807 808 809
f 808 810 809
f 809 810 811
f 810 812 811
f 811 812 813
f 812 814 813
f 813 814 815
f 814 816 815
f 815 816 817
f 816 818 817
f 817 818 819
f 818 820 819
f 819 820 821
f 820 822 821
f 821 822 775
f 822 776 775
f 823 824 825
f 824 826 825
f 825 826 827
f 826 828 827
f 827 828 829
f 828 830 829
f 829 830 831
f 830 832 831
f 831 832 833
f 832 834 833
f 833 834 835
f 834 836 835
f 835 836 837
f 836 838 837
f 837 838 839
f 838 840 839
f 839 840 841
f 840 842 841
f 841 842 843
f 842 844 843
f 843 844 845
f 844 846 845
f 845 846 847
f 846 848 847
f 847 848 849
f 848 850 849
f 849 850 851
f 850 852 851
f 851 852 853
f 852 854 853
f 853 854 855
f 854 856 855
f 855 856 857
f 856 858 857
f 857 858 859
f 858 860 859
f 859 860 861
f 860 862 861
f 861 862 863
f 862 864 863
f 863 864 865
f 864 866 865
f 865 866 867
f 866 868 867
f 867 868 869
f 868 870 869
f 869 870 823
f 870 824 823
f 871 872 873
f 872 874 873
f 873 874 875
f 874 876 875
f 875 876 877
f 876 878 877
f 877 878 879
f 878 880 879
f 879 880 881
f 880 882 881
f 881 882 883
f 882 884 883
f 883 884 885
f 884 886 885
f 885 886 887
f 886 888 887
f 887 888 889
f 888 890 889
f 889 890 891
f 890 892 891
f 891 892 893
f 892 894 893
f 893 894 895
f 894 896 895
f 895 896 897
f 896 898 897
f 897 898 899
f 898 900 899
f 899 900 901
f 900 902 901
f 901 902 903
f 902 904 903
f 903 904 905
f 904 906 905
f 905 906 907
f 906 908 907
f 907 908 909
f 908 910 909
f 909 910 911
f 910 912 911
f 911 912 913
f 912 914 913
f 913 914 915
f 914 916 915
f 915 916 917
f 916 918 917
f 917 918 871
f 918 872 871
f 919 920 921
f 920 922 921
f 921 922 923
f 922 924 923
f 923 924 925
f 924 926 925
f 925 926 927
f 926 928 927
f 927 928 929
f 928 930 929
f 929 930 931
f 930 932 931
f 931 932 933
f 932 934 933
f 933 934 935
f 934 936 935
f 935 936 937
f 936 938 937
f 937 938 939
f 938 940 939
f 939 940 941
f 940 942 941
f 941 942 943
f 942 944 943
f 943 944 945
f 944 946 945
f 945 946 947
f 946 948 947
f 947 948 949
f 948 950 949
f 949 950 951
f 950 952 951
f 951 952 953
f 952 954 953
f 953 954 955
f 954 956 955
f 955 956 957
f 956 958 957
f 957 958 959
f 958 960 959
f 959 960 961
f 960 962 961
f 961 962 963
f 962 964 963
f 963 964 965
f 964 966 965
f 965 966 919
f 966 920 919
f 967 968 969
f 968 970 969
f 969 970 971
f 970 972 971
f 971 972 973
f 972 974 973
f 973 974 975
f 974 976 975
f 975 976 977
f 976 978 977
f 977 978 979
f 978 980 979
f 979 980 981
f 980 982 981
f 981 982 983
f 982 984 983
f 983 984 985
f 984 986 985
f 985 986 987
f 986 988 987
f 987 988 989
f 988 990 989
f 989 990 991
f 990 992 991
f 991 992 993
f 992 994 993
f 993 994 995
f 994 996 995
f 995 996 997
f 996 998 997
f 997 998 999
f 998 1000 999
f 999 1000 1001
f 1000 1002 1001
f 1001 1002 1003
f 1002 1004 1003
f 1003 1004 1005
f 1004 1006 1005
f 1005 1006 1007
f 1006 1008 1007
f 1007 1008 1009
f 1008 1010 1009
f 1009 1010 1011
f 1010 1012 1011
f 1011 1012 1013
f 1012 1014 1013
f 1013 1014 967
f 1014 968 967
f 1015 1016 1017
f 1016 1018 1017
f 1017 1018 1019
f 1018 1020 1019
f 1019 1020 1021
f 1022 1023 1024
f 1023 1025 1024
f 1024 1025 1026
f 1025 1027 1026
f 1026 1027 1028
f 1027 1029 1028
f 1028 1029 1030
f 1029 1031 1030
f 1031 1032 1030
f 1030 1032 1033
f 1032 1034 1033
f 1033 1034 1035
f 1034 1036 1035
f 1035 1036 1037
f 1036 1038 1037
f 1037 1038 1015
f 1038 1039 1015
f 1015 1039 1016
f 1040 1041 1042
f 1041 1043 1042
f 1042 1043 1044
f 1043 1045 1044
f 1044 1045 1046
f 1045 1047 1046
f 1046 1047 1048
f 1047 1049 1048
f 1048 1049 1022
f 1049 1050 1022
f 1022 1050 1023
f 1051 1052 1053
f 1052 1054 1053
f 1053 1054 1055
f 1054 1056 1055
f 1055 1056 1057
f 1056 1058 1057
f 1057 1058 1040
f 1058 1059 1040
f 1040 1059 1041
f 1020 1060 1021
f 1060 1061 1021
f 1021 1061 1062
f 1061 1063 1062
f 1062 1063 1064
f 1063 1065 1064
f 1064 1065 1066
f 1065 1067 1066
f 1066 1067 1051
f 1067 1068 1051
f 1051 1068 1052
f 1069 1070 1071
f 1070 1072 1071
f 1071 1072 1073
f 1074 1075 1076
f 1075 1077 1076
f 1076 1077 1078
f 1074 1079 1075
f 1079 1080 1075
f 1075 1080 1069
f 1080 1081 1069
f 1069 1081 1070
f 1082 1083 1084
f 1078 1085 1086
f 1086 1085 1087
f 1085 1088 1087
f 1087 1088 1089
f 1083 1082 1090
f 1082 1091 1090
f 1091 1092 1090
f 1090 1092 1088
f 1092 1093 1088
f 1088 1093 1089
f 1094 1095 1073
f 1096 1097 1098
f 1098 1097 1099
f 1097 1100 1099
f 1099 1100 1101
f 1095 1094 1102
f 1094 1103 1102
f 1103 1104 1102
f 1102 1104 1100
f 1104 1105 1100
f 1100 1105 1101
f 1106 1107 1108
f 1107 1109 1108
f 1108 1109 1096
f 1110 1111 1112
f 1111 1113 1112
f 1112 1113 1114
f 1106 1115 1107
f 1115 1116 1107
f 1107 1116 1110
f 1116 1117 1110
f 1110 1117 1111
f 1118 1119 1114
f 1120 1121 1122
f 1122 1121 1123
f 1121 1124 1123
f 1123 1124 1125
f 1119 1118 1126
f 1118 1127 1126
f 1127 1128 1126
f 1126 1128 1124
f 1128 1129 1124
f 1124 1129 1125
f 1130 1131 1132
f 1131 1133 1132
f 1132 1133 1084
f 1134 1135 1136
f 1135 1137 1136
f 1136 1137 1120
f 1134 1138 1135
f 1138 1139 1135
f 1135 1139 1130
f 1139 1140 1130
f 1130 1140 1131
f 1141 1142 1143
f 1142 1144 1143
f 1143 1144 1145
f 1144 1146 1145
f 1145 1146 1147
f 1146 1148 1147
f 1147 1148 1149
f 1148 1150 1149
f 1151 1152 1153
f 1152 1154 1153
f 1153 1154 1155
f 1154 1156 1155
f 1155 1156 1157
f 1156 1158 1157
f 1157 1158 1159
f 1158 1160 1159
f 1161 1162 1163
f 1162 1164 1163
f 1163 1164 1165
f 1164 1166 1165
f 1165 1166 1167
f 1166 1168 1167
f 1167 1168 1169
f 1168 1170 1169
f 1171 1172 1173
f 1172 1174 1173
f 1173 1174 1175
f 1174 1176 1175
f 1175 1176 1177
f 1176 1178 1177
f 1177 1178 1179
f 1178 1180 1179
f 1181 1182 1183
f 1182 1184 1183
f 1183 1184 1185
f 1184 1186 1185
f 1185 1186 1187
f 1186 1188 1187
f 1187 1188 1189
f 1188 1190 1189
f 1191 1192 1193
f 1192 1194 1193
f 1193 1194 1195
f 1196 1197 1198
f 1197 1199 1198
f 1198 1199 1200
f 1191 1201 1192
f 1201 1202 1192
f 1192 1202 1196
f 1202 1203 1196
f 1196 1203 1197
f 1204 1205 1200
f 1206 1207 1208
f 1207 1209 1208
f 1208 1209 1210
f 1209 1211 1210
f 1210 1211 1212
f 1205 1204 1213
f 1204 1214 1213
f 1214 1215 1213
f 1213 1215 1211
f 1215 1216 1211
f 1211 1216 1212
f 1217 1218 1219
f 1218 1220 1219
f 1219 1220 1221
f 1220 1222 1221
f 1221 1222 1223
f 1222 1224 1223
f 1223 1224 1225
f 1224 1226 1225
f 1227 1228 1229
f 1228 1230 1229
f 1229 1230 1231
f 1230 1232 1231
f 1231 1232 1233
f 1232 1234 1233
f 1233 1234 1235
f 1234 1236 1235
f 1237 1238 1206
f 1238 1237 1239
f 1240 1241 1242
f 1241 1243 1242
f 1242 1243 1244
f 1237 1245 1239
f 1245 1246 1239
f 1239 1246 1247
f 1246 1248 1247
f 1247 1248 1240
f 1248 1249 1240
f 1240 1249 1241
f 1250 1251 1252
f 1251 1253 1252
f 1252 1253 1254
f 1253 1255 1254
f 1254 1255 1256
f 1255 1257 1256
f 1256 1257 1258
f 1257 1259 1258
f 1260 1261 1262
f 1261 1263 1262
f 1262 1263 1264
f 1263 1265 1264
f 1264 1265 1266
f 1265 1267 1266
f 1266 1267 1268
f 1267 1269 1268
f 1270 1271 1272
f 1271 1273 1272
f 1272 1273 1274
f 1273 1275 1274
f 1274 1275 1276
f 1275 1277 1276
f 1276 1277 1278
f 1277 1279 1278
f 1280 1281 1282
f 1281 1280 1283
f 1284 1285 1286
f 1285 1287 1286
f 1286 1287 1288
f 1280 1289 1283
f 1289 1290 1283
f 1283 1290 1291
f 1290 1292 1291
f 1291 1292 1284
f 1292 1293 1284
f 1284 1293 1285
f 1294 1295 1296
f 1295 1297 1296
f 1296 1297 1298
f 1297 1299 1298
f 1298 1299 1300
f 1299 1301 1300
f 1300 1301 1302
f 1301 1303 1302
f 1304 1305 1306
f 1305 1307 1306
f 1306 1307 1244
f 1282 1308 1309
f 1308 1310 1309
f 1309 1310 1311
f 1310 1312 1311
f 1311 1312 1313
f 1306 1314 1304
f 1314 1315 1304
f 1304 1315 1312
f 1315 1316 1312
f 1312 1316 1313
f 1317 1318 1319
f 1318 1320 1319
f 1319 1320 1321
f 1320 1322 1321
f 1321 1322 1323
f 1322 1324 1323
f 1323 1324 1325
f 1324 1326 1325
f 1195 1327 1328
f 1329 1330 1331
f 1330 1332 1331
f 1331 1332 1288
f 1328 1327 1333
f 1327 1334 1333
f 1333 1334 1335
f 1331 1336 1329
f 1336 1337 1329
f 1329 1337 1334
f 1337 1338 1334
f 1334 1338 1335
f 1339 1340 1341
f 1340 1342 1341
f 1341 1342 1343
f 1342 1344 1343
f 1343 1344 1345
f 1344 1346 1345
f 1345 1346 1347
f 1346 1348 1347
f 1347 1348 1349
f 1348 1350 1349
f 1349 1350 1351
f 1350 1352 1351
f 1351 1352 1353
f 1352 1354 1353
f 1353 1354 1355
f 1354 1356 1355
f 1355 1356 1357
f 1356 1358 1357
f 1357 1358 1359
f 1358 1360 1359
f 1359 1360 1361
f 1360 1362 1361
f 1361 1362 1363
f 1362 1364 1363
f 1363 1364 1365
f 1364 1366 1365
f 1365 1366 1367
f 1366 1368 1367
f 1367 1368 1369
f 1368 1370 1369
f 1369 1370 1371
f 1370 1372 1371
f 1371 1372 1373
f 1372 1374 1373
f 1373 1374 1375
f 1374 1376 1375
f 1375 1376 1377
f 1376 1378 1377
f 1377 1378 1379
f 1378 1380 1379
f 1379 1380 1381
f 1380 1382 1381
f 1381 1382 1383
f 1382 1384 1383
f 1383 1384 1385
f 1384 1386 1385
f 1385 1386 1387
f 1386 1388 1387
f 1387 1388 1389
f 1388 1342 1389
f 1389 1342 1390
f 1342 1340 1390
f 1391 1392 1393
f 1392 1394 1393
f 1395 1396 1397
f 1396 1398 1397
f 1397 1398 1399
f 1398 1400 1399
f 1399 1400 1401
f 1400 1402 1401
f 1401 1402 1403
f 1402 1404 1403
f 1403 1404 1405
f 1404 1406 1405
f 1405 1406 1407
f 1406 1408 1407
f 1407 1408 1409
f 1408 1410 1409
f 1409 1410 1411
f 1410 1412 1411
f 1411 1412 1413
f 1412 1414 1413
f 1413 1414 1415
f 1414 1416 1415
f 1415 1416 1417
f 1416 1418 1417
f 1417 1418 1419
f 1418 1420 1419
f 1419 1420 1421
f 1420 1422 1421
f 1421 1422 1423
f 1422 1424 1423
f 1423 1424 1425
f 1424 1426 1425
f 1425 1426 1427
f 1426 1428 1427
f 1427 1428 1429
f 1428 1430 1429
f 1429 1430 1431
f 1430 1432 1431
f 1431 1432 1433
f 1432 1434 1433
f 1433 1434 1435
f 1434 1436 1435
f 1435 1436 1437
f 1436 1438 1437
f 1437 1438 1439
f 1438 1440 1439
f 1439 1440 1441
f 1440 1442 1441
f 1441 1442 1443
f 1442 1444 1443
f 1445 1446 1447
f 1446 1448 1447
f 1449 1450 1451
f 1452 1453 1454
f 1455 1456 1457
f 1458 1459 1460
f 1460 1461 1458
f 1461 1462 1458
f 1458 1462 1463
f 1462 1464 1463
f 1464 1465 1463
f 1463 1465 1455
f 1449 1466 1450
f 1466 1467 1450
f 1450 1467 1454
f 1467 1468 1454
f 1454 1468 1452
f 1469 1470 1451
f 1470 1471 1451
f 1451 1471 1449
f 1472 1473 1474
f 1473 1475 1474
f 1474 1475 1476
f 1475 1477 1476
f 1476 1477 1469
f 1477 1478 1469
f 1469 1478 1470
f 1455 1457 1463
f 1457 1479 1463
f 1463 1479 1480
f 1479 1481 1480
f 1480 1481 1482
f 1481 1483 1482
f 1482 1483 1484
f 1483 1485 1484
f 1484 1485 1472
f 1485 1486 1472
f 1472 1486 1473
f 1487 1459 1458
f 1488 1489 1490
f 1488 1491 1492
f 1488 1492 1493
f 1492 1453 1493
f 1493 1453 1452
f 1487 1458 1494
f 1495 1496 1497
f 1496 1498 1497
f 1497 1498 1458
f 1498 1499 1458
f 1458 1499 1494
f 1500 1501 1502
f 1501 1503 1502
f 1502 1503 1504
f 1503 1505 1504
f 1504 1505 1497
f 1505 1506 1497
f 1497 1506 1495
f 1507 1508 1509
f 1508 1510 1509
f 1509 1510 1511
f 1510 1512 1511
f 1511 1512 1513
f 1512 1514 1513
f 1513 1514 1500
f 1514 1515 1500
f 1500 1515 1501
f 1516 1517 1507
f 1517 1518 1507
f 1507 1518 1508
f 1488 1490 1491
f 1490 1519 1491
f 1491 1519 1520
f 1519 1521 1520
f 1520 1521 1516
f 1521 1522 1516
f 1516 1522 1517
f 1523 1524 1525
f 1524 1526 1525
f 1525 1526 1527
f 1528 1529 1530
f 1529 1531 1530
f 1530 1531 1532
f 1533 1534 1535
f 1534 1536 1535
f 1535 1536 1537
f 1536 1538 1537
f 1537 1538 1539
f 1538 1540 1539
f 1539 1540 1541
f 1540 1542 1541
f 1541 1542 1543
f 1542 1544 1543
f 1543 1544 1545
f 1544 1546 1545
f 1545 1546 1547
f 1546 1548 1547
f 1547 1548 1549
f 1548 1550 1549
f 1549 1550 1551
f 1550 1552 1551
f 1551 1552 1553
f 1552 1554 1553
f 1553 1554 1555
f 1554 1556 1555
f 1555 1556 1557
f 1556 1558 1557
f 1557 1558 1559
f 1558 1560 1559
f 1559 1560 1561
f 1560 1562 1561
f 1561 1562 1563
f 1562 1564 1563
f 1563 1564 1565
f 1564 1566 1565
f 1565 1566 1567
f 1566 1568 1567
f 1567 1568 1569
f 1568 1570 1569
f 1569 1570 1571
f 1570 1572 1571
f 1571 1572 1573
f 1572 1574 1573
f 1573 1574 1575
f 1574 1576 1575
f 1575 1576 1577
f 1576 1578 1577
f 1577 1578 1579
f 1578 1580 1579
f 1579 1580 1581
f 1580 1533 1581
f 1581 1533 1535
f 1582 1583 1584
f 1582 1584 1585
f 1584 1586 1585
f 1585 1586 1587
f 1586 1588 1587
f 1587 1588 1589
f 1588 1590 1589
f 1589 1590 1591
f 1590 1592 1591
f 1591 1592 1593
f 1592 1594 1593
f 1593 1594 1595
f 1594 1596 1595
f 1595 1596 1597
f 1596 1598 1597
f 1597 1598 1599
f 1598 1600 1599
f 1599 1600 1601
f 1600 1602 1601
f 1601 1602 1603
f 1602 1604 1603
f 1603 1604 1605
f 1604 1606 1605
f 1605 1606 1607
f 1607 1606 1608
f 1607 1608 1609
f 1608 1610 1609
f 1609 1610 1611
f 1610 1612 1611
f 1611 1612 1613
f 1612 1614 1613
f 1613 1614 1615
f 1614 1616 1615
f 1615 1616 1617
f 1616 1618 1617
f 1617 1618 1619
f 1618 1620 1619
f 1619 1620 1621
f 1620 1622 1621
f 1621 1622 1623
f 1622 1624 1623
f 1623 1624 1625
f 1624 1626 1625
f 1625 1626 1627
f 1626 1628 1627
f 1627 1628 1629
f 1628 1583 1629
f 1629 1583 1582
f 1583 1630 1631
f 1583 1631 1584
f 1631 1632 1584
f 1584 1632 1586
f 1632 1633 1586
f 1586 1633 1588
f 1633 1634 1588
f 1588 1634 1590
f 1634 1635 1590
f 1590 1635 1592
f 1635 1636 1592
f 1592 1636 1594
f 1636 1637 1594
f 1594 1637 1596
f 1637 1638 1596
f 1596 1638 1598
f 1638 1639 1598
f 1598 1639 1600
f 1639 1640 1600
f 1600 1640 1602
f 1640 1641 1602
f 1602 1641 1604
f 1641 1642 1604
f 1604 1642 1606
f 1606 1642 1643
f 1606 1643 1608
f 1643 1644 1608
f 1608 1644 1610
f 1644 1645 1610
f 1610 1645 1612
f 1645 1646 1612
f 1612 1646 1614
f 1646 1647 1614
f 1614 1647 1616
f 1647 1648 1616
f 1616 1648 1618
f 1648 1649 1618
f 1618 1649 1620
f 1649 1650 1620
f 1620 1650 1622
f 1650 1651 1622
f 1622 1651 1624
f 1651 1652 1624
f 1624 1652 1626
f 1652 1653 1626
f 1626 1653 1628
f 1653 1630 1628
f 1628 1630 1583
f 1654 1655 1656
f 1655 1657 1656
f 1656 1657 1658
f 1657 1659 1658
f 1658 1659 1660
f 1659 1661 1660
f 1660 1661 1662
f 1661 1663 1662
f 1662 1663 1664
f 1663 1665 1664
f 1664 1665 1666
f 1665 1667 1666
f 1666 1667 1668
f 1667 1669 1668
f 1668 1669 1670
f 1669 1671 1670
f 1670 1671 1672
f 1671 1673 1672
f 1672 1673 1674
f 1673 1675 1674
f 1674 1675 1676
f 1675 1677 1676
f 1676 1677 1678
f 1677 1679 1678
f 1678 1679 1680
f 1679 1681 1680
f 1680 1681 1682
f 1681 1683 1682
f 1682 1683 1684
f 1683 1685 1684
f 1684 1685 1686
f 1685 1687 1686
f 1686 1687 1688
f 1687 1689 1688
f 1688 1689 1690
f 1689 1691 1690
f 1690 1691 1692
f 1691 1693 1692
f 1692 1693 1694
f 1693 1695 1694
f 1694 1695 1696
f 1695 1697 1696
f 1696 1697 1698
f 1697 1699 1698
f 1698 1699 1700
f 1699 1701 1700
f 1700 1701 1654
f 1701 1655 1654
f 1702 1703 1704
f 1702 1704 1705
f 1704 1706 1705
f 1705 1706 1707
f 1706 1708 1707
f 1707 1708 1709
f 1708 1710 1709
f 1709 1710 1711
f 1710 1712 1711
f 1711 1712 1713
f 1712 1714 1713
f 1713 1714 1715
f 1714 1716 1715
f 1715 1716 1717
f 1716 1718 1717
f 1717 1718 1719
f 1718 1720 1719
f 1719 1720 1721
f 1720 1722 1721
f 1721 1722 1723
f 1722 1724 1723
f 1723 1724 1725
f 1724 1726 1725
f 1725 1726 1727
f 1727 1726 1728
f 1727 1728 1729
f 1728 1730 1729
f 1729 1730 1731
f 1730 1732 1731
f 1731 1732 1733
f 1732 1734 1733
f 1733 1734 1735
f 1734 1736 1735
f 1735 1736 1737
f 1736 1738 1737
f 1737 1738 1739
f 1738 1740 1739
f 1739 1740 1741
f 1740 1742 1741
f 1741 1742 1743
f 1742 1744 1743
f 1743 1744 1745
f 1744 1746 1745
f 1745 1746 1747
f 1746 1748 1747
f 1747 1748 1749
f 1748 1703 1749
f 1749 1703 1702
f 1750 1751 1752
f 1751 1753 1752
f 1752 1753 1754
f 1753 1755 1754
f 1754 1755 1756
f 1755 1757 1756
f 1756 1757 1758
f 1757 1759 1758
f 1758 1759 1760
f 1759 1761 1760
f 1760 1761 1762
f 1761 1763 1762
f 1762 1763 1764
f 1763 1765 1764
f 1764 1765 1766
f 1765 1767 1766
f 1766 1767 1768
f 1767 1769 1768
f 1768 1769 1770
f 1769 1771 1770
f 1770 1771 1772
f 1771 1773 1772
f 1772 1773 1774
f 1773 1775 1774
f 1774 1775 1776
f 1775 1777 1776
f 1776 1777 1778
f 1777 1779 1778
f 1778 1779 1780
f 1779 1781 1780
f 1780 1781 1782
f 1781 1783 1782
f 1782 1783 1784
f 1783 1785 1784
f 1784 1785 1786
f 1785 1787 1786
f 1786 1787 1788
f 1787 1789 1788
f 1788 1789 1790
f 1789 1791 1790
f 1790 1791 1792
f 1791 1793 1792
f 1792 1793 1794
f 1793 1795 1794
f 1794 1795 1796
f 1795 1797 1796
f 1796 1797 1750
f 1797 1751 1750
f 1798 1799 1800
f 1798 1800 1801
f 1800 1802 1801
f 1801 1802 1803
f 1802 1804 1803
f 1803 1804 1805
f 1804 1806 1805
f 1805 1806 1807
f 1806 1808 1807
f 1807 1808 1809
f 1808 1810 1809
f 1809 1810 1811
f 1810 1812 1811
f 1811 1812 1813
f 1812 1814 1813
f 1813 1814 1815
f 1814 1816 1815
f 1815 1816 1817
f 1816 1818 1817
f 1817 1818 1819
f 1818 1820 1819
f 1819 1820 1821
f 1820 1822 1821
f 1821 1822 1823
f 1823 1822 1824
f 1823 1824 1825
f 1824 1826 1825
f 1825 1826 1827
f 1826 1828 1827
f 1827 1828 1829
f 1828 1830 1829
f 1829 1830 1831
f 1830 1832 1831
f 1831 1832 1833
f 1832 1834 1833
f 1833 1834 1835
f 1834 1836 1835
f 1835 1836 1837
f 1836 1838 1837
f 1837 1838 1839
f 1838 1840 1839
f 1839 1840 1841
f 1840 1842 1841
f 1841 1842 1843
f 1842 1844 1843
f 1843 1844 1845
f 1844 1799 1845
f 1845 1799 1798
f 1846 1847 1848
f 1847 1849 1848
f 1848 1849 1850
f 1849 1851 1850
f 1850 1851 1852
f 1851 1853 1852
f 1852 1853 1854
f 1853 1855 1854
f 1854 1855 1856
f 1855 1857 1856
f 1856 1857 1858
f 1857 1859 1858
f 1858 1859 1860
f 1859 1861 1860
f 1860 1861 1862
f 1861 1863 1862
f 1862 1863 1864
f 1863 1865 1864
f 1864 1865 1866
f 1865 1867 1866
f 1866 1867 1868
f 1867 1869 1868
f 1868 1869 1870
f 1869 1871 1870
f 1870 1871 1872
f 1871 1873 1872
f 1872 1873 1874
f 1873 1875 1874
f 1874 1875 1876
f 1875 1877 1876
f 1876 1877 1878
f 1877 1879 1878
f 1878 1879 1880
f 1879 1881 1880
f 1880 1881 1882
f 1881 1883 1882
f 1882 1883 1884
f 1883 1885 1884
f 1884 1885 1886
f 1885 1887 1886
f 1886 1887 1888
f 1887 1889 1888
f 1888 1889 1890
f 1889 1891 1890
f 1890 1891 1892
f 1891 1893 1892
f 1892 1893 1846
f 1893 1847 1846
f 1894 1895 1896
f 1894 1896 1897
f 1896 1898 1897
f 1897 1898 1899
f 1898 1900 1899
f 1899 1900 1901
f 1900 1902 1901
f 1901 1902 1903
f 1902 1904 1903
f 1903 1904 1905
f 1904 1906 1905
f 1905 1906 1907
f 1906 1908 1907
f 1907 1908 1909
f 1908 1910 1909
f 1909 1910 1911
f 1910 1912 1911
f 1911 1912 1913
f 1912 1914 1913
f 1913 1914 1915
f 1914 1916 1915
f 1915 1916 1917
f 1916 1918 1917
f 1917 1918 1919
f 1919 1918 1920
f 1919 1920 1921
f 1920 1922 1921
f 1921 1922 1923
f 1922 1924 1923
f 1923 1924 1925
f 1924 1926 1925
f 1925 1926 1927
f 1926 1928 1927
f 1927 1928 1929
f 1928 1930 1929
f 1929 1930 1931
f 1930 1932 1931
f 1931 1932 1933
f 1932 1934 1933
f 1933 1934 1935
f 1934 1936 1935
f 1935 1936 1937
f 1936 1938 1937
f 1937 1938 1939
f 1938 1940 1939
f 1939 1940 1941
f 1940 1895 1941
f 1941 1895 1894
f 1942 1943 1944
f 1943 1945 1944
f 1944 1945 1946
f 1945 1947 1946
f 1946 1947 1948
f 1947 1949 1948
f 1948 1949 1950
f 1949 1951 1950
f 1950 1951 1952
f 1951 1953 1952
f 1952 1953 1954
f 1953 1955 1954
f 1954 1955 1956
f 1955 1957 1956
f 1956 1957 1958
f 1957 1959 1958
f 1958 1959 1960
f 1959 1961 1960
f 1960 1961 1962
f 1961 1963 1962
f 1962 1963 1964
f 1963 1965 1964
f 1964 1965 1966
f 1965 1967 1966
f 1966 1967 1968
f 1967 1969 1968
f 1968 1969 1970
f 1969 1971 1970
f 1970 1971 1972
f 1971 1973 1972
f 1972 1973 1974
f 1973 1975 1974
f 1974 1975 1976
f 1975 1977 1976
f 1976 1977 1978
f 1977 1979 1978
f 1978 1979 1980
f 1979 1981 1980
f 1980 1981 1982
f 1981 1983 1982
f 1982 1983 1984
f 1983 1985 1984
f 1984 1985 1986
f 1985 1987 1986
f 1986 1987 1988
f 1987 1989 1988
f 1988 1989 1942
f 1989 1943 1942
f 1990 1991 1992
f 1990 1992 1993
f 1992 1994 1993
f 1993 1994 1995
f 1994 1996 1995
f 1995 1996 1997
f 1996 1998 1997
f 1997 1998 1999
f 1998 2000 1999
f 1999 2000 2001
f 2000 2002 2001
f 2001 2002 2003
f 2002 2004 2003
f 2003 2004 2005
f 2004 2006 2005
f 2005 2006 2007
f 2006 2008 2007
f 2007 2008 2009
f 2008 2010 2009
f 2009 2010 2011
f 2010 2012 2011
f 2011 2012 2013
f 2012 2014 2013
f 2013 2014 2015
f 2015 2014 2016
f 2015 2016 2017
f 2016 2018 2017
f 2017 2018 2019
f 2018 2020 2019
f 2019 2020 2021
f 2020 2022 2021
f 2021 2022 2023
f 2022 2024 2023
f 2023 2024 2025
f 2024 2026 2025
f 2025 2026 2027
f 2026 2028 2027
f 2027 2028 2029
f 2028 2030 2029
f 2029 2030 2031
f 2030 2032 2031
f 2031 2032 2033
f 2032 2034 2033
f 2033 2034 2035
f 2034 2036 2035
f 2035 2036 2037
f 2036 1991 2037
f 2037 1991 1990
f 2038 2039 2040
f 2041 2042 2043
f 2044 2045 2046
f 2042 2038 2043
f 2038 2040 2043
f 2043 2040 2047
f 2040 2048 2047
f 2047 2048 2049
f 2048 2050 2049
f 2049 2050 2051
f 2050 2052 2051
f 2051 2052 2053
f 2052 2054 2053
f 2053 2054 2055
f 2054 2056 2055
f 2055 2056 2057
f 2056 2058 2057
f 2057 2058 2059
f 2058 2060 2059
f 2059 2060 2061
f 2060 2062 2061
f 2061 2062 2063
f 2062 2064 2063
f 2063 2064 2065
f 2064 2066 2065
f 2065 2066 2067
f 2066 2068 2067
f 2067 2068 2069
f 2068 2070 2069
f 2069 2070 2071
f 2070 2072 2071
f 2071 2072 2073
f 2072 2074 2073
f 2073 2074 2075
f 2074 2076 2075
f 2075 2076 2077
f 2076 2078 2077
f 2077 2078 2079
f 2078 2080 2079
f 2079 2080 2081
f 2080 2082 2081
f 2081 2082 2083
f 2082 2084 2083
f 2083 2084 2085
f 2084 2086 2085
f 2085 2086 2087
f 2086 2088 2087
f 2087 2088 2089
f 2088 2090 2089
f 2046 2045 2043
f 2045 2091 2043
f 2043 2091 2041
f 2092 2093 2089
f 2093 2094 2089
f 2089 2094 2046
f 2094 2095 2046
f 2046 2095 2044
f 2090 2096 2089
f 2096 2097 2089
f 2089 2097 2092
f 2098 2099 2100
f 2099 2101 2100
f 2100 2101 2102
f 2101 2103 2102
f 2102 2103 2104
f 2103 2105 2104
f 2104 2105 2106
f 2105 2107 2106
f 2106 2107 2108
f 2107 2109 2108
f 2108 2109 2110
f 2109 2111 2110
f 2110 2111 2112
f 2111 2113 2112
f 2112 2113 2114
f 2113 2115 2114
f 2114 2115 2116
f 2115 2117 2116
f 2116 2117 2118
f 2117 2119 2118
f 2118 2119 2120
f 2119 2121 2120
f 2120 2121 2122
f 2121 2123 2122
f 2122 2123 2124
f 2123 2125 2124
f 2124 2125 2126
f 2125 2127 2126
f 2126 2127 2128
f 2127 2129 2128
f 2128 2129 2130
f 2129 2131 2130
f 2130 2131 2132
f 2131 2133 2132
f 2132 2133 2134
f 2133 2135 2134
f 2134 2135 2136
f 2135 2137 2136
f 2136 2137 2138
f 2137 2139 2138
f 2138 2139 2140
f 2139 2141 2140
f 2140 2141 2142
f 2141 2143 2142
f 2142 2143 2144
f 2143 2145 2144
f 2144 2145 2146
f 2145 2147 2146
f 2148 2149 2150
f 2149 2151 2150
f 2150 2151 2152
f 2151 2153 2152
f 2152 2153 2154
f 2153 2155 2154
f 2154 2155 2156
f 2155 2157 2156
f 2156 2157 2158
f 2157 2159 2158
f 2158 2159 2160
f 2159 2161 2160
f 2160 2161 2162
f 2161 2163 2162
f 2162 2163 2164
f 2163 2165 2164
f 2164 2165 2166
f 2165 2167 2166
f 2166 2167 2168
f 2167 2169 2168
f 2168 2169 2170
f 2169 2171 2170
f 2170 2171 2172
f 2171 2173 2172
f 2174 2175 2176
f 2174 2176 2177
f 2178 2179 2175
f 2179 2180 2175
f 2175 2180 2176
f 2178 2181 2179
f 2181 2182 2179
f 2179 2182 2183
f 2182 2184 2183
f 2183 2184 2185
f 2184 2186 2185
f 2185 2186 2187
f 2186 2188 2187
f 2187 2188 2189
f 2188 2190 2189
f 2189 2190 2191
f 2190 2192 2191
f 2191 2192 2193
f 2192 2194 2193
f 2193 2194 2195
f 2194 2196 2195
f 2195 2196 2197
f 2196 2198 2197
f 2197 2198 2199
f 2198 2200 2199
f 2199 2200 2201
f 2200 2202 2201
f 2201 2202 2203
f 2202 2204 2203
f 2203 2204 2205
f 2204 2206 2205
f 2205 2206 2207
f 2206 2208 2207
f 2207 2208 2209
f 2208 2210 2209
f 2209 2210 2211
f 2210 2212 2211
f 2211 2212 2213
f 2212 2214 2213
f 2213 2214 2215
f 2214 2216 2215
f 2215 2216 2217
f 2216 2218 2217
f 2217 2218 2219
f 2218 2220 2219
f 2219 2220 2221
f 2220 2222 2221
f 2221 2222 2223
f 2222 2176 2223
f 2223 2176 2224
f 2176 2180 2224
f 2225 2226 2176
f 2226 2227 2176
f 2176 2227 2177
f 2228 2229 2230
f 2229 2231 2230
f 2225 2232 2226
f 2232 2229 2226
f 2226 2229 2233
f 2229 2228 2233
f 2234 2235 2236
f 2235 2237 2236
f 2236 2237 2238
f 2237 2239 2238
f 2238 2239 2240
f 2239 2241 2240
f 2240 2241 2242
f 2241 2243 2242
f 2242 2243 2244
f 2243 2245 2244
f 2244 2245 2246
f 2245 2247 2246
f 2246 2247 2248
f 2247 2249 2248
f 2248 2249 2250
f 2249 2251 2250
f 2250 2251 2252
f 2251 2253 2252
f 2252 2253 2254
f 2253 2255 2254
f 2254 2255 2256
f 2255 2257 2256
f 2256 2257 2258
f 2257 2259 2258
f 2258 2259 2260
f 2259 2261 2260
f 2260 2261 2262
f 2261 2263 2262
f 2262 2263 2264
f 2263 2265 2264
f 2264 2265 2266
f 2265 2267 2266
f 2266 2267 2268
f 2267 2269 2268
f 2268 2269 2270
f 2269 2271 2270
f 2270 2271 2272
f 2271 2273 2272
f 2272 2273 2274
f 2273 2275 2274
f 2274 2275 2276
f 2275 2277 2276
f 2276 2277 2278
f 2277 2279 2278
f 2278 2279 2280
f 2279 2281 2280
f 2280 2281 2282
f 2281 2283 2282
f 2284 2285 2286
f 2284 2286 2287
f 2286 2288 2287
f 2287 2288 2289
f 2289 2288 2290
f 2288 2291 2290
f 2290 2291 2292
f 2292 2291 2293
f 2291 2294 2293
f 2293 2294 2295
f 2295 2294 2296
f 2294 2297 2296
f 2296 2297 2298
f 2298 2297 2299
f 2297 2300 2299
f 2299 2300 2301
f 2300 2302 2301
f 2301 2302 2303
f 2302 2304 2303
f 2303 2304 2305
f 2305 2304 2306
f 2304 2307 2306
f 2308 2309 2310
f 2311 2312 2309
f 2312 2313 2309
f 2309 2313 2310
f 2309 2314 2315
f 2314 2316 2315
f 2315 2317 2309
f 2317 2318 2309
f 2309 2318 2311
f 2318 2319 2311
f 2311 2319 2320
f 2321 2322 2323
f 2324 2325 2326
f 2325 2327 2326
f 2326 2327 2328
f 2327 2329 2328
f 2330 2331 2321
f 2331 2332 2321
f 2333 2334 2335
f 2336 2337 2321
f 2337 2338 2321
f 2321 2338 2339
f 2339 2340 2321
f 2340 2341 2321
f 2321 2341 2322
f 2314 2342 2316
f 2342 2343 2316
f 2316 2343 2344
f 2343 2345 2344
f 2344 2345 2346
f 2335 2347 2333
f 2347 2348 2333
f 2333 2348 2349
f 2332 2333 2321
f 2333 2349 2321
f 2321 2349 2350
f 2349 2311 2350
f 2350 2311 2351
f 2311 2320 2351
f 2352 2353 2354
f 2353 2355 2354
f 2354 2355 2356
f 2356 2355 2321
f 2355 2357 2321
f 2321 2357 2336
f 2323 2358 2321
f 2358 2359 2321
f 2321 2359 2330
f 2351 2360 2350
f 2360 2361 2350
f 2350 2361 2362
f 2361 2363 2362
f 2362 2363 2364
f 2363 2365 2364
f 2324 2366 2325
f 2366 2367 2325
f 2325 2367 2368
f 2367 2369 2368
f 2368 2369 2370
f 2369 2346 2370
f 2370 2346 2371
f 2346 2345 2371
f 2310 2372 2308
f 2372 2373 2308
f 2308 2373 2374
f 2374 2375 2308
f 2375 2376 2308
f 2308 2376 2377
f 2378 2379 2327
f 2377 2380 2308
f 2380 2381 2308
f 2308 2381 2382
f 2381 2383 2382
f 2379 2384 2327
f 2384 2385 2327
f 2327 2385 2386
f 2383 2387 2382
f 2387 2388 2382
f 2382 2388 2327
f 2388 2389 2327
f 2327 2389 2378
f 2363 2390 2365
f 2390 2391 2365
f 2365 2391 2392
f 2391 2393 2392
f 2392 2393 2386
f 2393 2394 2386
f 2386 2394 2327
f 2394 2395 2327
f 2327 2395 2329
f 2285 2284 2396
f 2284 2397 2396
f 2398 2399 2400
f 2399 2401 2400
f 2400 2401 2402
f 2401 2403 2402
f 2402 2403 2404
f 2403 2405 2404
f 2404 2405 2406
f 2405 2407 2406
f 2406 2407 2408
f 2407 2409 2408
f 2408 2409 2410
f 2409 2411 2410
f 2410 2411 2412
f 2411 2413 2412
f 2412 2413 2414
f 2413 2415 2414
f 2414 2415 2416
f 2415 2417 2416
f 2416 2417 2418
f 2417 2419 2418
f 2418 2419 2420
f 2419 2421 2420
f 2420 2421 2422
f 2421 2423 2422
f 2424 2425 2426
f 2425 2427 2426
f 2426 2427 2428
f 2427 2429 2428
f 2428 2429 2430
f 2429 2431 2430
f 2430 2431 2432
f 2431 2433 2432
f 2432 2433 2434
f 2433 2435 2434
f 2434 2435 2436
f 2435 2437 2436
f 2436 2437 2438
f 2437 2439 2438
f 2438 2439 2440
f 2439 2441 2440
f 2440 2441 2442
f 2441 2443 2442
f 2442 2443 2444
f 2443 2445 2444
f 2444 2445 2446
f 2445 2447 2446
f 2446 2447 2448
f 2447 2449 2448
f 2448 2449 2450
f 2449 2451 2450
f 2450 2451 2452
f 2451 2453 2452
f 2452 2453 2454
f 2453 2455 2454
f 2454 2455 2456
f 2455 2457 2456
f 2456 2457 2458
f 2457 2459 2458
f 2458 2459 2460
f 2459 2461 2460
f 2460 2461 2462
f 2461 2463 2462
f 2462 2463 2464
f 2463 2465 2464
f 2464 2465 2466
f 2465 2467 2466
f 2466 2467 2468
f 2467 2469 2468
f 2468 2469 2470
f 2469 2471 2470
f 2470 2471 2472
f 2471 2473 2472
f 2472 2473 2474
f 2473 2475 2474
f 2476 2477 2478
f 2477 2479 2478
f 2478 2479 2480
f 2479 2481 2480
f 2480 2481 2482
f 2481 2483 2482
f 2482 2483 2484
f 2483 2485 2484
f 2484 2485 2486
f 2485 2487 2486
f 2486 2487 2488
f 2487 2489 2488
f 2488 2489 2490
f 2489 2491 2490
f 2490 2491 2492
f 2491 2493 2492
f 2492 2493 2494
f 2493 2495 2494
f 2494 2495 2496
f 2495 2497 2496
f 2496 2497 2498
f 2497 2499 2498
f 2498 2499 2500
f 2499 2501 2500
f 2423 2477 2422
f 2477 2476 2422
f 2502 2503 2504
f 2503 2505 2504
f 2506 2507 2508
f 2506 2508 2509
f 2508 2510 2509
f 2509 2510 2511
f 2510 2512 2511
f 2511 2512 2513
f 2512 2514 2513
f 2513 2514 2515
f 2514 2516 2515
f 2515 2516 2517
f 2516 2518 2517
f 2517 2518 2519
f 2518 2520 2519
f 2519 2520 2521
f 2520 2522 2521
f 2521 2522 2523
f 2522 2524 2523
f 2523 2524 2525
f 2524 2526 2525
f 2525 2526 2527
f 2526 2528 2527
f 2527 2528 2529
f 2528 2530 2529
f 2529 2530 2531
f 2530 2532 2531
f 2532 2533 2531
f 2533 2532 2534
f 2533 2534 2535
f 2534 2536 2535
f 2535 2536 2537
f 2536 2538 2537
f 2537 2538 2539
f 2538 2540 2539
f 2539 2540 2541
f 2540 2542 2541
f 2541 2542 2543
f 2542 2544 2543
f 2543 2544 2545
f 2544 2546 2545
f 2545 2546 2547
f 2546 2548 2547
f 2547 2548 2549
f 2548 2550 2549
f 2549 2550 2551
f 2550 2552 2551
f 2551 2552 2553
f 2552 2554 2553
f 2553 2554 2555
f 2554 2556 2555
f 2555 2556 2557
f 2558 2559 2560
f 2559 2561 2560
f 2562 2563 2564
f 2563 2565 2564
f 2564 2565 2566
f 2565 2567 2566
f 2566 2567 2568
f 2567 2569 2568
f 2568 2569 2570
f 2569 2571 2570
f 2570 2571 2572
f 2571 2573 2572
f 2572 2573 2574
f 2573 2575 2574
f 2574 2575 2576
f 2575 2577 2576
f 2576 2577 2578
f 2577 2579 2578
f 2578 2579 2580
f 2579 2581 2580
f 2580 2581 2582
f 2581 2583 2582
f 2582 2583 2584
f 2583 2585 2584
f 2584 2585 2586
f 2585 2587 2586
f 2586 2587 2588
f 2587 2589 2588
f 2588 2589 2590
f 2589 2591 2590
f 2590 2591 2592
f 2591 2593 2592
f 2592 2593 2594
f 2593 2595 2594
f 2594 2595 2596
f 2595 2597 2596
f 2596 2597 2598
f 2597 2599 2598
f 2598 2599 2600
f 2599 2601 2600
f 2600 2601 2602
f 2601 2603 2602
f 2602 2603 2604
f 2603 2605 2604
f 2604 2605 2606
f 2605 2607 2606
f 2606 2607 2608
f 2607 2609 2608
f 2608 2609 2562
f 2609 2563 2562
f 2610 2611 2612
f 2611 2613 2612
f 2612 2613 2614
f 2613 2615 2614
f 2614 2615 2616
f 2615 2617 2616
f 2616 2617 2618
f 2617 2619 2618
f 2618 2619 2620
f 2619 2621 2620
f 2620 2621 2622
f 2621 2623 2622
f 2622 2623 2624
f 2623 2625 2624
f 2624 2625 2626
f 2625 2627 2626
f 2626 2627 2628
f 2627 2629 2628
f 2628 2629 2630
f 2629 2631 2630
f 2630 2631 2632
f 2631 2633 2632
f 2632 2633 2634
f 2633 2635 2634
f 2634 2635 2636
f 2635 2637 2636
f 2636 2637 2638
f 2637 2639 2638
f 2638 2639 2640
f 2639 2641 2640
f 2640 2641 2642
f 2641 2643 2642
f 2642 2643 2644
f 2643 2645 2644
f 2644 2645 2646
f 2645 2647 2646
f 2646 2647 2648
f 2647 2649 2648
f 2648 2649 2650
f 2649 2651 2650
f 2650 2651 2652
f 2651 2653 2652
f 2652 2653 2654
f 2653 2655 2654
f 2654 2655 2656
f 2655 2657 2656
f 2656 2657 2610
f 2657 2611 2610
f 2658 2659 2660
f 2658 2660 2661
f 2660 2662 2661
f 2661 2662 2663
f 2662 2664 2663
f 2663 2664 2665
f 2664 2666 2665
f 2665 2666 2667
f 2666 2668 2667
f 2667 2668 2669
f 2668 2670 2669
f 2669 2670 2671
f 2670 2672 2671
f 2671 2672 2673
f 2672 2674 2673
f 2673 2674 2675
f 2674 2676 2675
f 2675 2676 2677
f 2676 2678 2677
f 2677 2678 2679
f 2678 2680 2679
f 2679 2680 2681
f 2680 2682 2681
f 2681 2682 2683
f 2683 2682 2684
f 2683 2684 2685
f 2684 2686 2685
f 2685 2686 2687
f 2686 2688 2687
f 2687 2688 2689
f 2688 2690 2689
f 2689 2690 2691
f 2690 2692 2691
f 2691 2692 2693
f 2692 2694 2693
f 2693 2694 2695
f 2694 2696 2695
f 2695 2696 2697
f 2696 2698 2697
f 2697 2698 2699
f 2698 2700 2699
f 2699 2700 2701
f 2700 2702 2701
f 2701 2702 2703
f 2702 2704 2703
f 2703 2704 2705
f 2704 2659 2705
f 2705 2659 2658
f 2706 2707 2708
f 2709 2710 2711
f 2710 2712 2711
f 2713 2714 2715
f 2714 2716 2715
f 2716 2717 2718
f 2719 2720 2721
f 2706 2708 2722
f 2708 2712 2722
f 2722 2712 2723
f 2712 2710 2723
f 2723 2710 2724
f 2710 2715 2724
f 2724 2715 2725
f 2718 2726 2716
f 2726 2727 2716
f 2716 2727 2715
f 2727 2728 2715
f 2715 2728 2725
f 2721 2720 2729
f 2720 2730 2729
f 2730 2731 2729
f 2729 2731 2732
f 2731 2733 2732
f 2732 2733 2734
f 2721 2735 2719
f 2735 2736 2719
f 2719 2736 2713
f 2736 2737 2713
f 2713 2737 2714
f 2738 2708 2739
f 2708 2707 2739
f 2739 2707 2740
f 2707 2741 2740
f 2740 2741 2742
f 2741 2743 2742
f 2742 2743 2744
f 2743 2745 2744
f 2744 2745 2746
f 2745 2747 2746
f 2746 2747 2748
f 2747 2734 2748
f 2748 2734 2749
f 2734 2733 2749
f 2750 2751 2752
f 2751 2753 2752
f 2754 2755 2756
f 2755 2757 2756
f 2757 2755 2758
f 2755 2759 2758
f 2758 2759 2760
f 2759 2761 2760
f 2760 2761 2762
f 2761 2763 2762
f 2762 2763 2764
f 2763 2765 2764
f 2764 2765 2766
f 2765 2767 2766
f 2766 2767 2768
f 2767 2769 2768
f 2770 2771 2772
f 2771 2773 2772
f 2774 2775 2776
f 2775 2777 2776
f 2776 2777 2778
f 2779 2776 2780
f 2776 2781 2780
f 2778 2782 2776
f 2782 2783 2776
f 2776 2783 2781
f 2784 2776 2785
f 2776 2779 2785
f 2785 2779 2786
f 2779 2787 2786
f 2786 2787 2773
f 2787 2788 2773
f 2773 2788 2772
f 2788 2789 2772
f 2772 2789 2790
f 2789 2791 2790
f 2791 2792 2790
f 2790 2792 2793
f 2792 2794 2793
f 2793 2794 2795
f 2794 2796 2795
f 2795 2796 2797
f 2796 2798 2797
f 2797 2798 2799
f 2798 2800 2799
f 2774 2801 2800
f 2801 2802 2800
f 2800 2802 2799
f 2776 2803 2774
f 2803 2804 2774
f 2774 2804 2805
f 2805 2806 2774
f 2806 2807 2774
f 2774 2807 2801
f 2769 2808 2768
f 2808 2809 2768
f 2809 2808 2810
f 2808 2811 2810
f 2810 2811 2812
f 2811 2813 2812
f 2812 2813 2814
f 2813 2815 2814
f 2814 2815 2816
f 2815 2817 2816
f 2816 2817 2818
f 2817 2819 2818
f 2820 2821 2822
f 2821 2823 2822
f 2824 2825 2826
f 2825 2827 2826
f 2828 2829 2830
f 2829 2831 2830
f 2832 2833 2834
f 2833 2835 2834
f 2836 2837 2838
f 2837 2839 2838
f 2840 2841 2842
f 2841 2843 2842
f 2844 2845 2846
f 2845 2847 2846
f 2848 2849 2850
f 2849 2851 2850
f 2852 2851 2853
f 2851 2852 2850
f 2852 2854 2850
f 2850 2854 2855
f 2856 2857 2858
f 2857 2859 2858
f 2858 2859 2853
f 2859 2860 2853
f 2853 2860 2852
f 2861 2854 2862
f 2854 2863 2862
f 2861 2864 2854
f 2864 2865 2854
f 2854 2865 2855
f 2866 2867 2868
f 2866 2868 2869
f 2868 2870 2869
f 2869 2870 2871
f 2870 2872 2871
f 2871 2872 2873
f 2872 2874 2873
f 2873 2874 2875
f 2874 2876 2875
f 2875 2876 2877
f 2876 2878 2877
f 2877 2878 2879
f 2878 2880 2879
f 2879 2880 2881
f 2882 2883 2880
f 2883 2881 2880
f 2884 2885 2886
f 2885 2887 2886
f 2867 2866 2888
f 2866 2889 2888
f 2845 2844 2890
f 2845 2890 2891
f 2890 2892 2891
f 2891 2892 2893
f 2892 2894 2893
f 2893 2894 2895
f 2894 2896 2895
f 2895 2896 2897
f 2896 2898 2897
f 2897 2898 2899
f 2898 2900 2899
f 2899 2900 2901
f 2900 2888 2901
f 2901 2888 2889
f 2902 2903 2904
f 2903 2905 2904
f 2906 2907 2908
f 2909 2910 2911
f 2912 2913 2914
f 2906 2908 2914
f 2908 2915 2914
f 2914 2915 2912
f 2909 2916 2910
f 2916 2917 2910
f 2910 2917 2918
f 2913 2919 2914
f 2919 2920 2914
f 2914 2920 2910
f 2921 2922 2923
f 2922 2914 2923
f 2923 2914 2924
f 2914 2910 2924
f 2924 2910 2925
f 2910 2918 2925
f 2926 2927 2928
f 2927 2929 2928
f 2929 2930 2928
f 2928 2930 2931
f 2932 2933 2928
f 2933 2934 2928
f 2928 2934 2911
f 2934 2935 2911
f 2911 2935 2909
f 2936 2928 2937
f 2928 2938 2937
f 2936 2939 2928
f 2939 2940 2928
f 2928 2940 2926
f 2931 2941 2928
f 2941 2942 2928
f 2928 2942 2932
f 2943 2944 2945
f 2944 2946 2945
f 2945 2946 2947
f 2946 2948 2947
f 2947 2948 2949
f 2948 2950 2949
f 2949 2950 2951
f 2950 2952 2951
f 2951 2952 2953
f 2952 2954 2953
f 2953 2954 2955
f 2954 2956 2955
f 2955 2956 2957
f 2956 2958 2957
f 2957 2958 2959
f 2958 2960 2959
f 2959 2960 2961
f 2960 2962 2961
f 2961 2962 2963
f 2962 2964 2963
f 2963 2964 2965
f 2964 2966 2965
f 2965 2966 2967
f 2966 2968 2967
f 2967 2968 2969
f 2968 2970 2969
f 2969 2970 2971
f 2970 2972 2971
f 2971 2972 2973
f 2972 2974 2973
f 2973 2974 2975
f 2974 2976 2975
f 2975 2976 2977
f 2976 2978 2977
f 2977 2978 2979
f 2978 2980 2979
f 2979 2980 2981
f 2980 2982 2981
f 2981 2982 2983
f 2982 2984 2983
f 2983 2984 2985
f 2984 2986 2985
f 2985 2986 2987
f 2986 2988 2987
f 2987 2988 2989
f 2988 2990 2989
f 2989 2990 2943
f 2990 2944 2943
f 2990 2991 2944
f 2991 2992 2944
f 2944 2992 2946
f 2992 2993 2946
f 2946 2993 2948
f 2993 2994 2948
f 2948 2994 2950
f 2994 2995 2950
f 2950 2995 2952
f 2995 2996 2952
f 2952 2996 2954
f 2996 2997 2954
f 2954 2997 2956
f 2997 2998 2956
f 2956 2998 2958
f 2998 2999 2958
f 2958 2999 2960
f 2999 3000 2960
f 2960 3000 2962
f 3000 3001 2962
f 2962 3001 2964
f 3001 3002 2964
f 2964 3002 2966
f 3002 3003 2966
f 2966 3003 2968
f 3003 3004 2968
f 2968 3004 2970
f 3004 3005 2970
f 2970 3005 2972
f 3005 3006 2972
f 2972 3006 2974
f 3006 3007 2974
f 2974 3007 2976
f 3007 3008 2976
f 2976 3008 2978
f 3008 3009 2978
f 2978 3009 2980
f 3009 3010 2980
f 2980 3010 2982
f 3010 3011 2982
f 2982 3011 2984
f 3011 3012 2984
f 2984 3012 2986
f 3012 3013 2986
f 2986 3013 2988
f 3013 3014 2988
f 2988 3014 2990
f 3014 2991 2990
f 3014 3015 2991
f 3015 3016 2991
f 2991 3016 2992
f 3016 3017 2992
f 2992 3017 2993
f 3017 3018 2993
f 2993 3018 2994
f 3018 3019 2994
f 2994 3019 2995
f 3019 3020 2995
f 2995 3020 2996
f 3020 3021 2996
f 2996 3021 2997
f 3021 3022 2997
f 2997 3022 2998
f 3022 3023 2998
f 2998 3023 2999
f 3023 3024 2999
f 2999 3024 3000
f 3024 3025 3000
f 3000 3025 3001
f 3025 3026 3001
f 3001 3026 3002
f 3026 3027 3002
f 3002 3027 3003
f 3027 3028 3003
f 3003 3028 3004
f 3028 3029 3004
f 3004 3029 3005
f 3029 3030 3005
f 3005 3030 3006
f 3030 3031 3006
f 3006 3031 3007
f 3031 3032 3007
f 3007 3032 3008
f 3032 3033 3008
f 3008 3033 3009
f 3033 3034 3009
f 3009 3034 3010
f 3034 3035 3010
f 3010 3035 3011
f 3035 3036 3011
f 3011 3036 3012
f 3036 3037 3012
f 3012 3037 3013
f 3037 3038 3013
f 3013 3038 3014
f 3038 3015 3014
f 3038 3039 3015
f 3039 3040 3015
f 3015 3040 3016
f 3040 3041 3016
f 3016 3041 3017
f 3041 3042 3017
f 3017 3042 3018
f 3042 3043 3018
f 3018 3043 3019
f 3043 3044 3019
f 3019 3044 3020
f 3044 3045 3020
f 3020 3045 3021
f 3045 3046 3021
f 3021 3046 3022
f 3046 3047 3022
f 3022 3047 3023
f 3047 3048 3023
f 3023 3048 3024
f 3048 3049 3024
f 3024 3049 3025
f 3049 3050 3025
f 3025 3050 3026
f 3050 3051 3026
f 3026 3051 3027
f 3051 3052 3027
f 3027 3052 3028
f 3052 3053 3028
f 3028 3053 3029
f 3053 3054 3029
f 3029 3054 3030
f 3054 3055 3030
f 3030 3055 3031
f 3055 3056 3031
f 3031 3056 3032
f 3056 3057 3032
f 3032 3057 3033
f 3057 3058 3033
f 3033 3058 3034
f 3058 3059 3034
f 3034 3059 3035
f 3059 3060 3035
f 3035 3060 3036
f 3060 3061 3036
f 3036 3061 3037
f 3061 3062 3037
f 3037 3062 3038
f 3062 3039 3038
f 3062 3063 3039
f 3063 3064 3039
f 3039 3064 3040
f 3064 3065 3040
f 3040 3065 3041
f 3065 3066 3041
f 3041 3066 3042
f 3066 3067 3042
f 3042 3067 3043
f 3067 3068 3043
f 3043 3068 3044
f 3068 3069 3044
f 3044 3069 3045
f 3069 3070 3045
f 3045 3070 3046
f 3070 3071 3046
f 3046 3071 3047
f 3071 3072 3047
f 3047 3072 3048
f 3072 3073 3048
f 3048 3073 3049
f 3073 3074 3049
f 3049 3074 3050
f 3074 3075 3050
f 3050 3075 3051
f 3075 3076 3051
f 3051 3076 3052
f 3076 3077 3052
f 3052 3077 3053
f 3077 3078 3053
f 3053 3078 3054
f 3078 3079 3054
f 3054 3079 3055
f 3079 3080 3055
f 3055 3080 3056
f 3080 3081 3056
f 3056 3081 3057
f 3081 3082 3057
f 3057 3082 3058
f 3082 3083 3058
f 3058 3083 3059
f 3083 3084 3059
f 3059 3084 3060
f 3084 3085 3060
f 3060 3085 3061
f 3085 3086 3061
f 3061 3086 3062
f 3086 3063 3062
f 3086 3087 3063
f 3087 3088 3063
f 3063 3088 3064
f 3088 3089 3064
f 3064 3089 3065
f 3089 3090 3065
f 3065 3090 3066
f 3090 3091 3066
f 3066 3091 3067
f 3091 3092 3067
f 3067 3092 3068
f 3092 3093 3068
f 3068 3093 3069
f 3093 3094 3069
f 3069 3094 3070
f 3094 3095 3070
f 3070 3095 3071
f 3095 3096 3071
f 3071 3096 3072
f 3096 3097 3072
f 3072 3097 3073
f 3097 3098 3073
f 3073 3098 3074
f 3098 3099 3074
f 3074 3099 3075
f 3099 3100 3075
f 3075 3100 3076
f 3100 3101 3076
f 3076 3101 3077
f 3101 3102 3077
f 3077 3102 3078
f 3102 3103 3078
f 3078 3103 3079
f 3103 3104 3079
f 3079 3104 3080
f 3104 3105 3080
f 3080 3105 3081
f 3105 3106 3081
f 3081 3106 3082
f 3106 3107 3082
f 3082 3107 3083
f 3107 3108 3083
f 3083 3108 3084
f 3108 3109 3084
f 3084 3109 3085
f 3109 3110 3085
f 3085 3110 3086
f 3110 3087 3086
f 3110 3111 3087
f 3111 3112 3087
f 3087 3112 3088
f 3112 3113 3088
f 3088 3113 3089
f 3113 3114 3089
f 3089 3114 3090
f 3114 3115 3090
f 3090 3115 3091
f 3115 3116 3091
f 3091 3116 3092
f 3116 3117 3092
f 3092 3117 3093
f 3117 3118 3093
f 3093 3118 3094
f 3118 3119 3094
f 3094 3119 3095
f 3119 3120 3095
f 3095 3120 3096
f 3120 3121 3096
f 3096 3121 3097
f 3121 3122 3097
f 3097 3122 3098
f 3122 3123 3098
f 3098 3123 3099
f 3123 3124 3099
f 3099 3124 3100
f 3124 3125 3100
f 3100 3125 3101
f 3125 3126 3101
f 3101 3126 3102
f 3126 3127 3102
f 3102 3127 3103
f 3127 3128 3103
f 3103 3128 3104
f 3128 3129 3104
f 3104 3129 3105
f 3129 3130 3105
f 3105 3130 3106
f 3130 3131 3106
f 3106 3131 3107
f 3131 3132 3107
f 3107 3132 3108
f 3132 3133 3108
f 3108 3133 3109
f 3133 3134 3109
f 3109 3134 3110
f 3134 3111 3110
f 3134 3135 3111
f 3135 3136 3111
f 3111 3136 3112
f 3136 3137 3112
f 3112 3137 3113
f 3137 3138 3113
f 3113 3138 3114
f 3138 3139 3114
f 3114 3139 3115
f 3139 3140 3115
f 3115 3140 3116
f 3140 3141 3116
f 3116 3141 3117
f 3141 3142 3117
f 3117 3142 3118
f 3142 3143 3118
f 3118 3143 3119
f 3143 3144 3119
f 3119 3144 3120
f 3144 3145 3120
f 3120 3145 3121
f 3145 3146 3121
f 3121 3146 3122
f 3146 3147 3122
f 3122 3147 3123
f 3147 3148 3123
f 3123 3148 3124
f 3148 3149 3124
f 3124 3149 3125
f 3149 3150 3125
f 3125 3150 3126
f 3150 3151 3126
f 3126 3151 3127
f 3151 3152 3127
f 3127 3152 3128
f 3152 3153 3128
f 3128 3153 3129
f 3153 3154 3129
f 3129 3154 3130
f 3154 3155 3130
f 3130 3155 3131
f 3155 3156 3131
f 3131 3156 3132
f 3156 3157 3132
f 3132 3157 3133
f 3157 3158 3133
f 3133 3158 3134
f 3158 3135 3134
f 3158 3159 3135
f 3159 3160 3135
f 3135 3160 3136
f 3160 3161 3136
f 3136 3161 3137
f 3161 3162 3137
f 3137 3162 3138
f 3162 3163 3138
f 3138 3163 3139
f 3163 3164 3139
f 3139 3164 3140
f 3164 3165 3140
f 3140 3165 3141
f 3165 3166 3141
f 3141 3166 3142
f 3166 3167 3142
f 3142 3167 3143
f 3167 3168 3143
f 3143 3168 3144
f 3168 3169 3144
f 3144 3169 3145
f 3169 3170 3145
f 3145 3170 3146
f 3170 3171 3146
f 3146 3171 3147
f 3171 3172 3147
f 3147 3172 3148
f 3172 3173 3148
f 3148 3173 3149
f 3173 3174 3149
f 3149 3174 3150
f 3174 3175 3150
f 3150 3175 3151
f 3175 3176 3151
f 3151 3176 3152
f 3176 3177 3152
f 3152 3177 3153
f 3177 3178 3153
f 3153 3178 3154
f 3178 3179 3154
f 3154 3179 3155
f 3179 3180 3155
f 3155 3180 3156
f 3180 3181 3156
f 3156 3181 3157
f 3181 3182 3157
f 3157 3182 3158
f 3182 3159 3158
f 3182 3183 3159
f 3183 3184 3159
f 3159 3184 3160
f 3184 3185 3160
f 3160 3185 3161
f 3185 3186 3161
f 3161 3186 3162
f 3186 3187 3162
f 3162 3187 3163
f 3187 3188 3163
f 3163 3188 3164
f 3188 3189 3164
f 3164 3189 3165
f 3189 3190 3165
f 3165 3190 3166
f 3190 3191 3166
f 3166 3191 3167
f 3191 3192 3167
f 3167 3192 3168
f 3192 3193 3168
f 3168 3193 3169
f 3193 3194 3169
f 3169 3194 3170
f 3194 3195 3170
f 3170 3195 3171
f 3195 3196 3171
f 3171 3196 3172
f 3196 3197 3172
f 3172 3197 3173
f 3197 3198 3173
f 3173 3198 3174
f 3198 3199 3174
f 3174 3199 3175
f 3199 3200 3175
f 3175 3200 3176
f 3200 3201 3176
f 3176 3201 3177
f 3201 3202 3177
f 3177 3202 3178
f 3202 3203 3178
f 3178 3203 3179
f 3203 3204 3179
f 3179 3204 3180
f 3204 3205 3180
f 3180 3205 3181
f 3205 3206 3181
f 3181 3206 3182
f 3206 3183 3182
f 3206 3207 3183
f 3207 3208 3183
f 3183 3208 3184
f 3208 3209 3184
f 3184 3209 3185
f 3209 3210 3185
f 3185 3210 3186
f 3210 3211 3186
f 3186 3211 3187
f 3211 3212 3187
f 3187 3212 3188
f 3212 3213 3188
f 3188 3213 3189
f 3213 3214 3189
f 3189 3214 3190
f 3214 3215 3190
f 3190 3215 3191
f 3215 3216 3191
f 3191 3216 3192
f 3216 3217 3192
f 3192 3217 3193
f 3217 3218 3193
f 3193 3218 3194
f 3218 3219 3194
f 3194 3219 3195
f 3219 3220 3195
f 3195 3220 3196
f 3220 3221 3196
f 3196 3221 3197
f 3221 3222 3197
f 3197 3222 3198
f 3222 3223 3198
f 3198 3223 3199
f 3223 3224 3199
f 3199 3224 3200
f 3224 3225 3200
f 3200 3225 3201
f 3225 3226 3201
f 3201 3226 3202
f 3226 3227 3202
f 3202 3227 3203
f 3227 3228 3203
f 3203 3228 3204
f 3228 3229 3204
f 3204 3229 3205
f 3229 3230 3205
f 3205 3230 3206
f 3230 3207 3206
f 3230 3231 3207
f 3231 3232 3207
f 3207 3232 3208
f 3232 3233 3208
f 3208 3233 3209
f 3233 3234 3209
f 3209 3234 3210
f 3234 3235 3210
f 3210 3235 3211
f 3235 3236 3211
f 3211 3236 3212
f 3236 3237 3212
f 3212 3237 3213
f 3237 3238 3213
f 3213 3238 3214
f 3238 3239 3214
f 3214 3239 3215
f 3239 3240 3215
f 3215 3240 3216
f 3240 3241 3216
f 3216 3241 3217
f 3241 3242 3217
f 3217 3242 3218
f 3242 3243 3218
f 3218 3243 3219
f 3243 3244 3219
f 3219 3244 3220
f 3244 3245 3220
f 3220 3245 3221
f 3245 3246 3221
f 3221 3246 3222
f 3246 3247 3222
f 3222 3247 3223
f 3247 3248 3223
f 3223 3248 3224
f 3248 3249 3224
f 3224 3249 3225
f 3249 3250 3225
f 3225 3250 3226
f 3250 3251 3226
f 3226 3251 3227
f 3251 3252 3227
f 3227 3252 3228
f 3252 3253 3228
f 3228 3253 3229
f 3253 3254 3229
f 3229 3254 3230
f 3254 3231 3230
f 3254 3255 3231
f 3255 3256 3231
f 3231 3256 3232
f 3256 3257 3232
f 3232 3257 3233
f 3257 3258 3233
f 3233 3258 3234
f 3258 3259 3234
f 3234 3259 3235
f 3259 3260 3235
f 3235 3260 3236
f 3260 3261 3236
f 3236 3261 3237
f 3261 3262 3237
f 3237 3262 3238
f 3262 3263 3238
f 3238 3263 3239
f 3263 3264 3239
f 3239 3264 3240
f 3264 3265 3240
f 3240 3265 3241
f 3265 3266 3241
f 3241 3266 3242
f 3266 3267 3242
f 3242 3267 3243
f 3267 3268 3243
f 3243 3268 3244
f 3268 3269 3244
f 3244 3269 3245
f 3269 3270 3245
f 3245 3270 3246
f 3270 3271 3246
f 3246 3271 3247
f 3271 3272 3247
f 3247 3272 3248
f 3272 3273 3248
f 3248 3273 3249
f 3273 3274 3249
f 3249 3274 3250
f 3274 3275 3250
f 3250 3275 3251
f 3275 3276 3251
f 3251 3276 3252
f 3276 3277 3252
f 3252 3277 3253
f 3277 3278 3253
f 3253 3278 3254
f 3278 3255 3254
f 3278 3279 3255
f 3279 3280 3255
f 3255 3280 3256
f 3280 3281 3256
f 3256 3281 3257
f 3281 3282 3257
f 3257 3282 3258
f 3282 3283 3258
f 3258 3283 3259
f 3283 3284 3259
f 3259 3284 3260
f 3284 3285 3260
f 3260 3285 3261
f 3285 3286 3261
f 3261 3286 3262
f 3286 3287 3262
f 3262 3287 3263
f 3287 3288 3263
f 3263 3288 3264
f 3288 3289 3264
f 3264 3289 3265
f 3289 3290 3265
f 3265 3290 3266
f 3290 3291 3266
f 3266 3291 3267
f 3291 3292 3267
f 3267 3292 3268
f 3292 3293 3268
f 3268 3293 3269
f 3293 3294 3269
f 3269 3294 3270
f 3294 3295 3270
f 3270 3295 3271
f 3295 3296 3271
f 3271 3296 3272
f 3296 3297 3272
f 3272 3297 3273
f 3297 3298 3273
f 3273 3298 3274
f 3298 3299 3274
f 3274 3299 3275
f 3299 3300 3275
f 3275 3300 3276
f 3300 3301 3276
f 3276 3301 3277
f 3301 3302 3277
f 3277 3302 3278
f 3302 3279 3278
f 3302 3303 3279
f 3303 3304 3279
f 3279 3304 3280
f 3304 3305 3280
f 3280 3305 3281
f 3305 3306 3281
f 3281 3306 3282
f 3306 3307 3282
f 3282 3307 3283
f 3307 3308 3283
f 3283 3308 3284
f 3308 3309 3284
f 3284 3309 3285
f 3309 3310 3285
f 3285 3310 3286
f 3310 3311 3286
f 3286 3311 3287
f 3311 3312 3287
f 3287 3312 3288
f 3312 3313 3288
f 3288 3313 3289
f 3313 3314 3289
f 3289 3314 3290
f 3314 3315 3290
f 3290 3315 3291
f 3315 3316 3291
f 3291 3316 3292
f 3316 3317 3292
f 3292 3317 3293
f 3317 3318 3293
f 3293 3318 3294
f 3318 3319 3294
f 3294 3319 3295
f 3319 3320 3295
f 3295 3320 3296
f 3320 3321 3296
f 3296 3321 3297
f 3321 3322 3297
f 3297 3322 3298
f 3322 3323 3298
f 3298 3323 3299
f 3323 3324 3299
f 3299 3324 3300
f 3324 3325 3300
f 3300 3325 3301
f 3325 3326 3301
f 3301 3326 3302
f 3326 3303 3302
f 3326 3327 3303
f 3327 3328 3303
f 3303 3328 3304
f 3328 3329 3304
f 3304 3329 3305
f 3329 3330 3305
f 3305 3330 3306
f 3330 3331 3306
f 3306 3331 3307
f 3331 3332 3307
f 3307 3332 3308
f 3332 3333 3308
f 3308 3333 3309
f 3333 3334 3309
f 3309 3334 3310
f 3334 3335 3310
f 3310 3335 3311
f 3335 3336 3311
f 3311 3336 3312
f 3336 3337 3312
f 3312 3337 3313
f 3337 3338 3313
f 3313 3338 3314
f 3338 3339 3314
f 3314 3339 3315
f 3339 3340 3315
f 3315 3340 3316
f 3340 3341 3316
f 3316 3341 3317
f 3341 3342 3317
f 3317 3342 3318
f 3342 3343 3318
f 3318 3343 3319
f 3343 3344 3319
f 3319 3344 3320
f 3344 3345 3320
f 3320 3345 3321
f 3345 3346 3321
f 3321 3346 3322
f 3346 3347 3322
f 3322 3347 3323
f 3347 3348 3323
f 3323 3348 3324
f 3348 3349 3324
f 3324 3349 3325
f 3349 3350 3325
f 3325 3350 3326
f 3350 3327 3326
f 3350 3351 3327
f 3351 3352 3327
f 3327 3352 3328
f 3352 3353 3328
f 3328 3353 3329
f 3353 3354 3329
f 3329 3354 3330
f 3354 3355 3330
f 3330 3355 3331
f 3355 3356 3331
f 3331 3356 3332
f 3356 3357 3332
f 3332 3357 3333
f 3357 3358 3333
f 3333 3358 3334
f 3358 3359 3334
f 3334 3359 3335
f 3359 3360 3335
f 3335 3360 3336
f 3360 3361 3336
f 3336 3361 3337
f 3361 3362 3337
f 3337 3362 3338
f 3362 3363 3338
f 3338 3363 3339
f 3363 3364 3339
f 3339 3364 3340
f 3364 3365 3340
f 3340 3365 3341
f 3365 3366 3341
f 3341 3366 3342
f 3366 3367 3342
f 3342 3367 3343
f 3367 3368 3343
f 3343 3368 3344
f 3368 3369 3344
f 3344 3369 3345
f 3369 3370 3345
f 3345 3370 3346
f 3370 3371 3346
f 3346 3371 3347
f 3371 3372 3347
f 3347 3372 3348
f 3372 3373 3348
f 3348 3373 3349
f 3373 3374 3349
f 3349 3374 3350
f 3374 3351 3350
f 3374 3375 3351
f 3375 3376 3351
f 3351 3376 3352
f 3376 3377 3352
f 3352 3377 3353
f 3377 3378 3353
f 3353 3378 3354
f 3378 3379 3354
f 3354 3379 3355
f 3379 3380 3355
f 3355 3380 3356
f 3380 3381 3356
f 3356 3381 3357
f 3381 3382 3357
f 3357 3382 3358
f 3382 3383 3358
f 3358 3383 3359
f 3383 3384 3359
f 3359 3384 3360
f 3384 3385 3360
f 3360 3385 3361
f 3385 3386 3361
f 3361 3386 3362
f 3386 3387 3362
f 3362 3387 3363
f 3387 3388 3363
f 3363 3388 3364
f 3388 3389 3364
f 3364 3389 3365
f 3389 3390 3365
f 3365 3390 3366
f 3390 3391 3366
f 3366 3391 3367
f 3391 3392 3367
f 3367 3392 3368
f 3392 3393 3368
f 3368 3393 3369
f 3393 3394 3369
f 3369 3394 3370
f 3394 3395 3370
f 3370 3395 3371
f 3395 3396 3371
f 3371 3396 3372
f 3396 3397 3372
f 3372 3397 3373
f 3397 3398 3373
f 3373 3398 3374
f 3398 3375 3374
f 3399 3400 3401
f 3400 3402 3401
f 3401 3402 3403
f 3402 3404 3403
f 3403 3404 3405
f 3404 3406 3405
f 3405 3406 3407
f 3406 3408 3407
f 3407 3408 3409
f 3408 3410 3409
f 3409 3410 3411
f 3410 3412 3411
f 3411 3412 3413
f 3412 3414 3413
f 3413 3414 3415
f 3414 3416 3415
f 3415 3416 3417
f 3416 3418 3417
f 3417 3418 3419
f 3418 3420 3419
f 3419 3420 3421
f 3420 3422 3421
f 3421 3422 3423
f 3422 3424 3423
f 3423 3424 3425
f 3424 3426 3425
f 3425 3426 3427
f 3426 3428 3427
f 3427 3428 3429
f 3428 3430 3429
f 3429 3430 3431
f 3430 3432 3431
f 3431 3432 3433
f 3432 3434 3433
f 3433 3434 3435
f 3434 3436 3435
f 3435 3436 3437
f 3436 3438 3437
f 3437 3438 3439
f 3438 3440 3439
f 3439 3440 3441
f 3440 3442 3441
f 3441 3442 3443
f 3442 3444 3443
f 3443 3444 3445
f 3444 3446 3445
f 3445 3446 3399
f 3446 3400 3399
f 3447 3448 3449
f 3448 3450 3449
f 3449 3450 3451
f 3450 3452 3451
f 3451 3452 3453
f 3452 3454 3453
f 3453 3454 3455
f 3454 3456 3455
f 3455 3456 3457
f 3456 3458 3457
f 3457 3458 3459
f 3458 3460 3459
f 3459 3460 3461
f 3460 3462 3461
f 3461 3462 3463
f 3462 3464 3463
f 3463 3464 3465
f 3464 3466 3465
f 3465 3466 3467
f 3466 3468 3467
f 3467 3468 3469
f 3468 3470 3469
f 3469 3470 3471
f 3470 3472 3471
f 3471 3472 3473
f 3472 3474 3473
f 3473 3474 3475
f 3474 3476 3475
f 3475 3476 3477
f 3476 3478 3477
f 3477 3478 3479
f 3478 3480 3479
f 3479 3480 3481
f 3480 3482 3481
f 3481 3482 3483
f 3482 3484 3483
f 3483 3484 3485
f 3484 3486 3485
f 3485 3486 3487
f 3486 3488 3487
f 3487 3488 3489
f 3488 3490 3489
f 3489 3490 3491
f 3490 3492 3491
f 3491 3492 3493
f 3492 3494 3493
f 3493 3494 3447
f 3494 3448 3447
f 3495 3496 3497
f 3496 3498 3497
f 3497 3498 3499
f 3498 3500 3499
f 3499 3500 3501
f 3500 3502 3501
f 3501 3502 3503
f 3502 3504 3503
f 3503 3504 3505
f 3504 3506 3505
f 3505 3506 3507
f 3506 3508 3507
f 3507 3508 3509
f 3508 3510 3509
f 3509 3510 3511
f 3510 3512 3511
f 3511 3512 3513
f 3512 3514 3513
f 3513 3514 3515
f 3514 3516 3515
f 3515 3516 3517
f 3516 3518 3517
f 3517 3518 3519
f 3518 3520 3519
f 3519 3520 3521
f 3520 3522 3521
f 3521 3522 3523
f 3522 3524 3523
f 3523 3524 3525
f 3524 3526 3525
f 3525 3526 3527
f 3526 3528 3527
f 3527 3528 3529
f 3528 3530 3529
f 3529 3530 3531
f 3530 3532 3531
f 3531 3532 3533
f 3532 3534 3533
f 3533 3534 3535
f 3534 3536 3535
f 3535 3536 3537
f 3536 3538 3537
f 3537 3538 3539
f 3538 3540 3539
f 3539 3540 3541
f 3540 3542 3541
f 3541 3542 3495
f 3542 3496 3495
f 3543 3544 3545
f 3544 3546 3545
f 3545 3546 3547
f 3546 3548 3547
f 3547 3548 3549
f 3548 3550 3549
f 3549 3550 3551
f 3550 3552 3551
f 3551 3552 3553
f 3552 3554 3553
f 3553 3554 3555
f 3554 3556 3555
f 3555 3556 3557
f 3556 3558 3557
f 3557 3558 3559
f 3558 3560 3559
f 3559 3560 3561
f 3560 3562 3561
f 3561 3562 3563
f 3562 3564 3563
f 3563 3564 3565
f 3564 3566 3565
f 3565 3566 3567
f 3566 3568 3567
f 3567 3568 3569
f 3568 3570 3569
f 3569 3570 3571
f 3570 3572 3571
f 3571 3572 3573
f 3572 3574 3573
f 3573 3574 3575
f 3574 3576 3575
f 3575 3576 3577
f 3576 3578 3577
f 3577 3578 3579
f 3578 3580 3579
f 3579 3580 3581
f 3580 3582 3581
f 3581 3582 3583
f 3582 3584 3583
f 3583 3584 3585
f 3584 3586 3585
f 3585 3586 3587
f 3586 3588 3587
f 3587 3588 3589
f 3588 3590 3589
f 3589 3590 3543
f 3590 3544 3543
f 3591 3592 3593
f 3592 3594 3593
f 3593 3594 3595
f 3594 3596 3595
f 3595 3596 3597
f 3596 3598 3597
f 3597 3598 3599
f 3598 3600 3599
f 3599 3600 3601
f 3600 3602 3601
f 3601 3602 3603
f 3602 3604 3603
f 3603 3604 3605
f 3604 3606 3605
f 3605 3606 3607
f 3606 3608 3607
f 3607 3608 3609
f 3608 3610 3609
f 3609 3610 3611
f 3610 3612 3611
f 3611 3612 3613
f 3612 3614 3613
f 3613 3614 3615
f 3614 3616 3615
f 3616 3617 3615
f 3615 3617 3618
f 3617 3619 3618
f 3618 3619 3620
f 3619 3621 3620
f 3620 3621 3622
f 3621 3623 3622
f 3622 3623 3624
f 3623 3625 3624
f 3624 3625 3626
f 3625 3627 3626
f 3626 3627 3628
f 3627 3629 3628
f 3628 3629 3630
f 3629 3631 3630
f 3630 3631 3632
f 3631 3633 3632
f 3632 3633 3634
f 3633 3635 3634
f 3634 3635 3636
f 3635 3637 3636
f 3636 3637 3638
f 3637 3639 3638
f 3638 3639 3591
f 3639 3640 3591
f 3591 3640 3592
f 3641 3642 3643
f 3644 3645 3646
f 3647 3648 3649
f 3650 3651 3652
f 3653 3654 3655
f 3656 3657 3658
f 3659 3660 3661
f 3662 3663 3664
f 3664 3665 3662
f 3665 3666 3662
f 3662 3666 3667
f 3666 3668 3667
f 3667 3668 3669
f 3670 3671 3672
f 3671 3673 3672
f 3672 3673 3662
f 3673 3674 3662
f 3662 3674 3663
f 3675 3676 3677
f 3676 3678 3677
f 3678 3676 3679
f 3676 3680 3679
f 3679 3680 3681
f 3680 3682 3681
f 3681 3682 3683
f 3682 3684 3683
f 3683 3684 3685
f 3685 3684 3686
f 3684 3631 3686
f 3686 3631 3629
f 3687 3688 3689
f 3688 3690 3689
f 3689 3690 3691
f 3604 3602 3692
f 3602 3693 3692
f 3692 3693 3694
f 3693 3695 3694
f 3694 3695 3696
f 3695 3691 3696
f 3696 3691 3697
f 3691 3690 3697
f 3698 3699 3700
f 3661 3701 3699
f 3701 3702 3699
f 3699 3702 3700
f 3660 3703 3661
f 3703 3704 3661
f 3661 3704 3705
f 3705 3706 3661
f 3706 3707 3661
f 3661 3707 3701
f 3594 3592 3708
f 3592 3709 3708
f 3708 3709 3710
f 3709 3711 3710
f 3710 3711 3712
f 3596 3594 3713
f 3594 3708 3713
f 3713 3708 3714
f 3708 3710 3714
f 3714 3710 3715
f 3710 3712 3715
f 3715 3712 3716
f 3602 3600 3693
f 3600 3717 3693
f 3693 3717 3695
f 3717 3718 3695
f 3695 3718 3691
f 3718 3719 3691
f 3691 3719 3689
f 3719 3698 3689
f 3689 3698 3687
f 3698 3700 3687
f 3598 3596 3720
f 3596 3713 3720
f 3720 3713 3721
f 3713 3714 3721
f 3721 3714 3722
f 3714 3715 3722
f 3722 3715 3723
f 3715 3716 3723
f 3723 3716 3724
f 3633 3631 3725
f 3631 3684 3725
f 3725 3684 3726
f 3684 3682 3726
f 3726 3682 3727
f 3682 3680 3727
f 3727 3680 3670
f 3680 3676 3670
f 3670 3676 3671
f 3676 3675 3671
f 3600 3598 3717
f 3598 3720 3717
f 3717 3720 3718
f 3720 3721 3718
f 3718 3721 3719
f 3721 3722 3719
f 3719 3722 3698
f 3722 3723 3698
f 3698 3723 3699
f 3723 3724 3699
f 3699 3724 3661
f 3728 3729 3730
f 3711 3731 3712
f 3731 3732 3712
f 3712 3732 3716
f 3732 3733 3716
f 3716 3733 3724
f 3733 3658 3724
f 3724 3658 3661
f 3658 3657 3661
f 3661 3657 3659
f 3731 3734 3732
f 3734 3735 3732
f 3732 3735 3733
f 3735 3655 3733
f 3733 3655 3658
f 3655 3654 3658
f 3658 3654 3656
f 3734 3728 3735
f 3728 3730 3735
f 3735 3730 3655
f 3730 3736 3655
f 3655 3736 3653
f 3737 3738 3729
f 3738 3739 3729
f 3729 3739 3730
f 3739 3740 3730
f 3730 3740 3736
f 3651 3737 3652
f 3737 3729 3652
f 3652 3729 3741
f 3729 3728 3741
f 3741 3728 3742
f 3728 3734 3742
f 3742 3734 3743
f 3734 3731 3743
f 3743 3731 3744
f 3731 3711 3744
f 3744 3711 3745
f 3711 3709 3745
f 3745 3709 3640
f 3709 3592 3640
f 3648 3650 3649
f 3650 3652 3649
f 3649 3652 3746
f 3652 3741 3746
f 3746 3741 3747
f 3741 3742 3747
f 3747 3742 3748
f 3742 3743 3748
f 3748 3743 3749
f 3743 3744 3749
f 3749 3744 3750
f 3744 3745 3750
f 3750 3745 3639
f 3745 3640 3639
f 3645 3647 3646
f 3647 3649 3646
f 3646 3649 3751
f 3649 3746 3751
f 3751 3746 3752
f 3746 3747 3752
f 3752 3747 3753
f 3747 3748 3753
f 3753 3748 3754
f 3748 3749 3754
f 3754 3749 3755
f 3749 3750 3755
f 3755 3750 3637
f 3750 3639 3637
f 3642 3644 3643
f 3644 3646 3643
f 3643 3646 3756
f 3646 3751 3756
f 3756 3751 3757
f 3751 3752 3757
f 3757 3752 3758
f 3752 3753 3758
f 3758 3753 3759
f 3753 3754 3759
f 3759 3754 3760
f 3754 3755 3760
f 3760 3755 3635
f 3755 3637 3635
f 3667 3641 3662
f 3641 3643 3662
f 3662 3643 3672
f 3643 3756 3672
f 3672 3756 3670
f 3756 3757 3670
f 3670 3757 3727
f 3757 3758 3727
f 3727 3758 3726
f 3758 3759 3726
f 3726 3759 3725
f 3759 3760 3725
f 3725 3760 3633
f 3760 3635 3633
f 3761 3762 3763
f 3764 3765 3766
f 3767 3768 3769
f 3770 3771 3772
f 3773 3774 3775
f 3776 3777 3778
f 3779 3780 3781
f 3781 3782 3779
f 3782 3783 3779
f 3779 3783 3784
f 3783 3785 3784
f 3784 3785 3786
f 3787 3788 3789
f 3789 3790 3787
f 3790 3791 3787
f 3787 3791 3792
f 3793 3794 3795
f 3794 3796 3795
f 3796 3794 3797
f 3794 3606 3797
f 3797 3606 3604
f 3629 3627 3798
f 3627 3799 3798
f 3798 3799 3800
f 3799 3801 3800
f 3800 3801 3802
f 3801 3778 3802
f 3802 3778 3803
f 3778 3777 3803
f 3775 3804 3805
f 3804 3806 3805
f 3774 3807 3775
f 3807 3808 3775
f 3775 3808 3809
f 3809 3810 3775
f 3810 3811 3775
f 3775 3811 3804
f 3621 3619 3812
f 3619 3813 3812
f 3812 3813 3814
f 3813 3815 3814
f 3814 3815 3816
f 3608 3606 3817
f 3606 3794 3817
f 3817 3794 3818
f 3794 3793 3818
f 3818 3793 3819
f 3627 3625 3799
f 3625 3820 3799
f 3799 3820 3801
f 3820 3821 3801
f 3801 3821 3778
f 3821 3822 3778
f 3778 3822 3776
f 3822 3805 3776
f 3776 3805 3823
f 3805 3806 3823
f 3623 3621 3824
f 3621 3812 3824
f 3824 3812 3825
f 3812 3814 3825
f 3825 3814 3826
f 3814 3816 3826
f 3826 3816 3827
f 3795 3788 3793
f 3788 3787 3793
f 3793 3787 3819
f 3787 3792 3819
f 3819 3792 3828
f 3792 3829 3828
f 3828 3829 3779
f 3829 3830 3779
f 3779 3830 3780
f 3625 3623 3820
f 3623 3824 3820
f 3820 3824 3821
f 3824 3825 3821
f 3821 3825 3822
f 3825 3826 3822
f 3822 3826 3805
f 3826 3827 3805
f 3805 3827 3775
f 3831 3832 3833
f 3815 3834 3816
f 3834 3835 3816
f 3816 3835 3827
f 3835 3772 3827
f 3827 3772 3775
f 3772 3771 3775
f 3775 3771 3773
f 3834 3831 3835
f 3831 3833 3835
f 3835 3833 3772
f 3833 3836 3772
f 3772 3836 3770
f 3837 3838 3839
f 3838 3832 3839
f 3839 3832 3840
f 3832 3831 3840
f 3840 3831 3841
f 3831 3834 3841
f 3841 3834 3842
f 3834 3815 3842
f 3842 3815 3843
f 3815 3813 3843
f 3843 3813 3617
f 3813 3619 3617
f 3838 3844 3832
f 3844 3845 3832
f 3832 3845 3833
f 3845 3846 3833
f 3833 3846 3836
f 3847 3848 3849
f 3848 3850 3849
f 3850 3837 3849
f 3837 3839 3849
f 3849 3839 3851
f 3839 3840 3851
f 3851 3840 3852
f 3840 3841 3852
f 3852 3841 3853
f 3841 3842 3853
f 3853 3842 3854
f 3842 3843 3854
f 3854 3843 3616
f 3843 3617 3616
f 3768 3847 3769
f 3847 3849 3769
f 3769 3849 3855
f 3849 3851 3855
f 3855 3851 3856
f 3851 3852 3856
f 3856 3852 3857
f 3852 3853 3857
f 3857 3853 3858
f 3853 3854 3858
f 3858 3854 3614
f 3854 3616 3614
f 3765 3767 3766
f 3767 3769 3766
f 3766 3769 3859
f 3769 3855 3859
f 3859 3855 3860
f 3855 3856 3860
f 3860 3856 3861
f 3856 3857 3861
f 3861 3857 3862
f 3857 3858 3862
f 3862 3858 3612
f 3858 3614 3612
f 3762 3764 3763
f 3764 3766 3763
f 3763 3766 3863
f 3766 3859 3863
f 3863 3859 3864
f 3859 3860 3864
f 3864 3860 3865
f 3860 3861 3865
f 3865 3861 3866
f 3861 3862 3866
f 3866 3862 3610
f 3862 3612 3610
f 3784 3761 3779
f 3761 3763 3779
f 3779 3763 3828
f 3763 3863 3828
f 3828 3863 3819
f 3863 3864 3819
f 3819 3864 3818
f 3864 3865 3818
f 3818 3865 3817
f 3865 3866 3817
f 3817 3866 3608
f 3866 3610 3608
f 3867 3868 3869
f 3870 3871 3869
f 3871 3872 3869
f 3872 3873 3869
f 3869 3873 3874
f 3875 3876 3869
f 3876 3877 3869
f 3869 3877 3878
f 3878 3879 3869
f 3879 3880 3869
f 3869 3880 3867
f 3880 3881 3882
f 3883 3884 3885
f 3884 3886 3885
f 3884 3887 3886
f 3887 3888 3886
f 3886 3888 3869
f 3888 3889 3869
f 3869 3889 3870
f 3890 3891 3869
f 3882 3892 3880
f 3892 3893 3880
f 3880 3893 3867
f 3891 3894 3869
f 3894 3895 3869
f 3869 3895 3875
f 3874 3896 3869
f 3896 3897 3869
f 3869 3897 3898
f 3898 3899 3869
f 3899 3900 3869
f 3869 3900 3890
f 3669 3901 3667
f 3901 3902 3667
f 3667 3902 3641
f 3902 3903 3641
f 3641 3903 3642
f 3903 3904 3642
f 3642 3904 3644
f 3904 3905 3644
f 3644 3905 3645
f 3905 3906 3645
f 3645 3906 3647
f 3906 3907 3647
f 3647 3907 3648
f 3907 3908 3648
f 3648 3908 3650
f 3908 3909 3650
f 3650 3909 3651
f 3909 3910 3651
f 3651 3910 3737
f 3910 3911 3737
f 3737 3911 3912
f 3913 3703 3914
f 3703 3660 3914
f 3914 3660 3915
f 3660 3659 3915
f 3915 3659 3916
f 3659 3657 3916
f 3916 3657 3917
f 3657 3656 3917
f 3917 3656 3918
f 3656 3654 3918
f 3918 3654 3919
f 3654 3653 3919
f 3919 3653 3920
f 3653 3736 3920
f 3920 3736 3921
f 3736 3740 3921
f 3921 3740 3922
f 3740 3739 3922
f 3922 3739 3912
f 3739 3738 3912
f 3912 3738 3737
f 3923 3924 3925
f 3926 3927 3924
f 3925 3924 3928
f 3929 3930 3931
f 3932 3933 3924
f 3933 3934 3924
f 3927 3935 3924
f 3935 3936 3924
f 3924 3936 3937
f 3938 3939 3924
f 3934 3940 3924
f 3940 3941 3924
f 3924 3941 3926
f 3937 3942 3924
f 3942 3943 3924
f 3924 3943 3944
f 3938 3924 3945
f 3939 3946 3924
f 3946 3947 3924
f 3924 3947 3928
f 3923 3925 3931
f 3925 3948 3931
f 3931 3948 3929
f 3944 3949 3924
f 3949 3950 3924
f 3924 3950 3951
f 3951 3952 3924
f 3952 3953 3924
f 3924 3953 3954
f 3954 3955 3924
f 3955 3956 3924
f 3924 3956 3945
f 3786 3957 3784
f 3957 3958 3784
f 3784 3958 3761
f 3958 3959 3761
f 3761 3959 3762
f 3959 3960 3762
f 3762 3960 3764
f 3960 3961 3764
f 3764 3961 3765
f 3961 3962 3765
f 3765 3962 3767
f 3962 3963 3767
f 3767 3963 3768
f 3963 3964 3768
f 3768 3964 3847
f 3964 3965 3847
f 3847 3965 3848
f 3965 3966 3848
f 3848 3966 3850
f 3966 3967 3850
f 3850 3967 3968
f 3969 3807 3970
f 3807 3774 3970
f 3970 3774 3971
f 3774 3773 3971
f 3971 3773 3972
f 3773 3771 3972
f 3972 3771 3973
f 3771 3770 3973
f 3973 3770 3974
f 3770 3836 3974
f 3974 3836 3975
f 3836 3846 3975
f 3975 3846 3976
f 3846 3845 3976
f 3976 3845 3977
f 3845 3844 3977
f 3977 3844 3978
f 3844 3838 3978
f 3978 3838 3968
f 3838 3837 3968
f 3968 3837 3850
f 3979 3980 3981
f 3979 3981 3982
f 3983 3984 3985
f 3981 3986 3982
f 3986 3984 3982
f 3982 3984 3987
f 3984 3983 3987
f 3988 3989 3990
f 3985 3991 3983
f 3991 3992 3983
f 3983 3992 3990
f 3992 3993 3990
f 3990 3993 3988
f 3994 3995 3996
f 3996 3997 3994
f 3997 3998 3994
f 3994 3998 3999
f 3995 4000 3996
f 4000 4001 3996
f 3996 4001 4002
f 4001 4003 4002
f 4002 4003 4004
f 4003 4005 4004
f 4004 4005 3989
f 4005 4006 3989
f 3989 4006 3990
f 3999 4007 3994
f 4007 4008 3994
f 3994 4008 4009
f 4010 3869 3868
f 3868 4011 4010
f 4011 4012 4010
f 4010 4012 4009
f 4012 4013 4009
f 4009 4013 3994
f 4014 4015 4016
f 4017 4018 4019
f 4020 4021 4022
f 4021 4023 4022
f 4024 3913 3914
f 4024 3914 4023
f 4025 4026 4027
f 4026 4028 4027
f 4029 4030 4031
f 4030 4032 4031
f 4031 4032 4033
f 4034 4035 4036
f 4035 4037 4036
f 4038 4039 4040
f 4039 4041 4040
f 4042 4043 4044
f 4043 4045 4044
f 4045 4046 4044
f 4044 4046 3981
f 4047 4048 4049
f 4014 4016 4050
f 4051 4052 4053
f 4052 4054 4053
f 4053 4054 4055
f 4056 4057 4058
f 4057 4059 4058
f 4060 4061 4062
f 4061 3902 4062
f 4062 3902 3901
f 4023 3914 4022
f 3914 3915 4022
f 4022 3915 4063
f 3915 3916 4063
f 3916 3917 4063
f 4063 3917 4064
f 3917 3918 4064
f 3918 3919 4064
f 4064 3919 4065
f 3922 4066 3921
f 4066 4065 3921
f 3921 4065 3920
f 4065 3919 3920
f 3922 3912 4066
f 3912 3911 4066
f 4066 3911 4067
f 3911 3910 4067
f 3910 3909 4067
f 4067 3909 4068
f 3909 3908 4068
f 4068 3908 4069
f 4070 3907 4069
f 3907 3906 4069
f 4069 3906 4071
f 3906 3905 4071
f 3905 3904 4071
f 4071 3904 4061
f 3904 3903 4061
f 4061 3903 3902
f 4060 4056 4061
f 4056 4058 4061
f 4061 4058 4071
f 4058 4072 4071
f 4071 4072 4069
f 4072 4073 4069
f 4069 4073 4068
f 4073 4074 4068
f 4068 4074 4067
f 4074 4075 4067
f 4067 4075 4066
f 4075 4076 4066
f 4066 4076 4065
f 4076 4077 4065
f 4065 4077 4064
f 4077 4078 4064
f 4064 4078 4063
f 4078 4079 4063
f 4063 4079 4022
f 4079 4027 4022
f 4022 4027 4020
f 4027 4028 4020
f 4059 4051 4058
f 4051 4053 4058
f 4058 4053 4072
f 4053 4080 4072
f 4072 4080 4073
f 4080 4081 4073
f 4073 4081 4074
f 4081 4082 4074
f 4074 4082 4075
f 4082 4083 4075
f 4075 4083 4076
f 4083 4084 4076
f 4076 4084 4077
f 4084 4085 4077
f 4077 4085 4078
f 4085 4086 4078
f 4078 4086 4079
f 4086 4087 4079
f 4079 4087 4027
f 4087 4031 4027
f 4027 4031 4025
f 4031 4033 4025
f 4055 4050 4053
f 4050 4016 4053
f 4053 4016 4080
f 4016 4088 4080
f 4080 4088 4081
f 4088 4089 4081
f 4081 4089 4082
f 4089 4090 4082
f 4082 4090 4083
f 4090 4091 4083
f 4083 4091 4084
f 4091 4092 4084
f 4084 4092 4085
f 4092 4093 4085
f 4085 4093 4086
f 4093 4094 4086
f 4086 4094 4087
f 4094 4095 4087
f 4087 4095 4031
f 4095 4019 4031
f 4031 4019 4029
f 4019 4018 4029
f 4015 4047 4016
f 4047 4049 4016
f 4016 4049 4088
f 4049 4096 4088
f 4088 4096 4089
f 4096 4097 4089
f 4089 4097 4090
f 4097 4098 4090
f 4090 4098 4091
f 4098 4099 4091
f 4091 4099 4092
f 4099 4100 4092
f 4092 4100 4093
f 4100 4101 4093
f 4093 4101 4094
f 4101 4102 4094
f 4094 4102 4095
f 4102 4103 4095
f 4095 4103 4019
f 4103 4036 4019
f 4019 4036 4017
f 4036 4037 4017
f 4048 4042 4049
f 4042 4044 4049
f 4049 4044 4096
f 4044 4104 4096
f 4096 4104 4097
f 4104 4105 4097
f 4097 4105 4098
f 4105 4106 4098
f 4098 4106 4099
f 4106 4107 4099
f 4099 4107 4100
f 4107 4108 4100
f 4100 4108 4101
f 4108 4109 4101
f 4101 4109 4102
f 4109 4110 4102
f 4102 4110 4103
f 4110 4111 4103
f 4103 4111 4036
f 4111 4039 4036
f 4036 4039 4034
f 4039 4038 4034
f 4112 4113 4114
f 4115 4116 4117
f 4118 4119 4120
f 4118 4120 4121
f 4120 4122 4121
f 4121 4122 4041
f 4119 4123 4120
f 4123 4124 4120
f 4120 4124 4125
f 4124 4126 4125
f 4117 4116 4124
f 4116 4127 4124
f 4124 4127 4126
f 4114 4113 4128
f 4115 4117 4129
f 4117 4130 4129
f 4129 4130 4131
f 4130 4132 4131
f 4131 4132 4133
f 4132 4134 4133
f 4133 4134 4113
f 4134 4135 4113
f 4113 4135 4128
f 4136 4137 4138
f 4137 4139 4138
f 4138 4139 4114
f 4139 4140 4114
f 4114 4140 4112
f 4136 4138 4141
f 4138 4142 4141
f 4141 4142 4143
f 4142 4144 4143
f 4143 4144 3924
f 4144 4145 3924
f 3924 4145 3932
f 4146 4147 4148
f 4149 4150 4151
f 4152 3969 3970
f 4153 4154 4155
f 4156 4121 4157
f 4156 4157 4158
f 4159 4160 4161
f 4162 4163 4164
f 4163 4165 4164
f 4166 4167 4168
f 4153 4155 4169
f 4170 4171 4172
f 3958 3957 4173
f 3957 4174 4173
f 4175 4176 4177
f 4176 4152 4177
f 4178 4179 4180
f 4179 4181 4180
f 4182 4183 4184
f 4183 4185 4184
f 4186 4187 4188
f 4186 4188 3980
f 4152 3970 4177
f 3970 3971 4177
f 4177 3971 4189
f 3971 3972 4189
f 3972 3973 4189
f 4189 3973 4190
f 3973 3974 4190
f 3974 3975 4190
f 4190 3975 4191
f 3975 3976 4191
f 3976 3977 4191
f 4191 3977 4192
f 3977 3978 4192
f 3978 3968 4192
f 4192 3968 4193
f 3968 3967 4193
f 3967 3966 4193
f 4193 3966 4194
f 3966 3965 4194
f 3965 3964 4194
f 4194 3964 4195
f 3964 3963 4195
f 3963 3962 4195
f 4195 3962 4196
f 3962 3961 4196
f 3961 3960 4196
f 4196 3960 4173
f 3960 3959 4173
f 4173 3959 3958
f 4174 4170 4173
f 4170 4172 4173
f 4173 4172 4196
f 4172 4197 4196
f 4196 4197 4195
f 4197 4198 4195
f 4195 4198 4194
f 4198 4199 4194
f 4194 4199 4193
f 4199 4200 4193
f 4193 4200 4192
f 4200 4201 4192
f 4192 4201 4191
f 4201 4202 4191
f 4191 4202 4190
f 4202 4203 4190
f 4190 4203 4189
f 4203 4204 4189
f 4189 4204 4177
f 4204 4151 4177
f 4177 4151 4175
f 4151 4150 4175
f 4171 4169 4172
f 4169 4155 4172
f 4172 4155 4197
f 4155 4205 4197
f 4197 4205 4198
f 4205 4206 4198
f 4198 4206 4199
f 4206 4207 4199
f 4199 4207 4200
f 4207 4208 4200
f 4200 4208 4201
f 4208 4209 4201
f 4201 4209 4202
f 4209 4210 4202
f 4202 4210 4203
f 4210 4211 4203
f 4203 4211 4204
f 4211 4212 4204
f 4204 4212 4151
f 4212 4148 4151
f 4151 4148 4149
f 4148 4147 4149
f 4154 4166 4155
f 4166 4168 4155
f 4155 4168 4205
f 4168 4213 4205
f 4205 4213 4206
f 4213 4214 4206
f 4206 4214 4207
f 4214 4215 4207
f 4207 4215 4208
f 4215 4216 4208
f 4208 4216 4209
f 4216 4217 4209
f 4209 4217 4210
f 4217 4218 4210
f 4210 4218 4211
f 4218 4219 4211
f 4211 4219 4212
f 4219 4220 4212
f 4212 4220 4148
f 4220 4180 4148
f 4148 4180 4146
f 4180 4181 4146
f 4167 4162 4168
f 4162 4164 4168
f 4168 4164 4213
f 4164 4221 4213
f 4213 4221 4214
f 4221 4222 4214
f 4214 4222 4215
f 4222 4223 4215
f 4215 4223 4216
f 4223 4224 4216
f 4216 4224 4217
f 4224 4225 4217
f 4217 4225 4218
f 4225 4226 4218
f 4218 4226 4219
f 4226 4227 4219
f 4219 4227 4220
f 4227 4228 4220
f 4220 4228 4180
f 4228 4184 4180
f 4180 4184 4178
f 4184 4185 4178
f 4165 4159 4164
f 4159 4161 4164
f 4164 4161 4221
f 4161 4229 4221
f 4221 4229 4222
f 4229 4230 4222
f 4222 4230 4223
f 4230 4231 4223
f 4223 4231 4224
f 4231 4232 4224
f 4224 4232 4225
f 4232 4233 4225
f 4225 4233 4226
f 4233 4234 4226
f 4226 4234 4227
f 4234 4235 4227
f 4227 4235 4228
f 4235 4236 4228
f 4228 4236 4184
f 4236 4188 4184
f 4184 4188 4182
f 4188 4187 4182
f 4160 4158 4161
f 4158 4157 4161
f 4161 4157 4229
f 4157 4237 4229
f 4229 4237 4230
f 4237 4238 4230
f 4230 4238 4231
f 4238 4239 4231
f 4231 4239 4232
f 4239 4240 4232
f 4232 4240 4233
f 4240 4241 4233
f 4233 4241 4234
f 4241 4242 4234
f 4234 4242 4235
f 4242 4243 4235
f 4235 4243 4236
f 4243 4244 4236
f 4236 4244 4188
f 4244 4245 4188
f 4188 4245 3980
f 4110 4246 4111
f 4246 4247 4111
f 4111 4247 4039
f 4247 4248 4039
f 4039 4248 4041
f 3980 4249 3981
f 4249 4250 3981
f 3981 4250 4044
f 4250 4251 4044
f 4044 4251 4104
f 4251 4252 4104
f 4104 4252 4105
f 4243 4253 4244
f 4253 4254 4244
f 4244 4254 4245
f 4254 4255 4245
f 4245 4255 3980
f 4255 4256 3980
f 3980 4256 4249
f 4248 4257 4041
f 4257 4258 4041
f 4041 4258 4121
f 4258 4259 4121
f 4121 4259 4157
f 4259 4260 4157
f 4157 4260 4237
f 4260 4261 4237
f 4237 4261 4238
f 4252 4262 4105
f 4262 4263 4105
f 4105 4263 4106
f 4263 4264 4106
f 4106 4264 4107
f 4264 4265 4107
f 4107 4265 4108
f 4265 4266 4108
f 4108 4266 4109
f 4266 4267 4109
f 4109 4267 4110
f 4267 4268 4110
f 4110 4268 4246
f 4261 4269 4238
f 4269 4270 4238
f 4238 4270 4239
f 4270 4271 4239
f 4239 4271 4240
f 4271 4272 4240
f 4240 4272 4241
f 4272 4273 4241
f 4241 4273 4242
f 4273 4274 4242
f 4242 4274 4243
f 4274 4275 4243
f 4243 4275 4253
f 4276 4277 4278
f 4277 4279 4278
f 4278 4279 4280
f 4281 4282 4283
f 4282 4284 4283
f 4283 4284 4285
f 4281 4286 4282
f 4286 4287 4282
f 4282 4287 4276
f 4287 4288 4276
f 4276 4288 4277
f 4289 4290 4291
f 4290 4292 4291
f 4291 4292 4293
f 4294 4295 4296
f 4295 4297 4296
f 4296 4297 4280
f 4294 4298 4295
f 4298 4299 4295
f 4295 4299 4289
f 4299 4300 4289
f 4289 4300 4290
f 4301 4302 4303
f 4302 4304 4303
f 4303 4304 4305
f 4306 4307 4308
f 4307 4309 4308
f 4308 4309 4293
f 4306 4310 4307
f 4310 4311 4307
f 4307 4311 4301
f 4311 4312 4301
f 4301 4312 4302
f 4313 4314 4315
f 4314 4316 4315
f 4315 4316 4317
f 4318 4319 4320
f 4319 4321 4320
f 4320 4321 4305
f 4318 4322 4319
f 4322 4323 4319
f 4319 4323 4313
f 4323 4324 4313
f 4313 4324 4314
f 4325 4326 4327
f 4326 4328 4327
f 4327 4328 4317
f 4329 4330 4331
f 4330 4332 4331
f 4331 4332 4333
f 4325 4334 4326
f 4334 4335 4326
f 4326 4335 4329
f 4335 4336 4329
f 4329 4336 4330
f 4337 4338 4333
f 4285 4339 4340
f 4340 4339 4341
f 4339 4342 4341
f 4341 4342 4343
f 4338 4337 4344
f 4337 4345 4344
f 4345 4346 4344
f 4344 4346 4342
f 4346 4347 4342
f 4342 4347 4343
f 4348 4349 4350
f 4349 4351 4350
f 4350 4351 4352
f 4352 4351 4353
f 4351 4354 4353
f 4353 4354 4355
f 4356 4357 4358
f 4358 4359 4356
f 4359 4360 4356
f 4356 4360 4361
f 4360 4362 4361
f 4361 4362 4363
f 4364 4365 4366
f 4365 4367 4366
f 4366 4367 4368
f 4368 4367 4369
f 4367 4370 4369
f 4369 4370 4371
f 4372 4373 4374
f 4373 4375 4374
f 4374 4375 4376
f 4375 4377 4376
f 4376 4377 4378
f 4379 4380 4381
f 4380 4382 4381
f 4381 4382 4383
f 4383 4382 4384
f 4382 4385 4384
f 4384 4385 4386
f 4387 4388 4389
f 4390 4391 4392
f 4389 4393 4387
f 4393 4394 4387
f 4387 4394 4392
f 4394 4395 4392
f 4392 4395 4390
f 4396 4397 4398
f 4397 4399 4398
f 4398 4399 4400
f 4400 4399 4401
f 4399 4402 4401
f 4401 4402 4403
f 4404 4405 4406
f 4405 4407 4406
f 4408 4409 4410
f 4409 4411 4410
f 4410 4411 4407
f 4411 4412 4407
f 4407 4412 4406
f 4413 4414 4415
f 4414 4416 4415
f 4415 4416 4417
f 4417 4416 4418
f 4416 4419 4418
f 4418 4419 4420
f 4421 4422 4423
f 4424 4425 4426
f 4424 4426 4423
f 4426 4427 4423
f 4423 4427 4421
f 4428 4429 4430
f 4429 4431 4430
f 4430 4431 4432
f 4432 4431 4433
f 4431 4434 4433
f 4433 4434 4435
f 4436 4437 4438
f 4439 4440 4441
f 4440 4442 4441
f 4436 4438 4442
f 4438 4443 4442
f 4442 4443 4441
f 4444 4445 4446
f 4445 4447 4446
f 4448 4449 4450
f 4451 4452 4453
f 4454 4447 4455
f 4447 4445 4455
f 4455 4445 4453
f 4445 4448 4453
f 4453 4448 4451
f 4448 4450 4451
f 4456 4457 4446
f 4457 4458 4446
f 4446 4458 4444
f 4458 4459 4444
f 4444 4459 4460
f 4459 4461 4460
f 4460 4462 4463
f 4460 4463 4444
f 4463 4464 4444
f 4444 4464 4465
f 4466 4467 4468
f 4469 4470 4471
f 4472 4473 4474
f 4473 4449 4474
f 4465 4475 4444
f 4475 4476 4444
f 4444 4476 4449
f 4476 4466 4449
f 4449 4466 4474
f 4466 4468 4474
f 4474 4468 4477
f 4471 4450 4469
f 4450 4449 4469
f 4469 4449 4478
f 4449 4473 4478
f 4478 4473 4479
f 4480 4481 4482
f 4481 4483 4482
f 4482 4483 4484
f 4483 4485 4484
f 4484 4485 4486
f 4485 4487 4486
f 4486 4487 4488
f 4487 4489 4488
f 4488 4489 4490
f 4489 4491 4490
f 4490 4491 4492
f 4491 4493 4492
f 4492 4493 4494
f 4493 4495 4494
f 4494 4495 4496
f 4495 4497 4496
f 4496 4497 4498
f 4497 4499 4498
f 4498 4499 4500
f 4499 4501 4500
f 4500 4501 4502
f 4501 4503 4502
f 4502 4503 4504
f 4503 4505 4504
f 4504 4505 4506
f 4505 4507 4506
f 4506 4507 4508
f 4507 4509 4508
f 4508 4509 4510
f 4509 4511 4510
f 4510 4511 4512
f 4511 4513 4512
f 4512 4513 4514
f 4513 4515 4514
f 4514 4515 4516
f 4515 4517 4516
f 4516 4517 4518
f 4517 4519 4518
f 4518 4519 4520
f 4519 4521 4520
f 4520 4521 4522
f 4521 4523 4522
f 4522 4523 4524
f 4523 4525 4524
f 4524 4525 4526
f 4525 4527 4526
f 4526 4527 4480
f 4527 4481 4480
f 4528 4529 4530
f 4529 4531 4530
f 4530 4531 4532
f 4531 4533 4532
f 4532 4533 4534
f 4533 4535 4534
f 4534 4535 4536
f 4535 4537 4536
f 4536 4537 4538
f 4537 4539 4538
f 4538 4539 4540
f 4539 4541 4540
f 4540 4541 4542
f 4541 4543 4542
f 4542 4543 4544
f 4543 4545 4544
f 4544 4545 4546
f 4545 4547 4546
f 4546 4547 4548
f 4547 4549 4548
f 4548 4549 4550
f 4549 4551 4550
f 4550 4551 4552
f 4551 4553 4552
f 4552 4553 4554
f 4553 4555 4554
f 4554 4555 4556
f 4555 4557 4556
f 4556 4557 4558
f 4557 4559 4558
f 4558 4559 4560
f 4559 4561 4560
f 4560 4561 4562
f 4561 4563 4562
f 4562 4563 4564
f 4563 4565 4564
f 4564 4565 4566
f 4565 4567 4566
f 4566 4567 4568
f 4567 4569 4568
f 4568 4569 4570
f 4569 4571 4570
f 4570 4571 4572
f 4571 4573 4572
f 4572 4573 4574
f 4573 4575 4574
f 4574 4575 4528
f 4575 4529 4528
f 4576 4577 4578
f 4577 4579 4578
f 4578 4579 4580
f 4579 4581 4580
f 4580 4581 4582
f 4581 4583 4582
f 4582 4583 4584
f 4583 4585 4584
f 4584 4585 4586
f 4585 4587 4586
f 4586 4587 4588
f 4587 4589 4588
f 4588 4589 4590
f 4589 4591 4590
f 4590 4591 4592
f 4591 4593 4592
f 4592 4593 4594
f 4593 4595 4594
f 4594 4595 4596
f 4595 4597 4596
f 4596 4597 4598
f 4597 4599 4598
f 4598 4599 4600
f 4599 4601 4600
f 4600 4601 4602
f 4601 4603 4602
f 4602 4603 4604
f 4603 4605 4604
f 4604 4605 4606
f 4605 4607 4606
f 4606 4607 4608
f 4607 4609 4608
f 4608 4609 4610
f 4609 4611 4610
f 4610 4611 4612
f 4611 4613 4612
f 4612 4613 4614
f 4613 4615 4614
f 4614 4615 4616
f 4615 4617 4616
f 4616 4617 4618
f 4617 4619 4618
f 4618 4619 4620
f 4619 4621 4620
f 4620 4621 4622
f 4621 4623 4622
f 4622 4623 4576
f 4623 4577 4576
f 4624 4625 4626
f 4625 4627 4626
f 4626 4627 4628
f 4627 4629 4628
f 4628 4629 4630
f 4629 4631 4630
f 4630 4631 4632
f 4631 4633 4632
f 4632 4633 4634
f 4633 4635 4634
f 4634 4635 4636
f 4635 4637 4636
f 4636 4637 4638
f 4637 4639 4638
f 4638 4639 4640
f 4639 4641 4640
f 4640 4641 4642
f 4641 4643 4642
f 4642 4643 4644
f 4643 4645 4644
f 4644 4645 4646
f 4645 4647 4646
f 4646 4647 4648
f 4647 4649 4648
f 4648 4649 4650
f 4649 4651 4650
f 4650 4651 4652
f 4651 4653 4652
f 4652 4653 4654
f 4653 4655 4654
f 4654 4655 4656
f 4655 4657 4656
f 4656 4657 4658
f 4657 4659 4658
f 4658 4659 4660
f 4659 4661 4660
f 4660 4661 4662
f 4661 4663 4662
f 4662 4663 4664
f 4663 4665 4664
f 4664 4665 4666
f 4665 4667 4666
f 4666 4667 4668
f 4667 4669 4668
f 4668 4669 4670
f 4669 4671 4670
f 4670 4671 4624
f 4671 4625 4624
f 4672 4613 4673
f 4613 4611 4673
f 4673 4611 4674
f 4611 4609 4674
f 4674 4609 4675
f 4609 4607 4675
f 4675 4607 4676
f 4607 4605 4676
f 4676 4605 4677
f 4605 4603 4677
f 4677 4603 4678
f 4603 4601 4678
f 4678 4601 4679
f 4601 4599 4679
f 4679 4599 4680
f 4599 4597 4680
f 4680 4597 4681
f 4597 4595 4681
f 4681 4595 4682
f 4595 4593 4682
f 4682 4593 4683
f 4593 4591 4683
f 4683 4591 4684
f 4591 4589 4684
f 4684 4589 4685
f 4589 4587 4685
f 4685 4587 4686
f 4587 4585 4686
f 4686 4585 4687
f 4585 4583 4687
f 4687 4583 4688
f 4583 4581 4688
f 4688 4581 4689
f 4581 4579 4689
f 4689 4579 4690
f 4579 4577 4690
f 4690 4577 4691
f 4577 4623 4691
f 4691 4623 4692
f 4623 4621 4692
f 4692 4621 4693
f 4621 4619 4693
f 4693 4619 4694
f 4619 4617 4694
f 4694 4617 4695
f 4617 4615 4695
f 4695 4615 4672
f 4615 4613 4672
f 4648 4696 4646
f 4696 4697 4646
f 4646 4697 4644
f 4697 4698 4644
f 4644 4698 4642
f 4698 4699 4642
f 4642 4699 4640
f 4699 4700 4640
f 4640 4700 4638
f 4700 4701 4638
f 4638 4701 4636
f 4701 4702 4636
f 4636 4702 4634
f 4702 4703 4634
f 4634 4703 4632
f 4703 4704 4632
f 4632 4704 4630
f 4704 4705 4630
f 4630 4705 4628
f 4705 4706 4628
f 4628 4706 4626
f 4706 4707 4626
f 4626 4707 4624
f 4707 4708 4624
f 4624 4708 4670
f 4708 4709 4670
f 4670 4709 4668
f 4709 4710 4668
f 4668 4710 4666
f 4710 4711 4666
f 4666 4711 4664
f 4711 4712 4664
f 4664 4712 4662
f 4712 4713 4662
f 4662 4713 4660
f 4713 4714 4660
f 4660 4714 4658
f 4714 4715 4658
f 4658 4715 4656
f 4715 4716 4656
f 4656 4716 4654
f 4716 4717 4654
f 4654 4717 4652
f 4717 4718 4652
f 4652 4718 4650
f 4718 4719 4650
f 4650 4719 4648
f 4719 4696 4648
f 4696 4720 4697
f 4720 4721 4697
f 4697 4721 4698
f 4721 4722 4698
f 4698 4722 4699
f 4722 4723 4699
f 4699 4723 4700
f 4723 4724 4700
f 4700 4724 4701
f 4724 4725 4701
f 4701 4725 4702
f 4725 4726 4702
f 4702 4726 4703
f 4726 4727 4703
f 4703 4727 4704
f 4727 4728 4704
f 4704 4728 4705
f 4728 4729 4705
f 4705 4729 4706
f 4729 4730 4706
f 4706 4730 4707
f 4730 4731 4707
f 4707 4731 4708
f 4731 4732 4708
f 4708 4732 4709
f 4732 4733 4709
f 4709 4733 4710
f 4733 4734 4710
f 4710 4734 4711
f 4734 4735 4711
f 4711 4735 4712
f 4735 4736 4712
f 4712 4736 4713
f 4736 4737 4713
f 4713 4737 4714
f 4737 4738 4714
f 4714 4738 4715
f 4738 4739 4715
f 4715 4739 4716
f 4739 4740 4716
f 4716 4740 4717
f 4740 4741 4717
f 4717 4741 4718
f 4741 4742 4718
f 4718 4742 4719
f 4742 4743 4719
f 4719 4743 4696
f 4743 4720 4696
f 4720 4744 4721
f 4744 4745 4721
f 4721 4745 4722
f 4745 4746 4722
f 4722 4746 4723
f 4746 4747 4723
f 4723 4747 4724
f 4747 4748 4724
f 4724 4748 4725
f 4748 4749 4725
f 4725 4749 4726
f 4749 4750 4726
f 4726 4750 4727
f 4750 4751 4727
f 4727 4751 4728
f 4751 4752 4728
f 4728 4752 4729
f 4752 4753 4729
f 4729 4753 4730
f 4753 4754 4730
f 4730 4754 4731
f 4754 4755 4731
f 4731 4755 4732
f 4755 4756 4732
f 4732 4756 4733
f 4756 4757 4733
f 4733 4757 4734
f 4757 4758 4734
f 4734 4758 4735
f 4758 4759 4735
f 4735 4759 4736
f 4759 4760 4736
f 4736 4760 4737
f 4760 4761 4737
f 4737 4761 4738
f 4761 4762 4738
f 4738 4762 4739
f 4762 4763 4739
f 4739 4763 4740
f 4763 4764 4740
f 4740 4764 4741
f 4764 4765 4741
f 4741 4765 4742
f 4765 4766 4742
f 4742 4766 4743
f 4766 4767 4743
f 4743 4767 4720
f 4767 4744 4720
f 4744 4684 4745
f 4684 4685 4745
f 4745 4685 4746
f 4685 4686 4746
f 4746 4686 4747
f 4686 4687 4747
f 4747 4687 4748
f 4687 4688 4748
f 4748 4688 4749
f 4688 4689 4749
f 4749 4689 4750
f 4689 4690 4750
f 4750 4690 4751
f 4690 4691 4751
f 4751 4691 4752
f 4691 4692 4752
f 4752 4692 4753
f 4692 4693 4753
f 4753 4693 4754
f 4693 4694 4754
f 4754 4694 4755
f 4694 4695 4755
f 4755 4695 4756
f 4695 4672 4756
f 4756 4672 4757
f 4672 4673 4757
f 4757 4673 4758
f 4673 4674 4758
f 4758 4674 4759
f 4674 4675 4759
f 4759 4675 4760
f 4675 4676 4760
f 4760 4676 4761
f 4676 4677 4761
f 4761 4677 4762
f 4677 4678 4762
f 4762 4678 4763
f 4678 4679 4763
f 4763 4679 4764
f 4679 4680 4764
f 4764 4680 4765
f 4680 4681 4765
f 4765 4681 4766
f 4681 4682 4766
f 4766 4682 4767
f 4682 4683 4767
f 4767 4683 4744
f 4683 4684 4744
f 4768 4645 4769
f 4645 4643 4769
f 4769 4643 4770
f 4643 4641 4770
f 4770 4641 4771
f 4641 4639 4771
f 4771 4639 4772
f 4639 4637 4772
f 4772 4637 4773
f 4637 4635 4773
f 4773 4635 4774
f 4635 4633 4774
f 4774 4633 4775
f 4633 4631 4775
f 4775 4631 4776
f 4631 4629 4776
f 4776 4629 4777
f 4629 4627 4777
f 4777 4627 4778
f 4627 4625 4778
f 4778 4625 4779
f 4625 4671 4779
f 4779 4671 4780
f 4671 4669 4780
f 4780 4669 4781
f 4669 4667 4781
f 4781 4667 4782
f 4667 4665 4782
f 4782 4665 4783
f 4665 4663 4783
f 4783 4663 4784
f 4663 4661 4784
f 4784 4661 4785
f 4661 4659 4785
f 4785 4659 4786
f 4659 4657 4786
f 4786 4657 4787
f 4657 4655 4787
f 4787 4655 4788
f 4655 4653 4788
f 4788 4653 4789
f 4653 4651 4789
f 4789 4651 4790
f 4651 4649 4790
f 4790 4649 4791
f 4649 4647 4791
f 4791 4647 4768
f 4647 4645 4768
f 4792 4793 4794
f 4793 4795 4794
f 4794 4795 4796
f 4795 4797 4796
f 4796 4797 4798
f 4797 4799 4798
f 4798 4799 4800
f 4799 4801 4800
f 4800 4801 4802
f 4801 4803 4802
f 4802 4803 4804
f 4803 4805 4804
f 4804 4805 4806
f 4805 4807 4806
f 4806 4807 4808
f 4807 4809 4808
f 4808 4809 4810
f 4809 4811 4810
f 4810 4811 4812
f 4811 4813 4812
f 4812 4813 4814
f 4813 4815 4814
f 4814 4815 4816
f 4815 4817 4816
f 4816 4817 4818
f 4817 4819 4818
f 4818 4819 4820
f 4819 4821 4820
f 4820 4821 4822
f 4821 4823 4822
f 4822 4823 4824
f 4823 4825 4824
f 4824 4825 4826
f 4825 4827 4826
f 4826 4827 4828
f 4827 4829 4828
f 4828 4829 4830
f 4829 4831 4830
f 4830 4831 4832
f 4831 4833 4832
f 4832 4833 4834
f 4833 4835 4834
f 4834 4835 4836
f 4835 4837 4836
f 4836 4837 4838
f 4837 4839 4838
f 4838 4839 4792
f 4839 4793 4792
f 4840 4841 4842
f 4841 4843 4842
f 4842 4843 4844
f 4843 4845 4844
f 4844 4845 4846
f 4845 4847 4846
f 4846 4847 4848
f 4847 4849 4848
f 4848 4849 4850
f 4849 4851 4850
f 4850 4851 4852
f 4851 4853 4852
f 4852 4853 4854
f 4853 4855 4854
f 4854 4855 4856
f 4855 4857 4856
f 4856 4857 4858
f 4857 4859 4858
f 4858 4859 4860
f 4859 4861 4860
f 4860 4861 4862
f 4861 4863 4862
f 4862 4863 4864
f 4863 4865 4864
f 4864 4865 4866
f 4865 4867 4866
f 4866 4867 4868
f 4867 4869 4868
f 4868 4869 4870
f 4869 4871 4870
f 4870 4871 4872
f 4871 4873 4872
f 4872 4873 4874
f 4873 4875 4874
f 4874 4875 4876
f 4875 4877 4876
f 4876 4877 4878
f 4877 4879 4878
f 4878 4879 4880
f 4879 4881 4880
f 4880 4881 4882
f 4881 4883 4882
f 4882 4883 4884
f 4883 4885 4884
f 4884 4885 4886
f 4885 4887 4886
f 4886 4887 4840
f 4887 4841 4840
f 4888 4889 4890
f 4889 4891 4890
f 4890 4891 4892
f 4891 4893 4892
f 4892 4893 4894
f 4893 4895 4894
f 4894 4895 4896
f 4895 4897 4896
f 4896 4897 4898
f 4897 4899 4898
f 4898 4899 4900
f 4899 4901 4900
f 4900 4901 4902
f 4901 4903 4902
f 4902 4903 4904
f 4903 4905 4904
f 4904 4905 4906
f 4905 4907 4906
f 4906 4907 4908
f 4907 4909 4908
f 4908 4909 4910
f 4909 4911 4910
f 4910 4911 4912
f 4911 4913 4912
f 4912 4913 4914
f 4913 4915 4914
f 4914 4915 4916
f 4915 4917 4916
f 4916 4917 4918
f 4917 4919 4918
f 4918 4919 4920
f 4919 4921 4920
f 4920 4921 4922
f 4921 4923 4922
f 4922 4923 4924
f 4923 4925 4924
f 4924 4925 4926
f 4925 4927 4926
f 4926 4927 4928
f 4927 4929 4928
f 4928 4929 4930
f 4929 4931 4930
f 4930 4931 4932
f 4931 4933 4932
f 4932 4933 4934
f 4933 4935 4934
f 4934 4935 4888
f 4935 4889 4888
f 4936 4937 4938
f 4937 4939 4938
f 4938 4939 4940
f 4939 4941 4940
f 4940 4941 4942
f 4941 4943 4942
f 4942 4943 4944
f 4943 4945 4944
f 4944 4945 4946
f 4945 4947 4946
f 4946 4947 4948
f 4947 4949 4948
f 4948 4949 4950
f 4949 4951 4950
f 4950 4951 4952
f 4951 4953 4952
f 4952 4953 4954
f 4953 4955 4954
f 4954 4955 4956
f 4955 4957 4956
f 4956 4957 4958
f 4957 4959 4958
f 4958 4959 4960
f 4959 4961 4960
f 4960 4961 4962
f 4961 4963 4962
f 4962 4963 4964
f 4963 4965 4964
f 4964 4965 4966
f 4965 4967 4966
f 4966 4967 4968
f 4967 4969 4968
f 4968 4969 4970
f 4969 4971 4970
f 4970 4971 4972
f 4971 4973 4972
f 4972 4973 4974
f 4973 4975 4974
f 4974 4975 4976
f 4975 4977 4976
f 4976 4977 4978
f 4977 4979 4978
f 4978 4979 4980
f 4979 4981 4980
f 4980 4981 4982
f 4981 4983 4982
f 4982 4983 4936
f 4983 4937 4936
f 4984 4985 4986
f 4985 4987 4986
f 4986 4987 4988
f 4987 4989 4988
f 4988 4989 4990
f 4989 4991 4990
f 4990 4991 4992
f 4991 4993 4992
f 4992 4993 4994
f 4993 4995 4994
f 4994 4995 4996
f 4995 4997 4996
f 4996 4997 4998
f 4997 4999 4998
f 4998 4999 5000
f 4999 5001 5000
f 5000 5001 5002
f 5001 5003 5002
f 5002 5003 5004
f 5003 5005 5004
f 5004 5005 5006
f 5005 5007 5006
f 5006 5007 5008
f 5007 5009 5008
f 5008 5009 5010
f 5009 5011 5010
f 5010 5011 5012
f 5011 5013 5012
f 5012 5013 5014
f 5013 5015 5014
f 5014 5015 5016
f 5015 5017 5016
f 5016 5017 5018
f 5017 5019 5018
f 5018 5019 5020
f 5019 5021 5020
f 5020 5021 5022
f 5021 5023 5022
f 5022 5023 5024
f 5023 5025 5024
f 5024 5025 5026
f 5025 5027 5026
f 5026 5027 5028
f 5027 5029 5028
f 5028 5029 5030
f 5029 5031 5030
f 5030 5031 4984
f 5031 4985 4984
f 5032 5033 5034
f 5033 5035 5034
f 5034 5035 5036
f 5035 5037 5036
f 5036 5037 5038
f 5037 5039 5038
f 5038 5039 5040
f 5039 5041 5040
f 5040 5041 5042
f 5041 5043 5042
f 5042 5043 5044
f 5043 5045 5044
f 5044 5045 5046
f 5045 5047 5046
f 5046 5047 5048
f 5047 5049 5048
f 5048 5049 5050
f 5049 5051 5050
f 5050 5051 5052
f 5051 5053 5052
f 5052 5053 5054
f 5053 5055 5054
f 5054 5055 5056
f 5055 5057 5056
f 5056 5057 5058
f 5057 5059 5058
f 5058 5059 5060
f 5059 5061 5060
f 5060 5061 5062
f 5061 5063 5062
f 5062 5063 5064
f 5063 5065 5064
f 5064 5065 5066
f 5065 5067 5066
f 5066 5067 5068
f 5067 5069 5068
f 5068 5069 5070
f 5069 5071 5070
f 5070 5071 5072
f 5071 5073 5072
f 5072 5073 5074
f 5073 5075 5074
f 5074 5075 5076
f 5075 5077 5076
f 5076 5077 5078
f 5077 5079 5078
f 5078 5079 5032
f 5079 5033 5032
f 5080 5081 5082
f 5081 5083 5082
f 5082 5083 5084
f 5083 5085 5084
f 5084 5085 5086
f 5085 5087 5086
f 5086 5087 5088
f 5087 5089 5088
f 5088 5089 5090
f 5089 5091 5090
f 5090 5091 5092
f 5091 5093 5092
f 5092 5093 5094
f 5093 5095 5094
f 5094 5095 5096
f 5095 5097 5096
f 5096 5097 5098
f 5097 5099 5098
f 5098 5099 5100
f 5099 5101 5100
f 5100 5101 5102
f 5101 5103 5102
f 5102 5103 5104
f 5103 5105 5104
f 5104 5105 5106
f 5105 5107 5106
f 5106 5107 5108
f 5107 5109 5108
f 5108 5109 5110
f 5109 5111 5110
f 5110 5111 5112
f 5111 5113 5112
f 5112 5113 5114
f 5113 5115 5114
f 5114 5115 5116
f 5115 5117 5116
f 5116 5117 5118
f 5117 5119 5118
f 5118 5119 5120
f 5119 5121 5120
f 5120 5121 5122
f 5121 5123 5122
f 5122 5123 5124
f 5123 5125 5124
f 5124 5125 5126
f 5125 5127 5126
f 5126 5127 5080
f 5127 5081 5080
f 5128 5129 5130
f 5129 5131 5130
f 5130 5131 5132
f 5131 5133 5132
f 5132 5133 5134
f 5133 5135 5134
f 5134 5135 5136
f 5137 5138 5139
f 5138 5140 5139
f 5139 5140 5141
f 5140 5142 5141
f 5141 5142 5128
f 5142 5143 5128
f 5128 5143 5129
f 5135 5144 5136
f 5144 5145 5136
f 5136 5145 5146
f 5145 5147 5146
f 5146 5147 5148
f 5147 5149 5148
f 5148 5149 5150
f 5149 5151 5150
f 5150 5151 5152
f 5153 5154 5155
f 5154 5156 5155
f 5155 5156 5157
f 5156 5158 5157
f 5157 5158 5159
f 5158 5160 5159
f 5159 5160 5137
f 5160 5161 5137
f 5137 5161 5138
f 5162 5163 5164
f 5163 5165 5164
f 5164 5165 5166
f 5165 5167 5166
f 5166 5167 5168
f 5167 5169 5168
f 5168 5169 5153
f 5169 5170 5153
f 5153 5170 5154
f 5151 5171 5152
f 5171 5172 5152
f 5152 5172 5173
f 5172 5174 5173
f 5173 5174 5175
f 5174 5176 5175
f 5175 5176 5177
f 5176 5178 5177
f 5177 5178 5179
f 5178 5180 5179
f 5179 5180 5162
f 5180 5181 5162
f 5162 5181 5163
f 5182 5183 5184
f 5185 5186 5187
f 5187 5186 5188
f 5186 5189 5188
f 5188 5189 5190
f 5183 5182 5191
f 5182 5192 5191
f 5192 5193 5191
f 5191 5193 5189
f 5193 5194 5189
f 5189 5194 5190
f 5195 5196 5185
f 5197 5198 5199
f 5199 5198 5200
f 5198 5201 5200
f 5200 5201 5202
f 5196 5195 5203
f 5195 5204 5203
f 5204 5205 5203
f 5203 5205 5201
f 5205 5206 5201
f 5201 5206 5202
f 5207 5208 5197
f 5209 5210 5211
f 5211 5210 5212
f 5210 5213 5212
f 5212 5213 5214
f 5208 5207 5215
f 5207 5216 5215
f 5216 5217 5215
f 5215 5217 5213
f 5217 5218 5213
f 5213 5218 5214
f 5219 5220 5221
f 5220 5222 5221
f 5221 5222 5223
f 5224 5225 5226
f 5225 5227 5226
f 5226 5227 5209
f 5224 5228 5225
f 5228 5229 5225
f 5225 5229 5219
f 5229 5230 5219
f 5219 5230 5220
f 5231 5232 5223
f 5233 5234 5235
f 5235 5234 5236
f 5234 5237 5236
f 5236 5237 5238
f 5232 5231 5239
f 5231 5240 5239
f 5240 5241 5239
f 5239 5241 5237
f 5241 5242 5237
f 5237 5242 5238
f 5243 5244 5245
f 5244 5246 5245
f 5245 5246 5233
f 5247 5248 5249
f 5248 5250 5249
f 5249 5250 5184
f 5243 5251 5244
f 5251 5252 5244
f 5244 5252 5247
f 5252 5253 5247
f 5247 5253 5248
f 5254 5255 5256
f 5255 5257 5256
f 5256 5257 5258
f 5257 5259 5258
f 5258 5259 5260
f 5259 5261 5260
f 5260 5261 5262
f 5261 5263 5262
f 5264 5265 5266
f 5265 5267 5266
f 5266 5267 5268
f 5267 5269 5268
f 5268 5269 5270
f 5269 5271 5270
f 5270 5271 5272
f 5271 5273 5272
f 5274 5275 5276
f 5275 5277 5276
f 5276 5277 5278
f 5277 5279 5278
f 5278 5279 5280
f 5279 5281 5280
f 5280 5281 5282
f 5281 5283 5282
f 5284 5285 5286
f 5287 5288 5289
f 5288 5290 5289
f 5289 5290 5291
f 5290 5292 5291
f 5291 5292 5293
f 5285 5284 5294
f 5284 5295 5294
f 5295 5296 5294
f 5294 5296 5292
f 5296 5297 5292
f 5292 5297 5293
f 5298 5299 5300
f 5299 5301 5300
f 5300 5301 5302
f 5301 5303 5302
f 5302 5303 5304
f 5303 5305 5304
f 5304 5305 5306
f 5305 5307 5306
f 5308 5309 5310
f 5309 5311 5310
f 5310 5311 5312
f 5311 5313 5312
f 5312 5313 5314
f 5313 5315 5314
f 5314 5315 5316
f 5315 5317 5316
f 5318 5319 5320
f 5319 5321 5320
f 5320 5321 5287
f 5322 5323 5324
f 5323 5325 5324
f 5324 5325 5326
f 5318 5327 5319
f 5327 5328 5319
f 5319 5328 5322
f 5328 5329 5322
f 5322 5329 5323
f 5330 5331 5332
f 5331 5333 5332
f 5332 5333 5334
f 5333 5335 5334
f 5334 5335 5336
f 5335 5337 5336
f 5336 5337 5338
f 5337 5339 5338
f 5340 5341 5342
f 5341 5343 5342
f 5342 5343 5344
f 5343 5345 5344
f 5344 5345 5346
f 5345 5347 5346
f 5346 5347 5348
f 5347 5349 5348
f 5350 5351 5352
f 5353 5354 5326
f 5354 5353 5355
f 5352 5351 5356
f 5351 5357 5356
f 5356 5357 5358
f 5353 5359 5355
f 5359 5360 5355
f 5355 5360 5357
f 5360 5361 5357
f 5357 5361 5358
f 5362 5363 5364
f 5363 5365 5364
f 5364 5365 5366
f 5365 5367 5366
f 5366 5367 5368
f 5367 5369 5368
f 5368 5369 5370
f 5369 5371 5370
f 5372 5373 5374
f 5373 5375 5374
f 5374 5375 5376
f 5375 5377 5376
f 5376 5377 5378
f 5377 5379 5378
f 5378 5379 5380
f 5379 5381 5380
f 5382 5383 5384
f 5383 5385 5384
f 5384 5385 5350
f 5386 5387 5388
f 5387 5389 5388
f 5388 5389 5390
f 5382 5391 5383
f 5391 5392 5383
f 5383 5392 5386
f 5392 5393 5386
f 5386 5393 5387
f 5394 5395 5396
f 5395 5397 5396
f 5396 5397 5398
f 5397 5399 5398
f 5398 5399 5400
f 5399 5401 5400
f 5400 5401 5402
f 5401 5403 5402
f 5404 5405 5406
f 5405 5407 5406
f 5406 5407 5408
f 5407 5409 5408
f 5408 5409 5410
f 5409 5411 5410
f 5410 5411 5412
f 5411 5413 5412
f 5414 5415 5416
f 5417 5418 5419
f 5418 5420 5419
f 5419 5420 5390
f 5416 5415 5421
f 5415 5422 5421
f 5421 5422 5423
f 5419 5424 5417
f 5424 5425 5417
f 5417 5425 5422
f 5425 5426 5422
f 5422 5426 5423
f 5427 5428 5429
f 5428 5430 5429
f 5429 5430 5431
f 5430 5432 5431
f 5431 5432 5433
f 5432 5434 5433
f 5433 5434 5435
f 5434 5436 5435
f 5437 5438 5439
f 5438 5440 5439
f 5439 5440 5414
f 5441 5442 5443
f 5442 5444 5443
f 5443 5444 5286
f 5437 5445 5438
f 5445 5446 5438
f 5438 5446 5441
f 5446 5447 5441
f 5441 5447 5442
f 5448 5449 5450
f 5449 5451 5450
f 5450 5451 5452
f 5453 5454 5455
f 5456 5453 5457
f 5453 5455 5457
f 5457 5455 5458
f 5455 5459 5458
f 5458 5459 5460
f 5460 5461 5458
f 5461 5462 5458
f 5458 5462 5463
f 5463 5464 5458
f 5464 5465 5458
f 5458 5465 5466
f 5466 5467 5458
f 5467 5468 5458
f 5458 5468 5469
f 5468 5470 5469
f 5471 5472 5473
f 5472 5474 5473
f 5473 5474 5475
f 5476 5477 5478
f 5479 5480 5481
f 5480 5476 5481
f 5482 5483 5481
f 5483 5484 5481
f 5481 5484 5479
f 5485 5486 5487
f 5486 5488 5487
f 5488 5489 5487
f 5489 5490 5487
f 5487 5490 5491
f 5491 5492 5487
f 5492 5493 5487
f 5487 5493 5494
f 5494 5495 5487
f 5495 5496 5487
f 5487 5496 5482
f 5496 5497 5482
f 5482 5497 5483
f 5498 5499 5500
f 5499 5501 5500
f 5502 5503 5504
f 5503 5499 5504
f 5504 5499 5505
f 5499 5498 5505
f 5501 5499 5506
f 5499 5507 5506
f 5506 5507 5508
f 5508 5507 5509
f 5507 5510 5509
f 5509 5510 5511
f 5511 5510 5512
f 5510 5513 5512
f 5512 5513 5514
f 5514 5513 5515
f 5513 5516 5515
f 5515 5516 5517
f 5517 5516 5518
f 5516 5519 5518
f 5518 5519 5520
f 5520 5519 5521
f 5519 5522 5521
f 5521 5522 5523
f 5523 5522 5524
f 5522 5525 5524
f 5524 5525 5526
f 5526 5525 5527
f 5525 5528 5527
f 5527 5528 5529
f 5529 5528 5530
f 5528 5531 5530
f 5530 5531 5532
f 5532 5531 5533
f 5531 5534 5533
f 5533 5534 5535
f 5535 5534 5536
f 5534 5537 5536
f 5536 5537 5538
f 5538 5537 5539
f 5537 5540 5539
f 5539 5540 5541
f 5541 5540 5542
f 5540 5543 5542
f 5542 5543 5544
f 5544 5543 5545
f 5543 5546 5545
f 5545 5546 5547
f 5548 5549 5546
f 5549 5550 5546
f 5546 5550 5547
f 5551 5552 5553
f 5553 5554 5551
f 5554 5555 5551
f 5551 5555 5548
f 5555 5556 5548
f 5548 5556 5549
f 5557 5558 5559
f 5559 5560 5557
f 5560 5561 5557
f 5557 5561 5552
f 5561 5562 5552
f 5552 5562 5553
f 5563 5564 5565
f 5565 5566 5563
f 5566 5567 5563
f 5563 5567 5558
f 5567 5568 5558
f 5558 5568 5559
f 5502 5485 5503
f 5485 5487 5503
f 5503 5487 5569
f 5570 5571 5569
f 5571 5572 5569
f 5572 5573 5569
f 5569 5573 5564
f 5573 5574 5564
f 5564 5574 5565
f 5575 5576 5482
f 5576 5577 5482
f 5482 5577 5487
f 5577 5578 5487
f 5487 5578 5579
f 5579 5580 5487
f 5580 5581 5487
f 5487 5581 5582
f 5582 5583 5487
f 5583 5584 5487
f 5487 5584 5585
f 5585 5586 5487
f 5586 5587 5487
f 5487 5587 5569
f 5587 5588 5569
f 5569 5588 5570
f 5589 5590 5481
f 5590 5591 5481
f 5481 5591 5482
f 5591 5592 5482
f 5482 5592 5575
f 5476 5478 5481
f 5478 5593 5481
f 5481 5593 5589
f 5594 5595 5596
f 5595 5597 5596
f 5596 5597 5598
f 5597 5599 5598
f 5598 5599 5478
f 5599 5600 5478
f 5478 5600 5593
f 5601 5602 5603
f 5602 5604 5603
f 5603 5604 5605
f 5606 5604 5607
f 5604 5602 5607
f 5607 5602 5608
f 5602 5609 5608
f 5610 5609 5596
f 5609 5602 5596
f 5596 5602 5594
f 5602 5601 5594
f 5477 5611 5478
f 5611 5612 5478
f 5478 5612 5598
f 5612 5613 5598
f 5598 5613 5596
f 5613 5614 5596
f 5596 5614 5610
f 5615 5616 5617
f 5616 5618 5617
f 5617 5618 5619
f 5618 5620 5619
f 5619 5620 5621
f 5620 5622 5621
f 5621 5622 5623
f 5622 5624 5623
f 5623 5624 5625
f 5624 5626 5625
f 5625 5626 5627
f 5626 5628 5627
f 5627 5628 5629
f 5628 5630 5629
f 5629 5630 5631
f 5630 5632 5631
f 5631 5632 5633
f 5632 5634 5633
f 5633 5634 5635
f 5634 5636 5635
f 5635 5636 5637
f 5636 5638 5637
f 5637 5638 5639
f 5638 5640 5639
f 5639 5640 5641
f 5640 5642 5641
f 5641 5642 5643
f 5642 5644 5643
f 5643 5644 5645
f 5644 5646 5645
f 5645 5646 5647
f 5646 5648 5647
f 5647 5648 5649
f 5648 5650 5649
f 5649 5650 5651
f 5650 5652 5651
f 5651 5652 5653
f 5652 5654 5653
f 5653 5654 5655
f 5654 5656 5655
f 5655 5656 5657
f 5656 5658 5657
f 5657 5658 5659
f 5658 5660 5659
f 5659 5660 5661
f 5660 5662 5661
f 5661 5662 5615
f 5662 5616 5615
f 5661 5663 5659
f 5663 5664 5659
f 5659 5664 5657
f 5664 5665 5657
f 5657 5665 5655
f 5665 5666 5655
f 5655 5666 5653
f 5666 5667 5653
f 5653 5667 5651
f 5667 5668 5651
f 5651 5668 5649
f 5668 5669 5649
f 5649 5669 5647
f 5669 5670 5647
f 5647 5670 5645
f 5670 5671 5645
f 5645 5671 5643
f 5671 5672 5643
f 5643 5672 5641
f 5672 5673 5641
f 5641 5673 5639
f 5673 5674 5639
f 5639 5674 5637
f 5674 5675 5637
f 5637 5675 5635
f 5675 5676 5635
f 5635 5676 5633
f 5676 5677 5633
f 5633 5677 5631
f 5677 5678 5631
f 5631 5678 5629
f 5678 5679 5629
f 5629 5679 5627
f 5679 5680 5627
f 5627 5680 5625
f 5680 5681 5625
f 5625 5681 5623
f 5681 5682 5623
f 5623 5682 5621
f 5682 5683 5621
f 5621 5683 5619
f 5683 5684 5619
f 5619 5684 5617
f 5684 5685 5617
f 5617 5685 5615
f 5685 5686 5615
f 5615 5686 5661
f 5686 5663 5661
f 5663 5687 5664
f 5687 5688 5664
f 5664 5688 5665
f 5688 5689 5665
f 5665 5689 5666
f 5689 5690 5666
f 5666 5690 5667
f 5690 5691 5667
f 5667 5691 5668
f 5691 5692 5668
f 5668 5692 5669
f 5692 5693 5669
f 5669 5693 5670
f 5693 5694 5670
f 5670 5694 5671
f 5694 5695 5671
f 5671 5695 5672
f 5695 5696 5672
f 5672 5696 5673
f 5696 5697 5673
f 5673 5697 5674
f 5697 5698 5674
f 5674 5698 5675
f 5698 5699 5675
f 5675 5699 5676
f 5699 5700 5676
f 5676 5700 5677
f 5700 5701 5677
f 5677 5701 5678
f 5701 5702 5678
f 5678 5702 5679
f 5702 5703 5679
f 5679 5703 5680
f 5703 5704 5680
f 5680 5704 5681
f 5704 5705 5681
f 5681 5705 5682
f 5705 5706 5682
f 5682 5706 5683
f 5706 5707 5683
f 5683 5707 5684
f 5707 5708 5684
f 5684 5708 5685
f 5708 5709 5685
f 5685 5709 5686
f 5709 5710 5686
f 5686 5710 5663
f 5710 5687 5663
f 5687 5711 5688
f 5711 5712 5688
f 5688 5712 5689
f 5712 5713 5689
f 5689 5713 5690
f 5713 5714 5690
f 5690 5714 5691
f 5714 5715 5691
f 5691 5715 5692
f 5715 5716 5692
f 5692 5716 5693
f 5716 5717 5693
f 5693 5717 5694
f 5717 5718 5694
f 5694 5718 5695
f 5718 5719 5695
f 5695 5719 5696
f 5719 5720 5696
f 5696 5720 5697
f 5720 5721 5697
f 5697 5721 5698
f 5721 5722 5698
f 5698 5722 5699
f 5722 5723 5699
f 5699 5723 5700
f 5723 5724 5700
f 5700 5724 5701
f 5724 5725 5701
f 5701 5725 5702
f 5725 5726 5702
f 5702 5726 5703
f 5726 5727 5703
f 5703 5727 5704
f 5727 5728 5704
f 5704 5728 5705
f 5728 5729 5705
f 5705 5729 5706
f 5729 5730 5706
f 5706 5730 5707
f 5730 5731 5707
f 5707 5731 5708
f 5731 5732 5708
f 5708 5732 5709
f 5732 5733 5709
f 5709 5733 5710
f 5733 5734 5710
f 5710 5734 5687
f 5734 5711 5687
f 5711 5735 5712
f 5735 5736 5712
f 5712 5736 5713
f 5736 5737 5713
f 5713 5737 5714
f 5737 5738 5714
f 5714 5738 5715
f 5738 5739 5715
f 5715 5739 5716
f 5739 5740 5716
f 5716 5740 5717
f 5740 5741 5717
f 5717 5741 5718
f 5741 5742 5718
f 5718 5742 5719
f 5742 5743 5719
f 5719 5743 5720
f 5743 5744 5720
f 5720 5744 5721
f 5744 5745 5721
f 5721 5745 5722
f 5745 5746 5722
f 5722 5746 5723
f 5746 5747 5723
f 5723 5747 5724
f 5747 5748 5724
f 5724 5748 5725
f 5748 5749 5725
f 5725 5749 5726
f 5749 5750 5726
f 5726 5750 5727
f 5750 5751 5727
f 5727 5751 5728
f 5751 5752 5728
f 5728 5752 5729
f 5752 5753 5729
f 5729 5753 5730
f 5753 5754 5730
f 5730 5754 5731
f 5754 5755 5731
f 5731 5755 5732
f 5755 5756 5732
f 5732 5756 5733
f 5756 5757 5733
f 5733 5757 5734
f 5757 5758 5734
f 5734 5758 5711
f 5758 5735 5711
f 5735 5759 5736
f 5759 5760 5736
f 5736 5760 5737
f 5760 5761 5737
f 5737 5761 5738
f 5761 5762 5738
f 5738 5762 5739
f 5762 5763 5739
f 5739 5763 5740
f 5763 5764 5740
f 5740 5764 5741
f 5764 5765 5741
f 5741 5765 5742
f 5765 5766 5742
f 5742 5766 5743
f 5766 5767 5743
f 5743 5767 5744
f 5767 5768 5744
f 5744 5768 5745
f 5768 5769 5745
f 5745 5769 5746
f 5769 5770 5746
f 5746 5770 5747
f 5770 5771 5747
f 5747 5771 5748
f 5771 5772 5748
f 5748 5772 5749
f 5772 5773 5749
f 5749 5773 5750
f 5773 5774 5750
f 5750 5774 5751
f 5774 5775 5751
f 5751 5775 5752
f 5775 5776 5752
f 5752 5776 5753
f 5776 5777 5753
f 5753 5777 5754
f 5777 5778 5754
f 5754 5778 5755
f 5778 5779 5755
f 5755 5779 5756
f 5779 5780 5756
f 5756 5780 5757
f 5780 5781 5757
f 5757 5781 5758
f 5781 5782 5758
f 5758 5782 5735
f 5782 5759 5735
f 5759 5783 5760
f 5783 5784 5760
f 5760 5784 5761
f 5784 5785 5761
f 5761 5785 5762
f 5785 5786 5762
f 5762 5786 5763
f 5786 5787 5763
f 5763 5787 5764
f 5787 5788 5764
f 5764 5788 5765
f 5788 5789 5765
f 5765 5789 5766
f 5789 5790 5766
f 5766 5790 5767
f 5790 5791 5767
f 5767 5791 5768
f 5791 5792 5768
f 5768 5792 5769
f 5792 5793 5769
f 5769 5793 5770
f 5793 5794 5770
f 5770 5794 5771
f 5794 5795 5771
f 5771 5795 5772
f 5795 5796 5772
f 5772 5796 5773
f 5796 5797 5773
f 5773 5797 5774
f 5797 5798 5774
f 5774 5798 5775
f 5798 5799 5775
f 5775 5799 5776
f 5799 5800 5776
f 5776 5800 5777
f 5800 5801 5777
f 5777 5801 5778
f 5801 5802 5778
f 5778 5802 5779
f 5802 5803 5779
f 5779 5803 5780
f 5803 5804 5780
f 5780 5804 5781
f 5804 5805 5781
f 5781 5805 5782
f 5805 5806 5782
f 5782 5806 5759
f 5806 5783 5759
f 5783 5807 5784
f 5807 5808 5784
f 5784 5808 5785
f 5808 5809 5785
f 5785 5809 5786
f 5809 5810 5786
f 5786 5810 5787
f 5810 5811 5787
f 5787 5811 5788
f 5811 5812 5788
f 5788 5812 5789
f 5812 5813 5789
f 5789 5813 5790
f 5813 5814 5790
f 5790 5814 5791
f 5814 5815 5791
f 5791 5815 5792
f 5815 5816 5792
f 5792 5816 5793
f 5816 5817 5793
f 5793 5817 5794
f 5817 5818 5794
f 5794 5818 5795
f 5818 5819 5795
f 5795 5819 5796
f 5819 5820 5796
f 5796 5820 5797
f 5820 5821 5797
f 5797 5821 5798
f 5821 5822 5798
f 5798 5822 5799
f 5822 5823 5799
f 5799 5823 5800
f 5823 5824 5800
f 5800 5824 5801
f 5824 5825 5801
f 5801 5825 5802
f 5825 5826 5802
f 5802 5826 5803
f 5826 5827 5803
f 5803 5827 5804
f 5827 5828 5804
f 5804 5828 5805
f 5828 5829 5805
f 5805 5829 5806
f 5829 5830 5806
f 5806 5830 5783
f 5830 5807 5783
f 5807 5563 5808
f 5563 5558 5808
f 5808 5558 5809
f 5558 5557 5809
f 5809 5557 5810
f 5557 5552 5810
f 5810 5552 5811
f 5552 5551 5811
f 5811 5551 5812
f 5551 5548 5812
f 5812 5548 5813
f 5548 5546 5813
f 5813 5546 5814
f 5546 5543 5814
f 5814 5543 5815
f 5543 5540 5815
f 5815 5540 5816
f 5540 5537 5816
f 5816 5537 5817
f 5537 5534 5817
f 5817 5534 5818
f 5534 5531 5818
f 5818 5531 5819
f 5531 5528 5819
f 5819 5528 5820
f 5528 5525 5820
f 5820 5525 5821
f 5525 5522 5821
f 5821 5522 5822
f 5522 5519 5822
f 5822 5519 5823
f 5519 5516 5823
f 5823 5516 5824
f 5516 5513 5824
f 5824 5513 5825
f 5513 5510 5825
f 5825 5510 5826
f 5510 5507 5826
f 5826 5507 5827
f 5507 5499 5827
f 5827 5499 5828
f 5499 5503 5828
f 5828 5503 5829
f 5503 5569 5829
f 5829 5569 5830
f 5569 5564 5830
f 5830 5564 5807
f 5564 5563 5807
f 5831 5832 5833
f 5832 5834 5833
f 5833 5834 5835
f 5834 5836 5835
f 5835 5836 5837
f 5836 5838 5837
f 5837 5838 5839
f 5838 5840 5839
f 5839 5840 5841
f 5840 5842 5841
f 5841 5842 5843
f 5842 5844 5843
f 5843 5844 5845
f 5844 5846 5845
f 5845 5846 5847
f 5846 5848 5847
f 5847 5848 5849
f 5848 5850 5849
f 5849 5850 5851
f 5850 5852 5851
f 5851 5852 5853
f 5852 5854 5853
f 5853 5854 5855
f 5854 5856 5855
f 5855 5856 5857
f 5856 5858 5857
f 5857 5858 5859
f 5858 5860 5859
f 5859 5860 5861
f 5860 5862 5861
f 5861 5862 5863
f 5862 5864 5863
f 5863 5864 5865
f 5864 5866 5865
f 5865 5866 5867
f 5866 5868 5867
f 5867 5868 5869
f 5868 5870 5869
f 5869 5870 5871
f 5870 5872 5871
f 5871 5872 5873
f 5872 5874 5873
f 5873 5874 5875
f 5874 5876 5875
f 5875 5876 5877
f 5876 5878 5877
f 5877 5878 5831
f 5878 5832 5831
f 5879 5880 5881
f 5882 5883 5884
f 5885 5884 5886
f 5884 5883 5886
f 5886 5883 5887
f 5883 5882 5887
f 5885 5886 5879
f 5886 5888 5879
f 5879 5888 5880
f 5889 5890 5891
f 5890 5892 5891
f 5881 5880 5893
f 5880 5892 5893
f 5893 5892 5894
f 5892 5890 5894
f 5894 5890 5895
f 5889 5896 5890
f 5896 5897 5890
f 5890 5897 5898
f 5899 5900 5890
f 5898 5901 5890
f 5901 5902 5890
f 5890 5902 5899
f 5900 5903 5890
f 5903 5904 5890
f 5890 5904 5895
f 5905 5906 5907
f 5906 5908 5907
f 5907 5908 5909
f 5910 5911 5907
f 5911 5912 5907
f 5907 5912 5905
f 5913 5914 5915
f 5914 5910 5915
f 5915 5910 5916
f 5910 5907 5916
f 5916 5907 5917
f 5907 5909 5917
f 5918 5919 5920
f 5884 5921 5882
f 5921 5918 5882
f 5882 5918 5922
f 5918 5920 5922
f 5922 5920 5913
f 5920 5919 5913
f 5913 5919 5914
f 5919 5923 5914
f 5914 5923 5910
f 5923 5924 5910
f 5910 5924 5911
f 5925 5926 5927
f 5928 5929 5930
f 5929 5931 5930
f 5927 5932 5933
f 5932 5931 5933
f 5933 5931 5934
f 5931 5929 5934
f 5934 5929 5935
f 5928 5936 5929
f 5936 5937 5929
f 5929 5937 5938
f 5938 5939 5929
f 5939 5940 5929
f 5929 5940 5941
f 5941 5942 5929
f 5942 5943 5929
f 5929 5943 5944
f 5944 5945 5929
f 5945 5946 5929
f 5929 5946 5935
f 5925 5947 5926
f 5947 5948 5926
f 5926 5948 5927
f 5948 5949 5927
f 5927 5949 5932
f 5949 5950 5932
f 5932 5950 5931
f 5951 5952 5953
f 5952 5954 5953
f 5955 5951 5956
f 5951 5953 5956
f 5956 5953 5957
f 5953 5954 5957
f 5957 5954 5925
f 5954 5952 5925
f 5925 5952 5947
f 5958 5955 5959
f 5955 5960 5959
f 5961 5962 5963
f 5962 5964 5963
f 5965 5966 5964
f 5955 5956 5960
f 5956 5967 5960
f 5960 5967 5959
f 5967 5966 5959
f 5959 5966 5958
f 5966 5965 5958
f 5958 5965 5968
f 5965 5964 5968
f 5968 5964 5969
f 5964 5962 5969
f 5969 5962 5970
f 5961 5971 5962
f 5971 5972 5962
f 5962 5972 5973
f 5973 5974 5962
f 5974 5975 5962
f 5962 5975 5976
f 5976 5977 5962
f 5977 5978 5962
f 5962 5978 5979
f 5979 5980 5962
f 5980 5981 5962
f 5962 5981 5970

